type,concept_id,concept_label,question,probability,passage_id,auteur,oeuvre,ref,langue,extrait
candidat_proche,concept_eph_hemin_in_our_power_aristotle_d4e5f6g7,To Eph' Hêmin (Τὸ ἐφ' ἡμῖν),discusses To Eph' Hêmin (Τὸ ἐφ' ἡμῖν)?,0.89,passage_arist_da_3_3,Aristotle,De anima,3.3,grc,"Ἐπεὶ δὲ δύο διαφοραῖς ὁρίζονται μάλιστα τὴν ψυχήν, κινήσει τε τῇ κατὰ τόπον καὶ τῷ νοεῖν καὶ τῷ κρίνειν καὶ αἰσθάνεσθαι, δοκεῖ δὲ καὶ τὸ νοεῖν καὶ τὸ φρονεῖν ὥσπερ αἰσθάνεσθαί τι εἶναι· ἐν ἀμφοτέροις γὰρ τούτοις κρίνει τι ἡ ψυχὴ καὶ γνωρίζε"
candidat_proche,concept_ananke_necessity_democritus_h8i9j0k1,Ananke (Ἀνάγκη),discusses Ananke (Ἀνάγκη)?,0.89,passage_arist_phys_8_5,Aristotle,Physica,8.5,grc,"Τοῦτο δὲ διχῶς· ἢ γὰρ οὐ δʼ αὐτὸ τὸ κινοῦν, ἀλλὰ διʼ                               ἕτερον ὃ κινεῖ τὸ κινοῦν, ἢ διʼ αὐτό, καὶ τοῦτο ἢ πρῶτον                             μετὰ τὸ ἔσχατον ἢ διὰ πλειόνων, οἶον ἡ βακτηρία κινεῖ τὸν λίθον καὶ     "
candidat_proche,concept_mr1_autonomy_responsibility,MR1: Autonomy-based Moral Responsibility,discusses MR1: Autonomy-based Moral Responsibility?,0.89,passage_alex_fat_18,Alexander of Aphrodisias,De Fato,De Fato 18,grc,"ἀλλ’ ὅτι μὲν τὸ δόγμα τοῦτο ἀνατροπῆς αἴτιον παντὸς τοῦ τῶν ἀνθρώπων βίου, παντί που μαθεῖν ῥᾴδιον, ὅτι δὲ καὶ ψεῦδος, ἱκανὸν μαρτύριον τὸ μηδ’ αὐτοὺς τοὺς προστάτας αὐτοῦ δύνασθαι πείθεσθαι τοῖς ὑφ’ αὐτῶν λεγομένοις. οὕτω γὰρ ἐν πᾶσι τοῖς "
candidat_proche,concept_mr2_ability_responsibility,MR2: Ability-based Moral Responsibility,discusses MR2: Ability-based Moral Responsibility?,0.89,passage_alex_fat_32,Alexander of Aphrodisias,De Fato,De Fato 32,grc,"ἀλλὰ τῶν μὲν τοιούτων ἅλις (ἱκανὸν γὰρ ἐφ’ ἑκάστου τὸ ἐνδείξασθαι τὴν τῆς δόξης ἀτοπίαν), ἱκανῶς δ’ οἶμαι δεδηλῶσθαι, πῶς λέγεται τὸ ἐπὶ τῷ φρονίμῳ εἶναι τὸ φρονεῖν καίτοι μὴ δυναμένῳ μὴ φρονεῖν· οὐ γὰρ ὅτι νῦν, ὅτε ἐστὶ φρόνιμος, ἐπ’ αὐτῷ "
candidat_proche,concept_eph_hemin_two_sided_potestative,Two-sided Potestative ἐφ' ἡμῖν,discusses Two-sided Potestative ἐφ' ἡμῖν?,0.89,passage_alex_fat_5,Alexander of Aphrodisias,De Fato,De Fato 5,grc,"τούτων δ’ οὕτως ἐχόντων καὶ πάντων τῶν γινομένων εἰς τούτους τοὺς τρόπους νενεμημένων ἀκόλουθον ἐπὶ τούτοις ἰδεῖν, ἐν ποίῳ τῶν ποιητικῶν αἰτίων χρὴ τιθέναι τὴν εἱμαρμένην. ἆρά γε ἐν τοῖς οὐδενὸς γινομένοις χάριν; ἢ τοῦτο μὲν παντάπασιν ἄλογ"
candidat_proche,concept_mr2_ability_responsibility,MR2: Ability-based Moral Responsibility,discusses MR2: Ability-based Moral Responsibility?,0.89,passage_alex_fat_5,Alexander of Aphrodisias,De Fato,De Fato 5,grc,"τούτων δ’ οὕτως ἐχόντων καὶ πάντων τῶν γινομένων εἰς τούτους τοὺς τρόπους νενεμημένων ἀκόλουθον ἐπὶ τούτοις ἰδεῖν, ἐν ποίῳ τῶν ποιητικῶν αἰτίων χρὴ τιθέναι τὴν εἱμαρμένην. ἆρά γε ἐν τοῖς οὐδενὸς γινομένοις χάριν; ἢ τοῦτο μὲν παντάπασιν ἄλογ"
candidat_proche,concept_horme_alex,Hormē (ὁρμή),discusses Hormē (ὁρμή)?,0.89,passage_aspasius_1,Aspasius,In Ethica Nicomachea Commentaria,In Ethica Nicomachea Commentaria 1,grc,"Ἡ περὶ τὰ ἤθη πραγματεία καὶ μάλιστα ἡ πολιτικὴ ἠθικὴ] κατὰ μὲν τὸ ἀναγκαῖον τῆς θεωρητικῆς φιλοσοφίας, κατὰ δὲ τὸ τίμιον ὑστέρα. ᾗ μὲν γὰρ ἀδύνατον καλῶς ζῆν μὴ σώφρονας ὄντας καὶ δικαίους καὶ ὅλως τὸ ἦθος κεκοσμημένους καὶ εἰς συμμετρίαν "
candidat_proche,concept_to_eph_hemin_nemesius,To eph' hemin (τὸ ἐφ᾽ ἡμῖν) — Nemesius,discusses To eph' hemin (τὸ ἐφ᾽ ἡμῖν) — Nemesius?,0.89,passage_alex_fat_39,Alexander of Aphrodisias,De Fato,De Fato 39,grc,"Ταῦτα ὑμῖν, ὦ θειότατοι αὐτοκράτορες. τῆς Ἀριστοτέλους δόξης περί τε εἱμαρμένης καὶ τοῦ ἐφ’ ἡμῖν κατ’ ἐμὴν δόξαν τὰ κεφάλαια, καθ’ ἣν δοξάζοντες εἴς τε θεοὺς εὐσεβήσομεν, τὰ μὲν εἰδότες αὐτοῖς χάριν ἀνθ’ ὧν φθάνομεν ὑπ’ αὐτῶν εὖ πεπονθότες,"
candidat_proche,concept_mr2_ability_responsibility,MR2: Ability-based Moral Responsibility,discusses MR2: Ability-based Moral Responsibility?,0.89,passage_alex_fat_33,Alexander of Aphrodisias,De Fato,De Fato 33,grc,"Τὸ δὲ λέγειν ἡγεῖσθαι τοὺς οὐχ ἡγουμένους ἐν τῷ σώζεσθαι τὴν καθ’ ὁρμὴν τῶν ζῴων ἐνέργειαν ἤδη σώζεσθαι καὶ τὸ ἐφ’ ἡμῖν τῷ πᾶν τὸ καθ’ ὁρμὴν γινόμενον ἐπὶ τοῖς ὁρμῶσιν εἶναι καὶ διὰ τοῦτο ἐρωτᾶν, εἰ μὴ ἐνέργημά τι τὸ ἐφ’ ἡμῖν ἐστι, καὶ λαβό"
candidat_proche,concept_two_sidedness_eph_hemin,Bilatéralité du τὸ ἐφ' ἡμῖν (two-sidedness),discusses Bilatéralité du τὸ ἐφ' ἡμῖν (two-sidedness)?,0.89,passage_alex_fat_33,Alexander of Aphrodisias,De Fato,De Fato 33,grc,"Τὸ δὲ λέγειν ἡγεῖσθαι τοὺς οὐχ ἡγουμένους ἐν τῷ σώζεσθαι τὴν καθ’ ὁρμὴν τῶν ζῴων ἐνέργειαν ἤδη σώζεσθαι καὶ τὸ ἐφ’ ἡμῖν τῷ πᾶν τὸ καθ’ ὁρμὴν γινόμενον ἐπὶ τοῖς ὁρμῶσιν εἶναι καὶ διὰ τοῦτο ἐρωτᾶν, εἰ μὴ ἐνέργημά τι τὸ ἐφ’ ἡμῖν ἐστι, καὶ λαβό"
candidat_proche,concept_libertas_spontaneitatis_5g9b0c68,Liberty of Spontaneity (Libertas Spontaneita,discusses Liberty of Spontaneity (Libertas Spontaneita?,0.89,passage_alex_fat_15,Alexander of Aphrodisias,De Fato,De Fato 15,grc,"τὸ δ’ ἐποχουμένους τῷ εἰ δὴ τῶν αὐτῶν περιεστώτων ὁτὲ μὲν οὕτως ὁτὲ δὲ ἄλλως ἐνεργήσει τις, ἀναίτιον κίνησιν εἰσάγεσθαι’ διὰ τοῦτο λέγειν μὴ δύνασθαι οὗ πράξει τις πρᾶξαι τὸ ἀντικείμενον, μήποτε καὶ αὐτὸ τῶν ὁμοίως τοῖς προειρημένοις παρορω"
candidat_proche,concept_ancient_free_will_debate_structure_z6a7b8c9,Ancient Free Will Debate: Compatibilism vs. ,discusses Ancient Free Will Debate: Compatibilism vs. ?,0.89,passage_alex_fat_36,Alexander of Aphrodisias,De Fato,De Fato 36,grc,"ἀλλὰ ταῦτά γε εἰ μὲν ὑπό τινων αἰτίων περιεστώτων αὐτοῖς οὕτως ἀναγκάζονται λέγειν, συγγινώσκειν αὐτοῖς ἄξιον, καὶ οὐδὲν δεῖ οὔθ’ ἡμᾶς περὶ τῶν ὑπ’ ἐκείνων κατ’ ἀνάγκην λεγομένων πολυπραγμονεῖν οὔτε ἐκείνους περὶ τῶν οὐχ ὁμοίως αὐτοῖς λεγόν"
candidat_proche,concept_prohairesis_deliberate_choice_aristotle_c3d4e5f6,Prohairesis (Προαίρεσις),discusses Prohairesis (Προαίρεσις)?,0.89,passage_alex_fat_19,Alexander of Aphrodisias,De Fato,De Fato 19,grc,Ἐπαύσαντο δ’ ἂν τῆς ἐν τοῖς λόγοις φιλοτιμίας καὶ συγχωρησάντων εἶναι τὸ ἐφ’ ἡμῖν ἐλεύθερόν τε καὶ αὐτεξούσιον καὶ κύριον τῆς τῶν ἀντικειμένων αἱρέσεώς τε καὶ πράξεως [...] ἐπὶ περιεστῶσιν ἀνθρώποις δίκαιος γίνεσθαι πεπιστευμένος ὁμοίως ἰδι
candidat_proche,concept_mr2_ability_responsibility,MR2: Ability-based Moral Responsibility,discusses MR2: Ability-based Moral Responsibility?,0.89,passage_alex_fat_11,Alexander of Aphrodisias,De Fato,De Fato 11,grc,"Ἀκολουθεῖ δὲ τῷ πάντα τὰ γινόμενα προκαταβεβλημέναις καὶ ὡρισμέναις καὶ προυπαρχούσαις τισὶν αἰτίαις ἔσεσθαι τὸ καὶ βουλεύεσθαι τοὺς ἀνθρώπους μάτην περὶ τῶν πρακτέων αὐτοῖς. εἰ δὲ τὸ βουλεύεσθαι μάτην, μάτην ἂν ἄνθρωπος εἴη βουλευτικός. κα"
candidat_proche,concept_incompatibilism_ancient_o5p6q7r8,Ancient Incompatibilism,discusses Ancient Incompatibilism?,0.89,passage_alex_fat_11,Alexander of Aphrodisias,De Fato,De Fato 11,grc,"Ἀκολουθεῖ δὲ τῷ πάντα τὰ γινόμενα προκαταβεβλημέναις καὶ ὡρισμέναις καὶ προυπαρχούσαις τισὶν αἰτίαις ἔσεσθαι τὸ καὶ βουλεύεσθαι τοὺς ἀνθρώπους μάτην περὶ τῶν πρακτέων αὐτοῖς. εἰ δὲ τὸ βουλεύεσθαι μάτην, μάτην ἂν ἄνθρωπος εἴη βουλευτικός. κα"
candidat_proche,concept_to_eph_hemin_nemesius,To eph' hemin (τὸ ἐφ᾽ ἡμῖν) — Nemesius,discusses To eph' hemin (τὸ ἐφ᾽ ἡμῖν) — Nemesius?,0.88,passage_alex_fat_13,Alexander of Aphrodisias,De Fato,De Fato 13,grc,"τοιούτου δ’ ὄντος αὐτοῦ, τὸ μὲν δεικνύναι τοῦτο σωζόμενον κατὰ τοὺς πάντα λέγοντας γίνεσθαι καθ’ εἱμαρμένην οὐδὲ ἐπιχειροῦσιν τὴν ἀρχήν (ἴσασιν γὰρ ἐγχειρήσαντες ἀδυνάτοις), ὡς δὲ ἐπὶ τῆς τύχης ἄλλο τι σημαινόμενον ὑποθέντες τῷ τῆς τύχης ὀν"
candidat_proche,concept_two_sidedness_eph_hemin,Bilatéralité du τὸ ἐφ' ἡμῖν (two-sidedness),discusses Bilatéralité du τὸ ἐφ' ἡμῖν (two-sidedness)?,0.88,passage_alex_fat_32,Alexander of Aphrodisias,De Fato,De Fato 32,grc,"ἀλλὰ τῶν μὲν τοιούτων ἅλις (ἱκανὸν γὰρ ἐφ’ ἑκάστου τὸ ἐνδείξασθαι τὴν τῆς δόξης ἀτοπίαν), ἱκανῶς δ’ οἶμαι δεδηλῶσθαι, πῶς λέγεται τὸ ἐπὶ τῷ φρονίμῳ εἶναι τὸ φρονεῖν καίτοι μὴ δυναμένῳ μὴ φρονεῖν· οὐ γὰρ ὅτι νῦν, ὅτε ἐστὶ φρόνιμος, ἐπ’ αὐτῷ "
candidat_proche,concept_incompatibilism_ancient_o5p6q7r8,Ancient Incompatibilism,discusses Ancient Incompatibilism?,0.88,passage_alex_fat_5,Alexander of Aphrodisias,De Fato,De Fato 5,grc,"τούτων δ’ οὕτως ἐχόντων καὶ πάντων τῶν γινομένων εἰς τούτους τοὺς τρόπους νενεμημένων ἀκόλουθον ἐπὶ τούτοις ἰδεῖν, ἐν ποίῳ τῶν ποιητικῶν αἰτίων χρὴ τιθέναι τὴν εἱμαρμένην. ἆρά γε ἐν τοῖς οὐδενὸς γινομένοις χάριν; ἢ τοῦτο μὲν παντάπασιν ἄλογ"
candidat_proche,concept_ananke_necessity_democritus_h8i9j0k1,Ananke (Ἀνάγκη),discusses Ananke (Ἀνάγκη)?,0.88,passage_alex_fat_31,Alexander of Aphrodisias,De Fato,De Fato 31,grc,"ἀλλ’ οὐδὲ ἀφαιρούμεθα τῶν ἀνθρώπων τὸ ἀπὸ μαντικῆς χρήσιμον, ὃ γίνεται τῷ δύνασθαί τινα καὶ φυλάξασθαί τι, μὴ φυλαξάμενον ἂν μὴ συμβουλεύσαντος τοῦ θεοῦ· οἱ δὲ ὑμνοῦντες τὴν μαντικὴν καὶ κατὰ τὸν αὐτῶν λόγον μόνον σώζεσθαι λέγοντες αὐτήν, κ"
candidat_proche,concept_two_sidedness_eph_hemin,Bilatéralité du τὸ ἐφ' ἡμῖν (two-sidedness),discusses Bilatéralité du τὸ ἐφ' ἡμῖν (two-sidedness)?,0.88,passage_alex_fat_26,Alexander of Aphrodisias,De Fato,De Fato 26,grc,"Ἃ δὲ ἀποροῦσιν πρὸς τὸ εἶναι τοιοῦτον τὸ ἐφ’ ἡμῖν, ὁποῖον ἡ κοινὴ πρόληψις τῶν ἀνθρώπων πεπίστευκεν, ἀπορεῖν μὲν οὐκ ἄλογον, τὸ δὲ τοῖς ἀπορουμένοις ἐποχουμένους ὡς ὁμολογουμένοις ἀναιρεῖν μέν, ἃ οὕτως ἐναργῆ, σκιαγραφίαν δέ τινα καὶ παιδιὰ"
candidat_proche,concept_mr2_ability_responsibility,MR2: Ability-based Moral Responsibility,discusses MR2: Ability-based Moral Responsibility?,0.88,passage_alex_fat_17,Alexander of Aphrodisias,De Fato,De Fato 17,grc,"πῶς δ’ ἂν σώζοιεν τοιαῦτα λέγοντες τὴν ὑπὸ τῶν θεῶν γινομένην τῶν θνητῶν πρόνοιαν; εἰ γὰρ αἴ τε τῶν θεῶν ἐπιφάνειαι, ἅς φασιν γίνεσθαί τισιν, κατά τινα γίνονται προκαταβεβλημένην αἰτίαν, ὡς πρὸ τοῦ γενέσθαι τινὰ αὐτῶν ἀληθὲς εἶναι τὸ τοῦδε "
candidat_proche,concept_libertas_spontaneitatis_5g9b0c68,Liberty of Spontaneity (Libertas Spontaneita,discusses Liberty of Spontaneity (Libertas Spontaneita?,0.88,passage_cic_fat_25,Marcus Tullius Cicero,De Fato,Fat. 25,lat,"Rursus autem, ne omnes physici inrideant nos, si dicamus quicquam fieri sine causa, distinguendum est et ita dicendum, ipsius individui hanc esse naturam, ut pondere et gravitate moveatur, eamque ipsam esse causam, cur ita feratur. Similite"
candidat_proche,concept_incompatibilism_ancient_o5p6q7r8,Ancient Incompatibilism,discusses Ancient Incompatibilism?,0.88,passage_alex_fat_14,Alexander of Aphrodisias,De Fato,De Fato 14,grc,"ἔνεστι δ’ ὁρᾶν, εἰ ταῦτα λέγοντες σώζουσιν τὰς κοινὰς περὶ τοῦ ἐφ’ ἡμῖν πάντων ἀνθρώπων προλήψεις. οἱ γὰρ ἀπαιτοῦντες αὐτούς, πῶς οἷόν τε πάντων ὄντων καθ’ εἱμαρμένην τὸ ἐφ’ ἡμῖν σώζεσθαι, οὐκ ὄνομα μόνον τοῦ ἐφ’ ἡμῖν τιθέντες τοῦτ’ ἀπαιτοῦ"
candidat_proche,concept_autokrateia_alex,Self-Governance / αὐτεξούσιον (Alexander),discusses Self-Governance / αὐτεξούσιον (Alexander)?,0.88,passage_alex_fat_14,Alexander of Aphrodisias,De Fato,De Fato 14,grc,"ἔνεστι δ’ ὁρᾶν, εἰ ταῦτα λέγοντες σώζουσιν τὰς κοινὰς περὶ τοῦ ἐφ’ ἡμῖν πάντων ἀνθρώπων προλήψεις. οἱ γὰρ ἀπαιτοῦντες αὐτούς, πῶς οἷόν τε πάντων ὄντων καθ’ εἱμαρμένην τὸ ἐφ’ ἡμῖν σώζεσθαι, οὐκ ὄνομα μόνον τοῦ ἐφ’ ἡμῖν τιθέντες τοῦτ’ ἀπαιτοῦ"
candidat_proche,concept_mr1_autonomy_responsibility,MR1: Autonomy-based Moral Responsibility,discusses MR1: Autonomy-based Moral Responsibility?,0.88,passage_alex_fat_14,Alexander of Aphrodisias,De Fato,De Fato 14,grc,"ἔνεστι δ’ ὁρᾶν, εἰ ταῦτα λέγοντες σώζουσιν τὰς κοινὰς περὶ τοῦ ἐφ’ ἡμῖν πάντων ἀνθρώπων προλήψεις. οἱ γὰρ ἀπαιτοῦντες αὐτούς, πῶς οἷόν τε πάντων ὄντων καθ’ εἱμαρμένην τὸ ἐφ’ ἡμῖν σώζεσθαι, οὐκ ὄνομα μόνον τοῦ ἐφ’ ἡμῖν τιθέντες τοῦτ’ ἀπαιτοῦ"
candidat_proche,concept_stoic_causal_principle,"Stoic Causal Principle (Same Causes, Same Ef","discusses Stoic Causal Principle (Same Causes, Same Ef?",0.88,passage_alex_fat_15,Alexander of Aphrodisias,De Fato,De Fato 15,grc,"τὸ δ’ ἐποχουμένους τῷ εἰ δὴ τῶν αὐτῶν περιεστώτων ὁτὲ μὲν οὕτως ὁτὲ δὲ ἄλλως ἐνεργήσει τις, ἀναίτιον κίνησιν εἰσάγεσθαι’ διὰ τοῦτο λέγειν μὴ δύνασθαι οὗ πράξει τις πρᾶξαι τὸ ἀντικείμενον, μήποτε καὶ αὐτὸ τῶν ὁμοίως τοῖς προειρημένοις παρορω"
candidat_proche,concept_ananke_necessity_democritus_h8i9j0k1,Ananke (Ἀνάγκη),discusses Ananke (Ἀνάγκη)?,0.88,passage_arist_phys_6_2,Aristotle,Physica,6.2,grc,"Ἐπεὶ δὲ πᾶν μέγεθος εἰς μεγέθη διαιρετόν (δέδεικται γὰρ ὅτι ἀδύνατον ἐξ ἀτόμων εἶναί τι συνεχές, μέγεθος δʼ ἐστὶν ἅπαν συνεχές), ἀνάγκη τὸ θᾶττον ἐν τῷ ἴσῳ χρόνῳ μεῖζον καὶ ἐν τῶ ἐλάττονι ἴσον καὶ ἐν τῷ ἐλάττονι πλεῖον κινεῖσθαι, καθάπερ ὁρ"
candidat_proche,concept_ananke_necessity_democritus_h8i9j0k1,Ananke (Ἀνάγκη),discusses Ananke (Ἀνάγκη)?,0.88,passage_arist_ee_2_8,Aristotle,Ἠθικὰ Εὐδήμεια,2.8,grc,"ὅτι μὲν τοίνυν οὐκ ἔστι τὸ ἑκούσιον τὸ κατὰ ὄρεξιν πράττειν, οὐδʼ ἀκούσιον τὸ παρὰ τὴν ὄρεξιν, φανερόν· ὅτι δʼ οὐδὲ κατὰ προαίρεσιν, πάλιν ἐκ τῶνδε δῆλον. τὸ μὲν γὰρ κατὰ βούλησιν ὡς οὐκ ἀκούσιον ἀπεδείχθη,   ἀλλὰ μᾶλλον πᾶν ὃ βούλεται καὶ "
candidat_proche,concept_stoic_causal_principle,"Stoic Causal Principle (Same Causes, Same Ef","discusses Stoic Causal Principle (Same Causes, Same Ef?",0.88,passage_alex_fat_36,Alexander of Aphrodisias,De Fato,De Fato 36,grc,"ἀλλὰ ταῦτά γε εἰ μὲν ὑπό τινων αἰτίων περιεστώτων αὐτοῖς οὕτως ἀναγκάζονται λέγειν, συγγινώσκειν αὐτοῖς ἄξιον, καὶ οὐδὲν δεῖ οὔθ’ ἡμᾶς περὶ τῶν ὑπ’ ἐκείνων κατ’ ἀνάγκην λεγομένων πολυπραγμονεῖν οὔτε ἐκείνους περὶ τῶν οὐχ ὁμοίως αὐτοῖς λεγόν"
candidat_proche,concept_synergism,Synergism (Synergy),discusses Synergism (Synergy)?,0.88,passage_arist_mm_2_3_13,Aristotle,Magna Moralia,2.3.13,grc,"οὐδ' ἐναντιώσεται ἀρετὴ ἀρετῇ. πέφυκεν γὰρ ὑπείκειν τῷ λόγῳ, [ἢ] ὡς οὗτος προστάττει, ὥστ' ἐφ' ὃ ἂν οὗτος ἄγῃ, ἐπὶ τοῦτο ἀποκλίνει. τὸ γὰρ βέλτιον οὗτός ἐστιν ὁ αἱρούμενος. οὔτε γὰρ ἄνευ τῆς φρονήσεως αἱ ἄλλαι ἀρεταὶ γίνονται, οὔθ' ἡ φρόνησ"
candidat_proche,concept_ancient_free_will_debate_structure_z6a7b8c9,Ancient Free Will Debate: Compatibilism vs. ,discusses Ancient Free Will Debate: Compatibilism vs. ?,0.88,passage_alex_fat_34,Alexander of Aphrodisias,De Fato,De Fato 34,grc,"πῶς δ’ οὐκ ἀγνοούντων τὰ ὑφ’ αὑτῶν γινόμενα τὸ τῇ ἀληθείᾳ τῶν γινομένων, ἣν ἀναιροῦσιν διὰ τοῦ δόγματος, αὐτῇ κεχρῆσθαι πρὸς κατασκευὴν τοῦ ἀναιροῦντος αὐτὴν δόγματος; λαβόντες γὰρ τὸ ἕκαστον τῶν συνεστώτων φύσει καθ’ εἱμαρμένην εἶναι τοιοῦ"
candidat_proche,concept_bechirah_c1d2e3f4,Choice/Free Will (Bechirah),discusses Choice/Free Will (Bechirah)?,0.88,passage_aug_dla_3_16_45,Augustine,De libero arbitrio,3.16.45,lat,"Deus autem nulli debet aliquid, quia omnia gratuito praestat. Et si quisquam dicet ab illo aliquid deberi meritis suis, certe ut esset, non ei debebatur. Non enim erat cui deberetur. Et tamen, quod meritum est converti ad eum ex quo es, ut "
candidat_proche,concept_mr1_autonomy_responsibility,MR1: Autonomy-based Moral Responsibility,discusses MR1: Autonomy-based Moral Responsibility?,0.88,passage_alex_fat_21,Alexander of Aphrodisias,De Fato,De Fato 21,grc,"μηδὲ ἐκεῖνο δὲ ἡμῖν ἀνεξέταστον παραλελείφθω, εἴ τις ὑποθοῖτο, μηδὲν μᾶλλον ἀληθῆ εἶναι τὸ εἶναί τι οὕτως ἐφ’ ἡμῖν, ὡς ἡμεῖς τε ἀξιοῦμεν καὶ ἡ τῶν πραγμάτων φύσις ἔχειν μαρτυρεῖ, τοῦ πάντα ἐξ ἀνάγκης τε γίνεσθαι καὶ καθ’ εἱμαρμένην, ἀλλ’ εἶ"
candidat_proche,concept_prohairesis_deliberate_choice_aristotle_c3d4e5f6,Prohairesis (Προαίρεσις),discusses Prohairesis (Προαίρεσις)?,0.87,passage_arist_ne_7_3,Aristotle,Ἠθικὰ Νικομάχεια,7.3,grc,"πρῶτον μὲν οὖν σκεπτέον πότερον εἰδότες ἢ οὔ, καὶ πῶς εἰδότες· εἶτα περὶ ποῖα τὸν ἀκρατῆ καὶ τὸν ἐγκρατῆ θετέον, λέγω δὲ πότερον περὶ πᾶσαν ἡδονὴν καὶ λύπην ἢ περί τινας ἀφωρισμένας, καὶ τὸν ἐγκρατῆ καὶ τὸν καρτερικόν, πότερον ὁ αὐτὸς ἢ ἕτε"
candidat_proche,concept_liberum_arbitrium_u3v4w5x6,Free Choice (Liberum Arbitrium),discusses Free Choice (Liberum Arbitrium)?,0.87,passage_alex_fat_18,Alexander of Aphrodisias,De Fato,De Fato 18,grc,"ἀλλ’ ὅτι μὲν τὸ δόγμα τοῦτο ἀνατροπῆς αἴτιον παντὸς τοῦ τῶν ἀνθρώπων βίου, παντί που μαθεῖν ῥᾴδιον, ὅτι δὲ καὶ ψεῦδος, ἱκανὸν μαρτύριον τὸ μηδ’ αὐτοὺς τοὺς προστάτας αὐτοῦ δύνασθαι πείθεσθαι τοῖς ὑφ’ αὐτῶν λεγομένοις. οὕτω γὰρ ἐν πᾶσι τοῖς "
candidat_proche,concept_voluntas_y7z8a9b0,Will (Voluntas),discusses Will (Voluntas)?,0.87,passage_aug_civ_xii_iii,Augustine,De Civitate Dei,XII.III.1,lat,"Dicuntur autem in scripturis inimici Dei, qui non natura, sed uitiis aduersantur eius imperio, nihil ei ualentes nocere, sed sibi. Inimici enim sunt resistendi uoluntate, non potestate laedendi. Deus namque inmutabilis est et omni modo inco"
candidat_proche,concept_incompatibilism_ancient_o5p6q7r8,Ancient Incompatibilism,discusses Ancient Incompatibilism?,0.87,passage_alex_fat_37,Alexander of Aphrodisias,De Fato,De Fato 37,grc,"ἴδωμεν δὲ καὶ τὸν ἐπὶ τούτῳ λόγον ἠρωτημένον, εἰ μὴ τὰς ὁμοίας ἀνάγκας ἔχει. λέγει δὲ οὕτως· οὐ πάντα μὲν ἔστι καθ’ εἱμαρμένην, οὐκ ἔστι δὲ ἀκώλυτος καὶ ἀπαρεμπόδιστος ἡ τοῦ κόσμου διοίκησις. οὐδὲ ἔστι μὲν τοῦτο, οὐκ ἔστι δὲ κόσμος, οὐδὲ ἔσ"
candidat_proche,concept_mr1_autonomy_responsibility,MR1: Autonomy-based Moral Responsibility,discusses MR1: Autonomy-based Moral Responsibility?,0.87,passage_alex_fat_17,Alexander of Aphrodisias,De Fato,De Fato 17,grc,"πῶς δ’ ἂν σώζοιεν τοιαῦτα λέγοντες τὴν ὑπὸ τῶν θεῶν γινομένην τῶν θνητῶν πρόνοιαν; εἰ γὰρ αἴ τε τῶν θεῶν ἐπιφάνειαι, ἅς φασιν γίνεσθαί τισιν, κατά τινα γίνονται προκαταβεβλημένην αἰτίαν, ὡς πρὸ τοῦ γενέσθαι τινὰ αὐτῶν ἀληθὲς εἶναι τὸ τοῦδε "
candidat_proche,concept_fate_principle_bobzien,"Principe du Destin (Fate Principle, Bobzien ","discusses Principe du Destin (Fate Principle, Bobzien ?",0.87,passage_alex_fat_38,Alexander of Aphrodisias,De Fato,De Fato 38,grc,"ὅτι δὲ μηδὲ ἐκ τοῦ δεικνύναι τὴν καθ’ ὁρμὴν κίνησιν τοῖς ζῴοις μένουσαν πάντων γινομένων καθ’ εἱμαρμένην σώζουσιν τὸ ἐφ’ ἡμῖν, εἰ μὴ βούλοιτό τις ἀπλῶς τὸ ὑπό τινος κατὰ τὴν οἰκείαν γινόμενον φύσιν ἐπ’ ἐκείνῳ λέγειν ἄλλο τι σημαινόμενον τοῦ"
candidat_proche,concept_incompatibilism_ancient_o5p6q7r8,Ancient Incompatibilism,discusses Ancient Incompatibilism?,0.87,passage_alex_fat_38,Alexander of Aphrodisias,De Fato,De Fato 38,grc,"ὅτι δὲ μηδὲ ἐκ τοῦ δεικνύναι τὴν καθ’ ὁρμὴν κίνησιν τοῖς ζῴοις μένουσαν πάντων γινομένων καθ’ εἱμαρμένην σώζουσιν τὸ ἐφ’ ἡμῖν, εἰ μὴ βούλοιτό τις ἀπλῶς τὸ ὑπό τινος κατὰ τὴν οἰκείαν γινόμενον φύσιν ἐπ’ ἐκείνῳ λέγειν ἄλλο τι σημαινόμενον τοῦ"
candidat_proche,concept_self_happiness_alex,Self-Achieved Happiness (Alexander),discusses Self-Achieved Happiness (Alexander)?,0.87,passage_arist_ee_1_3,Aristotle,Ἠθικὰ Εὐδήμεια,1.3,grc,"πάσας μὲν οὖν τὰς δόξας ἐπισκοπεῖν, ὅσας ἔχουσί τινες περὶ αὐτῆς, περίεργον (πολλὰ γὰρ φαίνεται καὶ τοῖς  παιδαρίοις καὶ τοῖς κάμνουσι καὶ παραφρονοῦσι, περὶ ὧν ἂν οὐθεὶς νοῦν ἔχων διαπορήσειεν· δέονται γὰρ οὐ λόγων, ἀλλʼ οἳ μὲν ἡλικίας ἐν "
candidat_proche,concept_fate_principle_bobzien,"Principe du Destin (Fate Principle, Bobzien ","discusses Principe du Destin (Fate Principle, Bobzien ?",0.87,passage_alex_fat_16,Alexander of Aphrodisias,De Fato,De Fato 16,grc,"Ἀλλ’ ὅτι μὲν οὔτε σώζουσι τὸ ἐφ’ ἡμῖν οἱ λέγοντες πάντα καθ’ εἱμαρμένην γίνεσθαι (οὐ γὰρ περὶ οὖ ζητοῦμεν, εἰ σώζεται κατ’ αὐτούς, τοῦτο σώζεται, οἵ γε καὶ αἰτίαν ἀποδιδόναι πειρῶνται τοῦ μηδὲ τὴν ἀρχὴν δυνατὸν εἶναι τὸ πρᾶγμα), οὐδὲ ἣν ἀπο"
candidat_proche,concept_voluntas_y7z8a9b0,Will (Voluntas),discusses Will (Voluntas)?,0.87,passage_aug_dla_3_9_26,Augustine,De libero arbitrio,3.9.26,lat,"Sed adhuc videtur minus intellegens quod dictum est, habere quod contradicat. Dicit enim: Si universitatis perfectionem complet etiam nostra miseria, defuisset aliquid huic perfectioni, si beati semper essemus. Quapropter si ad miseriam nis"
candidat_proche,concept_voluntas_y7z8a9b0,Will (Voluntas),discusses Will (Voluntas)?,0.87,passage_aug_civ_v_viii,Augustine,De Civitate Dei,V.VIII.1,lat,"Qui uero non astrorum constitutionem, sicuti est cum quidque concipitur uel nascitur uel inchoatur, sed omnium conexionem seriemque causarum, qua fit omne quod fit, fati nomine appellant: non multum cum eis de uerbi controuersia laborandum "
candidat_proche,concept_ananke_necessity_democritus_h8i9j0k1,Ananke (Ἀνάγκη),discusses Ananke (Ἀνάγκη)?,0.87,passage_arist_di_13_11,Aristotle,De interpretatione,13.11,grc,"Ἀπορήσειε δ᾿ ἄν τις εἰ τῷ ἀναγκαῖον εἶναι τὸ δυνατὸν εἶναι ἕπεται. Εἴ τε γὰρ μὴ ἕπεται, ἡ ἀντίφασις ἀκολουθήσει, τὸ μὴ δυνατὸν εἶναι· καὶ εἴ τις ταύτην μὴ φήσειεν εἶναι ἀντίφασιν, ἀνάγκη λέγειν τὸ δυνατὸν μὴ εἶναι· ἅπερ ἄμφω ψευδῆ κατὰ τοῦ "
candidat_proche,concept_two_sidedness_eph_hemin,Bilatéralité du τὸ ἐφ' ἡμῖν (two-sidedness),discusses Bilatéralité du τὸ ἐφ' ἡμῖν (two-sidedness)?,0.87,passage_alex_fat_27,Alexander of Aphrodisias,De Fato,De Fato 27,grc,"οἱ συγχωρήσαντες ἀναποβλήτους τὰς ἀρετάς τε καὶ τὰς κακίας εἶναι, ἴσως προχειρότερον λαμβανόμενον λέγοιμεν ἂν κατὰ τοῦτο τὰς ἕξεις ἐπὶ τοῖς ἔχουσιν εἶναι, καθόσον πρὸ τοῦ λαβεῖν αὐτὰς ἐπ’ αὐτοῖς ἦν καὶ μὴ λαβεῖν. οἵ τε γὰρ τὰς ἀρετὰς ἔχοντε"
candidat_proche,concept_to_eph_hemin_nemesius,To eph' hemin (τὸ ἐφ᾽ ἡμῖν) — Nemesius,discusses To eph' hemin (τὸ ἐφ᾽ ἡμῖν) — Nemesius?,0.87,passage_alex_fat_7,Alexander of Aphrodisias,De Fato,De Fato 7,grc,Ἡ δὲ κατασκευὴ τῶν εἰρημένων ἔσται φανερωτέρα παρατιθέντων ἡμῶν ταῖς προηγουμέναις τῶν κειμένων ἀποδείξεσιν τὰ ἑπόμενα ἄτοπα τοῖς πάντα καθ’ εἱμαρμένην γίνεσθαι λέγουσιν· μιγνύντες γὰρ οὕτω τὸν λόγον τῇ τῶν δοξῶν παρ’ ἀλλήλας θέσει γνωριμώτ
candidat_proche,concept_incompatibilism_ancient_o5p6q7r8,Ancient Incompatibilism,discusses Ancient Incompatibilism?,0.87,passage_alexander_de_fato_14,Alexander of Aphrodisias,De Fato,,grc,"ἔνεστι δ' ὁρᾶν, εἰ ταῦτα λέγοντες σώζουσιν τὰς κοινὰς περὶ τοῦ ἐφ' ἡμῖν πάντων ἀνθρώπων προλήψεις. οἱ γὰρ ἀπαιτοῦντες αὐτούς, πῶς οἷόν τε πάντων ὄντων καθ' εἱμαρμένην τὸ ἐφ' ἡμῖν σώζεσθαι, οὐκ ὄνομα μόνον τοῦ ἐφ' ἡμῖν τιθέντες τοῦτ' ἀπαιτοῦ"
candidat_proche,concept_voluntas_y7z8a9b0,Will (Voluntas),discusses Will (Voluntas)?,0.87,passage_aug_civ_xii_xxiii,Augustine,De Civitate Dei,XII.XXIII.1,lat,"Nec ignorabat Deus hominem peccaturum et morti iam obnoxium morituros propagaturum eoque progressuros peccandi inmanitate mortales, ut tutius atque pacatius inter se rationalis uoluntatis expertes bestiae sui generis uiuerent, quarum ex aqu"
candidat_proche,concept_akrasia_weakness_of_will,"Akrasia (Weakness of Will, ἀκρασία)","discusses Akrasia (Weakness of Will, ἀκρασία)?",0.86,passage_arist_ee_7_6,Aristotle,Ἠθικὰ Εὐδήμεια,7.6,grc,"πόσα μὲν οὖν εἴδη φιλίας, καὶ τίνες διαφοραὶ καθʼ ἃς λέγονται οἱ τε φίλοι καὶ οἱ φιλοῦντες καὶ οἱ φιλούμενοι, καὶ οὕτως ὥστε φίλοι εἶναι καὶ ἄνευ τούτου, εἴρηται· περὶ δὲ αὐτὸν αὑτῷ φίλον εἶναι ἢ μή, πολλὴν ἔχει ἐπίσκεψιν. δοκεῖ γὰρ ἐνίοις "
candidat_proche,concept_mr1_autonomy_responsibility,MR1: Autonomy-based Moral Responsibility,discusses MR1: Autonomy-based Moral Responsibility?,0.86,passage_alex_fat_5,Alexander of Aphrodisias,De Fato,De Fato 5,grc,"τούτων δ’ οὕτως ἐχόντων καὶ πάντων τῶν γινομένων εἰς τούτους τοὺς τρόπους νενεμημένων ἀκόλουθον ἐπὶ τούτοις ἰδεῖν, ἐν ποίῳ τῶν ποιητικῶν αἰτίων χρὴ τιθέναι τὴν εἱμαρμένην. ἆρά γε ἐν τοῖς οὐδενὸς γινομένοις χάριν; ἢ τοῦτο μὲν παντάπασιν ἄλογ"
candidat_proche,concept_ananke_necessity_democritus_h8i9j0k1,Ananke (Ἀνάγκη),discusses Ananke (Ἀνάγκη)?,0.86,passage_alex_fat_8,Alexander of Aphrodisias,De Fato,De Fato 8,grc,"Λέγεται δὴ πρὸς ἁπάντων ἀνθρώπων κοιναῖς τε καὶ φυσικαῖς ἐννοίαις ἐμμενόντων ταῦτα ἀπὸ τύχης τε καὶ τοῦ αὐτομάτου γίνεσθαι, ἃ αἰτίαις ἄλλων τινῶν ποιητικαῖς προηγουμέναις ἐπιγίνεται. ὅταν γὰρ ἄλλου τινὸς χάριν γινομένῳ τινὶ μὴ τοῦτο ἀπαντήσ"
candidat_proche,concept_endechomenon_contingent_aristotle_e5f6g7h8,To Endechomenon (Τὸ ἐνδεχόμενον),discusses To Endechomenon (Τὸ ἐνδεχόμενον)?,0.86,passage_arist_ne_6_11,Aristotle,Ἠθικὰ Νικομάχεια,6.11,grc,"ἡ δὲ καλουμένη γνώμη, καθʼ ἣν συγγνώμονας καὶ ἔχειν φαμὲν γνώμην, ἡ τοῦ ἐπιεικοῦς ἐστὶ κρίσις ὀρθή. σημεῖον δέ· τὸν γὰρ ἐπιεικῆ μάλιστά φαμεν εἶναι συγγνωμονικόν, καὶ ἐπιεικὲς τὸ ἔχειν περὶ ἔνια συγγνώμην. ἡ δὲ συγγνώμη γνώμη ἐστὶ κριτικὴ τ"
candidat_proche,concept_mr2_ability_responsibility,MR2: Ability-based Moral Responsibility,discusses MR2: Ability-based Moral Responsibility?,0.86,passage_alex_fat_39,Alexander of Aphrodisias,De Fato,De Fato 39,grc,"Ταῦτα ὑμῖν, ὦ θειότατοι αὐτοκράτορες. τῆς Ἀριστοτέλους δόξης περί τε εἱμαρμένης καὶ τοῦ ἐφ’ ἡμῖν κατ’ ἐμὴν δόξαν τὰ κεφάλαια, καθ’ ἣν δοξάζοντες εἴς τε θεοὺς εὐσεβήσομεν, τὰ μὲν εἰδότες αὐτοῖς χάριν ἀνθ’ ὧν φθάνομεν ὑπ’ αὐτῶν εὖ πεπονθότες,"
candidat_proche,concept_voluntas_y7z8a9b0,Will (Voluntas),discusses Will (Voluntas)?,0.86,passage_cic_fat_25,Marcus Tullius Cicero,De Fato,Fat. 25,lat,"Rursus autem, ne omnes physici inrideant nos, si dicamus quicquam fieri sine causa, distinguendum est et ita dicendum, ipsius individui hanc esse naturam, ut pondere et gravitate moveatur, eamque ipsam esse causam, cur ita feratur. Similite"
candidat_proche,concept_eph_hemin_two_sided_potestative,Two-sided Potestative ἐφ' ἡμῖν,discusses Two-sided Potestative ἐφ' ἡμῖν?,0.86,passage_alex_fat_33,Alexander of Aphrodisias,De Fato,De Fato 33,grc,"Τὸ δὲ λέγειν ἡγεῖσθαι τοὺς οὐχ ἡγουμένους ἐν τῷ σώζεσθαι τὴν καθ’ ὁρμὴν τῶν ζῴων ἐνέργειαν ἤδη σώζεσθαι καὶ τὸ ἐφ’ ἡμῖν τῷ πᾶν τὸ καθ’ ὁρμὴν γινόμενον ἐπὶ τοῖς ὁρμῶσιν εἶναι καὶ διὰ τοῦτο ἐρωτᾶν, εἰ μὴ ἐνέργημά τι τὸ ἐφ’ ἡμῖν ἐστι, καὶ λαβό"
candidat_proche,concept_ananke_necessity_democritus_h8i9j0k1,Ananke (Ἀνάγκη),discusses Ananke (Ἀνάγκη)?,0.86,passage_alex_fat_14,Alexander of Aphrodisias,De Fato,De Fato 14,grc,"ἔνεστι δ’ ὁρᾶν, εἰ ταῦτα λέγοντες σώζουσιν τὰς κοινὰς περὶ τοῦ ἐφ’ ἡμῖν πάντων ἀνθρώπων προλήψεις. οἱ γὰρ ἀπαιτοῦντες αὐτούς, πῶς οἷόν τε πάντων ὄντων καθ’ εἱμαρμένην τὸ ἐφ’ ἡμῖν σώζεσθαι, οὐκ ὄνομα μόνον τοῦ ἐφ’ ἡμῖν τιθέντες τοῦτ’ ἀπαιτοῦ"
candidat_proche,concept_synkatathesis_stoic_assent,"Synkatathesis (Stoic Assent, συγκατάθεσις)","discusses Synkatathesis (Stoic Assent, συγκατάθεσις)?",0.86,passage_alex_fat_16,Alexander of Aphrodisias,De Fato,De Fato 16,grc,"Ἀλλ’ ὅτι μὲν οὔτε σώζουσι τὸ ἐφ’ ἡμῖν οἱ λέγοντες πάντα καθ’ εἱμαρμένην γίνεσθαι (οὐ γὰρ περὶ οὖ ζητοῦμεν, εἰ σώζεται κατ’ αὐτούς, τοῦτο σώζεται, οἵ γε καὶ αἰτίαν ἀποδιδόναι πειρῶνται τοῦ μηδὲ τὴν ἀρχὴν δυνατὸν εἶναι τὸ πρᾶγμα), οὐδὲ ἣν ἀπο"
candidat_proche,concept_to_eph_hemin_nemesius,To eph' hemin (τὸ ἐφ᾽ ἡμῖν) — Nemesius,discusses To eph' hemin (τὸ ἐφ᾽ ἡμῖν) — Nemesius?,0.86,passage_alex_fat_16,Alexander of Aphrodisias,De Fato,De Fato 16,grc,"Ἀλλ’ ὅτι μὲν οὔτε σώζουσι τὸ ἐφ’ ἡμῖν οἱ λέγοντες πάντα καθ’ εἱμαρμένην γίνεσθαι (οὐ γὰρ περὶ οὖ ζητοῦμεν, εἰ σώζεται κατ’ αὐτούς, τοῦτο σώζεται, οἵ γε καὶ αἰτίαν ἀποδιδόναι πειρῶνται τοῦ μηδὲ τὴν ἀρχὴν δυνατὸν εἶναι τὸ πρᾶγμα), οὐδὲ ἣν ἀπο"
candidat_proche,concept_ananke_necessity_democritus_h8i9j0k1,Ananke (Ἀνάγκη),discusses Ananke (Ἀνάγκη)?,0.86,passage_arist_di_9_12,Aristotle,De interpretatione,9.12,grc,"Εἰ δὴ ταῦτα ἀδύνατα — ὁρῶμεν γὰρ ὅτι ἔστιν ἀρχὴ τῶν ἐσομένων καὶ ἀπὸ τοῦ βουλεύεσθαι καὶ ἀπὸ τοῦ πρᾶξαί τι, καὶ ὅτι ὅλως ἔστιν ἐν τοῖς μὴ ἀεὶ ἐνεργοῦσι τὸ δυνατὸν εἶναι καὶ μὴ ὁμοίως· ἐν οἷς ἄμφω ἐνδέχεται, καὶ τὸ εἶναι καὶ τὸ μὴ εἶναι, ὥστ"
candidat_proche,concept_mr1_autonomy_responsibility,MR1: Autonomy-based Moral Responsibility,discusses MR1: Autonomy-based Moral Responsibility?,0.86,passage_aug_dla_3_19_54,Augustine,De libero arbitrio,3.19.54,lat,"Nam illud quod ignorans quisque non recte facit, et quod recte volens facere non potest, ideo dicuntur peccata, quia de peccato illo liberae voluntatis originem ducunt: illud enim praecedens meruit ista sequentia. Nam sicut linguam dicimus "
candidat_proche,concept_fate_principle_bobzien,"Principe du Destin (Fate Principle, Bobzien ","discusses Principe du Destin (Fate Principle, Bobzien ?",0.86,passage_alex_fat_10,Alexander of Aphrodisias,De Fato,De Fato 10,grc,"Τὰ δὲ λέγειν μὴ ἀναιρεῖσθαι πάντων γινομένων καθ’ εἱμαρμένην τὸ δυνατόν τε καὶ ἐνδεχόμενον τῷ δυνατὸν μὲν εἶναι γενέσθαι τοῦτο ὃ ὑπ’ οὐδενὸς κωλύεται γενέσθαι, κἂν μὴ γένηται (τῶν δὲ καθ’ εἱμαρμένην γινομένων οὐ κεκωλῦσθαι τὰ ἀντικείμενα γε"
candidat_proche,concept_ananke_necessity_democritus_h8i9j0k1,Ananke (Ἀνάγκη),discusses Ananke (Ἀνάγκη)?,0.86,passage_alex_fat_6,Alexander of Aphrodisias,De Fato,De Fato 6,grc,"τό τε γὰρ εἱμαρμένον κατὰ φύσιν καὶ τὸ κατὰ φύσιν εἱμαρμένον. οὐ γὰρ κατὰ φύσιν μέν ἐστιν ἄνθρωπον ἐξ ἀνθρώπου καὶ ἵππον ἐξ ἵππου γίνεσθαι, οὐ καθ’ εἱμαρμένην δέ, ἀλλὰ συνοδεύει τὰ αἴτια ταῦτα ἀλλήλοις ὡς ἂν ἔχοντα κατὰ τοὔνομα μόνον τὴν δι"
candidat_proche,concept_kyrios_alex,Kyrios (κύριος),discusses Kyrios (κύριος)?,0.86,passage_aristotle_en_iii_5_1114b1,Aristotle,Nicomachean Ethics,"EN III.5, 1114b1-12 (Character responsibility)",grc,"εἰ δέ τις λέγοι ὅτι πάντες ἐφίενται τοῦ φαινομένου ἀγαθοῦ, τῆς δὲ φαντασίας οὐ κύριοι, ἀλλ' ὁποῖός ποθ' ἕκαστός ἐστι, τοιοῦτο καὶ τὸ τέλος φαίνεται αὐτῷ [...] εἰ δ' ἕκαστος ἑαυτῷ πώς ἐστι αἴτιος τῆς ἕξεως, καὶ τῆς φαντασίας ἔσται πως αὐτὸς "
candidat_proche,concept_plurality_goods_alex,"Plurality of Goods (Noble, Pleasant, Advanta","discusses Plurality of Goods (Noble, Pleasant, Advanta?",0.86,passage_arist_ee_7_2,Aristotle,Ἠθικὰ Εὐδήμεια,7.2,grc,"ληπτέος δὴ τρόπος ὅστις ἡμῖν ἅμα τά τε δοκοῦντα περὶ τούτων μάλιστα ἀποδώσει, καὶ τὰς ἀπορίας λύσει καὶ τὰς  ἐναντιώσεις. τοῦτο δʼ ἔσται, ἐὰν εὐλόγως φαίνηται τὰ ἐναντία δοκοῦντα· μάλιστα γὰρ ὁμολογούμενος ὁ τοιοῦτος ἔσται λόγος τοῖς φαινομ"
candidat_proche,concept_voluntas_y7z8a9b0,Will (Voluntas),discusses Will (Voluntas)?,0.86,passage_aug_dla_3_16_45,Augustine,De libero arbitrio,3.16.45,lat,"Deus autem nulli debet aliquid, quia omnia gratuito praestat. Et si quisquam dicet ab illo aliquid deberi meritis suis, certe ut esset, non ei debebatur. Non enim erat cui deberetur. Et tamen, quod meritum est converti ad eum ex quo es, ut "
candidat_proche,concept_mr1_autonomy_responsibility,MR1: Autonomy-based Moral Responsibility,discusses MR1: Autonomy-based Moral Responsibility?,0.86,passage_alex_fat_28,Alexander of Aphrodisias,De Fato,De Fato 28,grc,"οἱ δὲ φάσκοντες ἐξ ἀνάγκης ἡμᾶς εἶναί τε καὶ γίνεσθαι τοιούτους, καὶ μὴ καταλιπόντες ἡμῖν τὴν ἐξουσίαν τοῦ ταῦτα πράττειν τε καὶ μή, δι’ ὧν ἂν τοιοῦτοι γενοίμεθα, καὶ διὰ τοῦτο μήτε τοῖς κακοῖς γινομένοις ἐξεῖναι μὴ ταῦτα πράττειν, ἃ πράττο"
candidat_proche,concept_horme_alex,Hormē (ὁρμή),discusses Hormē (ὁρμή)?,0.86,passage_arist_met_12_7,Aristotle,τὰ Μετὰ τὰ Φυσικά,12.7,grc,"ἐπεὶ δʼ οὕτω τʼ ἐνδέχεται, καὶ εἰ μὴ οὕτως, ἐκ νυκτὸς ἔσται καὶ ὁμοῦ πάντων καὶ ἐκ μὴ ὄντος, λύοιτʼ ἂν ταῦτα, καὶ ἔστι τι ἀεὶ κινούμενον κίνησιν ἄπαυστον, αὕτη δʼ ἡ κύκλῳ (καὶ τοῦτο οὐ λόγῳ μόνον ἀλλʼ ἔργῳ δῆλον), ὥστʼ ἀΐδιος ἂν εἴη ὁ πρῶτο"
candidat_proche,concept_synergism,Synergism (Synergy),discusses Synergism (Synergy)?,0.85,passage_alex_fat_32,Alexander of Aphrodisias,De Fato,De Fato 32,grc,"ἀλλὰ τῶν μὲν τοιούτων ἅλις (ἱκανὸν γὰρ ἐφ’ ἑκάστου τὸ ἐνδείξασθαι τὴν τῆς δόξης ἀτοπίαν), ἱκανῶς δ’ οἶμαι δεδηλῶσθαι, πῶς λέγεται τὸ ἐπὶ τῷ φρονίμῳ εἶναι τὸ φρονεῖν καίτοι μὴ δυναμένῳ μὴ φρονεῖν· οὐ γὰρ ὅτι νῦν, ὅτε ἐστὶ φρόνιμος, ἐπ’ αὐτῷ "
candidat_proche,concept_ananke_necessity_democritus_h8i9j0k1,Ananke (Ἀνάγκη),discusses Ananke (Ἀνάγκη)?,0.85,passage_arist_phys_1_4,Aristotle,Physica,1.4,grc,"Ὡς δʼ οἱ φυσικοὶ λέγουσι, δύο τρόποι εἰσίν. οἱ μὲν γὰρ ἐν ποιήσαντες τὸ                                 ὂν σῶμα τὸ ὑποκείμενον, ἢ τῶν τριῶν τι ἢ ἄλλο ὅ ἐστι                             πυρὸς μὲν πυκνότερον ἀέρος δὲ λεπτότερον, τἆλλα γεννῶσι"
candidat_proche,concept_voluntas_y7z8a9b0,Will (Voluntas),discusses Will (Voluntas)?,0.85,passage_aug_corrept_1_10,Augustine,De Correptione et Gratia,PL 44.1.10,lat,"quos autem iustificavit, ipsos et glorificavit . Illa omnia iam facta sunt: praescivit, praedestinavit, vocavit, iustificavit: quoniam et omnes iam praesciti ac praedestinati sunt, et multi iam vocati atque iustificati; quod autem posuit in"
candidat_proche,concept_pithanotes_7v2w4y10,Probability/Plausibility (Pithanotēs),discusses Probability/Plausibility (Pithanotēs)?,0.85,passage_alex_fat_26,Alexander of Aphrodisias,De Fato,De Fato 26,grc,"Ἃ δὲ ἀποροῦσιν πρὸς τὸ εἶναι τοιοῦτον τὸ ἐφ’ ἡμῖν, ὁποῖον ἡ κοινὴ πρόληψις τῶν ἀνθρώπων πεπίστευκεν, ἀπορεῖν μὲν οὐκ ἄλογον, τὸ δὲ τοῖς ἀπορουμένοις ἐποχουμένους ὡς ὁμολογουμένοις ἀναιρεῖν μέν, ἃ οὕτως ἐναργῆ, σκιαγραφίαν δέ τινα καὶ παιδιὰ"
candidat_proche,concept_ananke_necessity_democritus_h8i9j0k1,Ananke (Ἀνάγκη),discusses Ananke (Ἀνάγκη)?,0.85,passage_alex_fat_12,Alexander of Aphrodisias,De Fato,De Fato 12,grc,"Ἀναιρουμένου δὲ ὡς ἐδείχθη τοῦ βουλεύσασθαι κατ’ αὐτοὺς ἀναιρεῖται καὶ τὸ ἐφ’ ἡμῖν προδήλως. τοῦτο γὰρ ἐφ’ ἡμῖν πάντες, ὅσοι μὴ θέσει τινὶ παρίστανται, παρειλήφασιν εἶναι, οὗ ἡμεῖς μὲν καὶ τοῦ πραχθῆναι καὶ τοῦ μὴ πραχθῆναι κύριοι, οὐχ ἑπόμ"
candidat_proche,concept_incompatibilism_ancient_o5p6q7r8,Ancient Incompatibilism,discusses Ancient Incompatibilism?,0.85,passage_alex_fat_12,Alexander of Aphrodisias,De Fato,De Fato 12,grc,"Ἀναιρουμένου δὲ ὡς ἐδείχθη τοῦ βουλεύσασθαι κατ’ αὐτοὺς ἀναιρεῖται καὶ τὸ ἐφ’ ἡμῖν προδήλως. τοῦτο γὰρ ἐφ’ ἡμῖν πάντες, ὅσοι μὴ θέσει τινὶ παρίστανται, παρειλήφασιν εἶναι, οὗ ἡμεῖς μὲν καὶ τοῦ πραχθῆναι καὶ τοῦ μὴ πραχθῆναι κύριοι, οὐχ ἑπόμ"
candidat_proche,concept_ancient_free_will_debate_structure_z6a7b8c9,Ancient Free Will Debate: Compatibilism vs. ,discusses Ancient Free Will Debate: Compatibilism vs. ?,0.85,passage_alex_fat_38,Alexander of Aphrodisias,De Fato,De Fato 38,grc,"ὅτι δὲ μηδὲ ἐκ τοῦ δεικνύναι τὴν καθ’ ὁρμὴν κίνησιν τοῖς ζῴοις μένουσαν πάντων γινομένων καθ’ εἱμαρμένην σώζουσιν τὸ ἐφ’ ἡμῖν, εἰ μὴ βούλοιτό τις ἀπλῶς τὸ ὑπό τινος κατὰ τὴν οἰκείαν γινόμενον φύσιν ἐπ’ ἐκείνῳ λέγειν ἄλλο τι σημαινόμενον τοῦ"
candidat_proche,concept_incompatibilism_ancient_o5p6q7r8,Ancient Incompatibilism,discusses Ancient Incompatibilism?,0.85,passage_alex_fat_20,Alexander of Aphrodisias,De Fato,De Fato 20,grc,"ἀλλ’ ὅτι μὲν καὶ ἔστι τι ἐφ’ ἡμῖν ὀνομάσαι, καὶ οὐ διὰ τὴν ἐξουσίαν ταύτην ἀναιτίως τι γίνεται, τῷ τῶν οὕτως γινομένων αἴτιον τὸν ἄνθρωπον εἶναι, ἀρχὴν αὐτὸν ὄντα τῶν γινομένων ὑφ’ αὑτοῦ, ἱκανὰ μὲν δεῖξαι καὶ τὰ εἰρημένα, ἱκανῶς δ’ ἂν ἐπείσ"
candidat_proche,concept_ancient_free_will_debate_structure_z6a7b8c9,Ancient Free Will Debate: Compatibilism vs. ,discusses Ancient Free Will Debate: Compatibilism vs. ?,0.85,passage_alex_fat_14,Alexander of Aphrodisias,De Fato,De Fato 14,grc,"ἔνεστι δ’ ὁρᾶν, εἰ ταῦτα λέγοντες σώζουσιν τὰς κοινὰς περὶ τοῦ ἐφ’ ἡμῖν πάντων ἀνθρώπων προλήψεις. οἱ γὰρ ἀπαιτοῦντες αὐτούς, πῶς οἷόν τε πάντων ὄντων καθ’ εἱμαρμένην τὸ ἐφ’ ἡμῖν σώζεσθαι, οὐκ ὄνομα μόνον τοῦ ἐφ’ ἡμῖν τιθέντες τοῦτ’ ἀπαιτοῦ"
candidat_proche,concept_to_eph_hemin_nemesius,To eph' hemin (τὸ ἐφ᾽ ἡμῖν) — Nemesius,discusses To eph' hemin (τὸ ἐφ᾽ ἡμῖν) — Nemesius?,0.85,passage_alex_fat_14,Alexander of Aphrodisias,De Fato,De Fato 14,grc,"ἔνεστι δ’ ὁρᾶν, εἰ ταῦτα λέγοντες σώζουσιν τὰς κοινὰς περὶ τοῦ ἐφ’ ἡμῖν πάντων ἀνθρώπων προλήψεις. οἱ γὰρ ἀπαιτοῦντες αὐτούς, πῶς οἷόν τε πάντων ὄντων καθ’ εἱμαρμένην τὸ ἐφ’ ἡμῖν σώζεσθαι, οὐκ ὄνομα μόνον τοῦ ἐφ’ ἡμῖν τιθέντες τοῦτ’ ἀπαιτοῦ"
candidat_proche,concept_akousion_involuntary_aristotle_b2c3d4e5,Akousion (Ἀκούσιον),discusses Akousion (Ἀκούσιον)?,0.85,passage_arist_mm_1_33_33,Aristotle,Magna Moralia,1.33.33,grc,"Ἔτι ὁ μὲν ἀδικῶν ἑκὼν ἀδικεῖ, ὁ δὲ ἀδικούμενος ἄκων ἀδικεῖται, ὥστε εἰ ἐνδέχεται αὐτὸν αὑτὸν ἀδικεῖν, ἐνδέχοιτ' ἂν ἅμα καὶ ἀκουσίως καὶ ἑκουσίως πράττειν τι· τοῦτο δὲ ἀδύνατον· οὐκ ἄρα οὐδ' οὕτως ἐνδέχεται αὐτὸν αὑτὸν ἀδικεῖν."
candidat_proche,concept_to_eph_hemin_nemesius,To eph' hemin (τὸ ἐφ᾽ ἡμῖν) — Nemesius,discusses To eph' hemin (τὸ ἐφ᾽ ἡμῖν) — Nemesius?,0.85,passage_alex_fat_36,Alexander of Aphrodisias,De Fato,De Fato 36,grc,"ἀλλὰ ταῦτά γε εἰ μὲν ὑπό τινων αἰτίων περιεστώτων αὐτοῖς οὕτως ἀναγκάζονται λέγειν, συγγινώσκειν αὐτοῖς ἄξιον, καὶ οὐδὲν δεῖ οὔθ’ ἡμᾶς περὶ τῶν ὑπ’ ἐκείνων κατ’ ἀνάγκην λεγομένων πολυπραγμονεῖν οὔτε ἐκείνους περὶ τῶν οὐχ ὁμοίως αὐτοῖς λεγόν"
candidat_proche,concept_fate_principle_bobzien,"Principe du Destin (Fate Principle, Bobzien ","discusses Principe du Destin (Fate Principle, Bobzien ?",0.85,passage_alex_fat_36,Alexander of Aphrodisias,De Fato,De Fato 36,grc,"ἀλλὰ ταῦτά γε εἰ μὲν ὑπό τινων αἰτίων περιεστώτων αὐτοῖς οὕτως ἀναγκάζονται λέγειν, συγγινώσκειν αὐτοῖς ἄξιον, καὶ οὐδὲν δεῖ οὔθ’ ἡμᾶς περὶ τῶν ὑπ’ ἐκείνων κατ’ ἀνάγκην λεγομένων πολυπραγμονεῖν οὔτε ἐκείνους περὶ τῶν οὐχ ὁμοίως αὐτοῖς λεγόν"
candidat_proche,concept_eph_hemin_two_sided_potestative,Two-sided Potestative ἐφ' ἡμῖν,discusses Two-sided Potestative ἐφ' ἡμῖν?,0.85,passage_alex_fat_29,Alexander of Aphrodisias,De Fato,De Fato 29,grc,"ἐδείξαμεν δὲ ὅτι οὕτως ἐπ’ αὐτῷ τῷ φρονίμῳ τὸ εἶναι τοιούτῳ, ὅτι τῆς τοιαύτης ἕξεως καὶ τῆς κτήσεως αὐτῆς αὐτὸς αἴτιος τῷ καὶ τοῦ μὴ γενέσθαι τοιοῦτος ἔχειν πρότερον τὴν ἐξουσίαν. τὴν μὲν οὖν ἕξιν μηκέτ’ ἔχει ὡς ἐπ’ αὐτῷ (ὥσπερ οὐδὲ τῷ αὐτὸ"
candidat_proche,concept_mr1_autonomy_responsibility,MR1: Autonomy-based Moral Responsibility,discusses MR1: Autonomy-based Moral Responsibility?,0.85,passage_alex_fat_11,Alexander of Aphrodisias,De Fato,De Fato 11,grc,"Ἀκολουθεῖ δὲ τῷ πάντα τὰ γινόμενα προκαταβεβλημέναις καὶ ὡρισμέναις καὶ προυπαρχούσαις τισὶν αἰτίαις ἔσεσθαι τὸ καὶ βουλεύεσθαι τοὺς ἀνθρώπους μάτην περὶ τῶν πρακτέων αὐτοῖς. εἰ δὲ τὸ βουλεύεσθαι μάτην, μάτην ἂν ἄνθρωπος εἴη βουλευτικός. κα"
candidat_proche,concept_to_eph_hemin_nemesius,To eph' hemin (τὸ ἐφ᾽ ἡμῖν) — Nemesius,discusses To eph' hemin (τὸ ἐφ᾽ ἡμῖν) — Nemesius?,0.85,passage_alex_fat_11,Alexander of Aphrodisias,De Fato,De Fato 11,grc,"Ἀκολουθεῖ δὲ τῷ πάντα τὰ γινόμενα προκαταβεβλημέναις καὶ ὡρισμέναις καὶ προυπαρχούσαις τισὶν αἰτίαις ἔσεσθαι τὸ καὶ βουλεύεσθαι τοὺς ἀνθρώπους μάτην περὶ τῶν πρακτέων αὐτοῖς. εἰ δὲ τὸ βουλεύεσθαι μάτην, μάτην ἂν ἄνθρωπος εἴη βουλευτικός. κα"
candidat_proche,concept_cylinder_analogy_chrysippus_e5f6g7h8,Cylinder Analogy (Chrysippus),discusses Cylinder Analogy (Chrysippus)?,0.85,passage_alex_fat_11,Alexander of Aphrodisias,De Fato,De Fato 11,grc,"Ἀκολουθεῖ δὲ τῷ πάντα τὰ γινόμενα προκαταβεβλημέναις καὶ ὡρισμέναις καὶ προυπαρχούσαις τισὶν αἰτίαις ἔσεσθαι τὸ καὶ βουλεύεσθαι τοὺς ἀνθρώπους μάτην περὶ τῶν πρακτέων αὐτοῖς. εἰ δὲ τὸ βουλεύεσθαι μάτην, μάτην ἂν ἄνθρωπος εἴη βουλευτικός. κα"
candidat_proche,concept_mr2_ability_responsibility,MR2: Ability-based Moral Responsibility,discusses MR2: Ability-based Moral Responsibility?,0.85,passage_alex_fat_27,Alexander of Aphrodisias,De Fato,De Fato 27,grc,"οἱ συγχωρήσαντες ἀναποβλήτους τὰς ἀρετάς τε καὶ τὰς κακίας εἶναι, ἴσως προχειρότερον λαμβανόμενον λέγοιμεν ἂν κατὰ τοῦτο τὰς ἕξεις ἐπὶ τοῖς ἔχουσιν εἶναι, καθόσον πρὸ τοῦ λαβεῖν αὐτὰς ἐπ’ αὐτοῖς ἦν καὶ μὴ λαβεῖν. οἵ τε γὰρ τὰς ἀρετὰς ἔχοντε"
candidat_proche,concept_for_most_part_alex,For the Most Part / ὡς ἐπὶ τὸ πολύ (Alexande,discusses For the Most Part / ὡς ἐπὶ τὸ πολύ (Alexande?,0.85,passage_arist_ee_2_2,Aristotle,Ἠθικὰ Εὐδήμεια,2.2,grc,"ὅτι μὲν τοίνυν ἡ ἠθικὴ ἀρετὴ περὶ ἡδέα καὶ λυπηρά ἐστι, δῆλον· ἐπεὶ δʼ ἐστὶ τὸ ἦθος, ὥσπερ καὶ τὸ ὄνομα σημαίνει ὅτι ἀπὸ ἔθους ἔχει τὴν ἐπίδοσιν,   ἐθίζεται δὲ τὸ ὑπʼ ἀγωγῆς μὴ ἐμφύτου τῷ πολλάκις κινεῖσθαι πώς, οὕτως ἤδη τὸ ἐνεργητικόν, ὃ "
candidat_proche,concept_prohairesis_deliberate_choice_aristotle_c3d4e5f6,Prohairesis (Προαίρεσις),discusses Prohairesis (Προαίρεσις)?,0.85,passage_arist_ee_2_5,Aristotle,Ἠθικὰ Εὐδήμεια,2.5,grc,"ἐπεὶ δʼ ὑπόκειται ἀρετὴ εἶναι ἡ τοιαύτη ἕξις ἀφʼ ἧς πρακτικοὶ τῶν βελτίστων καὶ καθʼ ἣν ἄριστα διάκεινται περὶ τὸ βέλτιστον, βέλτιστον δὲ καὶ ἄριστον τὸ κατὰ τὸν ὀρθὸν λόγον, τοῦτο δʼ ἐστὶ τὸ μέσον ὑπερβολῆς καὶ  ἐλλείψεως τῆς πρὸς ἡμᾶς· ἀν"
candidat_proche,concept_two_sidedness_eph_hemin,Bilatéralité du τὸ ἐφ' ἡμῖν (two-sidedness),discusses Bilatéralité du τὸ ἐφ' ἡμῖν (two-sidedness)?,0.85,passage_alex_fat_28,Alexander of Aphrodisias,De Fato,De Fato 28,grc,"οἱ δὲ φάσκοντες ἐξ ἀνάγκης ἡμᾶς εἶναί τε καὶ γίνεσθαι τοιούτους, καὶ μὴ καταλιπόντες ἡμῖν τὴν ἐξουσίαν τοῦ ταῦτα πράττειν τε καὶ μή, δι’ ὧν ἂν τοιοῦτοι γενοίμεθα, καὶ διὰ τοῦτο μήτε τοῖς κακοῖς γινομένοις ἐξεῖναι μὴ ταῦτα πράττειν, ἃ πράττο"
candidat_proche,concept_endechomenon_contingent_aristotle_e5f6g7h8,To Endechomenon (Τὸ ἐνδεχόμενον),discusses To Endechomenon (Τὸ ἐνδεχόμενον)?,0.84,passage_arist_di_9_15,Aristotle,De interpretatione,9.15,grc,"Τὸ μὲν οὖν εἶναι τὸ ὂν ὅταν ᾖ, καὶ τὸ μὴ ὂν μὴ εἶναι ὅταν μὴ ᾗ, ἀνάγκη· οὐ μὴν οὔτε τὸ ὂν ἅπαν ἀνάγκη εἶναι οὔτε τὸ μὴ ὂν μὴ εἶναι. Οὐ γὰρ ταὐτόν ἐστι τὸ ὂν ἅπαν εἶναι ἐξ ἀνάγκης ὅτε ἔστι, καὶ τὸ ἁπλῶς εἶναι ἐξ ἀνάγκης. Ὁμοίως δὲ καὶ ἐπὶ το"
candidat_proche,concept_ancient_free_will_debate_structure_z6a7b8c9,Ancient Free Will Debate: Compatibilism vs. ,discusses Ancient Free Will Debate: Compatibilism vs. ?,0.84,passage_alex_fat_13,Alexander of Aphrodisias,De Fato,De Fato 13,grc,"τοιούτου δ’ ὄντος αὐτοῦ, τὸ μὲν δεικνύναι τοῦτο σωζόμενον κατὰ τοὺς πάντα λέγοντας γίνεσθαι καθ’ εἱμαρμένην οὐδὲ ἐπιχειροῦσιν τὴν ἀρχήν (ἴσασιν γὰρ ἐγχειρήσαντες ἀδυνάτοις), ὡς δὲ ἐπὶ τῆς τύχης ἄλλο τι σημαινόμενον ὑποθέντες τῷ τῆς τύχης ὀν"
candidat_proche,concept_ananke_necessity_democritus_h8i9j0k1,Ananke (Ἀνάγκη),discusses Ananke (Ἀνάγκη)?,0.84,passage_arist_met_13_8,Aristotle,τὰ Μετὰ τὰ Φυσικά,13.8,grc,"πάντων δὲ πρῶτον καλῶς ἔχει διορίσασθαι τίς ἀριθμοῦ διαφορά, καὶ μονάδος, εἰ ἔστιν. ἀνάγκη δʼ ἢ κατὰ τὸ ποσὸν ἢ κατὰ τὸ ποιὸν διαφέρειν· τούτων δʼ οὐδέτερον φαίνεται ἐνδέχεσθαι ὑπάρχειν. ἀλλʼ ᾗ ἀριθμός, κατὰ τὸ ποσόν. εἰ δὲ δὴ καὶ αἱ μονάδε"
candidat_proche,concept_prohairesis_deliberate_choice_aristotle_c3d4e5f6,Prohairesis (Προαίρεσις),discusses Prohairesis (Προαίρεσις)?,0.84,passage_alex_fat_1,Alexander of Aphrodisias,De Fato,De Fato 1,grc,"Ἦν μὲν δι’ εὐχῆς μοι, μέγιστοι αὐτοκράτορες ΔΣεβῆρε καὶ Ἀντωνῖνε, αὐτῷ γενομένῳ παρ’ ὑμῖν ἰδεῖν τε ὑμᾶς καὶ προσειπεῖν καὶ καθομολογῆσαι χάριν ἀνθ’ ὧν ἔπαθον εὖ παρ’ ὑμῶν πολλάκις, αἰεὶ τυχών πάντων ὧν ἠξίωσα μετὰ μαρτυρίας ἧς δίκαιος εἶναι"
candidat_proche,concept_academic_skepticism_epoche_n4o5p6q7,Academic Skepticism and Epochē (Ἐποχή),discusses Academic Skepticism and Epochē (Ἐποχή)?,0.84,passage_alex_fat_26,Alexander of Aphrodisias,De Fato,De Fato 26,grc,"Ἃ δὲ ἀποροῦσιν πρὸς τὸ εἶναι τοιοῦτον τὸ ἐφ’ ἡμῖν, ὁποῖον ἡ κοινὴ πρόληψις τῶν ἀνθρώπων πεπίστευκεν, ἀπορεῖν μὲν οὐκ ἄλογον, τὸ δὲ τοῖς ἀπορουμένοις ἐποχουμένους ὡς ὁμολογουμένοις ἀναιρεῖν μέν, ἃ οὕτως ἐναργῆ, σκιαγραφίαν δέ τινα καὶ παιδιὰ"
candidat_proche,concept_mr1_autonomy_responsibility,MR1: Autonomy-based Moral Responsibility,discusses MR1: Autonomy-based Moral Responsibility?,0.84,passage_arist_ee_2_8,Aristotle,Ἠθικὰ Εὐδήμεια,2.8,grc,"ὅτι μὲν τοίνυν οὐκ ἔστι τὸ ἑκούσιον τὸ κατὰ ὄρεξιν πράττειν, οὐδʼ ἀκούσιον τὸ παρὰ τὴν ὄρεξιν, φανερόν· ὅτι δʼ οὐδὲ κατὰ προαίρεσιν, πάλιν ἐκ τῶνδε δῆλον. τὸ μὲν γὰρ κατὰ βούλησιν ὡς οὐκ ἀκούσιον ἀπεδείχθη,   ἀλλὰ μᾶλλον πᾶν ὃ βούλεται καὶ "
candidat_proche,concept_hekousion_voluntary_aristotle_a1b2c3d4,Hekousion (Ἑκούσιον),discusses Hekousion (Ἑκούσιον)?,0.84,passage_arist_ee_2_8,Aristotle,Ἠθικὰ Εὐδήμεια,2.8,grc,"ὅτι μὲν τοίνυν οὐκ ἔστι τὸ ἑκούσιον τὸ κατὰ ὄρεξιν πράττειν, οὐδʼ ἀκούσιον τὸ παρὰ τὴν ὄρεξιν, φανερόν· ὅτι δʼ οὐδὲ κατὰ προαίρεσιν, πάλιν ἐκ τῶνδε δῆλον. τὸ μὲν γὰρ κατὰ βούλησιν ὡς οὐκ ἀκούσιον ἀπεδείχθη,   ἀλλὰ μᾶλλον πᾶν ὃ βούλεται καὶ "
candidat_proche,concept_to_endechomenon_alexander_amand1945,τὸ ἐνδεχόμενον / τὸ ὁπότερα — concept de con,discusses τὸ ἐνδεχόμενον / τὸ ὁπότερα — concept de con?,0.84,passage_alex_fat_30,Alexander of Aphrodisias,De Fato,De Fato 30,grc,τὸ δὲ λέγειν εὔλογον εἶναι τοὺς θεοὺς τὰ ἐσό μενα προειδέναι (ἄτοπον γὰρ τὸ λέγειν ἐκείνους ἀγνοεῖν τι τῶν ἐσομένων) καὶ τοῦτο λαμβάνοντας κατασκευάζειν πειρᾶσθαι δι’ αὐτοῦ τὸ πάντα ἐξ ἀνάγκης τε γίνεσθαι καὶ καθ’ εἱμαρμένην οὔτε ἀληθὲς οὔτ
candidat_proche,concept_ananke_necessity_democritus_h8i9j0k1,Ananke (Ἀνάγκη),discusses Ananke (Ἀνάγκη)?,0.84,passage_arist_gen_corr_2,Aristotle,De Generatione et Corruptione,De Gen. et Corr. II.10,grc,"10. Ἔτι δὲ ἐπεὶ ἡ κατὰ τὴν φορὰν κίνησις δέδεικται ὅτι ἀΐδιος, ἀνάγκη τούτων ὄντων καὶ γένεσιν εἶναι συνεχῶς· ἡ γὰρ φορὰ ποιήσει τὴν γένεσιν ἐνδελεχῶς διὰ τὸ προσάγειν καὶ ἀπάγειν τὸ γεννυητικόν. ἄμα δὲ δῆλον ὅτι καὶ τὰ πρότερον καλῶς εἴρητ"
candidat_proche,concept_boulesis_rational_desire_ef9f861d,Βούλησις (Boulēsis),discusses Βούλησις (Boulēsis)?,0.84,passage_arist_ee_7_2,Aristotle,Ἠθικὰ Εὐδήμεια,7.2,grc,"ληπτέος δὴ τρόπος ὅστις ἡμῖν ἅμα τά τε δοκοῦντα περὶ τούτων μάλιστα ἀποδώσει, καὶ τὰς ἀπορίας λύσει καὶ τὰς  ἐναντιώσεις. τοῦτο δʼ ἔσται, ἐὰν εὐλόγως φαίνηται τὰ ἐναντία δοκοῦντα· μάλιστα γὰρ ὁμολογούμενος ὁ τοιοῦτος ἔσται λόγος τοῖς φαινομ"
candidat_proche,concept_fate_principle_bobzien,"Principe du Destin (Fate Principle, Bobzien ","discusses Principe du Destin (Fate Principle, Bobzien ?",0.84,passage_alex_fat_35,Alexander of Aphrodisias,De Fato,De Fato 35,grc,"μηδὲ ἐκεῖνον δὲ παραλείπωμεν τὸν λόγον, ᾧ θαρροῦσιν ὡς δεικνύναι δυναμένου τῶν προκειμένων τι. λέγουσιν γὰρ οὐ γὰρ ἔστι μὲν τοιαύτη ἡ εἱμαρμένη, οὐκ ἔστι δὲ πεπρωμένη, * * * οὐκ ἔστι δὲ αἶσα, οὐδὲ ἔστι μὲν αἶσα, οὐκ ἔστι δὲ νέμεσις, οὐδὲ ἔσ"
candidat_proche,concept_fate_principle_bobzien,"Principe du Destin (Fate Principle, Bobzien ","discusses Principe du Destin (Fate Principle, Bobzien ?",0.84,passage_alex_fat_21,Alexander of Aphrodisias,De Fato,De Fato 21,grc,"μηδὲ ἐκεῖνο δὲ ἡμῖν ἀνεξέταστον παραλελείφθω, εἴ τις ὑποθοῖτο, μηδὲν μᾶλλον ἀληθῆ εἶναι τὸ εἶναί τι οὕτως ἐφ’ ἡμῖν, ὡς ἡμεῖς τε ἀξιοῦμεν καὶ ἡ τῶν πραγμάτων φύσις ἔχειν μαρτυρεῖ, τοῦ πάντα ἐξ ἀνάγκης τε γίνεσθαι καὶ καθ’ εἱμαρμένην, ἀλλ’ εἶ"
candidat_proche,concept_endechomenon_contingent_aristotle_e5f6g7h8,To Endechomenon (Τὸ ἐνδεχόμενον),discusses To Endechomenon (Τὸ ἐνδεχόμενον)?,0.83,passage_arist_phys_8_5,Aristotle,Physica,8.5,grc,"Τοῦτο δὲ διχῶς· ἢ γὰρ οὐ δʼ αὐτὸ τὸ κινοῦν, ἀλλὰ διʼ                               ἕτερον ὃ κινεῖ τὸ κινοῦν, ἢ διʼ αὐτό, καὶ τοῦτο ἢ πρῶτον                             μετὰ τὸ ἔσχατον ἢ διὰ πλειόνων, οἶον ἡ βακτηρία κινεῖ τὸν λίθον καὶ     "
candidat_proche,concept_mr2_ability_responsibility,MR2: Ability-based Moral Responsibility,discusses MR2: Ability-based Moral Responsibility?,0.83,passage_alex_fat_18,Alexander of Aphrodisias,De Fato,De Fato 18,grc,"ἀλλ’ ὅτι μὲν τὸ δόγμα τοῦτο ἀνατροπῆς αἴτιον παντὸς τοῦ τῶν ἀνθρώπων βίου, παντί που μαθεῖν ῥᾴδιον, ὅτι δὲ καὶ ψεῦδος, ἱκανὸν μαρτύριον τὸ μηδ’ αὐτοὺς τοὺς προστάτας αὐτοῦ δύνασθαι πείθεσθαι τοῖς ὑφ’ αὐτῶν λεγομένοις. οὕτω γὰρ ἐν πᾶσι τοῖς "
candidat_proche,concept_synergism,Synergism (Synergy),discusses Synergism (Synergy)?,0.83,passage_alex_fat_31,Alexander of Aphrodisias,De Fato,De Fato 31,grc,"ἀλλ’ οὐδὲ ἀφαιρούμεθα τῶν ἀνθρώπων τὸ ἀπὸ μαντικῆς χρήσιμον, ὃ γίνεται τῷ δύνασθαί τινα καὶ φυλάξασθαί τι, μὴ φυλαξάμενον ἂν μὴ συμβουλεύσαντος τοῦ θεοῦ· οἱ δὲ ὑμνοῦντες τὴν μαντικὴν καὶ κατὰ τὸν αὐτῶν λόγον μόνον σώζεσθαι λέγοντες αὐτήν, κ"
candidat_proche,concept_fate_principle_bobzien,"Principe du Destin (Fate Principle, Bobzien ","discusses Principe du Destin (Fate Principle, Bobzien ?",0.83,passage_alex_fat_31,Alexander of Aphrodisias,De Fato,De Fato 31,grc,"ἀλλ’ οὐδὲ ἀφαιρούμεθα τῶν ἀνθρώπων τὸ ἀπὸ μαντικῆς χρήσιμον, ὃ γίνεται τῷ δύνασθαί τινα καὶ φυλάξασθαί τι, μὴ φυλαξάμενον ἂν μὴ συμβουλεύσαντος τοῦ θεοῦ· οἱ δὲ ὑμνοῦντες τὴν μαντικὴν καὶ κατὰ τὸν αὐτῶν λόγον μόνον σώζεσθαι λέγοντες αὐτήν, κ"
candidat_proche,concept_two_sidedness_eph_hemin,Bilatéralité du τὸ ἐφ' ἡμῖν (two-sidedness),discusses Bilatéralité du τὸ ἐφ' ἡμῖν (two-sidedness)?,0.83,passage_alex_fat_39,Alexander of Aphrodisias,De Fato,De Fato 39,grc,"Ταῦτα ὑμῖν, ὦ θειότατοι αὐτοκράτορες. τῆς Ἀριστοτέλους δόξης περί τε εἱμαρμένης καὶ τοῦ ἐφ’ ἡμῖν κατ’ ἐμὴν δόξαν τὰ κεφάλαια, καθ’ ἣν δοξάζοντες εἴς τε θεοὺς εὐσεβήσομεν, τὰ μὲν εἰδότες αὐτοῖς χάριν ἀνθ’ ὧν φθάνομεν ὑπ’ αὐτῶν εὖ πεπονθότες,"
candidat_proche,concept_incompatibilism_ancient_o5p6q7r8,Ancient Incompatibilism,discusses Ancient Incompatibilism?,0.83,passage_alex_fat_15,Alexander of Aphrodisias,De Fato,De Fato 15,grc,"τὸ δ’ ἐποχουμένους τῷ εἰ δὴ τῶν αὐτῶν περιεστώτων ὁτὲ μὲν οὕτως ὁτὲ δὲ ἄλλως ἐνεργήσει τις, ἀναίτιον κίνησιν εἰσάγεσθαι’ διὰ τοῦτο λέγειν μὴ δύνασθαι οὗ πράξει τις πρᾶξαι τὸ ἀντικείμενον, μήποτε καὶ αὐτὸ τῶν ὁμοίως τοῖς προειρημένοις παρορω"
candidat_proche,concept_agent_causation_0l4g5h13,Agent Causation,discusses Agent Causation?,0.83,passage_alex_fat_15,Alexander of Aphrodisias,De Fato,De Fato 15,grc,"τὸ δ’ ἐποχουμένους τῷ εἰ δὴ τῶν αὐτῶν περιεστώτων ὁτὲ μὲν οὕτως ὁτὲ δὲ ἄλλως ἐνεργήσει τις, ἀναίτιον κίνησιν εἰσάγεσθαι’ διὰ τοῦτο λέγειν μὴ δύνασθαι οὗ πράξει τις πρᾶξαι τὸ ἀντικείμενον, μήποτε καὶ αὐτὸ τῶν ὁμοίως τοῖς προειρημένοις παρορω"
candidat_proche,concept_autokrateia_alex,Self-Governance / αὐτεξούσιον (Alexander),discusses Self-Governance / αὐτεξούσιον (Alexander)?,0.83,passage_alex_fat_15,Alexander of Aphrodisias,De Fato,De Fato 15,grc,"τὸ δ’ ἐποχουμένους τῷ εἰ δὴ τῶν αὐτῶν περιεστώτων ὁτὲ μὲν οὕτως ὁτὲ δὲ ἄλλως ἐνεργήσει τις, ἀναίτιον κίνησιν εἰσάγεσθαι’ διὰ τοῦτο λέγειν μὴ δύνασθαι οὗ πράξει τις πρᾶξαι τὸ ἀντικείμενον, μήποτε καὶ αὐτὸ τῶν ὁμοίως τοῖς προειρημένοις παρορω"
candidat_proche,concept_ananke_necessity_democritus_h8i9j0k1,Ananke (Ἀνάγκη),discusses Ananke (Ἀνάγκη)?,0.83,passage_arist_mm_1_15_1,Aristotle,Magna Moralia,1.15.1,grc,"Τοῦ οὖν βιαίου οὗτος ἡμῖν ἔστω ὁ ὁρισμός, ὧν ἐκτός ἐστιν ἡ αἰτία, ὑφ' ἧς βιάζονται πράττειν [ ὧν δ' ἐντὸς καὶ ἐν αὐτοῖς ἡ αἰτία, οὐ βία] · πάλιν δ' ὑπὲρ ἀνάγκης καὶ τοῦ ἀναγκαίου λεκτέον. τὸ δὲ ἀναγκαῖον οὐ πάντως οὐδ' ἐν παντὶ λεκτέον ἐστί"
candidat_proche,concept_endechomenon_contingent_aristotle_e5f6g7h8,To Endechomenon (Τὸ ἐνδεχόμενον),discusses To Endechomenon (Τὸ ἐνδεχόμενον)?,0.83,passage_arist_ne_5_7,Aristotle,Ἠθικὰ Νικομάχεια,5.7,grc,"τοῦ δὲ πολιτικοῦ δικαίου τὸ μὲν φυσικόν ἐστι τὸ δὲ νομικόν, φυσικὸν μὲν τὸ πανταχοῦ τὴν αὐτὴν ἔχον δύναμιν, καὶ οὐ τῷ δοκεῖν ἢ μή, νομικὸν δὲ ὃ ἐξ ἀρχῆς μὲν οὐδὲν διαφέρει οὕτως ἢ ἄλλως, ὅταν δὲ θῶνται, διαφέρει, οἷον τὸ μνᾶς λυτροῦσθαι, ἢ "
candidat_proche,concept_eph_hemin_two_sided_potestative,Two-sided Potestative ἐφ' ἡμῖν,discusses Two-sided Potestative ἐφ' ἡμῖν?,0.83,passage_alex_fat_27,Alexander of Aphrodisias,De Fato,De Fato 27,grc,"οἱ συγχωρήσαντες ἀναποβλήτους τὰς ἀρετάς τε καὶ τὰς κακίας εἶναι, ἴσως προχειρότερον λαμβανόμενον λέγοιμεν ἂν κατὰ τοῦτο τὰς ἕξεις ἐπὶ τοῖς ἔχουσιν εἶναι, καθόσον πρὸ τοῦ λαβεῖν αὐτὰς ἐπ’ αὐτοῖς ἦν καὶ μὴ λαβεῖν. οἵ τε γὰρ τὰς ἀρετὰς ἔχοντε"
candidat_proche,concept_incompatibilism_ancient_o5p6q7r8,Ancient Incompatibilism,discusses Ancient Incompatibilism?,0.83,passage_alex_fat_35,Alexander of Aphrodisias,De Fato,De Fato 35,grc,"μηδὲ ἐκεῖνον δὲ παραλείπωμεν τὸν λόγον, ᾧ θαρροῦσιν ὡς δεικνύναι δυναμένου τῶν προκειμένων τι. λέγουσιν γὰρ οὐ γὰρ ἔστι μὲν τοιαύτη ἡ εἱμαρμένη, οὐκ ἔστι δὲ πεπρωμένη, * * * οὐκ ἔστι δὲ αἶσα, οὐδὲ ἔστι μὲν αἶσα, οὐκ ἔστι δὲ νέμεσις, οὐδὲ ἔσ"
candidat_proche,concept_autexousion_alex,Autexousion (Self-Determination) in Alexande,discusses Autexousion (Self-Determination) in Alexande?,0.83,passage_alexander_de_fato_14,Alexander of Aphrodisias,De Fato,,grc,"ἔνεστι δ' ὁρᾶν, εἰ ταῦτα λέγοντες σώζουσιν τὰς κοινὰς περὶ τοῦ ἐφ' ἡμῖν πάντων ἀνθρώπων προλήψεις. οἱ γὰρ ἀπαιτοῦντες αὐτούς, πῶς οἷόν τε πάντων ὄντων καθ' εἱμαρμένην τὸ ἐφ' ἡμῖν σώζεσθαι, οὐκ ὄνομα μόνον τοῦ ἐφ' ἡμῖν τιθέντες τοῦτ' ἀπαιτοῦ"
candidat_proche,concept_theodicy_christian,Christian Theodicy,discusses Christian Theodicy?,0.82,passage_aug_civ_xii_iii,Augustine,De Civitate Dei,XII.III.1,lat,"Dicuntur autem in scripturis inimici Dei, qui non natura, sed uitiis aduersantur eius imperio, nihil ei ualentes nocere, sed sibi. Inimici enim sunt resistendi uoluntate, non potestate laedendi. Deus namque inmutabilis est et omni modo inco"
candidat_proche,concept_to_eph_hemin_nemesius,To eph' hemin (τὸ ἐφ᾽ ἡμῖν) — Nemesius,discusses To eph' hemin (τὸ ἐφ᾽ ἡμῖν) — Nemesius?,0.82,passage_alex_fat_33,Alexander of Aphrodisias,De Fato,De Fato 33,grc,"Τὸ δὲ λέγειν ἡγεῖσθαι τοὺς οὐχ ἡγουμένους ἐν τῷ σώζεσθαι τὴν καθ’ ὁρμὴν τῶν ζῴων ἐνέργειαν ἤδη σώζεσθαι καὶ τὸ ἐφ’ ἡμῖν τῷ πᾶν τὸ καθ’ ὁρμὴν γινόμενον ἐπὶ τοῖς ὁρμῶσιν εἶναι καὶ διὰ τοῦτο ἐρωτᾶν, εἰ μὴ ἐνέργημά τι τὸ ἐφ’ ἡμῖν ἐστι, καὶ λαβό"
candidat_proche,concept_ananke_necessity_democritus_h8i9j0k1,Ananke (Ἀνάγκη),discusses Ananke (Ἀνάγκη)?,0.82,passage_arist_di_12_2,Aristotle,De interpretatione,12.2,grc,"Τούτων δὲ διωρισμένων σκεπτέον ὅπως ἔχουσιν αἱ ἀποφάσεις καὶ καταφάσεις πρὸς ἀλλήλας αἱ τοῦ δυνατὸν εἶναι καὶ μὴ δυνατὸν καὶ ἐνδεχόμενον καὶ μὴ ἐνδεχόμενον, καὶ περὶ τοῦ ἀδυνάτου τε καὶ ἀναγκαίου· ἔχει γὰρ ἀπορίας τινάς. Εἰ γὰρ τῶν συμπλεκο"
candidat_proche,concept_mr1_autonomy_responsibility,MR1: Autonomy-based Moral Responsibility,discusses MR1: Autonomy-based Moral Responsibility?,0.82,passage_aug_gla_1_1,Augustine,De Libero Arbitrio,Grat. 1.1,lat,"DE GRATIA ET LIBERO ARBITRIO LIBER UNUS AD VALENTINUM ET CUM ILLO MONACHOS De obscuritate quaestionis. 1. 1. Propter eos qui hominis liberum arbitrium sic praedicant et defendunt, ut Dei gratiam qua vocamur ad eum et a nostris malis meritis"
candidat_proche,concept_liberum_arbitrium_u3v4w5x6,Free Choice (Liberum Arbitrium),discusses Free Choice (Liberum Arbitrium)?,0.82,passage_aug_dla_3_19_54,Augustine,De libero arbitrio,3.19.54,lat,"Nam illud quod ignorans quisque non recte facit, et quod recte volens facere non potest, ideo dicuntur peccata, quia de peccato illo liberae voluntatis originem ducunt: illud enim praecedens meruit ista sequentia. Nam sicut linguam dicimus "
candidat_proche,concept_summum_bonum_boethius_k6l7m8n9,Summum Bonum (Supreme Good),discusses Summum Bonum (Supreme Good)?,0.82,passage_aug_civ_12_6,Augustine,De Civitate Dei,,lat,"Proinde causa beatitudinis angelorum bonorum ea uerissima   reperitur, quod ei adhaerent qui summe est. Cum uero causa   miseriae malorum angelorum quaeritur, ea merito occurrit,   quod ab illo, qui summe est, auersi ad se ipsos conuersi su"
candidat_proche,concept_ananke_necessity_democritus_h8i9j0k1,Ananke (Ἀνάγκη),discusses Ananke (Ἀνάγκη)?,0.82,passage_arist_da_2_10,Aristotle,De anima,2.10,grc,"Τὸ δὲ γευστόν ἐστιν ἁπτόν τι· καὶ τοῦτ’ αἴτιον τοῦ μὴ εἶναι αἰσθητὸν διὰ τοῦ μεταξὺ ἀλλοτρίου ὄντος σώματος· οὐδὲ γὰρ ἡ ἁφή. Καὶ τὸ σῶμα δὲ ἐν ᾧ ὁ χυμός, τὸ γευστόν, ἐν ὑγρῷ ὡς ὕλῃ· τοῦτο δ’ ἁπτόν τι. Διὸ κἂν εἰ ἐν ὕδατι εἶμεν, αἰσθανοίμεθ’"
candidat_proche,concept_ananke_necessity_democritus_h8i9j0k1,Ananke (Ἀνάγκη),discusses Ananke (Ἀνάγκη)?,0.82,passage_arist_da_3_13,Aristotle,De anima,3.13,grc,"Ὅτι δ’ οὐχ οἷόν τε ἁπλοῦν εἶναι τὸ τοῦ ζῴου σῶμα, φανερόν, λέγω δ’ οἷον πύρινον ἢ ἀέρινον. Ἄνευ μὲν γὰρ ἁφῆς οὐδεμίαν ἐνδέχεται ἄλλην αἴσθησιν ἔχειν· τὸ γὰρ σῶμα ἁπτικὸν τὸ ἔμψυχον πᾶν, ὥσπερ εἴρηται. Τὰ δὲ ἄλλα ἔξω γῆς αἰσθητήρια μὲν ἂν γέ"
candidat_proche,concept_mr1_autonomy_responsibility,MR1: Autonomy-based Moral Responsibility,discusses MR1: Autonomy-based Moral Responsibility?,0.82,passage_aristotle_en_iii_5_1114b1,Aristotle,Nicomachean Ethics,"EN III.5, 1114b1-12 (Character responsibility)",grc,"εἰ δέ τις λέγοι ὅτι πάντες ἐφίενται τοῦ φαινομένου ἀγαθοῦ, τῆς δὲ φαντασίας οὐ κύριοι, ἀλλ' ὁποῖός ποθ' ἕκαστός ἐστι, τοιοῦτο καὶ τὸ τέλος φαίνεται αὐτῷ [...] εἰ δ' ἕκαστος ἑαυτῷ πώς ἐστι αἴτιος τῆς ἕξεως, καὶ τῆς φαντασίας ἔσται πως αὐτὸς "
candidat_proche,concept_ancient_free_will_debate_structure_z6a7b8c9,Ancient Free Will Debate: Compatibilism vs. ,discusses Ancient Free Will Debate: Compatibilism vs. ?,0.82,passage_alex_fat_11,Alexander of Aphrodisias,De Fato,De Fato 11,grc,"Ἀκολουθεῖ δὲ τῷ πάντα τὰ γινόμενα προκαταβεβλημέναις καὶ ὡρισμέναις καὶ προυπαρχούσαις τισὶν αἰτίαις ἔσεσθαι τὸ καὶ βουλεύεσθαι τοὺς ἀνθρώπους μάτην περὶ τῶν πρακτέων αὐτοῖς. εἰ δὲ τὸ βουλεύεσθαι μάτην, μάτην ἂν ἄνθρωπος εἴη βουλευτικός. κα"
candidat_proche,concept_ananke_necessity_democritus_h8i9j0k1,Ananke (Ἀνάγκη),discusses Ananke (Ἀνάγκη)?,0.82,passage_arist_mm_1_15_2,Aristotle,Magna Moralia,1.15.2,grc,"τὸ γὰρ ἀναγκαῖον οὐκ ἐν παντί, ἀλλ' ἤδη ἐν τοῖς ἐκτός, οἷον ὃς ἂν καταβλάπτηται ἀντικαταλλαττόμενός τι ἄλλο μεῖζον ἀναγκαζόμενος ὑπὸ τῶν πραγμάτων. οἷον ἠναγκάσθην συντονώτερον βαδίσαι εἰς ἀγρόν· εἰ γὰρ μή, ἀπολωλότ' ἂν εὗρον τὰ ἐν ἀγρῷ. ἐν"
candidat_proche,concept_boulesis_rational_desire_ef9f861d,Βούλησις (Boulēsis),discusses Βούλησις (Boulēsis)?,0.82,passage_arist_met_12_7,Aristotle,τὰ Μετὰ τὰ Φυσικά,12.7,grc,"ἐπεὶ δʼ οὕτω τʼ ἐνδέχεται, καὶ εἰ μὴ οὕτως, ἐκ νυκτὸς ἔσται καὶ ὁμοῦ πάντων καὶ ἐκ μὴ ὄντος, λύοιτʼ ἂν ταῦτα, καὶ ἔστι τι ἀεὶ κινούμενον κίνησιν ἄπαυστον, αὕτη δʼ ἡ κύκλῳ (καὶ τοῦτο οὐ λόγῳ μόνον ἀλλʼ ἔργῳ δῆλον), ὥστʼ ἀΐδιος ἂν εἴη ὁ πρῶτο"
candidat_proche,concept_mr1_autonomy_responsibility,MR1: Autonomy-based Moral Responsibility,discusses MR1: Autonomy-based Moral Responsibility?,0.81,passage_alex_fat_26,Alexander of Aphrodisias,De Fato,De Fato 26,grc,"Ἃ δὲ ἀποροῦσιν πρὸς τὸ εἶναι τοιοῦτον τὸ ἐφ’ ἡμῖν, ὁποῖον ἡ κοινὴ πρόληψις τῶν ἀνθρώπων πεπίστευκεν, ἀπορεῖν μὲν οὐκ ἄλογον, τὸ δὲ τοῖς ἀπορουμένοις ἐποχουμένους ὡς ὁμολογουμένοις ἀναιρεῖν μέν, ἃ οὕτως ἐναργῆ, σκιαγραφίαν δέ τινα καὶ παιδιὰ"
candidat_proche,concept_mr2_ability_responsibility,MR2: Ability-based Moral Responsibility,discusses MR2: Ability-based Moral Responsibility?,0.81,passage_alex_fat_26,Alexander of Aphrodisias,De Fato,De Fato 26,grc,"Ἃ δὲ ἀποροῦσιν πρὸς τὸ εἶναι τοιοῦτον τὸ ἐφ’ ἡμῖν, ὁποῖον ἡ κοινὴ πρόληψις τῶν ἀνθρώπων πεπίστευκεν, ἀπορεῖν μὲν οὐκ ἄλογον, τὸ δὲ τοῖς ἀπορουμένοις ἐποχουμένους ὡς ὁμολογουμένοις ἀναιρεῖν μέν, ἃ οὕτως ἐναργῆ, σκιαγραφίαν δέ τινα καὶ παιδιὰ"
candidat_proche,concept_autokrateia_alex,Self-Governance / αὐτεξούσιον (Alexander),discusses Self-Governance / αὐτεξούσιον (Alexander)?,0.81,passage_alex_fat_39,Alexander of Aphrodisias,De Fato,De Fato 39,grc,"Ταῦτα ὑμῖν, ὦ θειότατοι αὐτοκράτορες. τῆς Ἀριστοτέλους δόξης περί τε εἱμαρμένης καὶ τοῦ ἐφ’ ἡμῖν κατ’ ἐμὴν δόξαν τὰ κεφάλαια, καθ’ ἣν δοξάζοντες εἴς τε θεοὺς εὐσεβήσομεν, τὰ μὲν εἰδότες αὐτοῖς χάριν ἀνθ’ ὧν φθάνομεν ὑπ’ αὐτῶν εὖ πεπονθότες,"
candidat_proche,concept_two_sidedness_eph_hemin,Bilatéralité du τὸ ἐφ' ἡμῖν (two-sidedness),discusses Bilatéralité du τὸ ἐφ' ἡμῖν (two-sidedness)?,0.81,passage_alex_fat_16,Alexander of Aphrodisias,De Fato,De Fato 16,grc,"Ἀλλ’ ὅτι μὲν οὔτε σώζουσι τὸ ἐφ’ ἡμῖν οἱ λέγοντες πάντα καθ’ εἱμαρμένην γίνεσθαι (οὐ γὰρ περὶ οὖ ζητοῦμεν, εἰ σώζεται κατ’ αὐτούς, τοῦτο σώζεται, οἵ γε καὶ αἰτίαν ἀποδιδόναι πειρῶνται τοῦ μηδὲ τὴν ἀρχὴν δυνατὸν εἶναι τὸ πρᾶγμα), οὐδὲ ἣν ἀπο"
candidat_proche,concept_ananke_necessity_democritus_h8i9j0k1,Ananke (Ἀνάγκη),discusses Ananke (Ἀνάγκη)?,0.81,passage_arist_di_13_2,Aristotle,De interpretatione,13.2,grc,"Καὶ αἱ ἀκολουθήσεις δὲ κατὰ λόγον γίνονται οὕτω τιθεμένοις· τῷ μὲν γὰρ δυνατὸν εἶναι τὸ ἐνδέχεσθαι εἶναι, καὶ τοῦτο ἐκείνῳ ἀντιστρέφει, καὶ τὸ μὴ ἀδύνατον εἶναι καὶ τὸ μὴ ἀναγκαῖον εἶναι· τῷ δὲ δυνατὸν μὴ εἶναι καὶ ἐνδεχόμενον μὴ εἶναι τὸ μ"
candidat_proche,concept_original_sin,Original Sin (Peccatum Originale),discusses Original Sin (Peccatum Originale)?,0.81,passage_aug_dla_3_19_54,Augustine,De libero arbitrio,3.19.54,lat,"Nam illud quod ignorans quisque non recte facit, et quod recte volens facere non potest, ideo dicuntur peccata, quia de peccato illo liberae voluntatis originem ducunt: illud enim praecedens meruit ista sequentia. Nam sicut linguam dicimus "
candidat_proche,concept_hekousion_voluntary_aristotle_a1b2c3d4,Hekousion (Ἑκούσιον),discusses Hekousion (Ἑκούσιον)?,0.81,passage_arist_mm_1_33_33,Aristotle,Magna Moralia,1.33.33,grc,"Ἔτι ὁ μὲν ἀδικῶν ἑκὼν ἀδικεῖ, ὁ δὲ ἀδικούμενος ἄκων ἀδικεῖται, ὥστε εἰ ἐνδέχεται αὐτὸν αὑτὸν ἀδικεῖν, ἐνδέχοιτ' ἂν ἅμα καὶ ἀκουσίως καὶ ἑκουσίως πράττειν τι· τοῦτο δὲ ἀδύνατον· οὐκ ἄρα οὐδ' οὕτως ἐνδέχεται αὐτὸν αὑτὸν ἀδικεῖν."
candidat_proche,concept_endechomenon_contingent_aristotle_e5f6g7h8,To Endechomenon (Τὸ ἐνδεχόμενον),discusses To Endechomenon (Τὸ ἐνδεχόμενον)?,0.81,passage_arist_met_10_10,Aristotle,τὰ Μετὰ τὰ Φυσικά,10.10,grc,"ἐπειδὴ δὲ τὰ ἐναντία ἕτερα τῷ εἴδει, τὸ δὲ φθαρτὸν καὶ τὸ ἄφθαρτον ἐναντία (στέρησις γὰρ ἀδυναμία διωρισμένη), ἀνάγκη ἕτερον εἶναι τῷ γένει τὸ φθαρτὸν καὶ τὸ ἄφθαρτον. νῦν μὲν οὖν ἐπʼ αὐτῶν εἰρήκαμεν τῶν καθόλου ὀνομάτων, ὥστε δόξειεν ἂν οὐ"
candidat_proche,concept_luck_argument_4b5c6d7e,Luck Argument,discusses Luck Argument?,0.81,passage_alex_fat_34,Alexander of Aphrodisias,De Fato,De Fato 34,grc,"πῶς δ’ οὐκ ἀγνοούντων τὰ ὑφ’ αὑτῶν γινόμενα τὸ τῇ ἀληθείᾳ τῶν γινομένων, ἣν ἀναιροῦσιν διὰ τοῦ δόγματος, αὐτῇ κεχρῆσθαι πρὸς κατασκευὴν τοῦ ἀναιροῦντος αὐτὴν δόγματος; λαβόντες γὰρ τὸ ἕκαστον τῶν συνεστώτων φύσει καθ’ εἱμαρμένην εἶναι τοιοῦ"
candidat_proche,concept_fate_principle_bobzien,"Principe du Destin (Fate Principle, Bobzien ","discusses Principe du Destin (Fate Principle, Bobzien ?",0.81,passage_alex_fat_7,Alexander of Aphrodisias,De Fato,De Fato 7,grc,Ἡ δὲ κατασκευὴ τῶν εἰρημένων ἔσται φανερωτέρα παρατιθέντων ἡμῶν ταῖς προηγουμέναις τῶν κειμένων ἀποδείξεσιν τὰ ἑπόμενα ἄτοπα τοῖς πάντα καθ’ εἱμαρμένην γίνεσθαι λέγουσιν· μιγνύντες γὰρ οὕτω τὸν λόγον τῇ τῶν δοξῶν παρ’ ἀλλήλας θέσει γνωριμώτ
candidat_proche,concept_ancient_free_will_debate_structure_z6a7b8c9,Ancient Free Will Debate: Compatibilism vs. ,discusses Ancient Free Will Debate: Compatibilism vs. ?,0.81,passage_alex_fat_35,Alexander of Aphrodisias,De Fato,De Fato 35,grc,"μηδὲ ἐκεῖνον δὲ παραλείπωμεν τὸν λόγον, ᾧ θαρροῦσιν ὡς δεικνύναι δυναμένου τῶν προκειμένων τι. λέγουσιν γὰρ οὐ γὰρ ἔστι μὲν τοιαύτη ἡ εἱμαρμένη, οὐκ ἔστι δὲ πεπρωμένη, * * * οὐκ ἔστι δὲ αἶσα, οὐδὲ ἔστι μὲν αἶσα, οὐκ ἔστι δὲ νέμεσις, οὐδὲ ἔσ"
candidat_proche,concept_mr2_ability_responsibility,MR2: Ability-based Moral Responsibility,discusses MR2: Ability-based Moral Responsibility?,0.81,passage_alex_fat_21,Alexander of Aphrodisias,De Fato,De Fato 21,grc,"μηδὲ ἐκεῖνο δὲ ἡμῖν ἀνεξέταστον παραλελείφθω, εἴ τις ὑποθοῖτο, μηδὲν μᾶλλον ἀληθῆ εἶναι τὸ εἶναί τι οὕτως ἐφ’ ἡμῖν, ὡς ἡμεῖς τε ἀξιοῦμεν καὶ ἡ τῶν πραγμάτων φύσις ἔχειν μαρτυρεῖ, τοῦ πάντα ἐξ ἀνάγκης τε γίνεσθαι καὶ καθ’ εἱμαρμένην, ἀλλ’ εἶ"
candidat_proche,concept_mr1_autonomy_responsibility,MR1: Autonomy-based Moral Responsibility,discusses MR1: Autonomy-based Moral Responsibility?,0.81,passage_alexander_de_fato_14,Alexander of Aphrodisias,De Fato,,grc,"ἔνεστι δ' ὁρᾶν, εἰ ταῦτα λέγοντες σώζουσιν τὰς κοινὰς περὶ τοῦ ἐφ' ἡμῖν πάντων ἀνθρώπων προλήψεις. οἱ γὰρ ἀπαιτοῦντες αὐτούς, πῶς οἷόν τε πάντων ὄντων καθ' εἱμαρμένην τὸ ἐφ' ἡμῖν σώζεσθαι, οὐκ ὄνομα μόνον τοῦ ἐφ' ἡμῖν τιθέντες τοῦτ' ἀπαιτοῦ"
candidat_proche,concept_ancient_free_will_debate_structure_z6a7b8c9,Ancient Free Will Debate: Compatibilism vs. ,discusses Ancient Free Will Debate: Compatibilism vs. ?,0.81,passage_alexander_de_fato_14,Alexander of Aphrodisias,De Fato,,grc,"ἔνεστι δ' ὁρᾶν, εἰ ταῦτα λέγοντες σώζουσιν τὰς κοινὰς περὶ τοῦ ἐφ' ἡμῖν πάντων ἀνθρώπων προλήψεις. οἱ γὰρ ἀπαιτοῦντες αὐτούς, πῶς οἷόν τε πάντων ὄντων καθ' εἱμαρμένην τὸ ἐφ' ἡμῖν σώζεσθαι, οὐκ ὄνομα μόνον τοῦ ἐφ' ἡμῖν τιθέντες τοῦτ' ἀπαιτοῦ"
candidat_proche,concept_ancient_free_will_debate_structure_z6a7b8c9,Ancient Free Will Debate: Compatibilism vs. ,discusses Ancient Free Will Debate: Compatibilism vs. ?,0.8,passage_alex_fat_37,Alexander of Aphrodisias,De Fato,De Fato 37,grc,"ἴδωμεν δὲ καὶ τὸν ἐπὶ τούτῳ λόγον ἠρωτημένον, εἰ μὴ τὰς ὁμοίας ἀνάγκας ἔχει. λέγει δὲ οὕτως· οὐ πάντα μὲν ἔστι καθ’ εἱμαρμένην, οὐκ ἔστι δὲ ἀκώλυτος καὶ ἀπαρεμπόδιστος ἡ τοῦ κόσμου διοίκησις. οὐδὲ ἔστι μὲν τοῦτο, οὐκ ἔστι δὲ κόσμος, οὐδὲ ἔσ"
candidat_proche,concept_eph_hemin_two_sided_potestative,Two-sided Potestative ἐφ' ἡμῖν,discusses Two-sided Potestative ἐφ' ἡμῖν?,0.8,passage_alex_fat_39,Alexander of Aphrodisias,De Fato,De Fato 39,grc,"Ταῦτα ὑμῖν, ὦ θειότατοι αὐτοκράτορες. τῆς Ἀριστοτέλους δόξης περί τε εἱμαρμένης καὶ τοῦ ἐφ’ ἡμῖν κατ’ ἐμὴν δόξαν τὰ κεφάλαια, καθ’ ἣν δοξάζοντες εἴς τε θεοὺς εὐσεβήσομεν, τὰ μὲν εἰδότες αὐτοῖς χάριν ἀνθ’ ὧν φθάνομεν ὑπ’ αὐτῶν εὖ πεπονθότες,"
candidat_proche,concept_mr1_autonomy_responsibility,MR1: Autonomy-based Moral Responsibility,discusses MR1: Autonomy-based Moral Responsibility?,0.8,passage_alex_fat_38,Alexander of Aphrodisias,De Fato,De Fato 38,grc,"ὅτι δὲ μηδὲ ἐκ τοῦ δεικνύναι τὴν καθ’ ὁρμὴν κίνησιν τοῖς ζῴοις μένουσαν πάντων γινομένων καθ’ εἱμαρμένην σώζουσιν τὸ ἐφ’ ἡμῖν, εἰ μὴ βούλοιτό τις ἀπλῶς τὸ ὑπό τινος κατὰ τὴν οἰκείαν γινόμενον φύσιν ἐπ’ ἐκείνῳ λέγειν ἄλλο τι σημαινόμενον τοῦ"
candidat_proche,concept_mr1_autonomy_responsibility,MR1: Autonomy-based Moral Responsibility,discusses MR1: Autonomy-based Moral Responsibility?,0.8,passage_alex_fat_33,Alexander of Aphrodisias,De Fato,De Fato 33,grc,"Τὸ δὲ λέγειν ἡγεῖσθαι τοὺς οὐχ ἡγουμένους ἐν τῷ σώζεσθαι τὴν καθ’ ὁρμὴν τῶν ζῴων ἐνέργειαν ἤδη σώζεσθαι καὶ τὸ ἐφ’ ἡμῖν τῷ πᾶν τὸ καθ’ ὁρμὴν γινόμενον ἐπὶ τοῖς ὁρμῶσιν εἶναι καὶ διὰ τοῦτο ἐρωτᾶν, εἰ μὴ ἐνέργημά τι τὸ ἐφ’ ἡμῖν ἐστι, καὶ λαβό"
candidat_proche,concept_to_endechomenon_alexander_amand1945,τὸ ἐνδεχόμενον / τὸ ὁπότερα — concept de con,discusses τὸ ἐνδεχόμενον / τὸ ὁπότερα — concept de con?,0.8,passage_alex_fat_9,Alexander of Aphrodisias,De Fato,De Fato 9,grc,"Καὶ τοιαῦτα μὲν τὰ περὶ τῆς τύχης ὑπ’ αὐτῶν λεγόμενα καὶ οὕτως τοῖς κειμένοις συνᾴδοντα· ὅτι δὲ καὶ τὸ ἐνδεχόμενόν τε καὶ τὸ ὁπότερ’ ἔτυχεν γίνεσθαί τινα ὑπὸ τῶν πάντα ἐξ ἀνάγκης γίνεσθαι λεγόντων ἀναιρεῖται, αὐτόθεν πρόδηλον, εἴ γε ταῦτα μ"
candidat_proche,concept_to_endechomenon_alexander_amand1945,τὸ ἐνδεχόμενον / τὸ ὁπότερα — concept de con,discusses τὸ ἐνδεχόμενον / τὸ ὁπότερα — concept de con?,0.8,passage_arist_di_9_12,Aristotle,De interpretatione,9.12,grc,"Εἰ δὴ ταῦτα ἀδύνατα — ὁρῶμεν γὰρ ὅτι ἔστιν ἀρχὴ τῶν ἐσομένων καὶ ἀπὸ τοῦ βουλεύεσθαι καὶ ἀπὸ τοῦ πρᾶξαί τι, καὶ ὅτι ὅλως ἔστιν ἐν τοῖς μὴ ἀεὶ ἐνεργοῦσι τὸ δυνατὸν εἶναι καὶ μὴ ὁμοίως· ἐν οἷς ἄμφω ἐνδέχεται, καὶ τὸ εἶναι καὶ τὸ μὴ εἶναι, ὥστ"
candidat_proche,concept_bechirah_c1d2e3f4,Choice/Free Will (Bechirah),discusses Choice/Free Will (Bechirah)?,0.8,passage_aug_dla_3_9_26,Augustine,De libero arbitrio,3.9.26,lat,"Sed adhuc videtur minus intellegens quod dictum est, habere quod contradicat. Dicit enim: Si universitatis perfectionem complet etiam nostra miseria, defuisset aliquid huic perfectioni, si beati semper essemus. Quapropter si ad miseriam nis"
candidat_proche,concept_bechirah_c1d2e3f4,Choice/Free Will (Bechirah),discusses Choice/Free Will (Bechirah)?,0.8,passage_aug_dla_3_19_54,Augustine,De libero arbitrio,3.19.54,lat,"Nam illud quod ignorans quisque non recte facit, et quod recte volens facere non potest, ideo dicuntur peccata, quia de peccato illo liberae voluntatis originem ducunt: illud enim praecedens meruit ista sequentia. Nam sicut linguam dicimus "
candidat_proche,concept_voluntas_y7z8a9b0,Will (Voluntas),discusses Will (Voluntas)?,0.8,passage_aug_dla_3_19_54,Augustine,De libero arbitrio,3.19.54,lat,"Nam illud quod ignorans quisque non recte facit, et quod recte volens facere non potest, ideo dicuntur peccata, quia de peccato illo liberae voluntatis originem ducunt: illud enim praecedens meruit ista sequentia. Nam sicut linguam dicimus "
candidat_proche,concept_ananke_necessity_democritus_h8i9j0k1,Ananke (Ἀνάγκη),discusses Ananke (Ἀνάγκη)?,0.8,passage_arist_di_13_4,Aristotle,De interpretatione,13.4,grc,"Τὸ μὲν οὖν ἀδύνατον καὶ οὐκ ἀδύνατον τῷ ἐνδεχομένῳ καὶ δυνατῷ καὶ οὐκ ἐνδεχομένῳ καὶ μὴ δυνατῷ ἀκολουθεῖ μὲν ἀντιφατικῶς, ἀντεστραμμένως δέ· τῷ μὲν γὰρ δυνατὸν εἶναι ἡ ἀπόφασις τοῦ ἀδυνάτου ἀκολουθεῖ, τῇ δὲ ἀποφάσει ἡ κατάφασις· τῷ γὰρ οὐ δ"
candidat_proche,concept_kyrios_alex,Kyrios (κύριος),discusses Kyrios (κύριος)?,0.8,passage_aug_civ_v_xxxiii,Augustine,De Civitate Dei,V.XXXIII.1,lat,"Quod tamen nostra memoria recentissimo tempore Deus mirabiliter et misericorditer fecit, non cum gratiarum actione commemorant, sed, quantum in ipsis est, omnium si fieri potest hominum obliuione sepelire conantur; quod a nobis si tacebitur"
candidat_proche,concept_mr1_autonomy_responsibility,MR1: Autonomy-based Moral Responsibility,discusses MR1: Autonomy-based Moral Responsibility?,0.8,passage_alex_fat_7,Alexander of Aphrodisias,De Fato,De Fato 7,grc,Ἡ δὲ κατασκευὴ τῶν εἰρημένων ἔσται φανερωτέρα παρατιθέντων ἡμῶν ταῖς προηγουμέναις τῶν κειμένων ἀποδείξεσιν τὰ ἑπόμενα ἄτοπα τοῖς πάντα καθ’ εἱμαρμένην γίνεσθαι λέγουσιν· μιγνύντες γὰρ οὕτω τὸν λόγον τῇ τῶν δοξῶν παρ’ ἀλλήλας θέσει γνωριμώτ
candidat_proche,concept_axioma_dignity_alex,Human Dignity / ἀξία (Alexander),discusses Human Dignity / ἀξία (Alexander)?,0.8,passage_arist_mm_1_25_2,Aristotle,Magna Moralia,1.25.2,grc,"Οἱ μὲν οὖν εὐκαταφρόνητοι ὄντες καὶ φαῦλοι, μεγάλων δ' αὑτοὺς ἀξιοῦντες καὶ πρὸς τούτοις τιμᾶσθαι οἰόμενοι δεῖν, χαῦνοι· ὅσοι δὲ ἐλαττόνων αὑτοὺς ἀξιοῦσιν ἢ προσῆκον αὐτοῖς, μικρόψυχοι."
candidat_proche,concept_arche_alex,Archē (ἀρχή),discusses Archē (ἀρχή)?,0.8,passage_alex_fat_21,Alexander of Aphrodisias,De Fato,De Fato 21,grc,"μηδὲ ἐκεῖνο δὲ ἡμῖν ἀνεξέταστον παραλελείφθω, εἴ τις ὑποθοῖτο, μηδὲν μᾶλλον ἀληθῆ εἶναι τὸ εἶναί τι οὕτως ἐφ’ ἡμῖν, ὡς ἡμεῖς τε ἀξιοῦμεν καὶ ἡ τῶν πραγμάτων φύσις ἔχειν μαρτυρεῖ, τοῦ πάντα ἐξ ἀνάγκης τε γίνεσθαι καὶ καθ’ εἱμαρμένην, ἀλλ’ εἶ"
candidat_proche,concept_two_sidedness_eph_hemin,Bilatéralité du τὸ ἐφ' ἡμῖν (two-sidedness),discusses Bilatéralité du τὸ ἐφ' ἡμῖν (two-sidedness)?,0.79,passage_alex_fat_18,Alexander of Aphrodisias,De Fato,De Fato 18,grc,"ἀλλ’ ὅτι μὲν τὸ δόγμα τοῦτο ἀνατροπῆς αἴτιον παντὸς τοῦ τῶν ἀνθρώπων βίου, παντί που μαθεῖν ῥᾴδιον, ὅτι δὲ καὶ ψεῦδος, ἱκανὸν μαρτύριον τὸ μηδ’ αὐτοὺς τοὺς προστάτας αὐτοῦ δύνασθαι πείθεσθαι τοῖς ὑφ’ αὐτῶν λεγομένοις. οὕτω γὰρ ἐν πᾶσι τοῖς "
candidat_proche,concept_fate_principle_bobzien,"Principe du Destin (Fate Principle, Bobzien ","discusses Principe du Destin (Fate Principle, Bobzien ?",0.79,passage_alex_fat_37,Alexander of Aphrodisias,De Fato,De Fato 37,grc,"ἴδωμεν δὲ καὶ τὸν ἐπὶ τούτῳ λόγον ἠρωτημένον, εἰ μὴ τὰς ὁμοίας ἀνάγκας ἔχει. λέγει δὲ οὕτως· οὐ πάντα μὲν ἔστι καθ’ εἱμαρμένην, οὐκ ἔστι δὲ ἀκώλυτος καὶ ἀπαρεμπόδιστος ἡ τοῦ κόσμου διοίκησις. οὐδὲ ἔστι μὲν τοῦτο, οὐκ ἔστι δὲ κόσμος, οὐδὲ ἔσ"
candidat_proche,concept_mr2_ability_responsibility,MR2: Ability-based Moral Responsibility,discusses MR2: Ability-based Moral Responsibility?,0.79,passage_alex_fat_38,Alexander of Aphrodisias,De Fato,De Fato 38,grc,"ὅτι δὲ μηδὲ ἐκ τοῦ δεικνύναι τὴν καθ’ ὁρμὴν κίνησιν τοῖς ζῴοις μένουσαν πάντων γινομένων καθ’ εἱμαρμένην σώζουσιν τὸ ἐφ’ ἡμῖν, εἰ μὴ βούλοιτό τις ἀπλῶς τὸ ὑπό τινος κατὰ τὴν οἰκείαν γινόμενον φύσιν ἐπ’ ἐκείνῳ λέγειν ἄλλο τι σημαινόμενον τοῦ"
candidat_proche,concept_ananke_necessity_democritus_h8i9j0k1,Ananke (Ἀνάγκη),discusses Ananke (Ἀνάγκη)?,0.79,passage_arist_met_12_8,Aristotle,τὰ Μετὰ τὰ Φυσικά,12.8,grc,"πότερον δὲ μίαν θετέον τὴν τοιαύτην οὐσίαν ἢ πλείους, καὶ πόσας, δεῖ μὴ λανθάνειν, ἀλλὰ μεμνῆσθαι καὶ τὰς τῶν ἄλλων ἀποφάσεις, ὅτι περὶ πλήθους οὐθὲν εἰρήκασιν ὅ τι καὶ σαφὲς εἰπεῖν. ἡ μὲν γὰρ περὶ τὰς ἰδέας ὑπόληψις οὐδεμίαν ἔχει σκέψιν ἰδ"
candidat_proche,concept_endechomenon_contingent_aristotle_e5f6g7h8,To Endechomenon (Τὸ ἐνδεχόμενον),discusses To Endechomenon (Τὸ ἐνδεχόμενον)?,0.79,passage_arist_di_13_11,Aristotle,De interpretatione,13.11,grc,"Ἀπορήσειε δ᾿ ἄν τις εἰ τῷ ἀναγκαῖον εἶναι τὸ δυνατὸν εἶναι ἕπεται. Εἴ τε γὰρ μὴ ἕπεται, ἡ ἀντίφασις ἀκολουθήσει, τὸ μὴ δυνατὸν εἶναι· καὶ εἴ τις ταύτην μὴ φήσειεν εἶναι ἀντίφασιν, ἀνάγκη λέγειν τὸ δυνατὸν μὴ εἶναι· ἅπερ ἄμφω ψευδῆ κατὰ τοῦ "
candidat_proche,concept_eleutheron_kai_autexousion,Ἐλεύθερον καὶ αὐτεξούσιον,discusses Ἐλεύθερον καὶ αὐτεξούσιον?,0.79,passage_alex_fat_19,Alexander of Aphrodisias,De Fato,De Fato 19,grc,Ἐπαύσαντο δ’ ἂν τῆς ἐν τοῖς λόγοις φιλοτιμίας καὶ συγχωρησάντων εἶναι τὸ ἐφ’ ἡμῖν ἐλεύθερόν τε καὶ αὐτεξούσιον καὶ κύριον τῆς τῶν ἀντικειμένων αἱρέσεώς τε καὶ πράξεως [...] ἐπὶ περιεστῶσιν ἀνθρώποις δίκαιος γίνεσθαι πεπιστευμένος ὁμοίως ἰδι
candidat_proche,concept_libertas_spontaneitatis_5g9b0c68,Liberty of Spontaneity (Libertas Spontaneita,discusses Liberty of Spontaneity (Libertas Spontaneita?,0.79,passage_alex_fat_29,Alexander of Aphrodisias,De Fato,De Fato 29,grc,"ἐδείξαμεν δὲ ὅτι οὕτως ἐπ’ αὐτῷ τῷ φρονίμῳ τὸ εἶναι τοιούτῳ, ὅτι τῆς τοιαύτης ἕξεως καὶ τῆς κτήσεως αὐτῆς αὐτὸς αἴτιος τῷ καὶ τοῦ μὴ γενέσθαι τοιοῦτος ἔχειν πρότερον τὴν ἐξουσίαν. τὴν μὲν οὖν ἕξιν μηκέτ’ ἔχει ὡς ἐπ’ αὐτῷ (ὥσπερ οὐδὲ τῷ αὐτὸ"
candidat_proche,concept_to_endechomenon_alexander_amand1945,τὸ ἐνδεχόμενον / τὸ ὁπότερα — concept de con,discusses τὸ ἐνδεχόμενον / τὸ ὁπότερα — concept de con?,0.79,passage_alex_fat_7,Alexander of Aphrodisias,De Fato,De Fato 7,grc,Ἡ δὲ κατασκευὴ τῶν εἰρημένων ἔσται φανερωτέρα παρατιθέντων ἡμῶν ταῖς προηγουμέναις τῶν κειμένων ἀποδείξεσιν τὰ ἑπόμενα ἄτοπα τοῖς πάντα καθ’ εἱμαρμένην γίνεσθαι λέγουσιν· μιγνύντες γὰρ οὕτω τὸν λόγον τῇ τῶν δοξῶν παρ’ ἀλλήλας θέσει γνωριμώτ
candidat_proche,concept_mr1_autonomy_responsibility,MR1: Autonomy-based Moral Responsibility,discusses MR1: Autonomy-based Moral Responsibility?,0.79,passage_arist_ee_2_11,Aristotle,Ἠθικὰ Εὐδήμεια,2.11,grc,"τούτων δὲ διωρισμένων, λέγωμεν πότερον ἡ ἀρετὴ ἀναμάρτητον ποιεῖ τὴν προαίρεσιν καὶ τὸ τέλος ὀρθόν, οὕτως ὥστε οὗ ἕνεκα δεῖ προαιρεῖσθαι, ἢ ὥσπερ δοκεῖ τισί, τὸν  λόγον. ἔστι δὲ τοῦτο ἐγκράτεια· αὕτη γὰρ οὐ διαφθείρει τὸν λόγον. ἔστι δʼ ἀρε"
candidat_proche,concept_incompatibilism_ancient_o5p6q7r8,Ancient Incompatibilism,discusses Ancient Incompatibilism?,0.79,passage_alex_fat_21,Alexander of Aphrodisias,De Fato,De Fato 21,grc,"μηδὲ ἐκεῖνο δὲ ἡμῖν ἀνεξέταστον παραλελείφθω, εἴ τις ὑποθοῖτο, μηδὲν μᾶλλον ἀληθῆ εἶναι τὸ εἶναί τι οὕτως ἐφ’ ἡμῖν, ὡς ἡμεῖς τε ἀξιοῦμεν καὶ ἡ τῶν πραγμάτων φύσις ἔχειν μαρτυρεῖ, τοῦ πάντα ἐξ ἀνάγκης τε γίνεσθαι καὶ καθ’ εἱμαρμένην, ἀλλ’ εἶ"
candidat_proche,concept_autexousion_christian_freedom_u1v2w3x4,Autexousion (Αὐτεξούσιον),discusses Autexousion (Αὐτεξούσιον)?,0.79,passage_alexander_de_fato_14,Alexander of Aphrodisias,De Fato,,grc,"ἔνεστι δ' ὁρᾶν, εἰ ταῦτα λέγοντες σώζουσιν τὰς κοινὰς περὶ τοῦ ἐφ' ἡμῖν πάντων ἀνθρώπων προλήψεις. οἱ γὰρ ἀπαιτοῦντες αὐτούς, πῶς οἷόν τε πάντων ὄντων καθ' εἱμαρμένην τὸ ἐφ' ἡμῖν σώζεσθαι, οὐκ ὄνομα μόνον τοῦ ἐφ' ἡμῖν τιθέντες τοῦτ' ἀπαιτοῦ"
candidat_proche,concept_gratia_cooperans,Gratia Cooperans (Cooperating Grace),discusses Gratia Cooperans (Cooperating Grace)?,0.78,passage_aug_corrept_1_10,Augustine,De Correptione et Gratia,PL 44.1.10,lat,"quos autem iustificavit, ipsos et glorificavit . Illa omnia iam facta sunt: praescivit, praedestinavit, vocavit, iustificavit: quoniam et omnes iam praesciti ac praedestinati sunt, et multi iam vocati atque iustificati; quod autem posuit in"
candidat_proche,concept_kyrios_alex,Kyrios (κύριος),discusses Kyrios (κύριος)?,0.78,passage_aug_corrept_1_10,Augustine,De Correptione et Gratia,PL 44.1.10,lat,"quos autem iustificavit, ipsos et glorificavit . Illa omnia iam facta sunt: praescivit, praedestinavit, vocavit, iustificavit: quoniam et omnes iam praesciti ac praedestinati sunt, et multi iam vocati atque iustificati; quod autem posuit in"
candidat_proche,concept_ekpyrosis_stoic,Ekpyrosis (Conflagration / Eternal Recurrenc,discusses Ekpyrosis (Conflagration / Eternal Recurrenc?,0.78,passage_aug_civ_xii_xxi_s92,Augustine,De Civitate Dei,XII.XXI.4,lat,"Quapropter quoniam circuitus illi iam explosi sunt, quibus ad easdem miserias necessario putabatur anima reditura: quid restat conuenientius pietati quam credere non esse inpossibile Deo et ea, quae numquam fecerit, noua facere et ineffabil"
candidat_proche,concept_to_eph_hemin_nemesius,To eph' hemin (τὸ ἐφ᾽ ἡμῖν) — Nemesius,discusses To eph' hemin (τὸ ἐφ᾽ ἡμῖν) — Nemesius?,0.78,passage_alex_fat_12,Alexander of Aphrodisias,De Fato,De Fato 12,grc,"Ἀναιρουμένου δὲ ὡς ἐδείχθη τοῦ βουλεύσασθαι κατ’ αὐτοὺς ἀναιρεῖται καὶ τὸ ἐφ’ ἡμῖν προδήλως. τοῦτο γὰρ ἐφ’ ἡμῖν πάντες, ὅσοι μὴ θέσει τινὶ παρίστανται, παρειλήφασιν εἶναι, οὗ ἡμεῖς μὲν καὶ τοῦ πραχθῆναι καὶ τοῦ μὴ πραχθῆναι κύριοι, οὐχ ἑπόμ"
candidat_proche,concept_mr1_autonomy_responsibility,MR1: Autonomy-based Moral Responsibility,discusses MR1: Autonomy-based Moral Responsibility?,0.78,passage_arist_mm_1_14_2,Aristotle,Magna Moralia,1.14.2,grc,"ἔστι δὲ καὶ τὸ ζῷον βιάσασθαι, οἷον ἵππον ἐπ' ὀρθὸν θέοντα ἀντιλαμβανόμενον ἀποστρέψαι. ὅσοις μὲν οὖν ἐστιν ἐκτὸς ἡ αἰτία τοῦ παρὰ φύσιν τι ἢ παρ' ἃ βούλονται ποιεῖν, ἐροῦμεν βιαζομένοις ἃ ἂν ποιῶσι ποιεῖν· ἐν οἷς δ' ἐν αὐτοῖς ἐστιν ἡ αἰτία"
candidat_proche,concept_ancient_free_will_debate_structure_z6a7b8c9,Ancient Free Will Debate: Compatibilism vs. ,discusses Ancient Free Will Debate: Compatibilism vs. ?,0.78,passage_alex_fat_16,Alexander of Aphrodisias,De Fato,De Fato 16,grc,"Ἀλλ’ ὅτι μὲν οὔτε σώζουσι τὸ ἐφ’ ἡμῖν οἱ λέγοντες πάντα καθ’ εἱμαρμένην γίνεσθαι (οὐ γὰρ περὶ οὖ ζητοῦμεν, εἰ σώζεται κατ’ αὐτούς, τοῦτο σώζεται, οἵ γε καὶ αἰτίαν ἀποδιδόναι πειρῶνται τοῦ μηδὲ τὴν ἀρχὴν δυνατὸν εἶναι τὸ πρᾶγμα), οὐδὲ ἣν ἀπο"
candidat_proche,concept_ananke_necessity_democritus_h8i9j0k1,Ananke (Ἀνάγκη),discusses Ananke (Ἀνάγκη)?,0.78,passage_arist_met_3_4,Aristotle,τὰ Μετὰ τὰ Φυσικά,3.4,grc,"ἔστι δʼ ἐχομένη τε τούτων ἀπορία καὶ πασῶν χαλεπωτάτη καὶ ἀναγκαιοτάτη θεωρῆσαι, περὶ ἧς ὁ λόγος ἐφέστηκε νῦν. εἴτε γὰρ μὴ ἔστι τι παρὰ τὰ καθʼ ἕκαστα, τὰ δὲ καθʼ ἕκαστα ἄπειρα, τῶν δʼ ἀπείρων πῶς ἐνδέχεται λαβεῖν ἐπιστήμην; ᾗ γὰρ ἕν τι καὶ"
candidat_proche,concept_ananke_necessity_democritus_h8i9j0k1,Ananke (Ἀνάγκη),discusses Ananke (Ἀνάγκη)?,0.78,passage_arist_da_3_1,Aristotle,De anima,3.1,grc,"Ὅτι δ’ οὐκ ἔστιν αἴσθησις ἑτέρα παρὰ τὰς πέντε (λέγω δὲ ταύτας ὄψιν, ἀκοήν, ὄσφρησιν, γεῦσιν, ἁφήν), ἐκ τῶνδε πιστεύσειεν ἄν τις. Εἰ γὰρ παντὸς οὗ ἐστὶν αἴσθησις ἁφή, καὶ νῦν αἴσθησιν ἔχομεν (πάντα γὰρ τὰ τοῦ ἁπτοῦ ᾗ ἁπτὸν πάθη τῇ ἁφῇ ἡμῖν "
candidat_proche,concept_incompatibilism_ancient_o5p6q7r8,Ancient Incompatibilism,discusses Ancient Incompatibilism?,0.78,passage_alex_fat_29,Alexander of Aphrodisias,De Fato,De Fato 29,grc,"ἐδείξαμεν δὲ ὅτι οὕτως ἐπ’ αὐτῷ τῷ φρονίμῳ τὸ εἶναι τοιούτῳ, ὅτι τῆς τοιαύτης ἕξεως καὶ τῆς κτήσεως αὐτῆς αὐτὸς αἴτιος τῷ καὶ τοῦ μὴ γενέσθαι τοιοῦτος ἔχειν πρότερον τὴν ἐξουσίαν. τὴν μὲν οὖν ἕξιν μηκέτ’ ἔχει ὡς ἐπ’ αὐτῷ (ὥσπερ οὐδὲ τῷ αὐτὸ"
candidat_proche,concept_prohairesis_deliberate_choice_aristotle_c3d4e5f6,Prohairesis (Προαίρεσις),discusses Prohairesis (Προαίρεσις)?,0.78,passage_alex_fat_11,Alexander of Aphrodisias,De Fato,De Fato 11,grc,"Ἀκολουθεῖ δὲ τῷ πάντα τὰ γινόμενα προκαταβεβλημέναις καὶ ὡρισμέναις καὶ προυπαρχούσαις τισὶν αἰτίαις ἔσεσθαι τὸ καὶ βουλεύεσθαι τοὺς ἀνθρώπους μάτην περὶ τῶν πρακτέων αὐτοῖς. εἰ δὲ τὸ βουλεύεσθαι μάτην, μάτην ἂν ἄνθρωπος εἴη βουλευτικός. κα"
candidat_proche,concept_ananke_necessity_democritus_h8i9j0k1,Ananke (Ἀνάγκη),discusses Ananke (Ἀνάγκη)?,0.78,passage_arist_da_3_11,Aristotle,De anima,3.11,grc,"Σκεπτέον δὲ καὶ περὶ τῶν ἀτελῶν, τί τὸ κινοῦν ἐστίν, οἷς ἁφὴ μόνον ὑπάρχει αἴσθησις, πότερον ἐνδέχεται φαντασίαν ὑπάρχειν τούτοις, ἢ οὔ, καὶ ἐπιθυμίαν. Φαίνεται γὰρ λύπη καὶ ἡδονὴ ἐνοῦσα. Εἰ δὲ ταῦτα, καὶ ἐπιθυμίαν ἀνάγκη. Φαντασία δὲ πῶς ἂ"
candidat_proche,concept_axioma_dignity_alex,Human Dignity / ἀξία (Alexander),discusses Human Dignity / ἀξία (Alexander)?,0.78,passage_alex_fat_35,Alexander of Aphrodisias,De Fato,De Fato 35,grc,"μηδὲ ἐκεῖνον δὲ παραλείπωμεν τὸν λόγον, ᾧ θαρροῦσιν ὡς δεικνύναι δυναμένου τῶν προκειμένων τι. λέγουσιν γὰρ οὐ γὰρ ἔστι μὲν τοιαύτη ἡ εἱμαρμένη, οὐκ ἔστι δὲ πεπρωμένη, * * * οὐκ ἔστι δὲ αἶσα, οὐδὲ ἔστι μὲν αἶσα, οὐκ ἔστι δὲ νέμεσις, οὐδὲ ἔσ"
candidat_proche,concept_divine_prescience,Divine Prescience (πρόγνωσις),discusses Divine Prescience (πρόγνωσις)?,0.78,passage_aug_civ_xii_xxiii,Augustine,De Civitate Dei,XII.XXIII.1,lat,"Nec ignorabat Deus hominem peccaturum et morti iam obnoxium morituros propagaturum eoque progressuros peccandi inmanitate mortales, ut tutius atque pacatius inter se rationalis uoluntatis expertes bestiae sui generis uiuerent, quarum ex aqu"
candidat_proche,concept_to_endechomenon_alexander_amand1945,τὸ ἐνδεχόμενον / τὸ ὁπότερα — concept de con,discusses τὸ ἐνδεχόμενον / τὸ ὁπότερα — concept de con?,0.77,passage_arist_di_9_15,Aristotle,De interpretatione,9.15,grc,"Τὸ μὲν οὖν εἶναι τὸ ὂν ὅταν ᾖ, καὶ τὸ μὴ ὂν μὴ εἶναι ὅταν μὴ ᾗ, ἀνάγκη· οὐ μὴν οὔτε τὸ ὂν ἅπαν ἀνάγκη εἶναι οὔτε τὸ μὴ ὂν μὴ εἶναι. Οὐ γὰρ ταὐτόν ἐστι τὸ ὂν ἅπαν εἶναι ἐξ ἀνάγκης ὅτε ἔστι, καὶ τὸ ἁπλῶς εἶναι ἐξ ἀνάγκης. Ὁμοίως δὲ καὶ ἐπὶ το"
candidat_proche,concept_eph_hemin_two_sided_potestative,Two-sided Potestative ἐφ' ἡμῖν,discusses Two-sided Potestative ἐφ' ἡμῖν?,0.77,passage_alex_fat_18,Alexander of Aphrodisias,De Fato,De Fato 18,grc,"ἀλλ’ ὅτι μὲν τὸ δόγμα τοῦτο ἀνατροπῆς αἴτιον παντὸς τοῦ τῶν ἀνθρώπων βίου, παντί που μαθεῖν ῥᾴδιον, ὅτι δὲ καὶ ψεῦδος, ἱκανὸν μαρτύριον τὸ μηδ’ αὐτοὺς τοὺς προστάτας αὐτοῦ δύνασθαι πείθεσθαι τοῖς ὑφ’ αὐτῶν λεγομένοις. οὕτω γὰρ ἐν πᾶσι τοῖς "
candidat_proche,concept_bechirah_c1d2e3f4,Choice/Free Will (Bechirah),discusses Choice/Free Will (Bechirah)?,0.77,passage_alex_fat_18,Alexander of Aphrodisias,De Fato,De Fato 18,grc,"ἀλλ’ ὅτι μὲν τὸ δόγμα τοῦτο ἀνατροπῆς αἴτιον παντὸς τοῦ τῶν ἀνθρώπων βίου, παντί που μαθεῖν ῥᾴδιον, ὅτι δὲ καὶ ψεῦδος, ἱκανὸν μαρτύριον τὸ μηδ’ αὐτοὺς τοὺς προστάτας αὐτοῦ δύνασθαι πείθεσθαι τοῖς ὑφ’ αὐτῶν λεγομένοις. οὕτω γὰρ ἐν πᾶσι τοῖς "
candidat_proche,concept_mr1_autonomy_responsibility,MR1: Autonomy-based Moral Responsibility,discusses MR1: Autonomy-based Moral Responsibility?,0.77,passage_arist_en_3_1,Aristotle,Ethica Nicomachea,"Arist. EN III.1, 1109b30-1111b3",grc,δοκεῖ δὴ ἑκούσιον εἶναι οὗ ἡ ἀρχὴ ἐν αὐτῷ εἰδότι τὰ καθ' ἕκαστα ἐν οἷς ἡ πρᾶξις.
candidat_proche,concept_ananke_necessity_democritus_h8i9j0k1,Ananke (Ἀνάγκη),discusses Ananke (Ἀνάγκη)?,0.77,passage_arist_met_11_5,Aristotle,τὰ Μετὰ τὰ Φυσικά,11.5,grc,"ἔστι δέ τις ἐν τοῖς οὖσιν ἀρχὴ περὶ ἣν οὐκ ἔστι διεψεῦσθαι, τοὐναντίον δὲ ἀναγκαῖον ἀεὶ ποιεῖν, λέγω δὲ ἀληθεύειν, οἷον ὅτι οὐκ ἐνδέχεται τὸ αὐτὸ καθʼ ἕνα καὶ τὸν αὐτὸν χρόνον εἶναι καὶ μὴ εἶναι,  καὶ τἆλλα τὰ τοῦτον αὑτοῖς ἀντικείμενα τὸν "
candidat_proche,concept_eph_hemin_two_sided_potestative,Two-sided Potestative ἐφ' ἡμῖν,discusses Two-sided Potestative ἐφ' ἡμῖν?,0.77,passage_alex_fat_38,Alexander of Aphrodisias,De Fato,De Fato 38,grc,"ὅτι δὲ μηδὲ ἐκ τοῦ δεικνύναι τὴν καθ’ ὁρμὴν κίνησιν τοῖς ζῴοις μένουσαν πάντων γινομένων καθ’ εἱμαρμένην σώζουσιν τὸ ἐφ’ ἡμῖν, εἰ μὴ βούλοιτό τις ἀπλῶς τὸ ὑπό τινος κατὰ τὴν οἰκείαν γινόμενον φύσιν ἐπ’ ἐκείνῳ λέγειν ἄλλο τι σημαινόμενον τοῦ"
candidat_proche,concept_eph_hemin_two_sided_potestative,Two-sided Potestative ἐφ' ἡμῖν,discusses Two-sided Potestative ἐφ' ἡμῖν?,0.77,passage_alex_fat_16,Alexander of Aphrodisias,De Fato,De Fato 16,grc,"Ἀλλ’ ὅτι μὲν οὔτε σώζουσι τὸ ἐφ’ ἡμῖν οἱ λέγοντες πάντα καθ’ εἱμαρμένην γίνεσθαι (οὐ γὰρ περὶ οὖ ζητοῦμεν, εἰ σώζεται κατ’ αὐτούς, τοῦτο σώζεται, οἵ γε καὶ αἰτίαν ἀποδιδόναι πειρῶνται τοῦ μηδὲ τὴν ἀρχὴν δυνατὸν εἶναι τὸ πρᾶγμα), οὐδὲ ἣν ἀπο"
candidat_proche,concept_to_endechomenon_alexander_amand1945,τὸ ἐνδεχόμενον / τὸ ὁπότερα — concept de con,discusses τὸ ἐνδεχόμενον / τὸ ὁπότερα — concept de con?,0.77,passage_alex_fat_24,Alexander of Aphrodisias,De Fato,De Fato 24,grc,ἆρ’ οὖν τούτων οὕτως ἐχόντων ἀναιτίως τι γενήσεται καἴ τοῦθ’ ἡμῶν ὁ λόγος προξενεῖ; ἢ δύναται | σώζεσθαι τὸ μηδὲν ἀναιτίως τῶν γινομένων γίνεσθαι καὶ τοῦτον τὸν τρόπον ἐχόντων ὡς ἡμεῖς λέγομεν τῶν πραγμάτων. ἂν γὰρ παυσάμενοι τῆς ἀλύσεως τῶ
candidat_proche,concept_divine_prescience,Divine Prescience (πρόγνωσις),discusses Divine Prescience (πρόγνωσις)?,0.77,passage_boethius_cons_122,Boethius,De Consolatione Philosophiae,Cons. 122,lat,"Si igitur, uti rationis participes sumus, ita divinae iudicium mentis habere possemus, sicut imaginationem sensumque rationi cedere oportere iudicavimus, sic divinae sese menti humanam summittere rationem iustissimum censeremus. Quare in il"
candidat_proche,concept_socratic_intellectualism_f6g7h8i9,Socratic Intellectualism (Virtue is Knowledg,discusses Socratic Intellectualism (Virtue is Knowledg?,0.77,passage_alex_fat_19,Alexander of Aphrodisias,De Fato,De Fato 19,grc,Ἐπαύσαντο δ’ ἂν τῆς ἐν τοῖς λόγοις φιλοτιμίας καὶ συγχωρησάντων εἶναι τὸ ἐφ’ ἡμῖν ἐλεύθερόν τε καὶ αὐτεξούσιον καὶ κύριον τῆς τῶν ἀντικειμένων αἱρέσεώς τε καὶ πράξεως [...] ἐπὶ περιεστῶσιν ἀνθρώποις δίκαιος γίνεσθαι πεπιστευμένος ὁμοίως ἰδι
candidat_proche,concept_ananke_necessity_democritus_h8i9j0k1,Ananke (Ἀνάγκη),discusses Ananke (Ἀνάγκη)?,0.77,passage_arist_met_10_10,Aristotle,τὰ Μετὰ τὰ Φυσικά,10.10,grc,"ἐπειδὴ δὲ τὰ ἐναντία ἕτερα τῷ εἴδει, τὸ δὲ φθαρτὸν καὶ τὸ ἄφθαρτον ἐναντία (στέρησις γὰρ ἀδυναμία διωρισμένη), ἀνάγκη ἕτερον εἶναι τῷ γένει τὸ φθαρτὸν καὶ τὸ ἄφθαρτον. νῦν μὲν οὖν ἐπʼ αὐτῶν εἰρήκαμεν τῶν καθόλου ὀνομάτων, ὥστε δόξειεν ἂν οὐ"
candidat_proche,concept_source_incompatibilism,Source Incompatibilism,discusses Source Incompatibilism?,0.77,passage_alex_fat_34,Alexander of Aphrodisias,De Fato,De Fato 34,grc,"πῶς δ’ οὐκ ἀγνοούντων τὰ ὑφ’ αὑτῶν γινόμενα τὸ τῇ ἀληθείᾳ τῶν γινομένων, ἣν ἀναιροῦσιν διὰ τοῦ δόγματος, αὐτῇ κεχρῆσθαι πρὸς κατασκευὴν τοῦ ἀναιροῦντος αὐτὴν δόγματος; λαβόντες γὰρ τὸ ἕκαστον τῶν συνεστώτων φύσει καθ’ εἱμαρμένην εἶναι τοιοῦ"
candidat_proche,concept_ananke_necessity_democritus_h8i9j0k1,Ananke (Ἀνάγκη),discusses Ananke (Ἀνάγκη)?,0.77,passage_arist_ee_2_11,Aristotle,Ἠθικὰ Εὐδήμεια,2.11,grc,"τούτων δὲ διωρισμένων, λέγωμεν πότερον ἡ ἀρετὴ ἀναμάρτητον ποιεῖ τὴν προαίρεσιν καὶ τὸ τέλος ὀρθόν, οὕτως ὥστε οὗ ἕνεκα δεῖ προαιρεῖσθαι, ἢ ὥσπερ δοκεῖ τισί, τὸν  λόγον. ἔστι δὲ τοῦτο ἐγκράτεια· αὕτη γὰρ οὐ διαφθείρει τὸν λόγον. ἔστι δʼ ἀρε"
candidat_proche,concept_fate_principle_bobzien,"Principe du Destin (Fate Principle, Bobzien ","discusses Principe du Destin (Fate Principle, Bobzien ?",0.77,passage_alexander_de_fato_14,Alexander of Aphrodisias,De Fato,,grc,"ἔνεστι δ' ὁρᾶν, εἰ ταῦτα λέγοντες σώζουσιν τὰς κοινὰς περὶ τοῦ ἐφ' ἡμῖν πάντων ἀνθρώπων προλήψεις. οἱ γὰρ ἀπαιτοῦντες αὐτούς, πῶς οἷόν τε πάντων ὄντων καθ' εἱμαρμένην τὸ ἐφ' ἡμῖν σώζεσθαι, οὐκ ὄνομα μόνον τοῦ ἐφ' ἡμῖν τιθέντες τοῦτ' ἀπαιτοῦ"
candidat_proche,concept_ananke_necessity_democritus_h8i9j0k1,Ananke (Ἀνάγκη),discusses Ananke (Ἀνάγκη)?,0.77,passage_arist_met_12_7,Aristotle,τὰ Μετὰ τὰ Φυσικά,12.7,grc,"ἐπεὶ δʼ οὕτω τʼ ἐνδέχεται, καὶ εἰ μὴ οὕτως, ἐκ νυκτὸς ἔσται καὶ ὁμοῦ πάντων καὶ ἐκ μὴ ὄντος, λύοιτʼ ἂν ταῦτα, καὶ ἔστι τι ἀεὶ κινούμενον κίνησιν ἄπαυστον, αὕτη δʼ ἡ κύκλῳ (καὶ τοῦτο οὐ λόγῳ μόνον ἀλλʼ ἔργῳ δῆλον), ὥστʼ ἀΐδιος ἂν εἴη ὁ πρῶτο"
candidat_proche,concept_ancient_free_will_debate_structure_z6a7b8c9,Ancient Free Will Debate: Compatibilism vs. ,discusses Ancient Free Will Debate: Compatibilism vs. ?,0.76,passage_alex_fat_1,Alexander of Aphrodisias,De Fato,De Fato 1,grc,"Ἦν μὲν δι’ εὐχῆς μοι, μέγιστοι αὐτοκράτορες ΔΣεβῆρε καὶ Ἀντωνῖνε, αὐτῷ γενομένῳ παρ’ ὑμῖν ἰδεῖν τε ὑμᾶς καὶ προσειπεῖν καὶ καθομολογῆσαι χάριν ἀνθ’ ὧν ἔπαθον εὖ παρ’ ὑμῶν πολλάκις, αἰεὶ τυχών πάντων ὧν ἠξίωσα μετὰ μαρτυρίας ἧς δίκαιος εἶναι"
candidat_proche,concept_to_eph_hemin_nemesius,To eph' hemin (τὸ ἐφ᾽ ἡμῖν) — Nemesius,discusses To eph' hemin (τὸ ἐφ᾽ ἡμῖν) — Nemesius?,0.76,passage_alex_fat_26,Alexander of Aphrodisias,De Fato,De Fato 26,grc,"Ἃ δὲ ἀποροῦσιν πρὸς τὸ εἶναι τοιοῦτον τὸ ἐφ’ ἡμῖν, ὁποῖον ἡ κοινὴ πρόληψις τῶν ἀνθρώπων πεπίστευκεν, ἀπορεῖν μὲν οὐκ ἄλογον, τὸ δὲ τοῖς ἀπορουμένοις ἐποχουμένους ὡς ὁμολογουμένοις ἀναιρεῖν μέν, ἃ οὕτως ἐναργῆ, σκιαγραφίαν δέ τινα καὶ παιδιὰ"
candidat_proche,concept_libertas_spontaneitatis_5g9b0c68,Liberty of Spontaneity (Libertas Spontaneita,discusses Liberty of Spontaneity (Libertas Spontaneita?,0.76,passage_arist_en_3_1,Aristotle,Ethica Nicomachea,"Arist. EN III.1, 1109b30-1111b3",grc,δοκεῖ δὴ ἑκούσιον εἶναι οὗ ἡ ἀρχὴ ἐν αὐτῷ εἰδότι τὰ καθ' ἕκαστα ἐν οἷς ἡ πρᾶξις.
candidat_proche,concept_mr1_autonomy_responsibility,MR1: Autonomy-based Moral Responsibility,discusses MR1: Autonomy-based Moral Responsibility?,0.76,passage_alex_fat_36,Alexander of Aphrodisias,De Fato,De Fato 36,grc,"ἀλλὰ ταῦτά γε εἰ μὲν ὑπό τινων αἰτίων περιεστώτων αὐτοῖς οὕτως ἀναγκάζονται λέγειν, συγγινώσκειν αὐτοῖς ἄξιον, καὶ οὐδὲν δεῖ οὔθ’ ἡμᾶς περὶ τῶν ὑπ’ ἐκείνων κατ’ ἀνάγκην λεγομένων πολυπραγμονεῖν οὔτε ἐκείνους περὶ τῶν οὐχ ὁμοίως αὐτοῖς λεγόν"
candidat_proche,concept_to_eph_hemin_nemesius,To eph' hemin (τὸ ἐφ᾽ ἡμῖν) — Nemesius,discusses To eph' hemin (τὸ ἐφ᾽ ἡμῖν) — Nemesius?,0.76,passage_alex_fat_34,Alexander of Aphrodisias,De Fato,De Fato 34,grc,"πῶς δ’ οὐκ ἀγνοούντων τὰ ὑφ’ αὑτῶν γινόμενα τὸ τῇ ἀληθείᾳ τῶν γινομένων, ἣν ἀναιροῦσιν διὰ τοῦ δόγματος, αὐτῇ κεχρῆσθαι πρὸς κατασκευὴν τοῦ ἀναιροῦντος αὐτὴν δόγματος; λαβόντες γὰρ τὸ ἕκαστον τῶν συνεστώτων φύσει καθ’ εἱμαρμένην εἶναι τοιοῦ"
candidat_proche,concept_bechirah_c1d2e3f4,Choice/Free Will (Bechirah),discusses Choice/Free Will (Bechirah)?,0.76,passage_aug_gla_1_4,Augustine,De Libero Arbitrio,Grat. 1.4,lat,"In defensione liberi arbitrii gratiae Dei locus relinquatur. 4. 6. Sed metuendum est ne ista omnia divina testimonia, et quaecumque alia sunt, quae sine dubitatione sunt plurima, in defensione liberi arbitrii, sic intellegantur, ut ad vitam"
candidat_proche,concept_grace_freedom_synergy,Grace-Freedom Synergy (συνεργία),discusses Grace-Freedom Synergy (συνεργία)?,0.76,passage_aug_gla_1_4,Augustine,De Libero Arbitrio,Grat. 1.4,lat,"In defensione liberi arbitrii gratiae Dei locus relinquatur. 4. 6. Sed metuendum est ne ista omnia divina testimonia, et quaecumque alia sunt, quae sine dubitatione sunt plurima, in defensione liberi arbitrii, sic intellegantur, ut ad vitam"
candidat_proche,concept_ananke_necessity_democritus_h8i9j0k1,Ananke (Ἀνάγκη),discusses Ananke (Ἀνάγκη)?,0.76,passage_arist_mm_2_7_2,Aristotle,Magna Moralia,2.7.2,grc,"ἐγγὺς οὖν τὸ ἀλύπως τῆς ἡδονῆς ἐστίν. Διόπερ λεκτέον ὑπὲρ ἡδονῆς, οὐ μόνον δὲ διότι καὶ οἱ ἄλλοι οἴονται δεῖν, ἀλλὰ δὴ ἀναγκαῖον ἡμῖν ἐστιν λέγειν ὑπὲρ ἡδονῆς. ἐπειδὴ γὰρ ὑπὲρ εὐδαιμονίας ἡμῖν ἐστιν ὁ λόγος, τὴν δ' εὐδαιμονίαν διωρίκαμεν κα"
candidat_proche,concept_to_eph_hemin_nemesius,To eph' hemin (τὸ ἐφ᾽ ἡμῖν) — Nemesius,discusses To eph' hemin (τὸ ἐφ᾽ ἡμῖν) — Nemesius?,0.76,passage_alexander_de_fato_14,Alexander of Aphrodisias,De Fato,,grc,"ἔνεστι δ' ὁρᾶν, εἰ ταῦτα λέγοντες σώζουσιν τὰς κοινὰς περὶ τοῦ ἐφ' ἡμῖν πάντων ἀνθρώπων προλήψεις. οἱ γὰρ ἀπαιτοῦντες αὐτούς, πῶς οἷόν τε πάντων ὄντων καθ' εἱμαρμένην τὸ ἐφ' ἡμῖν σώζεσθαι, οὐκ ὄνομα μόνον τοῦ ἐφ' ἡμῖν τιθέντες τοῦτ' ἀπαιτοῦ"
candidat_proche,concept_endechomenon_contingent_aristotle_e5f6g7h8,To Endechomenon (Τὸ ἐνδεχόμενον),discusses To Endechomenon (Τὸ ἐνδεχόμενον)?,0.76,passage_arist_met_12_7,Aristotle,τὰ Μετὰ τὰ Φυσικά,12.7,grc,"ἐπεὶ δʼ οὕτω τʼ ἐνδέχεται, καὶ εἰ μὴ οὕτως, ἐκ νυκτὸς ἔσται καὶ ὁμοῦ πάντων καὶ ἐκ μὴ ὄντος, λύοιτʼ ἂν ταῦτα, καὶ ἔστι τι ἀεὶ κινούμενον κίνησιν ἄπαυστον, αὕτη δʼ ἡ κύκλῳ (καὶ τοῦτο οὐ λόγῳ μόνον ἀλλʼ ἔργῳ δῆλον), ὥστʼ ἀΐδιος ἂν εἴη ὁ πρῶτο"
candidat_proche,concept_stoic_causal_principle,"Stoic Causal Principle (Same Causes, Same Ef","discusses Stoic Causal Principle (Same Causes, Same Ef?",0.75,passage_alex_fat_13,Alexander of Aphrodisias,De Fato,De Fato 13,grc,"τοιούτου δ’ ὄντος αὐτοῦ, τὸ μὲν δεικνύναι τοῦτο σωζόμενον κατὰ τοὺς πάντα λέγοντας γίνεσθαι καθ’ εἱμαρμένην οὐδὲ ἐπιχειροῦσιν τὴν ἀρχήν (ἴσασιν γὰρ ἐγχειρήσαντες ἀδυνάτοις), ὡς δὲ ἐπὶ τῆς τύχης ἄλλο τι σημαινόμενον ὑποθέντες τῷ τῆς τύχης ὀν"
candidat_proche,concept_mr2_ability_responsibility,MR2: Ability-based Moral Responsibility,discusses MR2: Ability-based Moral Responsibility?,0.75,passage_alex_fat_2,Alexander of Aphrodisias,De Fato,De Fato 2,grc,"Τὸ μὲν οὖν εἶναί τι τὴν εἱμαρμένην καὶ αἰτίαν εἶναι τοῦ γίνεσθαί τινα κατ’ αὐτὴν ἱκανῶς ἡ τῶν ἀνθρώπων συνίστησιν πρόληψις (οὐ γὰρ κενὸν οὐδ’ ἄστοχον τἀληθοῦς ἡ κοινὴ τῶν ἀνθρώπων φύσις, καθ’ ἣν περί τινων ὁμοδοξοῦσιν ἀλλήλοις, ὅσοι γε αὐτῶ"
candidat_proche,concept_libertas_spontaneitatis_5g9b0c68,Liberty of Spontaneity (Libertas Spontaneita,discusses Liberty of Spontaneity (Libertas Spontaneita?,0.75,passage_alex_fat_20,Alexander of Aphrodisias,De Fato,De Fato 20,grc,"ἀλλ’ ὅτι μὲν καὶ ἔστι τι ἐφ’ ἡμῖν ὀνομάσαι, καὶ οὐ διὰ τὴν ἐξουσίαν ταύτην ἀναιτίως τι γίνεται, τῷ τῶν οὕτως γινομένων αἴτιον τὸν ἄνθρωπον εἶναι, ἀρχὴν αὐτὸν ὄντα τῶν γινομένων ὑφ’ αὑτοῦ, ἱκανὰ μὲν δεῖξαι καὶ τὰ εἰρημένα, ἱκανῶς δ’ ἂν ἐπείσ"
candidat_proche,concept_kyrios_alex,Kyrios (κύριος),discusses Kyrios (κύριος)?,0.75,passage_aug_fulg_2,Augustine,Libellus Adversus Fulgentium Donatistam,Augu. 2,lat,"haec ergo ex lege aduersus legem, ex dei testamento aduersus dei testamentum, ex ueritatis fonte aduersus ueritatis fontem tam obice forte prima fronte sumpsisti, quasi possit ueritas a semet ipsa deuinci aut gloria luminis sua luce fuscari"
candidat_proche,concept_ananke_necessity_democritus_h8i9j0k1,Ananke (Ἀνάγκη),discusses Ananke (Ἀνάγκη)?,0.75,passage_arist_da_2_11,Aristotle,De anima,2.11,grc,"Περὶ δὲ τοῦ ἁπτοῦ καὶ ἁφῆς ὁ αὐτὸς λόγος. Εἰ γὰρ ἡ ἁφὴ μὴ μία ἐστὶν αἴσθησις ἀλλὰ πλείους, ἀναγκαῖον καὶ τὰ ἁπτὰ αἰσθητὰ πλείω εἶναι. Ἔχει δ’ ἀπορίαν πότερον πλείους εἰσὶν ἢ μία, καὶ τί τὸ αἰσθητήριον τὸ τοῦ ἁπτοῦ ἁπτικόν, πότερον ἡ σὰρξ κα"
candidat_proche,concept_theodicy_christian,Christian Theodicy,discusses Christian Theodicy?,0.75,passage_aug_dla_3_16_45,Augustine,De libero arbitrio,3.16.45,lat,"Deus autem nulli debet aliquid, quia omnia gratuito praestat. Et si quisquam dicet ab illo aliquid deberi meritis suis, certe ut esset, non ei debebatur. Non enim erat cui deberetur. Et tamen, quod meritum est converti ad eum ex quo es, ut "
candidat_proche,concept_source_vs_leeway_5c6d7e8f,Source vs. Leeway Freedom,discusses Source vs. Leeway Freedom?,0.75,passage_aug_civ_v_xxvi_s60,Augustine,De Civitate Dei,V.XXVI.4,lat,"Proinde iam etiam illis respondendum esse uideo, qui manifestissimis documentis, quibus ostenditur, quod ad ista temporalia, quae sola stulti habere concupiscunt, nihil deorum falsorum numerositas prosit, confutati atque conuicti connantur "
candidat_proche,concept_voluntas_y7z8a9b0,Will (Voluntas),discusses Will (Voluntas)?,0.75,passage_aug_dla_2_19_52,Augustine,De libero arbitrio,2.19.52,lat,"Voluntas ergo quae medium bonum est, cum inhaeret incommutabili bono, eique communi non proprio, sicuti est illa de qua multum locuti sumus, et nihil digne diximus, veritas; tenet homo beatam vitam: eaque ipsa vita beata, id est animi affec"
candidat_proche,concept_liberum_arbitrium_u3v4w5x6,Free Choice (Liberum Arbitrium),discusses Free Choice (Liberum Arbitrium)?,0.75,passage_alex_fat_21,Alexander of Aphrodisias,De Fato,De Fato 21,grc,"μηδὲ ἐκεῖνο δὲ ἡμῖν ἀνεξέταστον παραλελείφθω, εἴ τις ὑποθοῖτο, μηδὲν μᾶλλον ἀληθῆ εἶναι τὸ εἶναί τι οὕτως ἐφ’ ἡμῖν, ὡς ἡμεῖς τε ἀξιοῦμεν καὶ ἡ τῶν πραγμάτων φύσις ἔχειν μαρτυρεῖ, τοῦ πάντα ἐξ ἀνάγκης τε γίνεσθαι καὶ καθ’ εἱμαρμένην, ἀλλ’ εἶ"
candidat_proche,concept_libertas_indifferentiae_4f8a9b57,Liberty of Indifference (Libertas Indifferen,discusses Liberty of Indifference (Libertas Indifferen?,0.75,passage_alex_fat_28,Alexander of Aphrodisias,De Fato,De Fato 28,grc,"οἱ δὲ φάσκοντες ἐξ ἀνάγκης ἡμᾶς εἶναί τε καὶ γίνεσθαι τοιούτους, καὶ μὴ καταλιπόντες ἡμῖν τὴν ἐξουσίαν τοῦ ταῦτα πράττειν τε καὶ μή, δι’ ὧν ἂν τοιοῦτοι γενοίμεθα, καὶ διὰ τοῦτο μήτε τοῖς κακοῖς γινομένοις ἐξεῖναι μὴ ταῦτα πράττειν, ἃ πράττο"
candidat_proche,concept_ancient_free_will_debate_structure_z6a7b8c9,Ancient Free Will Debate: Compatibilism vs. ,discusses Ancient Free Will Debate: Compatibilism vs. ?,0.75,passage_alex_fat_28,Alexander of Aphrodisias,De Fato,De Fato 28,grc,"οἱ δὲ φάσκοντες ἐξ ἀνάγκης ἡμᾶς εἶναί τε καὶ γίνεσθαι τοιούτους, καὶ μὴ καταλιπόντες ἡμῖν τὴν ἐξουσίαν τοῦ ταῦτα πράττειν τε καὶ μή, δι’ ὧν ἂν τοιοῦτοι γενοίμεθα, καὶ διὰ τοῦτο μήτε τοῖς κακοῖς γινομένοις ἐξεῖναι μὴ ταῦτα πράττειν, ἃ πράττο"
candidat_proche,concept_boulesis_rational_desire_ef9f861d,Βούλησις (Boulēsis),discusses Βούλησις (Boulēsis)?,0.75,passage_aug_civ_xii_xxiii,Augustine,De Civitate Dei,XII.XXIII.1,lat,"Nec ignorabat Deus hominem peccaturum et morti iam obnoxium morituros propagaturum eoque progressuros peccandi inmanitate mortales, ut tutius atque pacatius inter se rationalis uoluntatis expertes bestiae sui generis uiuerent, quarum ex aqu"
candidat_proche,concept_incompatibilism_ancient_o5p6q7r8,Ancient Incompatibilism,discusses Ancient Incompatibilism?,0.74,passage_alex_fat_13,Alexander of Aphrodisias,De Fato,De Fato 13,grc,"τοιούτου δ’ ὄντος αὐτοῦ, τὸ μὲν δεικνύναι τοῦτο σωζόμενον κατὰ τοὺς πάντα λέγοντας γίνεσθαι καθ’ εἱμαρμένην οὐδὲ ἐπιχειροῦσιν τὴν ἀρχήν (ἴσασιν γὰρ ἐγχειρήσαντες ἀδυνάτοις), ὡς δὲ ἐπὶ τῆς τύχης ἄλλο τι σημαινόμενον ὑποθέντες τῷ τῆς τύχης ὀν"
candidat_proche,concept_prohairesis_deliberate_choice_aristotle_c3d4e5f6,Prohairesis (Προαίρεσις),discusses Prohairesis (Προαίρεσις)?,0.74,passage_alex_fat_13,Alexander of Aphrodisias,De Fato,De Fato 13,grc,"τοιούτου δ’ ὄντος αὐτοῦ, τὸ μὲν δεικνύναι τοῦτο σωζόμενον κατὰ τοὺς πάντα λέγοντας γίνεσθαι καθ’ εἱμαρμένην οὐδὲ ἐπιχειροῦσιν τὴν ἀρχήν (ἴσασιν γὰρ ἐγχειρήσαντες ἀδυνάτοις), ὡς δὲ ἐπὶ τῆς τύχης ἄλλο τι σημαινόμενον ὑποθέντες τῷ τῆς τύχης ὀν"
candidat_proche,concept_hekousion_voluntary_aristotle_a1b2c3d4,Hekousion (Ἑκούσιον),discusses Hekousion (Ἑκούσιον)?,0.74,passage_arist_mm_2_3_4,Aristotle,Magna Moralia,2.3.4,grc,"εἴπερ ἐστὶ τὸ ἀδικεῖν τὸ βλάπτειν ἑκόντα καὶ εἰδότα καὶ ὃν καὶ ὣς καὶ οὗ ἕνεκα, ἔστι δ' ἡ βλάβη καὶ ἡ ἀδικία ἐν ἀγαθοῖς, καὶ περὶ ἀγαθά, ὁ ἀδικῶν ἄρα καὶ ὁ ἄδικος εἰδείη ἂν ὁποῖα ἀγαθὰ καὶ ὁποῖα κακά· τὸ δέ γε ὑπὲρ τῶν τοιούτων εἰδέναι ἐστὶ"
candidat_proche,concept_reactive_attitudes_7u8v9w0x,Reactive Attitudes,discusses Reactive Attitudes?,0.74,passage_alex_fat_20,Alexander of Aphrodisias,De Fato,De Fato 20,grc,"ἀλλ’ ὅτι μὲν καὶ ἔστι τι ἐφ’ ἡμῖν ὀνομάσαι, καὶ οὐ διὰ τὴν ἐξουσίαν ταύτην ἀναιτίως τι γίνεται, τῷ τῶν οὕτως γινομένων αἴτιον τὸν ἄνθρωπον εἶναι, ἀρχὴν αὐτὸν ὄντα τῶν γινομένων ὑφ’ αὑτοῦ, ἱκανὰ μὲν δεῖξαι καὶ τὰ εἰρημένα, ἱκανῶς δ’ ἂν ἐπείσ"
candidat_proche,concept_agent_causation_0l4g5h13,Agent Causation,discusses Agent Causation?,0.74,passage_alex_fat_20,Alexander of Aphrodisias,De Fato,De Fato 20,grc,"ἀλλ’ ὅτι μὲν καὶ ἔστι τι ἐφ’ ἡμῖν ὀνομάσαι, καὶ οὐ διὰ τὴν ἐξουσίαν ταύτην ἀναιτίως τι γίνεται, τῷ τῶν οὕτως γινομένων αἴτιον τὸν ἄνθρωπον εἶναι, ἀρχὴν αὐτὸν ὄντα τῶν γινομένων ὑφ’ αὑτοῦ, ἱκανὰ μὲν δεῖξαι καὶ τὰ εἰρημένα, ἱκανῶς δ’ ἂν ἐπείσ"
candidat_proche,concept_socratic_intellectualism_f6g7h8i9,Socratic Intellectualism (Virtue is Knowledg,discusses Socratic Intellectualism (Virtue is Knowledg?,0.74,passage_aug_dla_1_1_3,Augustine,De libero arbitrio,1.1.3,lat,"Ev. - Prorsus ego duas disciplinas esse puto; unam per quam bene facere, aliam per quam male facere discimus. Sed cum quaereres utrum disciplina bonum esset, ipsius boni amor intentionem meam rapuit, ut illam disciplinam intuerer, quae bene"
candidat_proche,concept_two_sidedness_eph_hemin,Bilatéralité du τὸ ἐφ' ἡμῖν (two-sidedness),discusses Bilatéralité du τὸ ἐφ' ἡμῖν (two-sidedness)?,0.74,passage_arist_di_9_12,Aristotle,De interpretatione,9.12,grc,"Εἰ δὴ ταῦτα ἀδύνατα — ὁρῶμεν γὰρ ὅτι ἔστιν ἀρχὴ τῶν ἐσομένων καὶ ἀπὸ τοῦ βουλεύεσθαι καὶ ἀπὸ τοῦ πρᾶξαί τι, καὶ ὅτι ὅλως ἔστιν ἐν τοῖς μὴ ἀεὶ ἐνεργοῦσι τὸ δυνατὸν εἶναι καὶ μὴ ὁμοίως· ἐν οἷς ἄμφω ἐνδέχεται, καὶ τὸ εἶναι καὶ τὸ μὴ εἶναι, ὥστ"
candidat_proche,concept_mr1_autonomy_responsibility,MR1: Autonomy-based Moral Responsibility,discusses MR1: Autonomy-based Moral Responsibility?,0.74,passage_aug_dla_3_9_26,Augustine,De libero arbitrio,3.9.26,lat,"Sed adhuc videtur minus intellegens quod dictum est, habere quod contradicat. Dicit enim: Si universitatis perfectionem complet etiam nostra miseria, defuisset aliquid huic perfectioni, si beati semper essemus. Quapropter si ad miseriam nis"
candidat_proche,concept_kyrios_alex,Kyrios (κύριος),discusses Kyrios (κύριος)?,0.74,passage_aug_gla_1_1,Augustine,De Libero Arbitrio,Grat. 1.1,lat,"DE GRATIA ET LIBERO ARBITRIO LIBER UNUS AD VALENTINUM ET CUM ILLO MONACHOS De obscuritate quaestionis. 1. 1. Propter eos qui hominis liberum arbitrium sic praedicant et defendunt, ut Dei gratiam qua vocamur ad eum et a nostris malis meritis"
candidat_proche,concept_source_vs_leeway_5c6d7e8f,Source vs. Leeway Freedom,discusses Source vs. Leeway Freedom?,0.74,passage_alex_fat_34,Alexander of Aphrodisias,De Fato,De Fato 34,grc,"πῶς δ’ οὐκ ἀγνοούντων τὰ ὑφ’ αὑτῶν γινόμενα τὸ τῇ ἀληθείᾳ τῶν γινομένων, ἣν ἀναιροῦσιν διὰ τοῦ δόγματος, αὐτῇ κεχρῆσθαι πρὸς κατασκευὴν τοῦ ἀναιροῦντος αὐτὴν δόγματος; λαβόντες γὰρ τὸ ἕκαστον τῶν συνεστώτων φύσει καθ’ εἱμαρμένην εἶναι τοιοῦ"
candidat_proche,concept_stoic_causal_principle,"Stoic Causal Principle (Same Causes, Same Ef","discusses Stoic Causal Principle (Same Causes, Same Ef?",0.74,passage_alex_fat_34,Alexander of Aphrodisias,De Fato,De Fato 34,grc,"πῶς δ’ οὐκ ἀγνοούντων τὰ ὑφ’ αὑτῶν γινόμενα τὸ τῇ ἀληθείᾳ τῶν γινομένων, ἣν ἀναιροῦσιν διὰ τοῦ δόγματος, αὐτῇ κεχρῆσθαι πρὸς κατασκευὴν τοῦ ἀναιροῦντος αὐτὴν δόγματος; λαβόντες γὰρ τὸ ἕκαστον τῶν συνεστώτων φύσει καθ’ εἱμαρμένην εἶναι τοιοῦ"
candidat_proche,concept_predestination_augustinian,Predestination (Augustinian Predestination (,discusses Predestination (Augustinian Predestination (?,0.74,passage_aug_civ_xii_xxviii_s99,Augustine,De Civitate Dei,XII.XXVIII.2,lat,"Nunc quoniam liber iste claudendus est, in hoc [primo] homine, qui primitus factus est, nondum quidem secundum euidentiam, iam tamen secundum Dei praescientiam exortas fuisse existimemus in genere humano societates tamquam ciuitates duas. E"
candidat_proche,concept_ananke_necessity_democritus_h8i9j0k1,Ananke (Ἀνάγκη),discusses Ananke (Ἀνάγκη)?,0.73,passage_arist_ne_7_3,Aristotle,Ἠθικὰ Νικομάχεια,7.3,grc,"πρῶτον μὲν οὖν σκεπτέον πότερον εἰδότες ἢ οὔ, καὶ πῶς εἰδότες· εἶτα περὶ ποῖα τὸν ἀκρατῆ καὶ τὸν ἐγκρατῆ θετέον, λέγω δὲ πότερον περὶ πᾶσαν ἡδονὴν καὶ λύπην ἢ περί τινας ἀφωρισμένας, καὶ τὸν ἐγκρατῆ καὶ τὸν καρτερικόν, πότερον ὁ αὐτὸς ἢ ἕτε"
candidat_proche,concept_incompatibilism_ancient_o5p6q7r8,Ancient Incompatibilism,discusses Ancient Incompatibilism?,0.73,passage_alex_fat_18,Alexander of Aphrodisias,De Fato,De Fato 18,grc,"ἀλλ’ ὅτι μὲν τὸ δόγμα τοῦτο ἀνατροπῆς αἴτιον παντὸς τοῦ τῶν ἀνθρώπων βίου, παντί που μαθεῖν ῥᾴδιον, ὅτι δὲ καὶ ψεῦδος, ἱκανὸν μαρτύριον τὸ μηδ’ αὐτοὺς τοὺς προστάτας αὐτοῦ δύνασθαι πείθεσθαι τοῖς ὑφ’ αὐτῶν λεγομένοις. οὕτω γὰρ ἐν πᾶσι τοῖς "
candidat_proche,concept_mr1_autonomy_responsibility,MR1: Autonomy-based Moral Responsibility,discusses MR1: Autonomy-based Moral Responsibility?,0.73,passage_aug_civ_xii_iii,Augustine,De Civitate Dei,XII.III.1,lat,"Dicuntur autem in scripturis inimici Dei, qui non natura, sed uitiis aduersantur eius imperio, nihil ei ualentes nocere, sed sibi. Inimici enim sunt resistendi uoluntate, non potestate laedendi. Deus namque inmutabilis est et omni modo inco"
candidat_proche,concept_arche_alex,Archē (ἀρχή),discusses Archē (ἀρχή)?,0.73,passage_arist_en_3_1,Aristotle,Ethica Nicomachea,"Arist. EN III.1, 1109b30-1111b3",grc,δοκεῖ δὴ ἑκούσιον εἶναι οὗ ἡ ἀρχὴ ἐν αὐτῷ εἰδότι τὰ καθ' ἕκαστα ἐν οἷς ἡ πρᾶξις.
candidat_proche,concept_ananke_necessity_democritus_h8i9j0k1,Ananke (Ἀνάγκη),discusses Ananke (Ἀνάγκη)?,0.73,passage_arist_da_2_7,Aristotle,De anima,2.7,grc,"Οὗ μὲν οὖν ἐστὶν ἡ ὄψις, τοῦτ’ ἐστὶν ὁρατόν. Ὁρατὸν δ’ ἔστιν χρῶμά τε, καὶ ὃ λόγῳ μὲν ἔστιν εἰπεῖν, ἀνώνυμον δὲ τυγχάνει ὄν· δῆλον δὲ ἔσται ὃ λέγομεν προελθοῦσι μάλιστα. Τὸ γὰρ ὁρατόν ἐστι χρῶμα. Τοῦτο δ’ ἐστὶ τὸ ἐπὶ τοῦ καθ’ αὑτὸ ὁρατοῦ· κ"
candidat_proche,concept_to_endechomenon_alexander_amand1945,τὸ ἐνδεχόμενον / τὸ ὁπότερα — concept de con,discusses τὸ ἐνδεχόμενον / τὸ ὁπότερα — concept de con?,0.73,passage_alex_fat_10,Alexander of Aphrodisias,De Fato,De Fato 10,grc,"Τὰ δὲ λέγειν μὴ ἀναιρεῖσθαι πάντων γινομένων καθ’ εἱμαρμένην τὸ δυνατόν τε καὶ ἐνδεχόμενον τῷ δυνατὸν μὲν εἶναι γενέσθαι τοῦτο ὃ ὑπ’ οὐδενὸς κωλύεται γενέσθαι, κἂν μὴ γένηται (τῶν δὲ καθ’ εἱμαρμένην γινομένων οὐ κεκωλῦσθαι τὰ ἀντικείμενα γε"
candidat_proche,concept_ancient_free_will_debate_structure_z6a7b8c9,Ancient Free Will Debate: Compatibilism vs. ,discusses Ancient Free Will Debate: Compatibilism vs. ?,0.73,passage_alex_fat_10,Alexander of Aphrodisias,De Fato,De Fato 10,grc,"Τὰ δὲ λέγειν μὴ ἀναιρεῖσθαι πάντων γινομένων καθ’ εἱμαρμένην τὸ δυνατόν τε καὶ ἐνδεχόμενον τῷ δυνατὸν μὲν εἶναι γενέσθαι τοῦτο ὃ ὑπ’ οὐδενὸς κωλύεται γενέσθαι, κἂν μὴ γένηται (τῶν δὲ καθ’ εἱμαρμένην γινομένων οὐ κεκωλῦσθαι τὰ ἀντικείμενα γε"
candidat_proche,concept_mr2_ability_responsibility,MR2: Ability-based Moral Responsibility,discusses MR2: Ability-based Moral Responsibility?,0.73,passage_alex_fat_36,Alexander of Aphrodisias,De Fato,De Fato 36,grc,"ἀλλὰ ταῦτά γε εἰ μὲν ὑπό τινων αἰτίων περιεστώτων αὐτοῖς οὕτως ἀναγκάζονται λέγειν, συγγινώσκειν αὐτοῖς ἄξιον, καὶ οὐδὲν δεῖ οὔθ’ ἡμᾶς περὶ τῶν ὑπ’ ἐκείνων κατ’ ἀνάγκην λεγομένων πολυπραγμονεῖν οὔτε ἐκείνους περὶ τῶν οὐχ ὁμοίως αὐτοῖς λεγόν"
candidat_proche,concept_endechomenon_contingent_aristotle_e5f6g7h8,To Endechomenon (Τὸ ἐνδεχόμενον),discusses To Endechomenon (Τὸ ἐνδεχόμενον)?,0.73,passage_arist_met_13_5,Aristotle,τὰ Μετὰ τὰ Φυσικά,13.5,grc,πάντων δὲ μάλιστα διαπορήσειεν ἄν τις τί ποτε συμβάλλονται τὰ εἴδη ἢ τοῖς ἀϊδίοις τῶν αἰσθητῶν ἢ τοῖς γιγνομένοις καὶ τοῖς φθειρομένοις· οὔτε γὰρ κινήσεώς ἐστιν οὔτε μεταβολῆς οὐδεμιᾶς αἴτια αὐτοῖς. ἀλλὰ μὴν οὔτε πρὸς τὴν ἐπιστήμην οὐθὲν βο
candidat_proche,concept_liberum_arbitrium_u3v4w5x6,Free Choice (Liberum Arbitrium),discusses Free Choice (Liberum Arbitrium)?,0.73,passage_alex_fat_19,Alexander of Aphrodisias,De Fato,De Fato 19,grc,Ἐπαύσαντο δ’ ἂν τῆς ἐν τοῖς λόγοις φιλοτιμίας καὶ συγχωρησάντων εἶναι τὸ ἐφ’ ἡμῖν ἐλεύθερόν τε καὶ αὐτεξούσιον καὶ κύριον τῆς τῶν ἀντικειμένων αἱρέσεώς τε καὶ πράξεως [...] ἐπὶ περιεστῶσιν ἀνθρώποις δίκαιος γίνεσθαι πεπιστευμένος ὁμοίως ἰδι
candidat_proche,concept_to_endechomenon_alexander_amand1945,τὸ ἐνδεχόμενον / τὸ ὁπότερα — concept de con,discusses τὸ ἐνδεχόμενον / τὸ ὁπότερα — concept de con?,0.72,passage_alex_fat_37,Alexander of Aphrodisias,De Fato,De Fato 37,grc,"ἴδωμεν δὲ καὶ τὸν ἐπὶ τούτῳ λόγον ἠρωτημένον, εἰ μὴ τὰς ὁμοίας ἀνάγκας ἔχει. λέγει δὲ οὕτως· οὐ πάντα μὲν ἔστι καθ’ εἱμαρμένην, οὐκ ἔστι δὲ ἀκώλυτος καὶ ἀπαρεμπόδιστος ἡ τοῦ κόσμου διοίκησις. οὐδὲ ἔστι μὲν τοῦτο, οὐκ ἔστι δὲ κόσμος, οὐδὲ ἔσ"
candidat_proche,concept_mr1_autonomy_responsibility,MR1: Autonomy-based Moral Responsibility,discusses MR1: Autonomy-based Moral Responsibility?,0.72,passage_alex_fat_37,Alexander of Aphrodisias,De Fato,De Fato 37,grc,"ἴδωμεν δὲ καὶ τὸν ἐπὶ τούτῳ λόγον ἠρωτημένον, εἰ μὴ τὰς ὁμοίας ἀνάγκας ἔχει. λέγει δὲ οὕτως· οὐ πάντα μὲν ἔστι καθ’ εἱμαρμένην, οὐκ ἔστι δὲ ἀκώλυτος καὶ ἀπαρεμπόδιστος ἡ τοῦ κόσμου διοίκησις. οὐδὲ ἔστι μὲν τοῦτο, οὐκ ἔστι δὲ κόσμος, οὐδὲ ἔσ"
candidat_proche,concept_ancient_free_will_debate_structure_z6a7b8c9,Ancient Free Will Debate: Compatibilism vs. ,discusses Ancient Free Will Debate: Compatibilism vs. ?,0.72,passage_alex_fat_12,Alexander of Aphrodisias,De Fato,De Fato 12,grc,"Ἀναιρουμένου δὲ ὡς ἐδείχθη τοῦ βουλεύσασθαι κατ’ αὐτοὺς ἀναιρεῖται καὶ τὸ ἐφ’ ἡμῖν προδήλως. τοῦτο γὰρ ἐφ’ ἡμῖν πάντες, ὅσοι μὴ θέσει τινὶ παρίστανται, παρειλήφασιν εἶναι, οὗ ἡμεῖς μὲν καὶ τοῦ πραχθῆναι καὶ τοῦ μὴ πραχθῆναι κύριοι, οὐχ ἑπόμ"
candidat_proche,concept_autexousion_methodian_doctrine_141258ec,Autexousion (Free Will),discusses Autexousion (Free Will)?,0.72,passage_alex_fat_39,Alexander of Aphrodisias,De Fato,De Fato 39,grc,"Ταῦτα ὑμῖν, ὦ θειότατοι αὐτοκράτορες. τῆς Ἀριστοτέλους δόξης περί τε εἱμαρμένης καὶ τοῦ ἐφ’ ἡμῖν κατ’ ἐμὴν δόξαν τὰ κεφάλαια, καθ’ ἣν δοξάζοντες εἴς τε θεοὺς εὐσεβήσομεν, τὰ μὲν εἰδότες αὐτοῖς χάριν ἀνθ’ ὧν φθάνομεν ὑπ’ αὐτῶν εὖ πεπονθότες,"
candidat_proche,concept_bechirah_c1d2e3f4,Choice/Free Will (Bechirah),discusses Choice/Free Will (Bechirah)?,0.72,passage_alex_fat_39,Alexander of Aphrodisias,De Fato,De Fato 39,grc,"Ταῦτα ὑμῖν, ὦ θειότατοι αὐτοκράτορες. τῆς Ἀριστοτέλους δόξης περί τε εἱμαρμένης καὶ τοῦ ἐφ’ ἡμῖν κατ’ ἐμὴν δόξαν τὰ κεφάλαια, καθ’ ἣν δοξάζοντες εἴς τε θεοὺς εὐσεβήσομεν, τὰ μὲν εἰδότες αὐτοῖς χάριν ἀνθ’ ὧν φθάνομεν ὑπ’ αὐτῶν εὖ πεπονθότες,"
candidat_proche,concept_source_incompatibilism,Source Incompatibilism,discusses Source Incompatibilism?,0.72,passage_alex_fat_17,Alexander of Aphrodisias,De Fato,De Fato 17,grc,"πῶς δ’ ἂν σώζοιεν τοιαῦτα λέγοντες τὴν ὑπὸ τῶν θεῶν γινομένην τῶν θνητῶν πρόνοιαν; εἰ γὰρ αἴ τε τῶν θεῶν ἐπιφάνειαι, ἅς φασιν γίνεσθαί τισιν, κατά τινα γίνονται προκαταβεβλημένην αἰτίαν, ὡς πρὸ τοῦ γενέσθαι τινὰ αὐτῶν ἀληθὲς εἶναι τὸ τοῦδε "
candidat_proche,concept_eph_hemin_two_sided_potestative,Two-sided Potestative ἐφ' ἡμῖν,discusses Two-sided Potestative ἐφ' ἡμῖν?,0.72,passage_arist_di_9_12,Aristotle,De interpretatione,9.12,grc,"Εἰ δὴ ταῦτα ἀδύνατα — ὁρῶμεν γὰρ ὅτι ἔστιν ἀρχὴ τῶν ἐσομένων καὶ ἀπὸ τοῦ βουλεύεσθαι καὶ ἀπὸ τοῦ πρᾶξαί τι, καὶ ὅτι ὅλως ἔστιν ἐν τοῖς μὴ ἀεὶ ἐνεργοῦσι τὸ δυνατὸν εἶναι καὶ μὴ ὁμοίως· ἐν οἷς ἄμφω ἐνδέχεται, καὶ τὸ εἶναι καὶ τὸ μὴ εἶναι, ὥστ"
candidat_proche,concept_theodicy_christian,Christian Theodicy,discusses Christian Theodicy?,0.72,passage_aug_gla_1_1,Augustine,De Libero Arbitrio,Grat. 1.1,lat,"DE GRATIA ET LIBERO ARBITRIO LIBER UNUS AD VALENTINUM ET CUM ILLO MONACHOS De obscuritate quaestionis. 1. 1. Propter eos qui hominis liberum arbitrium sic praedicant et defendunt, ut Dei gratiam qua vocamur ad eum et a nostris malis meritis"
candidat_proche,concept_incompatibilism_ancient_o5p6q7r8,Ancient Incompatibilism,discusses Ancient Incompatibilism?,0.72,passage_alex_fat_24,Alexander of Aphrodisias,De Fato,De Fato 24,grc,ἆρ’ οὖν τούτων οὕτως ἐχόντων ἀναιτίως τι γενήσεται καἴ τοῦθ’ ἡμῶν ὁ λόγος προξενεῖ; ἢ δύναται | σώζεσθαι τὸ μηδὲν ἀναιτίως τῶν γινομένων γίνεσθαι καὶ τοῦτον τὸν τρόπον ἐχόντων ὡς ἡμεῖς λέγομεν τῶν πραγμάτων. ἂν γὰρ παυσάμενοι τῆς ἀλύσεως τῶ
candidat_proche,concept_autexousion_christian_freedom_u1v2w3x4,Autexousion (Αὐτεξούσιον),discusses Autexousion (Αὐτεξούσιον)?,0.72,passage_alex_fat_19,Alexander of Aphrodisias,De Fato,De Fato 19,grc,Ἐπαύσαντο δ’ ἂν τῆς ἐν τοῖς λόγοις φιλοτιμίας καὶ συγχωρησάντων εἶναι τὸ ἐφ’ ἡμῖν ἐλεύθερόν τε καὶ αὐτεξούσιον καὶ κύριον τῆς τῶν ἀντικειμένων αἱρέσεώς τε καὶ πράξεως [...] ἐπὶ περιεστῶσιν ἀνθρώποις δίκαιος γίνεσθαι πεπιστευμένος ὁμοίως ἰδι
candidat_proche,concept_source_vs_leeway_5c6d7e8f,Source vs. Leeway Freedom,discusses Source vs. Leeway Freedom?,0.72,passage_alex_fat_29,Alexander of Aphrodisias,De Fato,De Fato 29,grc,"ἐδείξαμεν δὲ ὅτι οὕτως ἐπ’ αὐτῷ τῷ φρονίμῳ τὸ εἶναι τοιούτῳ, ὅτι τῆς τοιαύτης ἕξεως καὶ τῆς κτήσεως αὐτῆς αὐτὸς αἴτιος τῷ καὶ τοῦ μὴ γενέσθαι τοιοῦτος ἔχειν πρότερον τὴν ἐξουσίαν. τὴν μὲν οὖν ἕξιν μηκέτ’ ἔχει ὡς ἐπ’ αὐτῷ (ὥσπερ οὐδὲ τῷ αὐτὸ"
candidat_proche,concept_divine_prescience,Divine Prescience (πρόγνωσις),discusses Divine Prescience (πρόγνωσις)?,0.72,passage_aug_civ_xii_xxviii_s99,Augustine,De Civitate Dei,XII.XXVIII.2,lat,"Nunc quoniam liber iste claudendus est, in hoc [primo] homine, qui primitus factus est, nondum quidem secundum euidentiam, iam tamen secundum Dei praescientiam exortas fuisse existimemus in genere humano societates tamquam ciuitates duas. E"
candidat_proche,concept_endechomenon_contingent_aristotle_e5f6g7h8,To Endechomenon (Τὸ ἐνδεχόμενον),discusses To Endechomenon (Τὸ ἐνδεχόμενον)?,0.71,passage_arist_met_11_8,Aristotle,τὰ Μετὰ τὰ Φυσικά,11.8,grc,"ἐπεὶ δὲ τὸ ἁπλῶς ὂν κατὰ πλείους λέγεται τρόπους, ὧν εἷς ἐστὶν ὁ κατὰ συμβεβηκὸς εἶναι λεγόμενος, σκεπτέον πρῶτον περὶ τοῦ οὕτως ὄντος. ὅτι μὲν οὖν οὐδεμία τῶν παραδεδομένων ἐπιστημῶν πραγματεύεται περὶ τὸ συμβεβηκός, δῆλον (οὔτε γὰρ οἰκοδο"
candidat_proche,concept_divine_prescience,Divine Prescience (πρόγνωσις),discusses Divine Prescience (πρόγνωσις)?,0.71,passage_aug_corrept_1_10,Augustine,De Correptione et Gratia,PL 44.1.10,lat,"quos autem iustificavit, ipsos et glorificavit . Illa omnia iam facta sunt: praescivit, praedestinavit, vocavit, iustificavit: quoniam et omnes iam praesciti ac praedestinati sunt, et multi iam vocati atque iustificati; quod autem posuit in"
candidat_proche,concept_source_vs_leeway_5c6d7e8f,Source vs. Leeway Freedom,discusses Source vs. Leeway Freedom?,0.71,passage_alex_fat_1,Alexander of Aphrodisias,De Fato,De Fato 1,grc,"Ἦν μὲν δι’ εὐχῆς μοι, μέγιστοι αὐτοκράτορες ΔΣεβῆρε καὶ Ἀντωνῖνε, αὐτῷ γενομένῳ παρ’ ὑμῖν ἰδεῖν τε ὑμᾶς καὶ προσειπεῖν καὶ καθομολογῆσαι χάριν ἀνθ’ ὧν ἔπαθον εὖ παρ’ ὑμῶν πολλάκις, αἰεὶ τυχών πάντων ὧν ἠξίωσα μετὰ μαρτυρίας ἧς δίκαιος εἶναι"
candidat_proche,concept_libertas_spontaneitatis_5g9b0c68,Liberty of Spontaneity (Libertas Spontaneita,discusses Liberty of Spontaneity (Libertas Spontaneita?,0.71,passage_alex_fat_39,Alexander of Aphrodisias,De Fato,De Fato 39,grc,"Ταῦτα ὑμῖν, ὦ θειότατοι αὐτοκράτορες. τῆς Ἀριστοτέλους δόξης περί τε εἱμαρμένης καὶ τοῦ ἐφ’ ἡμῖν κατ’ ἐμὴν δόξαν τὰ κεφάλαια, καθ’ ἣν δοξάζοντες εἴς τε θεοὺς εὐσεβήσομεν, τὰ μὲν εἰδότες αὐτοῖς χάριν ἀνθ’ ὧν φθάνομεν ὑπ’ αὐτῶν εὖ πεπονθότες,"
candidat_proche,concept_ancient_free_will_debate_structure_z6a7b8c9,Ancient Free Will Debate: Compatibilism vs. ,discusses Ancient Free Will Debate: Compatibilism vs. ?,0.71,passage_alex_fat_17,Alexander of Aphrodisias,De Fato,De Fato 17,grc,"πῶς δ’ ἂν σώζοιεν τοιαῦτα λέγοντες τὴν ὑπὸ τῶν θεῶν γινομένην τῶν θνητῶν πρόνοιαν; εἰ γὰρ αἴ τε τῶν θεῶν ἐπιφάνειαι, ἅς φασιν γίνεσθαί τισιν, κατά τινα γίνονται προκαταβεβλημένην αἰτίαν, ὡς πρὸ τοῦ γενέσθαι τινὰ αὐτῶν ἀληθὲς εἶναι τὸ τοῦδε "
candidat_proche,concept_frede_general_schema_of_free_will,Schéma général d'une notion de libre arbitre,discusses Schéma général d'une notion de libre arbitre?,0.71,passage_alex_fat_20,Alexander of Aphrodisias,De Fato,De Fato 20,grc,"ἀλλ’ ὅτι μὲν καὶ ἔστι τι ἐφ’ ἡμῖν ὀνομάσαι, καὶ οὐ διὰ τὴν ἐξουσίαν ταύτην ἀναιτίως τι γίνεται, τῷ τῶν οὕτως γινομένων αἴτιον τὸν ἄνθρωπον εἶναι, ἀρχὴν αὐτὸν ὄντα τῶν γινομένων ὑφ’ αὑτοῦ, ἱκανὰ μὲν δεῖξαι καὶ τὰ εἰρημένα, ἱκανῶς δ’ ἂν ἐπείσ"
candidat_proche,concept_libertas_spontaneitatis_5g9b0c68,Liberty of Spontaneity (Libertas Spontaneita,discusses Liberty of Spontaneity (Libertas Spontaneita?,0.71,passage_arist_ee_2_8,Aristotle,Ἠθικὰ Εὐδήμεια,2.8,grc,"ὅτι μὲν τοίνυν οὐκ ἔστι τὸ ἑκούσιον τὸ κατὰ ὄρεξιν πράττειν, οὐδʼ ἀκούσιον τὸ παρὰ τὴν ὄρεξιν, φανερόν· ὅτι δʼ οὐδὲ κατὰ προαίρεσιν, πάλιν ἐκ τῶνδε δῆλον. τὸ μὲν γὰρ κατὰ βούλησιν ὡς οὐκ ἀκούσιον ἀπεδείχθη,   ἀλλὰ μᾶλλον πᾶν ὃ βούλεται καὶ "
candidat_proche,concept_mr1_autonomy_responsibility,MR1: Autonomy-based Moral Responsibility,discusses MR1: Autonomy-based Moral Responsibility?,0.71,passage_aug_dla_3_16_45,Augustine,De libero arbitrio,3.16.45,lat,"Deus autem nulli debet aliquid, quia omnia gratuito praestat. Et si quisquam dicet ab illo aliquid deberi meritis suis, certe ut esset, non ei debebatur. Non enim erat cui deberetur. Et tamen, quod meritum est converti ad eum ex quo es, ut "
candidat_proche,concept_mr2_ability_responsibility,MR2: Ability-based Moral Responsibility,discusses MR2: Ability-based Moral Responsibility?,0.71,passage_aug_dla_3_16_45,Augustine,De libero arbitrio,3.16.45,lat,"Deus autem nulli debet aliquid, quia omnia gratuito praestat. Et si quisquam dicet ab illo aliquid deberi meritis suis, certe ut esset, non ei debebatur. Non enim erat cui deberetur. Et tamen, quod meritum est converti ad eum ex quo es, ut "
candidat_proche,concept_practical_life_alex,Practical Life / πρακτικὸς βίος (Alexander),discusses Practical Life / πρακτικὸς βίος (Alexander)?,0.71,passage_alex_fat_21,Alexander of Aphrodisias,De Fato,De Fato 21,grc,"μηδὲ ἐκεῖνο δὲ ἡμῖν ἀνεξέταστον παραλελείφθω, εἴ τις ὑποθοῖτο, μηδὲν μᾶλλον ἀληθῆ εἶναι τὸ εἶναί τι οὕτως ἐφ’ ἡμῖν, ὡς ἡμεῖς τε ἀξιοῦμεν καὶ ἡ τῶν πραγμάτων φύσις ἔχειν μαρτυρεῖ, τοῦ πάντα ἐξ ἀνάγκης τε γίνεσθαι καὶ καθ’ εἱμαρμένην, ἀλλ’ εἶ"
candidat_proche,concept_fate_principle_bobzien,"Principe du Destin (Fate Principle, Bobzien ","discusses Principe du Destin (Fate Principle, Bobzien ?",0.7,passage_alex_fat_13,Alexander of Aphrodisias,De Fato,De Fato 13,grc,"τοιούτου δ’ ὄντος αὐτοῦ, τὸ μὲν δεικνύναι τοῦτο σωζόμενον κατὰ τοὺς πάντα λέγοντας γίνεσθαι καθ’ εἱμαρμένην οὐδὲ ἐπιχειροῦσιν τὴν ἀρχήν (ἴσασιν γὰρ ἐγχειρήσαντες ἀδυνάτοις), ὡς δὲ ἐπὶ τῆς τύχης ἄλλο τι σημαινόμενον ὑποθέντες τῷ τῆς τύχης ὀν"
candidat_proche,concept_source_vs_leeway_5c6d7e8f,Source vs. Leeway Freedom,discusses Source vs. Leeway Freedom?,0.7,passage_alex_fat_32,Alexander of Aphrodisias,De Fato,De Fato 32,grc,"ἀλλὰ τῶν μὲν τοιούτων ἅλις (ἱκανὸν γὰρ ἐφ’ ἑκάστου τὸ ἐνδείξασθαι τὴν τῆς δόξης ἀτοπίαν), ἱκανῶς δ’ οἶμαι δεδηλῶσθαι, πῶς λέγεται τὸ ἐπὶ τῷ φρονίμῳ εἶναι τὸ φρονεῖν καίτοι μὴ δυναμένῳ μὴ φρονεῖν· οὐ γὰρ ὅτι νῦν, ὅτε ἐστὶ φρόνιμος, ἐπ’ αὐτῷ "
candidat_proche,concept_hekousion_voluntary_aristotle_a1b2c3d4,Hekousion (Ἑκούσιον),discusses Hekousion (Ἑκούσιον)?,0.7,passage_arist_ee_7_6,Aristotle,Ἠθικὰ Εὐδήμεια,7.6,grc,"πόσα μὲν οὖν εἴδη φιλίας, καὶ τίνες διαφοραὶ καθʼ ἃς λέγονται οἱ τε φίλοι καὶ οἱ φιλοῦντες καὶ οἱ φιλούμενοι, καὶ οὕτως ὥστε φίλοι εἶναι καὶ ἄνευ τούτου, εἴρηται· περὶ δὲ αὐτὸν αὑτῷ φίλον εἶναι ἢ μή, πολλὴν ἔχει ἐπίσκεψιν. δοκεῖ γὰρ ἐνίοις "
candidat_proche,concept_to_eph_hemin_nemesius,To eph' hemin (τὸ ἐφ᾽ ἡμῖν) — Nemesius,discusses To eph' hemin (τὸ ἐφ᾽ ἡμῖν) — Nemesius?,0.7,passage_alex_fat_5,Alexander of Aphrodisias,De Fato,De Fato 5,grc,"τούτων δ’ οὕτως ἐχόντων καὶ πάντων τῶν γινομένων εἰς τούτους τοὺς τρόπους νενεμημένων ἀκόλουθον ἐπὶ τούτοις ἰδεῖν, ἐν ποίῳ τῶν ποιητικῶν αἰτίων χρὴ τιθέναι τὴν εἱμαρμένην. ἆρά γε ἐν τοῖς οὐδενὸς γινομένοις χάριν; ἢ τοῦτο μὲν παντάπασιν ἄλογ"
candidat_proche,concept_ancient_free_will_debate_structure_z6a7b8c9,Ancient Free Will Debate: Compatibilism vs. ,discusses Ancient Free Will Debate: Compatibilism vs. ?,0.7,passage_alex_fat_5,Alexander of Aphrodisias,De Fato,De Fato 5,grc,"τούτων δ’ οὕτως ἐχόντων καὶ πάντων τῶν γινομένων εἰς τούτους τοὺς τρόπους νενεμημένων ἀκόλουθον ἐπὶ τούτοις ἰδεῖν, ἐν ποίῳ τῶν ποιητικῶν αἰτίων χρὴ τιθέναι τὴν εἱμαρμένην. ἆρά γε ἐν τοῖς οὐδενὸς γινομένοις χάριν; ἢ τοῦτο μὲν παντάπασιν ἄλογ"
candidat_proche,concept_external_principle_action,External Principle of Rational Action (ἔξωθε,discusses External Principle of Rational Action (ἔξωθε?,0.7,passage_arist_met_12_3,Aristotle,τὰ Μετὰ τὰ Φυσικά,12.3,grc,"μετὰ ταῦτα ὅτι οὐ γίγνεται οὔτε ἡ ὕλη οὔτε τὸ εἶδος, λέγω δὲ τὰ ἔσχατα. πᾶν γὰρ μεταβάλλει τὶ καὶ ὑπό τινος καὶ εἴς τι·  ὑφʼ οὗ μέν, τοῦ πρώτου κινοῦντος· ὃ δέ, ἡ ὕλη· εἰς ὃ δέ, τὸ εἶδος. εἰς ἄπειρον οὖν εἶσιν, εἰ μὴ μόνον ὁ χαλκὸς γίγνεται"
candidat_proche,concept_ananke_necessity_democritus_h8i9j0k1,Ananke (Ἀνάγκη),discusses Ananke (Ἀνάγκη)?,0.7,passage_arist_met_12_3,Aristotle,τὰ Μετὰ τὰ Φυσικά,12.3,grc,"μετὰ ταῦτα ὅτι οὐ γίγνεται οὔτε ἡ ὕλη οὔτε τὸ εἶδος, λέγω δὲ τὰ ἔσχατα. πᾶν γὰρ μεταβάλλει τὶ καὶ ὑπό τινος καὶ εἴς τι·  ὑφʼ οὗ μέν, τοῦ πρώτου κινοῦντος· ὃ δέ, ἡ ὕλη· εἰς ὃ δέ, τὸ εἶδος. εἰς ἄπειρον οὖν εἶσιν, εἰ μὴ μόνον ὁ χαλκὸς γίγνεται"
candidat_proche,concept_liberum_arbitrium_u3v4w5x6,Free Choice (Liberum Arbitrium),discusses Free Choice (Liberum Arbitrium)?,0.7,passage_alex_fat_39,Alexander of Aphrodisias,De Fato,De Fato 39,grc,"Ταῦτα ὑμῖν, ὦ θειότατοι αὐτοκράτορες. τῆς Ἀριστοτέλους δόξης περί τε εἱμαρμένης καὶ τοῦ ἐφ’ ἡμῖν κατ’ ἐμὴν δόξαν τὰ κεφάλαια, καθ’ ἣν δοξάζοντες εἴς τε θεοὺς εὐσεβήσομεν, τὰ μὲν εἰδότες αὐτοῖς χάριν ἀνθ’ ὧν φθάνομεν ὑπ’ αὐτῶν εὖ πεπονθότες,"
candidat_proche,concept_autokrateia_alex,Self-Governance / αὐτεξούσιον (Alexander),discusses Self-Governance / αὐτεξούσιον (Alexander)?,0.7,passage_cic_fat_25,Marcus Tullius Cicero,De Fato,Fat. 25,lat,"Rursus autem, ne omnes physici inrideant nos, si dicamus quicquam fieri sine causa, distinguendum est et ita dicendum, ipsius individui hanc esse naturam, ut pondere et gravitate moveatur, eamque ipsam esse causam, cur ita feratur. Similite"
candidat_proche,concept_mr1_autonomy_responsibility,MR1: Autonomy-based Moral Responsibility,discusses MR1: Autonomy-based Moral Responsibility?,0.7,passage_alex_fat_2,Alexander of Aphrodisias,De Fato,De Fato 2,grc,"Τὸ μὲν οὖν εἶναί τι τὴν εἱμαρμένην καὶ αἰτίαν εἶναι τοῦ γίνεσθαί τινα κατ’ αὐτὴν ἱκανῶς ἡ τῶν ἀνθρώπων συνίστησιν πρόληψις (οὐ γὰρ κενὸν οὐδ’ ἄστοχον τἀληθοῦς ἡ κοινὴ τῶν ἀνθρώπων φύσις, καθ’ ἣν περί τινων ὁμοδοξοῦσιν ἀλλήλοις, ὅσοι γε αὐτῶ"
candidat_proche,concept_source_vs_leeway_5c6d7e8f,Source vs. Leeway Freedom,discusses Source vs. Leeway Freedom?,0.7,passage_alex_fat_14,Alexander of Aphrodisias,De Fato,De Fato 14,grc,"ἔνεστι δ’ ὁρᾶν, εἰ ταῦτα λέγοντες σώζουσιν τὰς κοινὰς περὶ τοῦ ἐφ’ ἡμῖν πάντων ἀνθρώπων προλήψεις. οἱ γὰρ ἀπαιτοῦντες αὐτούς, πῶς οἷόν τε πάντων ὄντων καθ’ εἱμαρμένην τὸ ἐφ’ ἡμῖν σώζεσθαι, οὐκ ὄνομα μόνον τοῦ ἐφ’ ἡμῖν τιθέντες τοῦτ’ ἀπαιτοῦ"
candidat_proche,concept_arche_alex,Archē (ἀρχή),discusses Archē (ἀρχή)?,0.7,passage_alex_fat_16,Alexander of Aphrodisias,De Fato,De Fato 16,grc,"Ἀλλ’ ὅτι μὲν οὔτε σώζουσι τὸ ἐφ’ ἡμῖν οἱ λέγοντες πάντα καθ’ εἱμαρμένην γίνεσθαι (οὐ γὰρ περὶ οὖ ζητοῦμεν, εἰ σώζεται κατ’ αὐτούς, τοῦτο σώζεται, οἵ γε καὶ αἰτίαν ἀποδιδόναι πειρῶνται τοῦ μηδὲ τὴν ἀρχὴν δυνατὸν εἶναι τὸ πρᾶγμα), οὐδὲ ἣν ἀπο"
candidat_proche,concept_arche_alex,Archē (ἀρχή),discusses Archē (ἀρχή)?,0.7,passage_arist_di_9_12,Aristotle,De interpretatione,9.12,grc,"Εἰ δὴ ταῦτα ἀδύνατα — ὁρῶμεν γὰρ ὅτι ἔστιν ἀρχὴ τῶν ἐσομένων καὶ ἀπὸ τοῦ βουλεύεσθαι καὶ ἀπὸ τοῦ πρᾶξαί τι, καὶ ὅτι ὅλως ἔστιν ἐν τοῖς μὴ ἀεὶ ἐνεργοῦσι τὸ δυνατὸν εἶναι καὶ μὴ ὁμοίως· ἐν οἷς ἄμφω ἐνδέχεται, καὶ τὸ εἶναι καὶ τὸ μὴ εἶναι, ὥστ"
candidat_proche,concept_boule_practical_wisdom,Βουλή,discusses Βουλή?,0.7,passage_arist_di_9_12,Aristotle,De interpretatione,9.12,grc,"Εἰ δὴ ταῦτα ἀδύνατα — ὁρῶμεν γὰρ ὅτι ἔστιν ἀρχὴ τῶν ἐσομένων καὶ ἀπὸ τοῦ βουλεύεσθαι καὶ ἀπὸ τοῦ πρᾶξαί τι, καὶ ὅτι ὅλως ἔστιν ἐν τοῖς μὴ ἀεὶ ἐνεργοῦσι τὸ δυνατὸν εἶναι καὶ μὴ ὁμοίως· ἐν οἷς ἄμφω ἐνδέχεται, καὶ τὸ εἶναι καὶ τὸ μὴ εἶναι, ὥστ"
candidat_proche,concept_boule_practical_wisdom,Βουλή,discusses Βουλή?,0.7,passage_cic_fat_2,Marcus Tullius Cicero,De Fato,Fat. 2,lat,"Nam cum essem in Puteolano Hirtiusque noster, consul designatus, isdem in locis, vir nobis amicissimus et his studiis, in quibus nos a pueritia viximus, deditus, multum una eramus, maxime nos quidem exquirentes ea consilia, quae ad pacem et"
candidat_proche,concept_to_eph_hemin_nemesius,To eph' hemin (τὸ ἐφ᾽ ἡμῖν) — Nemesius,discusses To eph' hemin (τὸ ἐφ᾽ ἡμῖν) — Nemesius?,0.7,passage_alex_fat_15,Alexander of Aphrodisias,De Fato,De Fato 15,grc,"τὸ δ’ ἐποχουμένους τῷ εἰ δὴ τῶν αὐτῶν περιεστώτων ὁτὲ μὲν οὕτως ὁτὲ δὲ ἄλλως ἐνεργήσει τις, ἀναίτιον κίνησιν εἰσάγεσθαι’ διὰ τοῦτο λέγειν μὴ δύνασθαι οὗ πράξει τις πρᾶξαι τὸ ἀντικείμενον, μήποτε καὶ αὐτὸ τῶν ὁμοίως τοῖς προειρημένοις παρορω"
candidat_proche,concept_libertas_spontaneitatis_5g9b0c68,Liberty of Spontaneity (Libertas Spontaneita,discusses Liberty of Spontaneity (Libertas Spontaneita?,0.7,passage_alex_fat_19,Alexander of Aphrodisias,De Fato,De Fato 19,grc,Ἐπαύσαντο δ’ ἂν τῆς ἐν τοῖς λόγοις φιλοτιμίας καὶ συγχωρησάντων εἶναι τὸ ἐφ’ ἡμῖν ἐλεύθερόν τε καὶ αὐτεξούσιον καὶ κύριον τῆς τῶν ἀντικειμένων αἱρέσεώς τε καὶ πράξεως [...] ἐπὶ περιεστῶσιν ἀνθρώποις δίκαιος γίνεσθαι πεπιστευμένος ὁμοίως ἰδι
candidat_proche,concept_to_eph_hemin_basil,To eph' hemin identified as autexousion (Bas,discusses To eph' hemin identified as autexousion (Bas?,0.7,passage_alex_fat_19,Alexander of Aphrodisias,De Fato,De Fato 19,grc,Ἐπαύσαντο δ’ ἂν τῆς ἐν τοῖς λόγοις φιλοτιμίας καὶ συγχωρησάντων εἶναι τὸ ἐφ’ ἡμῖν ἐλεύθερόν τε καὶ αὐτεξούσιον καὶ κύριον τῆς τῶν ἀντικειμένων αἱρέσεώς τε καὶ πράξεως [...] ἐπὶ περιεστῶσιν ἀνθρώποις δίκαιος γίνεσθαι πεπιστευμένος ὁμοίως ἰδι
candidat_proche,concept_ancient_free_will_debate_structure_z6a7b8c9,Ancient Free Will Debate: Compatibilism vs. ,discusses Ancient Free Will Debate: Compatibilism vs. ?,0.7,passage_alex_fat_19,Alexander of Aphrodisias,De Fato,De Fato 19,grc,Ἐπαύσαντο δ’ ἂν τῆς ἐν τοῖς λόγοις φιλοτιμίας καὶ συγχωρησάντων εἶναι τὸ ἐφ’ ἡμῖν ἐλεύθερόν τε καὶ αὐτεξούσιον καὶ κύριον τῆς τῶν ἀντικειμένων αἱρέσεώς τε καὶ πράξεως [...] ἐπὶ περιεστῶσιν ἀνθρώποις δίκαιος γίνεσθαι πεπιστευμένος ὁμοίως ἰδι
candidat_proche,concept_autokrateia_alex,Self-Governance / αὐτεξούσιον (Alexander),discusses Self-Governance / αὐτεξούσιον (Alexander)?,0.7,passage_alex_fat_29,Alexander of Aphrodisias,De Fato,De Fato 29,grc,"ἐδείξαμεν δὲ ὅτι οὕτως ἐπ’ αὐτῷ τῷ φρονίμῳ τὸ εἶναι τοιούτῳ, ὅτι τῆς τοιαύτης ἕξεως καὶ τῆς κτήσεως αὐτῆς αὐτὸς αἴτιος τῷ καὶ τοῦ μὴ γενέσθαι τοιοῦτος ἔχειν πρότερον τὴν ἐξουσίαν. τὴν μὲν οὖν ἕξιν μηκέτ’ ἔχει ὡς ἐπ’ αὐτῷ (ὥσπερ οὐδὲ τῷ αὐτὸ"
candidat_proche,concept_eph_hemin_two_sided_potestative,Two-sided Potestative ἐφ' ἡμῖν,discusses Two-sided Potestative ἐφ' ἡμῖν?,0.7,passage_alex_fat_11,Alexander of Aphrodisias,De Fato,De Fato 11,grc,"Ἀκολουθεῖ δὲ τῷ πάντα τὰ γινόμενα προκαταβεβλημέναις καὶ ὡρισμέναις καὶ προυπαρχούσαις τισὶν αἰτίαις ἔσεσθαι τὸ καὶ βουλεύεσθαι τοὺς ἀνθρώπους μάτην περὶ τῶν πρακτέων αὐτοῖς. εἰ δὲ τὸ βουλεύεσθαι μάτην, μάτην ἂν ἄνθρωπος εἴη βουλευτικός. κα"
candidat_proche,concept_eph_hemin_kyrion_plut,Eph' hēmin as Master / τὸ ἐφ' ἡμῖν ὡς κύριον,discusses Eph' hēmin as Master / τὸ ἐφ' ἡμῖν ὡς κύριον?,0.7,passage_alex_fat_11,Alexander of Aphrodisias,De Fato,De Fato 11,grc,"Ἀκολουθεῖ δὲ τῷ πάντα τὰ γινόμενα προκαταβεβλημέναις καὶ ὡρισμέναις καὶ προυπαρχούσαις τισὶν αἰτίαις ἔσεσθαι τὸ καὶ βουλεύεσθαι τοὺς ἀνθρώπους μάτην περὶ τῶν πρακτέων αὐτοῖς. εἰ δὲ τὸ βουλεύεσθαι μάτην, μάτην ἂν ἄνθρωπος εἴη βουλευτικός. κα"
candidat_proche,concept_providentia_stoic_seneca_b3c4d5e6,Providentia (Stoic Providence),discusses Providentia (Stoic Providence)?,0.7,passage_boethius_cons_14,Boethius,De Consolatione Philosophiae,Cons. 14,lat,"Tu frondifluae frigore brumae stringis lucem breviore mora, tu, cum fervida venerit aestas, agiles nocti dividis horas. Tua vis varium temperat annum, ut, quas Boreae spiritus aufert, revehat mites Zephyrus frondes, quaeque Arcturus semina "
candidat_proche,concept_ananke_necessity_democritus_h8i9j0k1,Ananke (Ἀνάγκη),discusses Ananke (Ἀνάγκη)?,0.7,passage_arist_phys_6_10,Aristotle,Physica,6.10,grc,"Ἀποδεδειγμένων δὲ τούτων λέγομεν ὅτι τὸ ἀμερὲς οὐκ  ἐνδέχεται                             κινεῖσθαι πλὴν κατὰ συμβεβηκός, οἷον κινουμένου  τοῦ σώματος                             ἢ τοῦ μεγέθους τῷ ἐνυπάρχειν, καθάπερ ἂν εἰ τὸ ἐν τῷ πλοίῳ κι"
candidat_proche,concept_eph_hemin_two_sided_potestative,Two-sided Potestative ἐφ' ἡμῖν,discusses Two-sided Potestative ἐφ' ἡμῖν?,0.7,passage_alex_fat_21,Alexander of Aphrodisias,De Fato,De Fato 21,grc,"μηδὲ ἐκεῖνο δὲ ἡμῖν ἀνεξέταστον παραλελείφθω, εἴ τις ὑποθοῖτο, μηδὲν μᾶλλον ἀληθῆ εἶναι τὸ εἶναί τι οὕτως ἐφ’ ἡμῖν, ὡς ἡμεῖς τε ἀξιοῦμεν καὶ ἡ τῶν πραγμάτων φύσις ἔχειν μαρτυρεῖ, τοῦ πάντα ἐξ ἀνάγκης τε γίνεσθαι καὶ καθ’ εἱμαρμένην, ἀλλ’ εἶ"
candidat_proche,concept_eph_hemin_two_sided_potestative,Two-sided Potestative ἐφ' ἡμῖν,discusses Two-sided Potestative ἐφ' ἡμῖν?,0.7,passage_alex_fat_28,Alexander of Aphrodisias,De Fato,De Fato 28,grc,"οἱ δὲ φάσκοντες ἐξ ἀνάγκης ἡμᾶς εἶναί τε καὶ γίνεσθαι τοιούτους, καὶ μὴ καταλιπόντες ἡμῖν τὴν ἐξουσίαν τοῦ ταῦτα πράττειν τε καὶ μή, δι’ ὧν ἂν τοιοῦτοι γενοίμεθα, καὶ διὰ τοῦτο μήτε τοῖς κακοῖς γινομένοις ἐξεῖναι μὴ ταῦτα πράττειν, ἃ πράττο"
candidat_proche,concept_plurality_goods_alex,"Plurality of Goods (Noble, Pleasant, Advanta","discusses Plurality of Goods (Noble, Pleasant, Advanta?",0.7,passage_arist_ee_7_11,Aristotle,Ἠθικὰ Εὐδήμεια,7.11,grc,"περὶ δὲ τοῦ ἀγαθοῦ καὶ κατʼ ἀρετὴν φίλου, σκεπτέον πότερον δεῖ ἐκείνῳ τὰ χρήσιμα ὑπηρετεῖν καὶ βοηθεῖν ἢ τῷ ἀντιποιοῦντι καὶ δυναμένῳ. τοῦτο δὲ τὸ αὐτὸ πρόβλημα ἐστί, πότερον τὸν φίλον ἢ τὸν σπουδαῖον εὖ ποιητέον μᾶλλον. ἂν  μὲν γὰρ ὁ φίλος"
edge_faible,concept_hekousion_voluntary_aristotle_a1b2c3d4,Hekousion (Ἑκούσιον),discusses Hekousion (Ἑκούσιον)?,0.68,passage_arist_en_3_12,Aristotle,Ethica Nicomachea,"Arist. EN III.12, 1119a21-1119b18",grc,"ARISTOTLE ON VOLUNTARINESS OF INTEMPERANCE VS COWARDICE  This chapter returns to the theme of voluntariness, arguing that intemperance is MORE voluntary than cowardice, which has implications for moral responsibility.  Greek: ἑκουσίῳ δὲ μᾶλ"
edge_faible,concept_non_necessitating_cause_alex,Non-Necessitating Cause (modern rendering: α,discusses Non-Necessitating Cause (modern rendering: α?,0.67,passage_alex_fat_24,Alexander of Aphrodisias,De Fato,De Fato 24,grc,ἆρ’ οὖν τούτων οὕτως ἐχόντων ἀναιτίως τι γενήσεται καἴ τοῦθ’ ἡμῶν ὁ λόγος προξενεῖ; ἢ δύναται | σώζεσθαι τὸ μηδὲν ἀναιτίως τῶν γινομένων γίνεσθαι καὶ τοῦτον τὸν τρόπον ἐχόντων ὡς ἡμεῖς λέγομεν τῶν πραγμάτων. ἂν γὰρ παυσάμενοι τῆς ἀλύσεως τῶ
edge_faible,concept_ananke_necessity_democritus_h8i9j0k1,Ananke (Ἀνάγκη),discusses Ananke (Ἀνάγκη)?,0.63,passage_alex_fat_39,Alexander of Aphrodisias,De Fato,De Fato 39,grc,"Ταῦτα ὑμῖν, ὦ θειότατοι αὐτοκράτορες. τῆς Ἀριστοτέλους δόξης περί τε εἱμαρμένης καὶ τοῦ ἐφ’ ἡμῖν κατ’ ἐμὴν δόξαν τὰ κεφάλαια, καθ’ ἣν δοξάζοντες εἴς τε θεοὺς εὐσεβήσομεν, τὰ μὲν εἰδότες αὐτοῖς χάριν ἀνθ’ ὧν φθάνομεν ὑπ’ αὐτῶν εὖ πεπονθότες,"
edge_faible,concept_practical_life_alex,Practical Life / πρακτικὸς βίος (Alexander),discusses Practical Life / πρακτικὸς βίος (Alexander)?,0.62,passage_alex_fat_18,Alexander of Aphrodisias,De Fato,De Fato 18,grc,"ἀλλ’ ὅτι μὲν τὸ δόγμα τοῦτο ἀνατροπῆς αἴτιον παντὸς τοῦ τῶν ἀνθρώπων βίου, παντί που μαθεῖν ῥᾴδιον, ὅτι δὲ καὶ ψεῦδος, ἱκανὸν μαρτύριον τὸ μηδ’ αὐτοὺς τοὺς προστάτας αὐτοῦ δύνασθαι πείθεσθαι τοῖς ὑφ’ αὐτῶν λεγομένοις. οὕτω γὰρ ἐν πᾶσι τοῖς "
edge_faible,concept_cylinder_analogy_chrysippus_e5f6g7h8,Cylinder Analogy (Chrysippus),discusses Cylinder Analogy (Chrysippus)?,0.57,passage_alex_fat_15,Alexander of Aphrodisias,De Fato,De Fato 15,grc,"τὸ δ’ ἐποχουμένους τῷ εἰ δὴ τῶν αὐτῶν περιεστώτων ὁτὲ μὲν οὕτως ὁτὲ δὲ ἄλλως ἐνεργήσει τις, ἀναίτιον κίνησιν εἰσάγεσθαι’ διὰ τοῦτο λέγειν μὴ δύνασθαι οὗ πράξει τις πρᾶξαι τὸ ἀντικείμενον, μήποτε καὶ αὐτὸ τῶν ὁμοίως τοῖς προειρημένοις παρορω"
edge_faible,concept_ananke_necessity_democritus_h8i9j0k1,Ananke (Ἀνάγκη),discusses Ananke (Ἀνάγκη)?,0.56,passage_alex_fat_5,Alexander of Aphrodisias,De Fato,De Fato 5,grc,"τούτων δ’ οὕτως ἐχόντων καὶ πάντων τῶν γινομένων εἰς τούτους τοὺς τρόπους νενεμημένων ἀκόλουθον ἐπὶ τούτοις ἰδεῖν, ἐν ποίῳ τῶν ποιητικῶν αἰτίων χρὴ τιθέναι τὴν εἱμαρμένην. ἆρά γε ἐν τοῖς οὐδενὸς γινομένοις χάριν; ἢ τοῦτο μὲν παντάπασιν ἄλογ"
edge_faible,concept_kyrios_alex,Kyrios (κύριος),discusses Kyrios (κύριος)?,0.56,passage_alex_fat_25,Alexander of Aphrodisias,De Fato,De Fato 25,grc,πῶς γὰρ οὐ φανερῶς τὸ λέγειν ψεῦδος πᾶν τὸ ἑπόμενόν τινι ἐξ ἐκείνου τὴν αἰτίαν τοῦ εἶναι ἔχειν καὶ πᾶν τὸ προηγούμενόν τινος αἴτιον ὑπάρχειν ἐκείνῳ; ὁρῶμεν γὰρ ὅτι τὰ ἐφεξῆς ἀλλήλοις ὄντα τῷ χρόνῳ οὐ πάντα διὰ τὰ ἔμπροσθεν καὶ πρὸ αὐτῶν γεγ
edge_faible,concept_endechomenon_contingent_aristotle_e5f6g7h8,To Endechomenon (Τὸ ἐνδεχόμενον),discusses To Endechomenon (Τὸ ἐνδεχόμενον)?,0.56,passage_alex_fat_15,Alexander of Aphrodisias,De Fato,De Fato 15,grc,"τὸ δ’ ἐποχουμένους τῷ εἰ δὴ τῶν αὐτῶν περιεστώτων ὁτὲ μὲν οὕτως ὁτὲ δὲ ἄλλως ἐνεργήσει τις, ἀναίτιον κίνησιν εἰσάγεσθαι’ διὰ τοῦτο λέγειν μὴ δύνασθαι οὗ πράξει τις πρᾶξαι τὸ ἀντικείμενον, μήποτε καὶ αὐτὸ τῶν ὁμοίως τοῖς προειρημένοις παρορω"
edge_faible,concept_inner_freedom_alex,Inner Freedom (Inviolability of Choice),discusses Inner Freedom (Inviolability of Choice)?,0.56,passage_alex_fat_19,Alexander of Aphrodisias,De Fato,De Fato 19,grc,Ἐπαύσαντο δ’ ἂν τῆς ἐν τοῖς λόγοις φιλοτιμίας καὶ συγχωρησάντων εἶναι τὸ ἐφ’ ἡμῖν ἐλεύθερόν τε καὶ αὐτεξούσιον καὶ κύριον τῆς τῶν ἀντικειμένων αἱρέσεώς τε καὶ πράξεως [...] ἐπὶ περιεστῶσιν ἀνθρώποις δίκαιος γίνεσθαι πεπιστευμένος ὁμοίως ἰδι
edge_faible,concept_synkatathesis_logike_alex,Logikē Synkatathesis (Rational Assent),discusses Logikē Synkatathesis (Rational Assent)?,0.54,passage_alex_fat_15,Alexander of Aphrodisias,De Fato,De Fato 15,grc,"τὸ δ’ ἐποχουμένους τῷ εἰ δὴ τῶν αὐτῶν περιεστώτων ὁτὲ μὲν οὕτως ὁτὲ δὲ ἄλλως ἐνεργήσει τις, ἀναίτιον κίνησιν εἰσάγεσθαι’ διὰ τοῦτο λέγειν μὴ δύνασθαι οὗ πράξει τις πρᾶξαι τὸ ἀντικείμενον, μήποτε καὶ αὐτὸ τῶν ὁμοίως τοῖς προειρημένοις παρορω"
edge_faible,concept_tuche_chance_alex,Alexandrian Definition of Chance (τύχη),discusses Alexandrian Definition of Chance (τύχη)?,0.53,passage_alex_fat_13,Alexander of Aphrodisias,De Fato,De Fato 13,grc,"τοιούτου δ’ ὄντος αὐτοῦ, τὸ μὲν δεικνύναι τοῦτο σωζόμενον κατὰ τοὺς πάντα λέγοντας γίνεσθαι καθ’ εἱμαρμένην οὐδὲ ἐπιχειροῦσιν τὴν ἀρχήν (ἴσασιν γὰρ ἐγχειρήσαντες ἀδυνάτοις), ὡς δὲ ἐπὶ τῆς τύχης ἄλλο τι σημαινόμενον ὑποθέντες τῷ τῆς τύχης ὀν"
edge_faible,concept_autokrateia_alex,Self-Governance / αὐτεξούσιον (Alexander),discusses Self-Governance / αὐτεξούσιον (Alexander)?,0.53,passage_alex_fat_12,Alexander of Aphrodisias,De Fato,De Fato 12,grc,"Ἀναιρουμένου δὲ ὡς ἐδείχθη τοῦ βουλεύσασθαι κατ’ αὐτοὺς ἀναιρεῖται καὶ τὸ ἐφ’ ἡμῖν προδήλως. τοῦτο γὰρ ἐφ’ ἡμῖν πάντες, ὅσοι μὴ θέσει τινὶ παρίστανται, παρειλήφασιν εἶναι, οὗ ἡμεῖς μὲν καὶ τοῦ πραχθῆναι καὶ τοῦ μὴ πραχθῆναι κύριοι, οὐχ ἑπόμ"
edge_faible,concept_prohairesis_alex,Prohairesis (προαίρεσις),discusses Prohairesis (προαίρεσις)?,0.53,passage_alex_fat_33,Alexander of Aphrodisias,De Fato,De Fato 33,grc,"Τὸ δὲ λέγειν ἡγεῖσθαι τοὺς οὐχ ἡγουμένους ἐν τῷ σώζεσθαι τὴν καθ’ ὁρμὴν τῶν ζῴων ἐνέργειαν ἤδη σώζεσθαι καὶ τὸ ἐφ’ ἡμῖν τῷ πᾶν τὸ καθ’ ὁρμὴν γινόμενον ἐπὶ τοῖς ὁρμῶσιν εἶναι καὶ διὰ τοῦτο ἐρωτᾶν, εἰ μὴ ἐνέργημά τι τὸ ἐφ’ ἡμῖν ἐστι, καὶ λαβό"
edge_faible,concept_practical_life_alex,Practical Life / πρακτικὸς βίος (Alexander),discusses Practical Life / πρακτικὸς βίος (Alexander)?,0.51,passage_alex_fat_11,Alexander of Aphrodisias,De Fato,De Fato 11,grc,"Ἀκολουθεῖ δὲ τῷ πάντα τὰ γινόμενα προκαταβεβλημέναις καὶ ὡρισμέναις καὶ προυπαρχούσαις τισὶν αἰτίαις ἔσεσθαι τὸ καὶ βουλεύεσθαι τοὺς ἀνθρώπους μάτην περὶ τῶν πρακτέων αὐτοῖς. εἰ δὲ τὸ βουλεύεσθαι μάτην, μάτην ἂν ἄνθρωπος εἴη βουλευτικός. κα"
edge_faible,concept_endechomenon_contingent_aristotle_e5f6g7h8,To Endechomenon (Τὸ ἐνδεχόμενον),discusses To Endechomenon (Τὸ ἐνδεχόμενον)?,0.47,passage_alex_fat_33,Alexander of Aphrodisias,De Fato,De Fato 33,grc,"Τὸ δὲ λέγειν ἡγεῖσθαι τοὺς οὐχ ἡγουμένους ἐν τῷ σώζεσθαι τὴν καθ’ ὁρμὴν τῶν ζῴων ἐνέργειαν ἤδη σώζεσθαι καὶ τὸ ἐφ’ ἡμῖν τῷ πᾶν τὸ καθ’ ὁρμὴν γινόμενον ἐπὶ τοῖς ὁρμῶσιν εἶναι καὶ διὰ τοῦτο ἐρωτᾶν, εἰ μὴ ἐνέργημά τι τὸ ἐφ’ ἡμῖν ἐστι, καὶ λαβό"
edge_faible,concept_conditional_fate_9a5c8b4d,conditional fate,discusses conditional fate?,0.45,passage_alex_fat_31,Alexander of Aphrodisias,De Fato,De Fato 31,grc,"ἀλλ’ οὐδὲ ἀφαιρούμεθα τῶν ἀνθρώπων τὸ ἀπὸ μαντικῆς χρήσιμον, ὃ γίνεται τῷ δύνασθαί τινα καὶ φυλάξασθαί τι, μὴ φυλαξάμενον ἂν μὴ συμβουλεύσαντος τοῦ θεοῦ· οἱ δὲ ὑμνοῦντες τὴν μαντικὴν καὶ κατὰ τὸν αὐτῶν λόγον μόνον σώζεσθαι λέγοντες αὐτήν, κ"
edge_faible,concept_prohairesis_alex,Prohairesis (προαίρεσις),discusses Prohairesis (προαίρεσις)?,0.45,passage_alex_fat_39,Alexander of Aphrodisias,De Fato,De Fato 39,grc,"Ταῦτα ὑμῖν, ὦ θειότατοι αὐτοκράτορες. τῆς Ἀριστοτέλους δόξης περί τε εἱμαρμένης καὶ τοῦ ἐφ’ ἡμῖν κατ’ ἐμὴν δόξαν τὰ κεφάλαια, καθ’ ἣν δοξάζοντες εἴς τε θεοὺς εὐσεβήσομεν, τὰ μὲν εἰδότες αὐτοῖς χάριν ἀνθ’ ὧν φθάνομεν ὑπ’ αὐτῶν εὖ πεπονθότες,"
edge_faible,concept_prohairesis_alex,Prohairesis (προαίρεσις),discusses Prohairesis (προαίρεσις)?,0.44,passage_alex_fat_37,Alexander of Aphrodisias,De Fato,De Fato 37,grc,"ἴδωμεν δὲ καὶ τὸν ἐπὶ τούτῳ λόγον ἠρωτημένον, εἰ μὴ τὰς ὁμοίας ἀνάγκας ἔχει. λέγει δὲ οὕτως· οὐ πάντα μὲν ἔστι καθ’ εἱμαρμένην, οὐκ ἔστι δὲ ἀκώλυτος καὶ ἀπαρεμπόδιστος ἡ τοῦ κόσμου διοίκησις. οὐδὲ ἔστι μὲν τοῦτο, οὐκ ἔστι δὲ κόσμος, οὐδὲ ἔσ"
edge_faible,concept_eph_hemin_in_our_power_aristotle_d4e5f6g7,To Eph' Hêmin (Τὸ ἐφ' ἡμῖν),discusses To Eph' Hêmin (Τὸ ἐφ' ἡμῖν)?,0.44,passage_alex_fat_37,Alexander of Aphrodisias,De Fato,De Fato 37,grc,"ἴδωμεν δὲ καὶ τὸν ἐπὶ τούτῳ λόγον ἠρωτημένον, εἰ μὴ τὰς ὁμοίας ἀνάγκας ἔχει. λέγει δὲ οὕτως· οὐ πάντα μὲν ἔστι καθ’ εἱμαρμένην, οὐκ ἔστι δὲ ἀκώλυτος καὶ ἀπαρεμπόδιστος ἡ τοῦ κόσμου διοίκησις. οὐδὲ ἔστι μὲν τοῦτο, οὐκ ἔστι δὲ κόσμος, οὐδὲ ἔσ"
edge_faible,concept_prohairesis_alex,Prohairesis (προαίρεσις),discusses Prohairesis (προαίρεσις)?,0.44,passage_alex_fat_25,Alexander of Aphrodisias,De Fato,De Fato 25,grc,πῶς γὰρ οὐ φανερῶς τὸ λέγειν ψεῦδος πᾶν τὸ ἑπόμενόν τινι ἐξ ἐκείνου τὴν αἰτίαν τοῦ εἶναι ἔχειν καὶ πᾶν τὸ προηγούμενόν τινος αἴτιον ὑπάρχειν ἐκείνῳ; ὁρῶμεν γὰρ ὅτι τὰ ἐφεξῆς ἀλλήλοις ὄντα τῷ χρόνῳ οὐ πάντα διὰ τὰ ἔμπροσθεν καὶ πρὸ αὐτῶν γεγ
edge_faible,concept_eph_hemin_in_our_power_aristotle_d4e5f6g7,To Eph' Hêmin (Τὸ ἐφ' ἡμῖν),discusses To Eph' Hêmin (Τὸ ἐφ' ἡμῖν)?,0.44,passage_alex_fat_2,Alexander of Aphrodisias,De Fato,De Fato 2,grc,"Τὸ μὲν οὖν εἶναί τι τὴν εἱμαρμένην καὶ αἰτίαν εἶναι τοῦ γίνεσθαί τινα κατ’ αὐτὴν ἱκανῶς ἡ τῶν ἀνθρώπων συνίστησιν πρόληψις (οὐ γὰρ κενὸν οὐδ’ ἄστοχον τἀληθοῦς ἡ κοινὴ τῶν ἀνθρώπων φύσις, καθ’ ἣν περί τινων ὁμοδοξοῦσιν ἀλλήλοις, ὅσοι γε αὐτῶ"
edge_faible,concept_stoic_causal_principle,"Stoic Causal Principle (Same Causes, Same Ef","discusses Stoic Causal Principle (Same Causes, Same Ef?",0.43,passage_alex_fat_9,Alexander of Aphrodisias,De Fato,De Fato 9,grc,"Καὶ τοιαῦτα μὲν τὰ περὶ τῆς τύχης ὑπ’ αὐτῶν λεγόμενα καὶ οὕτως τοῖς κειμένοις συνᾴδοντα· ὅτι δὲ καὶ τὸ ἐνδεχόμενόν τε καὶ τὸ ὁπότερ’ ἔτυχεν γίνεσθαί τινα ὑπὸ τῶν πάντα ἐξ ἀνάγκης γίνεσθαι λεγόντων ἀναιρεῖται, αὐτόθεν πρόδηλον, εἴ γε ταῦτα μ"
edge_faible,concept_endechomenon_contingent_aristotle_e5f6g7h8,To Endechomenon (Τὸ ἐνδεχόμενον),discusses To Endechomenon (Τὸ ἐνδεχόμενον)?,0.43,passage_alex_fat_29,Alexander of Aphrodisias,De Fato,De Fato 29,grc,"ἐδείξαμεν δὲ ὅτι οὕτως ἐπ’ αὐτῷ τῷ φρονίμῳ τὸ εἶναι τοιούτῳ, ὅτι τῆς τοιαύτης ἕξεως καὶ τῆς κτήσεως αὐτῆς αὐτὸς αἴτιος τῷ καὶ τοῦ μὴ γενέσθαι τοιοῦτος ἔχειν πρότερον τὴν ἐξουσίαν. τὴν μὲν οὖν ἕξιν μηκέτ’ ἔχει ὡς ἐπ’ αὐτῷ (ὥσπερ οὐδὲ τῷ αὐτὸ"
edge_faible,concept_prohairesis_deliberate_choice_aristotle_c3d4e5f6,Prohairesis (Προαίρεσις),discusses Prohairesis (Προαίρεσις)?,0.42,passage_alex_fat_14,Alexander of Aphrodisias,De Fato,De Fato 14,grc,"ἔνεστι δ’ ὁρᾶν, εἰ ταῦτα λέγοντες σώζουσιν τὰς κοινὰς περὶ τοῦ ἐφ’ ἡμῖν πάντων ἀνθρώπων προλήψεις. οἱ γὰρ ἀπαιτοῦντες αὐτούς, πῶς οἷόν τε πάντων ὄντων καθ’ εἱμαρμένην τὸ ἐφ’ ἡμῖν σώζεσθαι, οὐκ ὄνομα μόνον τοῦ ἐφ’ ἡμῖν τιθέντες τοῦτ’ ἀπαιτοῦ"
edge_faible,concept_perfect_vs_antecedent_causes_8w3x5z21,Perfect vs. Antecedent Causes (Chrysippean D,discusses Perfect vs. Antecedent Causes (Chrysippean D?,0.42,passage_alex_fat_15,Alexander of Aphrodisias,De Fato,De Fato 15,grc,"τὸ δ’ ἐποχουμένους τῷ εἰ δὴ τῶν αὐτῶν περιεστώτων ὁτὲ μὲν οὕτως ὁτὲ δὲ ἄλλως ἐνεργήσει τις, ἀναίτιον κίνησιν εἰσάγεσθαι’ διὰ τοῦτο λέγειν μὴ δύνασθαι οὗ πράξει τις πρᾶξαι τὸ ἀντικείμενον, μήποτε καὶ αὐτὸ τῶν ὁμοίως τοῖς προειρημένοις παρορω"
edge_faible,concept_endechomenon_contingent_aristotle_e5f6g7h8,To Endechomenon (Τὸ ἐνδεχόμενον),discusses To Endechomenon (Τὸ ἐνδεχόμενον)?,0.42,passage_alex_fat_11,Alexander of Aphrodisias,De Fato,De Fato 11,grc,"Ἀκολουθεῖ δὲ τῷ πάντα τὰ γινόμενα προκαταβεβλημέναις καὶ ὡρισμέναις καὶ προυπαρχούσαις τισὶν αἰτίαις ἔσεσθαι τὸ καὶ βουλεύεσθαι τοὺς ἀνθρώπους μάτην περὶ τῶν πρακτέων αὐτοῖς. εἰ δὲ τὸ βουλεύεσθαι μάτην, μάτην ἂν ἄνθρωπος εἴη βουλευτικός. κα"
edge_faible,concept_perfect_vs_antecedent_causes_8w3x5z21,Perfect vs. Antecedent Causes (Chrysippean D,discusses Perfect vs. Antecedent Causes (Chrysippean D?,0.41,passage_alex_fat_13,Alexander of Aphrodisias,De Fato,De Fato 13,grc,"τοιούτου δ’ ὄντος αὐτοῦ, τὸ μὲν δεικνύναι τοῦτο σωζόμενον κατὰ τοὺς πάντα λέγοντας γίνεσθαι καθ’ εἱμαρμένην οὐδὲ ἐπιχειροῦσιν τὴν ἀρχήν (ἴσασιν γὰρ ἐγχειρήσαντες ἀδυνάτοις), ὡς δὲ ἐπὶ τῆς τύχης ἄλλο τι σημαινόμενον ὑποθέντες τῷ τῆς τύχης ὀν"
edge_faible,concept_practical_life_alex,Practical Life / πρακτικὸς βίος (Alexander),discusses Practical Life / πρακτικὸς βίος (Alexander)?,0.41,passage_alex_fat_19,Alexander of Aphrodisias,De Fato,De Fato 19,grc,Ἐπαύσαντο δ’ ἂν τῆς ἐν τοῖς λόγοις φιλοτιμίας καὶ συγχωρησάντων εἶναι τὸ ἐφ’ ἡμῖν ἐλεύθερόν τε καὶ αὐτεξούσιον καὶ κύριον τῆς τῶν ἀντικειμένων αἱρέσεώς τε καὶ πράξεως [...] ἐπὶ περιεστῶσιν ἀνθρώποις δίκαιος γίνεσθαι πεπιστευμένος ὁμοίως ἰδι
edge_faible,concept_endechomenon_contingent_aristotle_e5f6g7h8,To Endechomenon (Τὸ ἐνδεχόμενον),discusses To Endechomenon (Τὸ ἐνδεχόμενον)?,0.4,passage_alex_fat_12,Alexander of Aphrodisias,De Fato,De Fato 12,grc,"Ἀναιρουμένου δὲ ὡς ἐδείχθη τοῦ βουλεύσασθαι κατ’ αὐτοὺς ἀναιρεῖται καὶ τὸ ἐφ’ ἡμῖν προδήλως. τοῦτο γὰρ ἐφ’ ἡμῖν πάντες, ὅσοι μὴ θέσει τινὶ παρίστανται, παρειλήφασιν εἶναι, οὗ ἡμεῖς μὲν καὶ τοῦ πραχθῆναι καὶ τοῦ μὴ πραχθῆναι κύριοι, οὐχ ἑπόμ"
edge_faible,concept_heimarmene_fate_stoics_j0k1l2m3,Heimarmenê (Εἱμαρμένη),discusses Heimarmenê (Εἱμαρμένη)?,0.4,passage_alex_fat_17,Alexander of Aphrodisias,De Fato,De Fato 17,grc,"πῶς δ’ ἂν σώζοιεν τοιαῦτα λέγοντες τὴν ὑπὸ τῶν θεῶν γινομένην τῶν θνητῶν πρόνοιαν; εἰ γὰρ αἴ τε τῶν θεῶν ἐπιφάνειαι, ἅς φασιν γίνεσθαί τισιν, κατά τινα γίνονται προκαταβεβλημένην αἰτίαν, ὡς πρὸ τοῦ γενέσθαι τινὰ αὐτῶν ἀληθὲς εἶναι τὸ τοῦδε "
edge_faible,concept_boulesis_rational_desire_ef9f861d,Βούλησις (Boulēsis),discusses Βούλησις (Boulēsis)?,0.4,passage_alex_fat_14,Alexander of Aphrodisias,De Fato,De Fato 14,grc,"ἔνεστι δ’ ὁρᾶν, εἰ ταῦτα λέγοντες σώζουσιν τὰς κοινὰς περὶ τοῦ ἐφ’ ἡμῖν πάντων ἀνθρώπων προλήψεις. οἱ γὰρ ἀπαιτοῦντες αὐτούς, πῶς οἷόν τε πάντων ὄντων καθ’ εἱμαρμένην τὸ ἐφ’ ἡμῖν σώζεσθαι, οὐκ ὄνομα μόνον τοῦ ἐφ’ ἡμῖν τιθέντες τοῦτ’ ἀπαιτοῦ"
edge_faible,concept_tuche_chance_alex,Alexandrian Definition of Chance (τύχη),discusses Alexandrian Definition of Chance (τύχη)?,0.4,passage_alex_fat_4,Alexander of Aphrodisias,De Fato,De Fato 4,grc,"αἰτίων ποιήσασθαι τὸν λόγον. οὕτως γὰρ ἔσται γνώριμον, εἴ τε πάντων τῶν γινομένων χρὴ τὴν εἱμαρμένην αἰτιᾶσθαι, εἴ τε δεῖ καὶ ἄλλοις τισὶν παρὰ τήνδε συγχωρεῖν ὡς οὖσιν ποιητικοῖς τινων αἰτίοις. ἀπάντων δὴ τῶν γινομένων Ἀριστοτέλης ποιούμεν"
edge_faible,concept_endechomenon_contingent_aristotle_e5f6g7h8,To Endechomenon (Τὸ ἐνδεχόμενον),discusses To Endechomenon (Τὸ ἐνδεχόμενον)?,0.4,passage_alex_fat_21,Alexander of Aphrodisias,De Fato,De Fato 21,grc,"μηδὲ ἐκεῖνο δὲ ἡμῖν ἀνεξέταστον παραλελείφθω, εἴ τις ὑποθοῖτο, μηδὲν μᾶλλον ἀληθῆ εἶναι τὸ εἶναί τι οὕτως ἐφ’ ἡμῖν, ὡς ἡμεῖς τε ἀξιοῦμεν καὶ ἡ τῶν πραγμάτων φύσις ἔχειν μαρτυρεῖ, τοῦ πάντα ἐξ ἀνάγκης τε γίνεσθαι καὶ καθ’ εἱμαρμένην, ἀλλ’ εἶ"
edge_faible,concept_pelagianism,Pelagianism,discusses Pelagianism?,0.39,passage_aug_gla_1_1,Augustine,De Libero Arbitrio,Grat. 1.1,lat,"DE GRATIA ET LIBERO ARBITRIO LIBER UNUS AD VALENTINUM ET CUM ILLO MONACHOS De obscuritate quaestionis. 1. 1. Propter eos qui hominis liberum arbitrium sic praedicant et defendunt, ut Dei gratiam qua vocamur ad eum et a nostris malis meritis"
edge_faible,concept_conditional_fate_9a5c8b4d,conditional fate,discusses conditional fate?,0.39,passage_alex_fat_30,Alexander of Aphrodisias,De Fato,De Fato 30,grc,τὸ δὲ λέγειν εὔλογον εἶναι τοὺς θεοὺς τὰ ἐσό μενα προειδέναι (ἄτοπον γὰρ τὸ λέγειν ἐκείνους ἀγνοεῖν τι τῶν ἐσομένων) καὶ τοῦτο λαμβάνοντας κατασκευάζειν πειρᾶσθαι δι’ αὐτοῦ τὸ πάντα ἐξ ἀνάγκης τε γίνεσθαι καὶ καθ’ εἱμαρμένην οὔτε ἀληθὲς οὔτ
edge_faible,concept_four_categories_alex,Four Categories of Sublunary Events (Alexand,discusses Four Categories of Sublunary Events (Alexand?,0.39,passage_alex_fat_7,Alexander of Aphrodisias,De Fato,De Fato 7,grc,Ἡ δὲ κατασκευὴ τῶν εἰρημένων ἔσται φανερωτέρα παρατιθέντων ἡμῶν ταῖς προηγουμέναις τῶν κειμένων ἀποδείξεσιν τὰ ἑπόμενα ἄτοπα τοῖς πάντα καθ’ εἱμαρμένην γίνεσθαι λέγουσιν· μιγνύντες γὰρ οὕτω τὸν λόγον τῇ τῶν δοξῶν παρ’ ἀλλήλας θέσει γνωριμώτ
edge_faible,concept_saving_teaching_alex,Saving Teaching (Alexander),discusses Saving Teaching (Alexander)?,0.39,passage_alex_fat_21,Alexander of Aphrodisias,De Fato,De Fato 21,grc,"μηδὲ ἐκεῖνο δὲ ἡμῖν ἀνεξέταστον παραλελείφθω, εἴ τις ὑποθοῖτο, μηδὲν μᾶλλον ἀληθῆ εἶναι τὸ εἶναί τι οὕτως ἐφ’ ἡμῖν, ὡς ἡμεῖς τε ἀξιοῦμεν καὶ ἡ τῶν πραγμάτων φύσις ἔχειν μαρτυρεῖ, τοῦ πάντα ἐξ ἀνάγκης τε γίνεσθαι καὶ καθ’ εἱμαρμένην, ἀλλ’ εἶ"
edge_faible,concept_prohairesis_alex,Prohairesis (προαίρεσις),discusses Prohairesis (προαίρεσις)?,0.37,passage_alex_fat_5,Alexander of Aphrodisias,De Fato,De Fato 5,grc,"τούτων δ’ οὕτως ἐχόντων καὶ πάντων τῶν γινομένων εἰς τούτους τοὺς τρόπους νενεμημένων ἀκόλουθον ἐπὶ τούτοις ἰδεῖν, ἐν ποίῳ τῶν ποιητικῶν αἰτίων χρὴ τιθέναι τὴν εἱμαρμένην. ἆρά γε ἐν τοῖς οὐδενὸς γινομένοις χάριν; ἢ τοῦτο μὲν παντάπασιν ἄλογ"
edge_faible,concept_endechomenon_contingent_aristotle_e5f6g7h8,To Endechomenon (Τὸ ἐνδεχόμενον),discusses To Endechomenon (Τὸ ἐνδεχόμενον)?,0.37,passage_alex_fat_1,Alexander of Aphrodisias,De Fato,De Fato 1,grc,"Ἦν μὲν δι’ εὐχῆς μοι, μέγιστοι αὐτοκράτορες ΔΣεβῆρε καὶ Ἀντωνῖνε, αὐτῷ γενομένῳ παρ’ ὑμῖν ἰδεῖν τε ὑμᾶς καὶ προσειπεῖν καὶ καθομολογῆσαι χάριν ἀνθ’ ὧν ἔπαθον εὖ παρ’ ὑμῶν πολλάκις, αἰεὶ τυχών πάντων ὧν ἠξίωσα μετὰ μαρτυρίας ἧς δίκαιος εἶναι"
edge_faible,concept_ananke_necessity_democritus_h8i9j0k1,Ananke (Ἀνάγκη),discusses Ananke (Ἀνάγκη)?,0.37,passage_alex_fat_25,Alexander of Aphrodisias,De Fato,De Fato 25,grc,πῶς γὰρ οὐ φανερῶς τὸ λέγειν ψεῦδος πᾶν τὸ ἑπόμενόν τινι ἐξ ἐκείνου τὴν αἰτίαν τοῦ εἶναι ἔχειν καὶ πᾶν τὸ προηγούμενόν τινος αἴτιον ὑπάρχειν ἐκείνῳ; ὁρῶμεν γὰρ ὅτι τὰ ἐφεξῆς ἀλλήλοις ὄντα τῷ χρόνῳ οὐ πάντα διὰ τὰ ἔμπροσθεν καὶ πρὸ αὐτῶν γεγ
edge_faible,concept_tuche_chance_alex,Alexandrian Definition of Chance (τύχη),discusses Alexandrian Definition of Chance (τύχη)?,0.37,passage_alex_fat_34,Alexander of Aphrodisias,De Fato,De Fato 34,grc,"πῶς δ’ οὐκ ἀγνοούντων τὰ ὑφ’ αὑτῶν γινόμενα τὸ τῇ ἀληθείᾳ τῶν γινομένων, ἣν ἀναιροῦσιν διὰ τοῦ δόγματος, αὐτῇ κεχρῆσθαι πρὸς κατασκευὴν τοῦ ἀναιροῦντος αὐτὴν δόγματος; λαβόντες γὰρ τὸ ἕκαστον τῶν συνεστώτων φύσει καθ’ εἱμαρμένην εἶναι τοιοῦ"
edge_faible,concept_ananke_necessity_democritus_h8i9j0k1,Ananke (Ἀνάγκη),discusses Ananke (Ἀνάγκη)?,0.37,passage_alex_fat_27,Alexander of Aphrodisias,De Fato,De Fato 27,grc,"οἱ συγχωρήσαντες ἀναποβλήτους τὰς ἀρετάς τε καὶ τὰς κακίας εἶναι, ἴσως προχειρότερον λαμβανόμενον λέγοιμεν ἂν κατὰ τοῦτο τὰς ἕξεις ἐπὶ τοῖς ἔχουσιν εἶναι, καθόσον πρὸ τοῦ λαβεῖν αὐτὰς ἐπ’ αὐτοῖς ἦν καὶ μὴ λαβεῖν. οἵ τε γὰρ τὰς ἀρετὰς ἔχοντε"
edge_faible,concept_prohairesis_alex,Prohairesis (προαίρεσις),discusses Prohairesis (προαίρεσις)?,0.35,passage_alex_fat_4,Alexander of Aphrodisias,De Fato,De Fato 4,grc,"αἰτίων ποιήσασθαι τὸν λόγον. οὕτως γὰρ ἔσται γνώριμον, εἴ τε πάντων τῶν γινομένων χρὴ τὴν εἱμαρμένην αἰτιᾶσθαι, εἴ τε δεῖ καὶ ἄλλοις τισὶν παρὰ τήνδε συγχωρεῖν ὡς οὖσιν ποιητικοῖς τινων αἰτίοις. ἀπάντων δὴ τῶν γινομένων Ἀριστοτέλης ποιούμεν"
edge_faible,concept_endechomenon_contingent_aristotle_e5f6g7h8,To Endechomenon (Τὸ ἐνδεχόμενον),discusses To Endechomenon (Τὸ ἐνδεχόμενον)?,0.35,passage_alex_fat_23,Alexander of Aphrodisias,De Fato,De Fato 23,grc,"ἔτι δὲ τὸ ψεῦδος τῶν λεγομένων οὐ λόγων τινῶν οὐδὲ ἐλέγχων ἔξωθεν δεόμενον, ἀλλ’ αὐτόθεν γνώριμον. τίς γὰρ ἔλεγχος λόγου φανερώτερος τοῦ μὴ ἐφαρμόζειν τούτοις περὶ ὧν λέγεται; τὸ γοῦν πρῶτον εἰρημένον ὡς πάντων τῶν ὄντων αἰτίων τινῶν γινομέ"
edge_faible,concept_endechomenon_contingent_aristotle_e5f6g7h8,To Endechomenon (Τὸ ἐνδεχόμενον),discusses To Endechomenon (Τὸ ἐνδεχόμενον)?,0.34,passage_alex_fat_16,Alexander of Aphrodisias,De Fato,De Fato 16,grc,"Ἀλλ’ ὅτι μὲν οὔτε σώζουσι τὸ ἐφ’ ἡμῖν οἱ λέγοντες πάντα καθ’ εἱμαρμένην γίνεσθαι (οὐ γὰρ περὶ οὖ ζητοῦμεν, εἰ σώζεται κατ’ αὐτούς, τοῦτο σώζεται, οἵ γε καὶ αἰτίαν ἀποδιδόναι πειρῶνται τοῦ μηδὲ τὴν ἀρχὴν δυνατὸν εἶναι τὸ πρᾶγμα), οὐδὲ ἣν ἀπο"
edge_faible,concept_endechomenon_contingent_aristotle_e5f6g7h8,To Endechomenon (Τὸ ἐνδεχόμενον),discusses To Endechomenon (Τὸ ἐνδεχόμενον)?,0.34,passage_alex_fat_6,Alexander of Aphrodisias,De Fato,De Fato 6,grc,"τό τε γὰρ εἱμαρμένον κατὰ φύσιν καὶ τὸ κατὰ φύσιν εἱμαρμένον. οὐ γὰρ κατὰ φύσιν μέν ἐστιν ἄνθρωπον ἐξ ἀνθρώπου καὶ ἵππον ἐξ ἵππου γίνεσθαι, οὐ καθ’ εἱμαρμένην δέ, ἀλλὰ συνοδεύει τὰ αἴτια ταῦτα ἀλλήλοις ὡς ἂν ἔχοντα κατὰ τοὔνομα μόνον τὴν δι"
edge_faible,concept_ananke_necessity_democritus_h8i9j0k1,Ananke (Ἀνάγκη),discusses Ananke (Ἀνάγκη)?,0.32,passage_alex_fat_3,Alexander of Aphrodisias,De Fato,De Fato 3,grc,"ὅτι μὲν οὖν 8 αἰτίαν τινὰ τὴν εἱμαρμένην τοῖς γινομένοις εἶναι λέγουσιν πάντες οἱ περὶ εἱμαρμένης λέγοντές τι, γνώριμον (ταύτην γὰρ ἀποδιδόασίν τε καί φασιν αἰτίαν εἶναι τοῦ γίνεσθαι τὰ γινόμενα ὃν τρόπον γίνεται), ἐπεὶ δὲ πλεοναχῶς λέγεται"
edge_faible,concept_inner_freedom_alex,Inner Freedom (Inviolability of Choice),discusses Inner Freedom (Inviolability of Choice)?,0.32,passage_alex_fat_39,Alexander of Aphrodisias,De Fato,De Fato 39,grc,"Ταῦτα ὑμῖν, ὦ θειότατοι αὐτοκράτορες. τῆς Ἀριστοτέλους δόξης περί τε εἱμαρμένης καὶ τοῦ ἐφ’ ἡμῖν κατ’ ἐμὴν δόξαν τὰ κεφάλαια, καθ’ ἣν δοξάζοντες εἴς τε θεοὺς εὐσεβήσομεν, τὰ μὲν εἰδότες αὐτοῖς χάριν ἀνθ’ ὧν φθάνομεν ὑπ’ αὐτῶν εὖ πεπονθότες,"
edge_faible,concept_hekousion_voluntary_aristotle_a1b2c3d4,Hekousion (Ἑκούσιον),discusses Hekousion (Ἑκούσιον)?,0.31,passage_alex_fat_12,Alexander of Aphrodisias,De Fato,De Fato 12,grc,"Ἀναιρουμένου δὲ ὡς ἐδείχθη τοῦ βουλεύσασθαι κατ’ αὐτοὺς ἀναιρεῖται καὶ τὸ ἐφ’ ἡμῖν προδήλως. τοῦτο γὰρ ἐφ’ ἡμῖν πάντες, ὅσοι μὴ θέσει τινὶ παρίστανται, παρειλήφασιν εἶναι, οὗ ἡμεῖς μὲν καὶ τοῦ πραχθῆναι καὶ τοῦ μὴ πραχθῆναι κύριοι, οὐχ ἑπόμ"
edge_faible,concept_common_cause_alex,"Common Cause (Alexander, De fato, Bruns 194-","discusses Common Cause (Alexander, De fato, Bruns 194-?",0.31,passage_alex_fat_24,Alexander of Aphrodisias,De Fato,De Fato 24,grc,ἆρ’ οὖν τούτων οὕτως ἐχόντων ἀναιτίως τι γενήσεται καἴ τοῦθ’ ἡμῶν ὁ λόγος προξενεῖ; ἢ δύναται | σώζεσθαι τὸ μηδὲν ἀναιτίως τῶν γινομένων γίνεσθαι καὶ τοῦτον τὸν τρόπον ἐχόντων ὡς ἡμεῖς λέγομεν τῶν πραγμάτων. ἂν γὰρ παυσάμενοι τῆς ἀλύσεως τῶ
