relation,edge_id,source_id,source_type,source_name,target_id,target_type,target_name,p_specific,p_generic,source_excerpt,target_excerpt
engages_with,b7333cc7-bfeb-49b0-b956-25aacdd39f51,scholar_jaubert_a,person,Annie Jaubert,person_fischer_john_martin_3w4x5y6z,person,John Martin Fischer,0.01,0.08,"Early Christian literature, Clement of Rome, Jewish-Christian exegesis","John Martin Fischer (né 1952). Distinguished Professor of Philosophy à UC Riverside. Compatibiliste contemporain majeur. Ouvrages : *The Metaphysics of Free Will: An Essay on Control* (Blackwell, 1994) ; *Responsibility "
evidenced_by,0eb6517a-e8a8-4d81-b395-3bd49029cac5,group_pharisees_w1x2y3z4,group,Pharisees,passage_dl_lives_1_1_22,passage,"Diogenes Laertius, Vitae Philosophorum (Lives of Eminent Philosophers), 1.1.22",0.02,0.09,"Major Jewish sect/movement active from the late 2nd century BCE to the early 2nd century CE, characterized by adherence to oral Torah tradition alongside written Scripture, table purity observance, synagogue-based religi","Ἦν τοίνυν ὁ Θαλῆς, ὡς μὲν Ἡρόδοτος καὶ Δοῦρις καὶ Δημόκριτός φασι, πατρὸς μὲν Ἐξαμύου, μητρὸς δὲ Κλεοβουλίνης, ἐκ τῶν Θηλιδῶν, οἵ εἰσι Φοίνικες, εὐγενέστατοι τῶν ἀπὸ Κάδμου καὶ Ἀγήνορος. 〈ἦν δὲ τῶν ἑπτὰ σοφῶν〉, καθὰ καὶ "
evidenced_by,88d479c6-bdaf-41f9-8545-bd3b36958211,group_pharisees_w1x2y3z4,group,Pharisees,passage_dl_lives_1_1_23,passage,"Diogenes Laertius, Vitae Philosophorum (Lives of Eminent Philosophers), 1.1.23",0.02,0.09,"Major Jewish sect/movement active from the late 2nd century BCE to the early 2nd century CE, characterized by adherence to oral Torah tradition alongside written Scripture, table purity observance, synagogue-based religi",Μετὰ δὲ τὰ πολιτικὰ τῆς φυσικῆς ἐγένετο θεωρίας. καὶ κατά τινας μὲν σύγγραμμα κατέλιπεν οὐδέν· ἡ γὰρ εἰς αὐτὸν ἀναφερομένη Ναυτικὴ ἀστρολογία Φώκου λέγεται εἶναι τοῦ Σαμίου. Καλλίμαχος δ’ αὐτὸν οἶδεν εὑρετὴν τῆς ἄρκτου τ
discusses,6f92c05d-214b-47b6-b78b-225ae30f9a9d,passage_alex_fat_25,passage,"Alexander of Aphrodisias, De Fato, 25",concept_logos_krites_alex,concept,Logos as Kritēs (Reason as Judge),0.06,0.06,πῶς γὰρ οὐ φανερῶς τὸ λέγειν ψεῦδος πᾶν τὸ ἑπόμενόν τινι ἐξ ἐκείνου τὴν αἰτίαν τοῦ εἶναι ἔχειν καὶ πᾶν τὸ προηγούμενόν τινος αἴτιον ὑπάρχειν ἐκείνῳ; ὁρῶμεν γὰρ ὅτι τὰ ἐφεξῆς ἀλλήλοις ὄντα τῷ χρόνῳ οὐ πάντα διὰ τὰ ἔμπροσθ,"ΛΌΓΟΣ ΩΣ ΚΡΙΤΉΣ (logos HŌS KRITĒS) - reason AS JUDGE Alexander's account of how human reason evaluates impressions before assent, distinguishing us from animals. External impressions (phantasiai) strike us. Reason (logos"
discusses,42bdbf23-ec4a-457f-881d-46dc9214d517,passage_aug_lib_arb_2_8_23,passage,"Augustine, De Libero Arbitrio 2.8.23: The Immutable Law of Doubles",concept_voluntas_y7z8a9b0,concept,Will (Voluntas),0.03,0.09,"Augustine demonstrates the immutable law of mathematical ratios. The double of any number follows a fixed pattern: 2 is double of 1, 4 of 2, 8 of 4 - this LAW is ""certissima et incommutabili."" Latin: Deinde quoniam tenen","**Étymologie** : *voluntas* < radical *vol-* du verbe *velle* (« vouloir »), même racine que *voluptas* (« plaisir ») (le rapprochement avec le grec βούλομαι, d'une racine distincte, est contesté). Suffixe nominal -*tas*"
discusses,d8894744-d7f9-4212-a5f1-e7ee4700c4ae,passage_aug_lib_arb_2_7_18,passage,"Augustine, De Libero Arbitrio 2.7.18: Touch - Both Can Touch Same Part",concept_voluntas_y7z8a9b0,concept,Will (Voluntas),0.02,0.1,"Augustine analyzes touch: unlike food which is consumed, both people can touch the SAME part of the SAME body simultaneously. Latin: Aug. - Num censes tangendi sensum comparandum esse oculorum et aurium sensibus in ea re","**Étymologie** : *voluntas* < radical *vol-* du verbe *velle* (« vouloir »), même racine que *voluptas* (« plaisir ») (le rapprochement avec le grec βούλομαι, d'une racine distincte, est contesté). Suffixe nominal -*tas*"
discusses,0e2417eb-d601-4466-9062-4e1e1c8a2154,passage_aug_lib_arb_2_8_21,passage,"Augustine, De Libero Arbitrio 2.8.21: Numbers Not Derived from Senses",concept_voluntas_y7z8a9b0,concept,Will (Voluntas),0.02,0.11,"Augustine tests whether numbers come from bodily sense. Evodius argues: even if we perceive numbers through senses, the RATIO (rules/reason) of numbers cannot be perceived by sense. Latin: Aug. - Recte sane; sed video te","**Étymologie** : *voluntas* < radical *vol-* du verbe *velle* (« vouloir »), même racine que *voluptas* (« plaisir ») (le rapprochement avec le grec βούλομαι, d'une racine distincte, est contesté). Suffixe nominal -*tas*"
discusses,4dbb1157-b656-496c-8137-033b0fb7486e,passage_aug_lib_arb_2_8_22,passage,"Augustine, De Libero Arbitrio 2.8.22: The Unity (UNUM) Cannot Be Sensed",concept_voluntas_y7z8a9b0,concept,Will (Voluntas),0.02,0.11,"Augustine argues that UNUM (the one/unity) cannot be perceived by bodily senses. Every sensed body has parts, but true unity is indivisible. Mathematical one is intelligible, not sensible. Latin: Aug. - Non resisto tibi ","**Étymologie** : *voluntas* < radical *vol-* du verbe *velle* (« vouloir »), même racine que *voluptas* (« plaisir ») (le rapprochement avec le grec βούλομαι, d'une racine distincte, est contesté). Suffixe nominal -*tas*"
discusses,1cc33945-da4a-4cae-a7ab-a65a02fc7de0,passage_aug_lib_arb_3_23_67,passage,"Augustine, De Libero Arbitrio 3.23.67: Infant Baptism and Faith of Others",concept_divine_prescience,concept,Divine Prescience (πρόγνωσις),0.02,0.11,"Augustine explains that infant baptism benefits the child through the faith of those who present them. Latin: Quo loco etiam illud perscrutari homines solent, sacramentum baptismi Christi quid parvulis prosit, cum eo acc","Divine Prescience (πρόγνωσις / praescientia) designates God's foreknowledge of future events, including those depending on human choice, and generates a persistent aporia: if God foreknows act X, does X occur of necessit"
discusses,685ca820-b479-4ac3-8d37-6e18d13260b8,passage_aug_lib_arb_3_23_69,passage,"Augustine, De Libero Arbitrio 3.23.69: Animal Pain Reveals Universal Desire for Unity",concept_divine_prescience,concept,Divine Prescience (πρόγνωσις),0.02,0.11,"Augustine responds to objections about animal suffering by arguing that pain reveals the soul's desire for unity, pointing to the Creator. Latin: Dolor autem quem bestiae sentiunt, animarum etiam bestialium vim quamdam i","Divine Prescience (πρόγνωσις / praescientia) designates God's foreknowledge of future events, including those depending on human choice, and generates a persistent aporia: if God foreknows act X, does X occur of necessit"
discusses,65284b75-831e-41d5-a7b6-9cc7733f7770,synthesis_amand1945_methodius_indirect_via_hypomnema,synthesis,Methode d'Olympe = utilisation indirecte via un hypomnema scolaire (Amand 1945),work_epictetus_enchiridion,work,Enchiridion (Ἐγχειρίδιον) - Epictetus,0.04,0.09,"Synthesis of Amand 1945, Book II ch. VI (p. 326-341): Methodius (martyred c. 311), a Platonizing bishop and opponent of Origen, employs in the Banquet of the Ten Virgins VIII, 16, 227-229 three syllogisms in which Amand ","The Enchiridion (Ἐγχειρίδιον, ""Handbook"") is a condensed manual of Stoic ethical practice compiled by Arrian of Nicomedia from the oral teachings of Epictetus, composed c. 125 CE. Organized in 53 short chapters, it disti"
discusses,82346eef-2f50-4ef0-9ce6-fdc65727fefe,synthesis_amand1945_philo_de_providentia_literary_source_uncertain,synthesis,"Amand 1945 — Literary source of Philo’s Περὶ προνοίας: Clitomachus or, more probably, a scholastic by-product",work_epictetus_enchiridion,work,Enchiridion (Ἐγχειρίδιον) - Epictetus,0.03,0.1,"Amand’s methodological admission (p. 91-92, ll. 5675-5705): ""We do not know what the immediate literary source of this extensively developed argumentation was. Whether it was a work by Clitomachus or rather some derivati","The Enchiridion (Ἐγχειρίδιον, ""Handbook"") is a condensed manual of Stoic ethical practice compiled by Arrian of Nicomedia from the oral teachings of Epictetus, composed c. 125 CE. Organized in 53 short chapters, it disti"
discusses,6268f7a2-a32a-46ed-aa57-cb926ab6f5c5,passage_aug_lib_arb_3_10_30,passage,"Augustine, De Libero Arbitrio 3.10.30: CRUCIAL - The Incarnation: Verbum Caro Factum Est",concept_divine_prescience,concept,Divine Prescience (πρόγνωσις),0.02,0.12,"CRUCIAL PASSAGE: Augustine proclaims the INCARNATION. The Word by which all was made, enjoying angelic beatitude, extended His mercy to our misery: VERBUM CARO FACTUM EST (John 1:14). The Bread of Angels became available","Divine Prescience (πρόγνωσις / praescientia) designates God's foreknowledge of future events, including those depending on human choice, and generates a persistent aporia: if God foreknows act X, does X occur of necessit"
discusses,325a481b-b17f-4ccc-8ec5-b38a9528e956,passage_aug_lib_arb_3_5_16,passage,"Augustine, De Libero Arbitrio 3.5.16: Every Soul Better Than Every Body",concept_divine_prescience,concept,Divine Prescience (πρόγνωσις),0.02,0.12,"Augustine establishes: EVERY soul (even sinful) is better than EVERY body. The soul never loses being soul, never becomes body. Light holds first place among bodies; even lowest soul surpasses it. Latin: Quia igitur omni","Divine Prescience (πρόγνωσις / praescientia) designates God's foreknowledge of future events, including those depending on human choice, and generates a persistent aporia: if God foreknows act X, does X occur of necessit"
discusses,furst-markschies-079,scholarly_argument_furst_2021_pamphilus_preserves_suspended_judgments,argument,"Fürst: Pamphilus preserves Origen's zetetic suspensions, while Athanasius narrows their function",concept_dynamic_anthropology_temporal,concept,Dynamic Anthropology - Temporal Development toward Perfection,0.02,0.12,Fürst reads Origen's academic method as deliberately zetetic. Pamphilus reports that Origen often offered several possibilities without a final judgment and left readers to choose; Athanasius subtly narrows this openness,"Contra static anthropologies presuming complete human realization at creation, Irenaeus presents humanity as ontologically incomplete beings whose perfection requires historical process. Human nature is not fixed essence"
discusses,928bdfc5-b452-4d01-bb04-309f1ac27d51,passage_aug_lib_arb_2_11_30,passage,"Augustine, De Libero Arbitrio 2.11.30: Wisdom and Number - Same or Different?",concept_voluntas_y7z8a9b0,concept,Will (Voluntas),0.03,0.11,"Evodius asks: are wisdom and number the same genus? Are they distinct? Is one derived from or contained in the other? Scripture joins them (Wisdom 11:20: ""in measure, number, weight""). Latin: Ev. - Dubitare non possum. S","**Étymologie** : *voluntas* < radical *vol-* du verbe *velle* (« vouloir »), même racine que *voluptas* (« plaisir ») (le rapprochement avec le grec βούλομαι, d'une racine distincte, est contesté). Suffixe nominal -*tas*"
discusses,3ec690cc-0cde-4e4f-bf17-4ab515a9845f,passage_aug_lib_arb_2_16_42,passage,"Augustine, De Libero Arbitrio 2.16.42: All Forms Have Numbers - From God Who Has Number",concept_voluntas_y7z8a9b0,concept,Will (Voluntas),0.03,0.11,"Augustine shows that all things (heaven, earth, sea, creatures) have FORM because they have NUMBER. Remove number, and they are nothing. All comes from God ""a quo numerus."" Latin: Intuere coelum et terram et mare, et qua","**Étymologie** : *voluntas* < radical *vol-* du verbe *velle* (« vouloir »), même racine que *voluptas* (« plaisir ») (le rapprochement avec le grec βούλομαι, d'une racine distincte, est contesté). Suffixe nominal -*tas*"
discusses,e5b05cf3-528f-4de6-87dd-94870a039146,passage_aug_lib_arb_3_18_51,passage,"Augustine, De Libero Arbitrio 3.18.51: Sins of Ignorance - 1 Timothy 1:13",concept_divine_prescience,concept,Divine Prescience (πρόγνωσις),0.03,0.12,"Augustine addresses sins done in ignorance. Paul says ""I obtained mercy because I did it ignorantly"" (1 Tim 1:13). Also Psalm 25:7 on sins of youth and ignorance. Latin: Et tamen etiam per ignorantiam facta quaedam impro","Divine Prescience (πρόγνωσις / praescientia) designates God's foreknowledge of future events, including those depending on human choice, and generates a persistent aporia: if God foreknows act X, does X occur of necessit"
discusses,b41314bd-4a7b-4f26-b7a7-6bc7a5d97edf,synthesis_amand1945_transmission_carneades_to_firmicus_chain,synthesis,Amand 1945 — Chaîne de transmission Carnéade → Néchepso-Pétosiris → Firmicus (conjecturale),work_epictetus_enchiridion,work,Enchiridion (Ἐγχειρίδιον) - Epictetus,0.06,0.09,"Cross-sectional synthesis of Amand 1945 (Book I ch. VII §II.1 note 2 + §II.2, p. 181-185, ll. 10396-10580). Proposed chain of transmission: (1) Carneades (214/213-129/128 BCE) orally formulates the anti-astrological and ","The Enchiridion (Ἐγχειρίδιον, ""Handbook"") is a condensed manual of Stoic ethical practice compiled by Arrian of Nicomedia from the oral teachings of Epictetus, composed c. 125 CE. Organized in 53 short chapters, it disti"
discusses,6686385e-09d0-45b8-8055-ff9ef92f0ccc,passage_aug_lib_arb_2_16_44,passage,"Augustine, De Libero Arbitrio 2.16.44: Eternal Form Behind Mutable Things",concept_voluntas_y7z8a9b0,concept,Will (Voluntas),0.03,0.13,"Augustine argues: all mutable things require number/form to exist. There must be an ETERNAL AND IMMUTABLE FORM (forma aeterna et incommutabilis) by which all things are formed, not contained in space or time. Latin: Si e","**Étymologie** : *voluntas* < radical *vol-* du verbe *velle* (« vouloir »), même racine que *voluptas* (« plaisir ») (le rapprochement avec le grec βούλομαι, d'une racine distincte, est contesté). Suffixe nominal -*tas*"
discusses,513435f2-38e9-48c9-9dce-826710ebeb2d,passage_aug_lib_arb_2_7_15,passage,"Augustine, De Libero Arbitrio 2.7.15: Private vs Shared Senses",concept_voluntas_y7z8a9b0,concept,Will (Voluntas),0.03,0.13,"Augustine establishes that our bodily senses are individual (my sight is not yours), yet we can perceive the same objects. This sets up the distinction between private perception and common truth. Latin: Aug. - Faciam: s","**Étymologie** : *voluntas* < radical *vol-* du verbe *velle* (« vouloir »), même racine que *voluptas* (« plaisir ») (le rapprochement avec le grec βούλομαι, d'une racine distincte, est contesté). Suffixe nominal -*tas*"
discusses,3b7af87b-1854-40fe-9f20-4eedea9c8e5a,passage_aug_lib_arb_3_10_29,passage,"Augustine, De Libero Arbitrio 3.10.29: Two Origins of Sin - Occulta and Aliena",concept_divine_prescience,concept,Divine Prescience (πρόγνωσις),0.03,0.13,"Augustine identifies two origins of sin: (1) spontaneous thought (OCCULTA - hidden); (2) persuasion by another (ALIENA - others'). Psalm 19:12-13: ""From my hidden sins cleanse me, and from others' spare your servant."" La","Divine Prescience (πρόγνωσις / praescientia) designates God's foreknowledge of future events, including those depending on human choice, and generates a persistent aporia: if God foreknows act X, does X occur of necessit"
discusses,e2466d77-7301-4f68-aa6e-2865e7cc251a,passage_aug_lib_arb_3_25_76,passage,"Augustine, De Libero Arbitrio 3.25.76: CRUCIAL - Pride Is the Beginning of All Sin",concept_divine_prescience,concept,Divine Prescience (πρόγνωσις),0.02,0.14,"CRUCIAL PASSAGE: Augustine identifies PRIDE as the root of all sin - the self-pleasing that seeks to imitate God wrongly. Latin: Si autem tamquam obvius placet sibi ad perverse imitandum Deum, ut potestate sua frui velit","Divine Prescience (πρόγνωσις / praescientia) designates God's foreknowledge of future events, including those depending on human choice, and generates a persistent aporia: if God foreknows act X, does X occur of necessit"
discusses,c9761485-430f-444e-a10b-9c4e228e866a,scholarly_argument_ramelli_alexander_of_aphrodisias_as_so_0,argument,Ramelli: Alexander of Aphrodisias was very probably a philosophical source for Origen of ,person_plotinus_d270,person,Plotinus,0.05,0.12,"Alexander of Aphrodisias as source for Origen's philosophy — Alexander of Aphrodisias was very probably a philosophical source for Origen of Alexandria, with parallels across multiple domains including anti-determinism, ","Plotinus (c. 204/5–270 CE), born in Lycopolis (Eunapius, Vitae Sophistarum 456), studied under Ammonius Saccas in Alexandria (232–243) before establishing his school in Rome (244). His Enneads, edited posthumously by Por"
evidenced_by,629a64f4-90df-4e09-a53b-06d980d47f1f,concept_clinamen_atomic_swerve_epicurus_m3n4o5p6,concept,Clinamen / Parenklisis (Atomic Swerve),passage_boethius_cons_104,passage,"Boethius, Cons. 104: Fortune and Causation",0.04,0.13,"The atomic swerve is most fully connected with freedom in Lucretius, De Rerum Natura II.216-293, while Cicero reports the Epicurean debate. This Sorabji evidence does not provide a surviving passage of Epicurus that expl","— Nimis quidem, inquam, vera ratio et, si quam paulo ante docuisti providentiam fatumve {fatumve} considerem firmis viribus nixa sententia. Sed eam si placet, inter eas, quas inopinabiles paulo ante posuisti, numeremus. "
discusses,02414d88-9703-4490-89b3-53d995c7ecfc,passage_aug_lib_arb_2_11_32,passage,"Augustine, De Libero Arbitrio 2.11.32: Gold and Light - Why Wisdom Seems Rarer",concept_voluntas_y7z8a9b0,concept,Will (Voluntas),0.04,0.13,"Augustine explains why wisdom seems rarer than number: like gold vs lamplight, rarity makes things seem more valuable. But wisdom and number may be CONSUBSTANTIAL like fire and light. Latin: Nec mireris numeros ideo vilu","**Étymologie** : *voluntas* < radical *vol-* du verbe *velle* (« vouloir »), même racine que *voluptas* (« plaisir ») (le rapprochement avec le grec βούλομαι, d'une racine distincte, est contesté). Suffixe nominal -*tas*"
discusses,3d5d3868-f84f-4b26-a898-09fafc852e17,passage_aug_lib_arb_2_14_38,passage,"Augustine, De Libero Arbitrio 2.14.38: Truth More Like Sight/Sound Than Taste/Touch",concept_voluntas_y7z8a9b0,concept,Will (Voluntas),0.04,0.13,"Augustine compares truth to sensory objects: truth is more like what is seen/heard (whole to all) than tasted/touched. But even these are not perfect analogies - truth transcends all. Latin: Minus ergo ea quae tangimus, ","**Étymologie** : *voluntas* < radical *vol-* du verbe *velle* (« vouloir »), même racine que *voluptas* (« plaisir ») (le rapprochement avec le grec βούλομαι, d'une racine distincte, est contesté). Suffixe nominal -*tas*"
discusses,dea0e9d7-9f08-4989-af08-844cf3f65835,passage_aug_lib_arb_2_3_8,passage,"Augustine, De Libero Arbitrio 2.3.8: The Five Senses and Interior Sense",concept_voluntas_y7z8a9b0,concept,Will (Voluntas),0.03,0.14,"Augustine analyzes the five bodily senses (seeing, hearing, smelling, tasting, touching) and introduces the ""sensus interior"" - the inner sense that coordinates and judges the external senses. Latin: Aug. - Dic mihi iam ","**Étymologie** : *voluntas* < radical *vol-* du verbe *velle* (« vouloir »), même racine que *voluptas* (« plaisir ») (le rapprochement avec le grec βούλομαι, d'une racine distincte, est contesté). Suffixe nominal -*tas*"
discusses,282fabae-97df-474e-a513-5cea3e301fb2,passage_aug_lib_arb_3_10_31,passage,"Augustine, De Libero Arbitrio 3.10.31: Christ Conquers Devil by Justice Not Force",concept_divine_prescience,concept,Divine Prescience (πρόγνωσις),0.03,0.14,"Augustine explains: Christ, the Word made man, subjected the devil to man not by violent domination but by the LAW OF JUSTICE. The devil held humanity by rights of death through the woman's deception; Christ overcame by ","Divine Prescience (πρόγνωσις / praescientia) designates God's foreknowledge of future events, including those depending on human choice, and generates a persistent aporia: if God foreknows act X, does X occur of necessit"
discusses,8381605c-49e1-4a6e-8480-0fb8707a27b0,passage_aug_lib_arb_2_7_16,passage,"Augustine, De Libero Arbitrio 2.7.16: Many See One Sun - Common Object of Perception",concept_voluntas_y7z8a9b0,concept,Will (Voluntas),0.04,0.13,"Augustine argues that while senses are private, the objects perceived can be shared. Many people with their individual senses can see ONE sun simultaneously. Latin: Aug. - Num etiam poteris dicere singulos soles nos habe","**Étymologie** : *voluntas* < radical *vol-* du verbe *velle* (« vouloir »), même racine que *voluptas* (« plaisir ») (le rapprochement avec le grec βούλομαι, d'une racine distincte, est contesté). Suffixe nominal -*tas*"
discusses,3ae28fbc-d3ea-4e52-ba35-d1c74ff810bc,passage_aug_lib_arb_3_25_77,passage,"Augustine, De Libero Arbitrio 3.25.77: CONCLUDING - The Beauty of Justice and Eternal Light",concept_divine_prescience,concept,Divine Prescience (πρόγνωσις),0.03,0.14,"FINAL PASSAGE of the dialogue: Augustine concludes with a hymn to the beauty of justice and the incomparable value of eternal truth. Latin: Tanta est autem pulchritudo iustitiae, tanta iucunditas lucis aeternae, hoc est ","Divine Prescience (πρόγνωσις / praescientia) designates God's foreknowledge of future events, including those depending on human choice, and generates a persistent aporia: if God foreknows act X, does X occur of necessit"
evidenced_by,24f72e44-afa8-45cc-8884-281ee50fec35,concept_autexousion_christian_freedom_u1v2w3x4,concept,Autexousion (Αὐτεξούσιον) - Christian Free Will,passage_athenagoras_leg____379_________9________2___24,passage,"SC 379, ch.9, §2, §24 (Athenagoras of Athens)",0.05,0.13,"**Étymologie** : αὐτεξούσιον < αὐτο- (réflexif, « soi-même ») + ἐξουσία (« autorité, pouvoir d'agir »), terme déjà attesté dans le grec juif et profane du Iᵉʳ s. ap. J.-C. (Philon d'Alexandrie, TLG 0018) ; le sens propre","**Reference:** SC 379, chap.: 9, par.: 2, §24 **Author:** Athenagoras of Athens **Work:** Supplique au sujet des chrétiens (éd. Pouderon) **Edition:** SC 379 **Original Greek (from database):** 2. « Κύριος ὁ θεὸς ἡμῶν · "
discusses,3edeee24-e14e-4c53-a5a9-6c8d5c6659cb,passage_aug_lib_arb_3_23_70,passage,"Augustine, De Libero Arbitrio 3.23.70: All Creation Proclaims Unity and the Creator",concept_divine_prescience,concept,Divine Prescience (πρόγνωσις),0.03,0.15,"Augustine concludes that all creatures, whether sentient or not, proclaim the Creator through their desire for or manifestation of unity. Latin: Et revera si pie ac diligenter attendas, omnis creaturae species et motus q","Divine Prescience (πρόγνωσις / praescientia) designates God's foreknowledge of future events, including those depending on human choice, and generates a persistent aporia: if God foreknows act X, does X occur of necessit"
discusses,c7737b42-83dc-42ff-af6e-8efa51e3bd2f,passage_aug_lib_arb_3_5_17,passage,"Augustine, De Libero Arbitrio 3.5.17: Reason vs Use - True vs Customary Valuation",concept_divine_prescience,concept,Divine Prescience (πρόγνωσις),0.03,0.15,"Augustine distinguishes: RATIO (reason) judges by truth's light; USUS (custom) values by convenience. Carnal men prefer losing stars to losing one tree in their garden. Latin: Aliter enim aestimat ratio, aliter usus. Rat","Divine Prescience (πρόγνωσις / praescientia) designates God's foreknowledge of future events, including those depending on human choice, and generates a persistent aporia: if God foreknows act X, does X occur of necessit"
discusses,50048d74-42ba-4cf1-9239-17aff233a8be,passage_aug_lib_arb_2_8_20,passage,"Augustine, De Libero Arbitrio 2.8.20: CRUCIAL - Number as Common, Incorruptible Truth",concept_voluntas_y7z8a9b0,concept,Will (Voluntas),0.04,0.14,"CRUCIAL PASSAGE: Augustine asks whether there is something that ALL RATIONAL MINDS see in common, that remains INCORRUPT and WHOLE whether seen or not - unlike food/drink. Evodius answers: NUMBER (ratio et veritas numeri","**Étymologie** : *voluntas* < radical *vol-* du verbe *velle* (« vouloir »), même racine que *voluptas* (« plaisir ») (le rapprochement avec le grec βούλομαι, d'une racine distincte, est contesté). Suffixe nominal -*tas*"
cites_primary_source,d278e06c-a798-4828-a5f8-6215bd930167,argument_carneadean_general_theme_amand1945,argument,Argument carnéadien I — Thème général : le fatalisme bouleverse la vie morale (general moral collapse),passage_cic_fat_24,passage,"Marcus Tullius Cicero, De Fato, Fat. 24",0.04,0.15,"First of the six argumentative headings reconstructed by Dom David Amand de Mendieta (1945, p. 573-574). Framing argument: ""The logical consequence of the denial of free will and the acceptance of absolute fatalism in th","Communi igitur consuetudine sermonis abutimur, cum ita dicimus, velle aliquid quempiam aut nolle sine causa; ita enim dicimus sine causa, ut dicamus: sine externa et antecedente causa, non sine aliqua; ut, cum vas inane "
evidenced_by,97d4f514-a59d-4386-87ae-f438a3c37416,concept_clinamen_atomic_swerve_epicurus_m3n4o5p6,concept,Clinamen / Parenklisis (Atomic Swerve),passage_boethius_cons_98,passage,"Boethius, Cons. 98: Proximity to the Center",0.05,0.14,"The atomic swerve is most fully connected with freedom in Lucretius, De Rerum Natura II.216-293, while Cicero reports the Epicurean debate. This Sorabji evidence does not provide a surviving passage of Epicurus that expl","igitur uti est ad intellectum ratiocinatio, ad id quod est id quod gignitur, ad aeternitatem tempus, ad punctum medium circulus, ita est fati series mobilis ad providentiae stabilem simplicitatem. Ji. a series:; caelum a"
discusses,8496a0f0-a813-4265-ba2c-53ebc89a602b,passage_alex_fat_5,passage,"Alexander of Aphrodisias, De Fato, 5",concept_plurality_goods_alex,concept,"Plurality of Goods (Noble, Pleasant, Advantageous)",0.06,0.13,"τούτων δ’ οὕτως ἐχόντων καὶ πάντων τῶν γινομένων εἰς τούτους τοὺς τρόπους νενεμημένων ἀκόλουθον ἐπὶ τούτοις ἰδεῖν, ἐν ποίῳ τῶν ποιητικῶν αἰτίων χρὴ τιθέναι τὴν εἱμαρμένην. ἆρά γε ἐν τοῖς οὐδενὸς γινομένοις χάριν; ἢ τοῦτο","THE three GOODS: TO KALON, TO HĒDY, TO SYMPHERON Alexander's explanation for why human judgments VARY: we evaluate by different criteria. TO KALON (τὸ καλόν): THE NOBLE - moral beauty, virtue. TO HĒDY (τὸ ἡδύ): THE PLEAS"
discusses,eebe2120-c5df-4559-a1df-6cfd12643dc7,passage_aug_lib_arb_1_10_21,passage,"Augustine, De Libero Arbitrio 1.10.21: Nothing Superior to Rational Mind Except God",concept_concupiscence,concept,Concupiscence (Concupiscentia),0.04,0.15,Augustine establishes that nothing is superior to rational and wise mind except God. This prepares for the proof of God. Latin: utrum tibi videatur rationali et sapienti mente quidquam esse praestantius. Ev. - Nihil prae,"Latin: concupiscentia - disordered desire resulting from the Fall. In Augustine's theology, the post-lapsarian condition where human desires are fundamentally misdirected away from God toward created goods and self. Not "
discusses,b4663e1d-9fc6-4b86-a8dc-7a2db07243d3,passage_aug_lib_arb_1_9_19,passage,"Augustine, De Libero Arbitrio 1.9.19: The Wise Man vs The Fool",concept_concupiscence,concept,Concupiscence (Concupiscentia),0.04,0.15,"Augustine establishes the contrast between the wise (sapiens) and the foolish (stultus). The fool is contrary to the wise. Latin: Cum ergo ita homo constitutus atque ordinatus est, nonne tibi sapiens videtur? ...si stult","Latin: concupiscentia - disordered desire resulting from the Fall. In Augustine's theology, the post-lapsarian condition where human desires are fundamentally misdirected away from God toward created goods and self. Not "
discusses,fe769392-c47a-46a2-bb5b-dc30131d7383,passage_aug_lib_arb_2_12_33,passage,"Augustine, De Libero Arbitrio 2.12.33: CRUCIAL - Immutable Truth as Secret and Public Light",concept_voluntas_y7z8a9b0,concept,Will (Voluntas),0.03,0.16,"CRUCIAL PASSAGE: Augustine proclaims the INCOMMUTABILIS VERITAS - immutable truth containing all immutably true things. It is neither yours nor mine but belongs to all. It is ""secretum et publicum lumen"" - secret yet pub","**Étymologie** : *voluntas* < radical *vol-* du verbe *velle* (« vouloir »), même racine que *voluptas* (« plaisir ») (le rapprochement avec le grec βούλομαι, d'une racine distincte, est contesté). Suffixe nominal -*tas*"
discusses,3a387bec-e1d4-4e28-a67f-383977f7f85d,passage_aug_lib_arb_2_15_39,passage,"Augustine, De Libero Arbitrio 2.15.39: CRUCIAL - Conclusion: Truth Is God or Leads to God",concept_voluntas_y7z8a9b0,concept,Will (Voluntas),0.05,0.14,"CRUCIAL PASSAGE: Augustine concludes the proof. Evodius agreed: if something above our minds exists, it is God. Augustine showed truth is above minds. Therefore: truth IS God, or if something is above truth, THAT is God.","**Étymologie** : *voluntas* < radical *vol-* du verbe *velle* (« vouloir »), même racine que *voluptas* (« plaisir ») (le rapprochement avec le grec βούλομαι, d'une racine distincte, est contesté). Suffixe nominal -*tas*"
discusses,cca41ba8-d9a7-48d0-bd99-523ad2976c3d,passage_aug_lib_arb_2_8_24,passage,"Augustine, De Libero Arbitrio 2.8.24: Number Truth Is Immutable and Common to All Minds",concept_voluntas_y7z8a9b0,concept,Will (Voluntas),0.05,0.14,"Augustine concludes: the truth of numbers (1) does not pertain to bodily senses, (2) stands INVERTIBLE and SINCERE (unchangeable and pure), (3) is COMMON to all who reason. Many such truths exist. Latin: His et talibus m","**Étymologie** : *voluntas* < radical *vol-* du verbe *velle* (« vouloir »), même racine que *voluptas* (« plaisir ») (le rapprochement avec le grec βούλομαι, d'une racine distincte, est contesté). Suffixe nominal -*tas*"
discusses,05b2ee11-b958-4126-a979-5946bd76b835,passage_aug_lib_arb_2_9_25,passage,"Augustine, De Libero Arbitrio 2.9.25: Is Wisdom One or Many?",concept_voluntas_y7z8a9b0,concept,Will (Voluntas),0.04,0.15,"Augustine asks whether wisdom (sapientia) is private to each person or ONE and common to all. People disagree about what is wise - does this mean wisdom itself is multiple? Latin: Verumtamen, quaeso te, quid de ipsa sapi","**Étymologie** : *voluntas* < radical *vol-* du verbe *velle* (« vouloir »), même racine que *voluptas* (« plaisir ») (le rapprochement avec le grec βούλομαι, d'une racine distincte, est contesté). Suffixe nominal -*tas*"
discusses,e201c684-9f84-41a5-9e0e-1f269a6d8845,passage_aug_lib_arb_2_7_17,passage,"Augustine, De Libero Arbitrio 2.7.17: Sharing Air and Food - But We Transform Them",concept_voluntas_y7z8a9b0,concept,Will (Voluntas),0.05,0.14,"Augustine notes that with smell and taste, we share the same air or food, but we transform these into ourselves. The objects of touch, sight, and hearing are not consumed/transformed. Latin: Aug. - Iam etiam de caeteris ","**Étymologie** : *voluntas* < radical *vol-* du verbe *velle* (« vouloir »), même racine que *voluptas* (« plaisir ») (le rapprochement avec le grec βούλομαι, d'une racine distincte, est contesté). Suffixe nominal -*tas*"
discusses,408e4389-df84-4db3-9d00-dbae6d2f5a94,passage_aug_lib_arb_3_11_33,passage,"Augustine, De Libero Arbitrio 3.11.33: Higher and Lower Offices of Creatures",concept_divine_prescience,concept,Divine Prescience (πρόγνωσις),0.03,0.16,"Augustine distinguishes: some creatures have HIGHER office (whose absence would diminish order), some LOWER (whose absence but not sin would diminish). Angels have power to hold all; they remain good not because of offic","Divine Prescience (πρόγνωσις / praescientia) designates God's foreknowledge of future events, including those depending on human choice, and generates a persistent aporia: if God foreknows act X, does X occur of necessit"
discusses,5f54d3dd-42f3-4e85-94e0-76edfa2ec3e2,passage_aug_lib_arb_2_5_11,passage,"Augustine, De Libero Arbitrio 2.5.11: Returning to the Three Questions - Esse, Vivere, Intellegere Applied",concept_voluntas_y7z8a9b0,concept,Will (Voluntas),0.04,0.15,"Augustine recalls the three questions and applies the esse-vivere-intellegere hierarchy. Bodily senses belong to ""vivere"" - and what lives is better than what merely exists. Latin: Ev. - Quantum memini, trium illarum qua","**Étymologie** : *voluntas* < radical *vol-* du verbe *velle* (« vouloir »), même racine que *voluptas* (« plaisir ») (le rapprochement avec le grec βούλομαι, d'une racine distincte, est contesté). Suffixe nominal -*tas*"
discusses,8de8f1b0-e1cd-4e3d-aee2-7545ca335f2f,passage_aug_lib_arb_3_13_36,passage,"Augustine, De Libero Arbitrio 3.13.36: CRUCIAL - Every Nature That Can Become Less Good IS Good",concept_divine_prescience,concept,Divine Prescience (πρόγνωσις),0.03,0.16,"CRUCIAL PASSAGE: Augustine's key principle - every nature that can become LESS GOOD is (already) good. Corruption diminishes good. If corruption wholly removed good, nothing corruptible would remain. Latin: Omnis natura ","Divine Prescience (πρόγνωσις / praescientia) designates God's foreknowledge of future events, including those depending on human choice, and generates a persistent aporia: if God foreknows act X, does X occur of necessit"
discusses,dfe0a6b1-a42a-48da-a545-c8ef0d6e1ece,passage_aug_lib_arb_3_20_56,passage,"Augustine, De Libero Arbitrio 3.20.56: Traducianism or Creationism - Either Way Just",concept_divine_prescience,concept,Divine Prescience (πρόγνωσις),0.03,0.16,"Augustine considers: if one soul was made from which all descend (traducianism), who can say he didn't sin when the first sinned? If souls are made individually (creationism), it is fitting that bad merit of prior become","Divine Prescience (πρόγνωσις / praescientia) designates God's foreknowledge of future events, including those depending on human choice, and generates a persistent aporia: if God foreknows act X, does X occur of necessit"
discusses,10665361-ea21-47a9-9940-f809c0f42a69,passage_aug_lib_arb_3_25_75,passage,"Augustine, De Libero Arbitrio 3.25.75: The Devil's Fall and Internal Vision",concept_divine_prescience,concept,Divine Prescience (πρόγνωσις),0.04,0.15,"Augustine addresses the harder question: what vision prompted the devil's own fall, since he had no external tempter? Latin: Quaeri autem hoc loco potest, si homini praesto fuerunt ex utraque parte visa, unum ex praecept","Divine Prescience (πρόγνωσις / praescientia) designates God's foreknowledge of future events, including those depending on human choice, and generates a persistent aporia: if God foreknows act X, does X occur of necessit"
discusses,142f9d1e-fa63-4e87-a049-459c911636c0,passage_epict_13,passage,"Epictetus, Discourses I.9: Cosmopolitanism - Citizen of the Cosmos",concept_eph_hemin_in_our_power_aristotle_d4e5f6g7,concept,To Eph' Hêmin (Τὸ ἐφ' ἡμῖν) - What is In Our Power,0.04,0.15,Greek: • τὸ τοῦ Σωκράτους... μηδέποτε πρὸς τὸν πυθόμενον ποδαπός ἐστιν εἰπεῖν ὅτι Ἀθηναῖος ἢ Κορίνθιος - Socrates's [example]... never to say to one asking where he is from that [he is] Athenian or Corinthian • λέγεις Ἀθ,"**Étymologie** : τὸ ἐφ' ἡμῖν, syntagme attributif « ce qui est sur nous / en notre pouvoir » < ἐπί + datif pronom personnel 1ʳᵉ pl. Locution technique aristotélicienne (*EN* III.5) reprise par les Stoïciens et les Médio-"
discusses,457658f7-03f1-406c-b405-7195d0ebd4c7,passage_epict_28,passage,"Epictetus, Discourses I.20: Logos as Self-Reflexive Power",concept_eph_hemin_in_our_power_aristotle_d4e5f6g7,concept,To Eph' Hêmin (Τὸ ἐφ' ἡμῖν) - What is In Our Power,0.05,0.14,Greek: • Πᾶσα τέχνη καὶ δύναμις προηγουμένων τινῶν ἐστι θεωρητική - Every art and faculty is theoretical/contemplative of certain primary things • ὅταν ὁμοειδὴς τοῖς θεωρουμένοις ᾖ - when it is of the same kind as the th,"**Étymologie** : τὸ ἐφ' ἡμῖν, syntagme attributif « ce qui est sur nous / en notre pouvoir » < ἐπί + datif pronom personnel 1ʳᵉ pl. Locution technique aristotélicienne (*EN* III.5) reprise par les Stoïciens et les Médio-"
discusses,bfc7ce3f-3a37-49b9-b785-cdb9492f804d,pub_dihle_1982_theory_of_will,publication,"Dihle 1982, The Theory of Will in Classical Antiquity",scholarly_argument_dihle_prayer_and_divine_immutability_2,argument,"Dihle: Greek philosophical tradition, both Stoic and Platonic, rejected the popular rel",0.06,0.13,"Albrecht Dihle, The Theory of Will in Classical Antiquity (Sather Classical Lectures 48; University of California Press, Berkeley/Los Angeles/London, 1982), viii + 276 pp. German edition (by the author, revised and expan","Prayer and divine immutability in Greek philosophy — Greek philosophical tradition, both Stoic and Platonic, rejected the popular religious notion that prayer could influence or change God's intention. Such change would "
engages_with,673c1a59-a850-4ad0-90db-dc53605e4068,scholar_gaventa_b,person,Beverly Roberts Gaventa,scholar_king_p,person,Peter King,0.04,0.15,"New Testament studies, Pauline theology","Medieval philosophy, Augustine, free will"
cites_primary_source,1ababa46-1d8d-4933-a4b8-66947454bc30,argument_carneadean_general_theme_amand1945,argument,Argument carnéadien I — Thème général : le fatalisme bouleverse la vie morale (general moral collapse),passage_cic_fat_25,passage,"Marcus Tullius Cicero, De Fato, Fat. 25",0.03,0.17,"First of the six argumentative headings reconstructed by Dom David Amand de Mendieta (1945, p. 573-574). Framing argument: ""The logical consequence of the denial of free will and the acceptance of absolute fatalism in th","Rursus autem, ne omnes physici inrideant nos, si dicamus quicquam fieri sine causa, distinguendum est et ita dicendum, ipsius individui hanc esse naturam, ut pondere et gravitate moveatur, eamque ipsam esse causam, cur i"
discusses,63c94991-4045-4819-a0fe-075d01b13357,passage_aug_lib_arb_2_3_9,passage,"Augustine, De Libero Arbitrio 2.3.9: From Sense to Science - Reason Defines and Numbers",concept_voluntas_y7z8a9b0,concept,Will (Voluntas),0.04,0.16,"Augustine shows that reaching scientia (knowledge) requires passing beyond the senses. Only ratio can define and distinguish the senses. The sense cannot sense itself. Latin: Aug. - Agnosco istuc quidquid est, et eum int","**Étymologie** : *voluntas* < radical *vol-* du verbe *velle* (« vouloir »), même racine que *voluptas* (« plaisir ») (le rapprochement avec le grec βούλομαι, d'une racine distincte, est contesté). Suffixe nominal -*tas*"
discusses,f1158854-0b20-4c5a-bd96-de3929cbeda3,passage_aug_lib_arb_2_5_12,passage,"Augustine, De Libero Arbitrio 2.5.12: Interior Sense Judges - The Judge Is Superior",concept_voluntas_y7z8a9b0,concept,Will (Voluntas),0.04,0.16,Augustine argues that the interior sense is superior to bodily sense because it JUDGES bodily sense. The judge is always superior to what is judged. But neither can be called reason because beasts have the interior sense,"**Étymologie** : *voluntas* < radical *vol-* du verbe *velle* (« vouloir »), même racine que *voluptas* (« plaisir ») (le rapprochement avec le grec βούλομαι, d'une racine distincte, est contesté). Suffixe nominal -*tas*"
discusses,e340f946-8017-4e7c-9982-66f2f114884a,passage_aug_lib_arb_3_10_30,passage,"Augustine, De Libero Arbitrio 3.10.30: CRUCIAL - The Incarnation: Verbum Caro Factum Est",concept_voluntas_y7z8a9b0,concept,Will (Voluntas),0.05,0.15,"CRUCIAL PASSAGE: Augustine proclaims the INCARNATION. The Word by which all was made, enjoying angelic beatitude, extended His mercy to our misery: VERBUM CARO FACTUM EST (John 1:14). The Bread of Angels became available","**Étymologie** : *voluntas* < radical *vol-* du verbe *velle* (« vouloir »), même racine que *voluptas* (« plaisir ») (le rapprochement avec le grec βούλομαι, d'une racine distincte, est contesté). Suffixe nominal -*tas*"
discusses,a3aba7d6-b7fc-406a-a1d8-c3fb2bebd216,passage_aug_lib_arb_3_13_38,passage,"Augustine, De Libero Arbitrio 3.13.38: Vice Presupposes Praiseworthy Nature",concept_divine_prescience,concept,Divine Prescience (πρόγνωσις),0.03,0.17,"Augustine argues: when we blame VICE, we implicitly praise the NATURE in which the vice inheres. If what you blame is according to nature, it is not vice and you need correction. Latin: Quid, quod etiam in ipsis rebus qu","Divine Prescience (πρόγνωσις / praescientia) designates God's foreknowledge of future events, including those depending on human choice, and generates a persistent aporia: if God foreknows act X, does X occur of necessit"
discusses,8a2618c9-311f-46a3-96aa-51f37cadf9dd,passage_aug_lib_arb_3_14_41,passage,"Augustine, De Libero Arbitrio 3.14.41: Vice Is Evil Because Against Nature",concept_divine_prescience,concept,Divine Prescience (πρόγνωσις),0.03,0.17,"Augustine explains: VICE is evil precisely because it is AGAINST the nature of the thing having the vice. Thus blaming vices IS praising natures. Latin: Vitium autem, ut dicere coeperam, non aliunde malum est, nisi quia ","Divine Prescience (πρόγνωσις / praescientia) designates God's foreknowledge of future events, including those depending on human choice, and generates a persistent aporia: if God foreknows act X, does X occur of necessit"
discusses,7fc04826-2844-4c16-a377-c34c505c4b78,passage_aug_lib_arb_3_15_42,passage,"Augustine, De Libero Arbitrio 3.15.42: Blaming Vices Praises Creator More",concept_divine_prescience,concept,Divine Prescience (πρόγνωσις),0.04,0.16,"Augustine concludes: if blaming vices commends the dignity of natures, how much more must God be praised who created all natures - good insofar as they are, blameworthy insofar as they depart from His art. Latin: Si igit","Divine Prescience (πρόγνωσις / praescientia) designates God's foreknowledge of future events, including those depending on human choice, and generates a persistent aporia: if God foreknows act X, does X occur of necessit"
discusses,4d78be27-a10f-43b1-9f96-47410bc05368,passage_aug_lib_arb_3_16_45,passage,"Augustine, De Libero Arbitrio 3.16.45: God Owes Nothing - All Is Gratuitous",concept_divine_prescience,concept,Divine Prescience (πρόγνωσις),0.03,0.17,Augustine: God owes nothing to anyone because He gives all gratuitously. Even existence was not owed - there was no one to owe it to. What merit is turning to Him from whom you have being? Latin: Deus autem nulli debet a,"Divine Prescience (πρόγνωσις / praescientia) designates God's foreknowledge of future events, including those depending on human choice, and generates a persistent aporia: if God foreknows act X, does X occur of necessit"
cites_primary_source,6229c7c2-6f2a-467a-ac68-3c960ae5f337,pub_frede_2011_free_will,publication,Frede 2011 — A Free Will: Origins of the Notion in Ancient Thought,work_tatian_oratio,work,Oration to the Greeks (Λόγος πρὸς Ἕλληνας),0.04,0.16,"A Free Will: Origins of the Notion in Ancient Thought (Sather Classical Lectures 68; University of California Press, 2011). Edited by A. A. Long from lectures delivered by Frede before his death in 2007. Frede's central ","Tatian's Oratio ad Graecos is preserved here through a pinned Otto 1851 Perseus Greek manifestation. Direct loci relevant to agency are SAPERE 7.2, 7.3, 8.1, 9.3, 11.4, and 15.9. Modern claims about post-lapsarian freedo"
discusses,d1f8b3de-297b-4a0c-9dfb-77c6ce1aa125,synthesis_ditte_hamartia_double_sin_plotinus,synthesis,διττὴ ἁμαρτία (Double Sin) - Plotinus's Synthesis of Embodiment Doctrines,scholar_double_r,person,Richard Double,0.07,0.13,Plotinus's doctrine of the soul's 'double fault' (ditte hamartia): the initial descent into body and the subsequent wrongful attachment to bodily pleasures. Represents his complex position on whether embodiment is culpab,"philosophy of free will, moral responsibility"
cites_primary_source,reading-a-115,scholarly_argument_van_der_eijk_animal_quasi_reason_verdict_suspended,argument,van der Eijk: Origen considers animal quasi-rational activity without settling it,passage_origen_de_orat_6,passage,"Origen, De Oratione 6: Prescience Is Not Causality",0.03,0.17,"To explain why denial of freedom first implies that humans are not even living beings, van der Eijk compares De principiis, where some animals judge impressions in ways approaching reason. He concludes that Origen consid","Origen's classic statement that divine foreknowledge is not the cause of what comes to be: God pre-arranges everything in accordance with what he has foreseen of each act that is up to us (τὸ ἐφ' ἡμῖν), and the εἱρμός of"
discusses,5dd0c04b-22cc-496b-a4b5-8c1e0359c341,passage_boethius_cons_69,passage,"Boethius, Cons. 69: All Seek Preservation",concept_summum_bonum_boethius_k6l7m8n9,concept,Summum Bonum (Supreme Good) - Boethius,0.06,0.15,"Omne na i animal tueri salutem laborat, mortem vero perniciemque {perniciemque} devitat. Sed quid de herbis arboribusque {arboribusque}, quid de inanima omnino consentiam rebus, prorsus dubito. — Atqui non est, quod de h","The Summum Bonum is the single, unified Good that is the source of all goods and identical with God. True happiness (beatitudo) is attaining this Good. Latin texts: • ""ipsum bonum"" - the Good itself (III.10) • ""deum summ"
source_for,fb043b21-cf14-486b-9ee7-e3013da033e3,work_plato_phaedo,work,"Plato, Phaedo",concept_orphic_zagreus_dionysus_myth,concept,Orphic Zagreus/Dionysus Myth - Anthropological Dualism,0.03,0.18,"Middle dialogue set on the day of Socrates's execution (399 BCE), narrated by Phaedo of Elis to Echecrates at Phlius. Alongside eschatological myth, the dialogue contains four arguments for the immortality of the soul — ","The Orphic myth of Dionysus-Zagreus, son of Zeus, torn apart by Titans and reborn. On a contested modern reconstruction, humans are born from the ashes of the Titans who had consumed Zagreus, which would explain why huma"
discusses,eb7dcbcb-32b3-4499-b176-536e3665b509,passage_aug_lib_arb_2_12_34,passage,"Augustine, De Libero Arbitrio 2.12.34: Truth Is Above Mind - We Judge BY It, Not OF It",concept_voluntas_y7z8a9b0,concept,Will (Voluntas),0.04,0.17,"Augustine argues: truth is ABOVE our minds. If inferior, we would judge OF it; if equal, we would change it. But we judge ACCORDING TO it (secundum illam) and cannot change it. Therefore it is superior. Latin: Aug. - Han","**Étymologie** : *voluntas* < radical *vol-* du verbe *velle* (« vouloir »), même racine que *voluptas* (« plaisir ») (le rapprochement avec le grec βούλομαι, d'une racine distincte, est contesté). Suffixe nominal -*tas*"
discusses,a39d1121-85d8-4885-aecf-5ec5dd20b8c7,passage_aug_lib_arb_2_4_10,passage,"Augustine, De Libero Arbitrio 2.4.10: Interior Sense Senses Itself - Life Flees Death",concept_voluntas_y7z8a9b0,concept,Will (Voluntas),0.05,0.16,Augustine argues that the interior sense not only senses what the bodily senses report but also senses the bodily senses themselves. This is shown by beasts avoiding danger. Life flees death because it senses itself. Lat,"**Étymologie** : *voluntas* < radical *vol-* du verbe *velle* (« vouloir »), même racine que *voluptas* (« plaisir ») (le rapprochement avec le grec βούλομαι, d'une racine distincte, est contesté). Suffixe nominal -*tas*"
discusses,838b4bd1-6388-480e-a1fc-54d205bb6566,passage_aug_lib_arb_2_7_19,passage,"Augustine, De Libero Arbitrio 2.7.19: What We Transform vs What Remains Intact",concept_voluntas_y7z8a9b0,concept,Will (Voluntas),0.05,0.16,"Augustine summarizes: senses are private, but sensed objects are either (a) transformed/consumed (food, drink, air) or (b) intact and available to all (light, sound, touched bodies). Latin: Aug. - Vigilantissime respondi","**Étymologie** : *voluntas* < radical *vol-* du verbe *velle* (« vouloir »), même racine que *voluptas* (« plaisir ») (le rapprochement avec le grec βούλομαι, d'une racine distincte, est contesté). Suffixe nominal -*tas*"
discusses,8285a4a0-7d2f-4023-9940-c6a8f50f1c74,passage_aug_lib_arb_3_21_59,passage,"Augustine, De Libero Arbitrio 3.21.59: Four Theories of Soul Origin - None Rashly Affirmed",concept_divine_prescience,concept,Divine Prescience (πρόγνωσις),0.04,0.17,"Augustine lists FOUR THEORIES of soul origin: (1) propagation from Adam, (2) created new for each, (3) sent by God, (4) descend by own choice. He says none should be rashly affirmed; the question is not yet settled by Ca","Divine Prescience (πρόγνωσις / praescientia) designates God's foreknowledge of future events, including those depending on human choice, and generates a persistent aporia: if God foreknows act X, does X occur of necessit"
discusses,833b8910-885b-4fdb-8c16-3bfa3694d34a,passage_aug_lib_arb_3_14_39,passage,"Augustine, De Libero Arbitrio 3.14.39: Corruption Requires Corruptible Element",concept_divine_prescience,concept,Divine Prescience (πρόγνωσις),0.04,0.17,"Augustine examines whether one nature can corrupt another without its own vice. Answer: if the corrupting nature finds nothing corruptible in the other, it does not corrupt it. Latin: Videndum est etiam illud, utrum vere","Divine Prescience (πρόγνωσις / praescientia) designates God's foreknowledge of future events, including those depending on human choice, and generates a persistent aporia: if God foreknows act X, does X occur of necessit"
discusses,2d122059-7a1c-4eda-b788-bbebd9b0c833,passage_aug_lib_arb_3_19_53,passage,"Augustine, De Libero Arbitrio 3.19.53: Why Are We Born With Ignorance? Adam's Sin",concept_divine_prescience,concept,Divine Prescience (πρόγνωσις),0.04,0.17,"Augustine addresses the question: ""If Adam and Eve sinned, what did we poor ones do, that we are born with blindness of ignorance and torments of difficulty?"" Latin: Hic occurrit illa quaestio, quam inter se murmurantes ","Divine Prescience (πρόγνωσις / praescientia) designates God's foreknowledge of future events, including those depending on human choice, and generates a persistent aporia: if God foreknows act X, does X occur of necessit"
discusses,29169b87-c9df-498e-b4e2-c692b58af2e5,passage_aug_lib_arb_3_23_67,passage,"Augustine, De Libero Arbitrio 3.23.67: Infant Baptism and Faith of Others",concept_voluntas_y7z8a9b0,concept,Will (Voluntas),0.05,0.16,"Augustine explains that infant baptism benefits the child through the faith of those who present them. Latin: Quo loco etiam illud perscrutari homines solent, sacramentum baptismi Christi quid parvulis prosit, cum eo acc","**Étymologie** : *voluntas* < radical *vol-* du verbe *velle* (« vouloir »), même racine que *voluptas* (« plaisir ») (le rapprochement avec le grec βούλομαι, d'une racine distincte, est contesté). Suffixe nominal -*tas*"
discusses,b5c847de-e38e-4c77-948e-6dbabbe0c365,passage_aug_lib_arb_3_23_66,passage,"Augustine, De Libero Arbitrio 3.23.66: Objection About Infant Deaths",concept_divine_prescience,concept,Divine Prescience (πρόγνωσις),0.04,0.17,Augustine addresses the objection raised by critics about infant deaths and suffering - how can they be judged if they earned no merit? Latin: Huic autem disputationi obici ab imperitis solet quaedam calumnia de mortibus,"Divine Prescience (πρόγνωσις / praescientia) designates God's foreknowledge of future events, including those depending on human choice, and generates a persistent aporia: if God foreknows act X, does X occur of necessit"
discusses,c201af81-5c27-42ad-af63-0e18328c5bd1,passage_aug_lib_arb_3_5_13,passage,"Augustine, De Libero Arbitrio 3.5.13: Do Not Say Creation Should Have Been Different",concept_divine_prescience,concept,Divine Prescience (πρόγνωσις),0.04,0.17,"Augustine warns: do not complain that creatures should have been made DIFFERENTLY. Whatever true reason shows to be better, God made. Envious weakness imagines improvements. Latin: Illud quoque moneo caveas, ne forte non","Divine Prescience (πρόγνωσις / praescientia) designates God's foreknowledge of future events, including those depending on human choice, and generates a persistent aporia: if God foreknows act X, does X occur of necessit"
discusses,5ea0b710-4952-402b-9084-60423c1a6f50,person_sextus_empiricus_c160_210ce_d4f8a2b1,person,Sextus Empiricus,argument_the_master_argument_kurieuon_logos_355f4d3f,argument,The Master Argument (Kurieuon Logos),0.04,0.17,"Pyrrhonian philosopher and physician of uncertain date — estimates range from the late 2nd to early 3rd century CE, with c. 160–210 CE a conventional approximation. The cognomen “Empiricus” reflects affiliation with the ","Diodorus Cronus' Master Argument about possibility and necessity is preserved in Epictetus, Discourses II.19. Sorabji calls Diodorus a dialectician and follows Sedley in rejecting a categorical Megarian-school classifica"
engages_with,6a8f0ce2-b31a-48c4-82c9-ddb15912e180,scholar_list_n,person,Nicholas List,person_jonathan_edwards_9a3v4w02,person,Jonathan Edwards,0.04,0.17,"Nicholas List — Early Christian studies, Middle Platonism and Justin Martyr; author of 'Justin Martyr's Problem with Platonism', Vigiliae Christianae 78 (2024). Not to be confused with the List discussed by Fürst 2022, w",American Congregationalist theologian and philosopher. Developed sophisticated compatibilist position defending Calvinist theology against Arminian attacks. Argued freedom = acting according to strongest motive/inclinati
discusses,fa0110d1-8821-42ac-912f-b784854f5d4d,synthesis_amand1945_greg_naz_school_commonplace,synthesis,Amand 1945: Carneadean argumentation as 4th-century schoolroom commonplace,person_sophronius_jerusalem_560_638,person,Sophrone de Jérusalem,0.07,0.14,Amand’s synthesis: the presence of the Carneadean echo in Gregory of Nazianzus demonstrates a more general thesis of diffusion. Amand (p. 401): 'The anti-fatalist ethical argumentation of the founder of the New Academy h,"Patriarch of Jerusalem 634-638. First major opponent of Monoenergism: his Synodica of 634, a lengthy encyclical letter addressed to Sergius of Constantinople and Honorius of Rome, constitutes the first major systematic r"
discusses,74db3565-55b3-48cd-8bdd-1735066510c5,passage_aug_lib_arb_3_14_40,passage,"Augustine, De Libero Arbitrio 3.14.40: Non-Blameworthy Corruption - Eating Food",concept_divine_prescience,concept,Divine Prescience (πρόγνωσις),0.04,0.18,"Augustine notes: a stronger nature can corrupt a weaker without vice on either side - like eating food. A frugal man eating grain is not blameworthy, nor is the grain. Latin: Potest etiam fieri ut aliquam inferiorem pote","Divine Prescience (πρόγνωσις / praescientia) designates God's foreknowledge of future events, including those depending on human choice, and generates a persistent aporia: if God foreknows act X, does X occur of necessit"
discusses,8f11c6fd-0e83-4ba6-8c75-2b5570ed30b1,passage_aug_lib_arb_3_18_52,passage,"Augustine, De Libero Arbitrio 3.18.52: Ignorance and Difficulty - Just Punishment for Sin",concept_divine_prescience,concept,Divine Prescience (πρόγνωσις),0.04,0.18,"Augustine explains: it is not surprising that through ignorance one lacks free choice, or through carnal habit cannot do what he sees is right. This is the JUST PUNISHMENT of sin. Latin: Nec mirandum est quod vel ignoran","Divine Prescience (πρόγνωσις / praescientia) designates God's foreknowledge of future events, including those depending on human choice, and generates a persistent aporia: if God foreknows act X, does X occur of necessit"
discusses,67140866-a40a-499e-af23-fb53b156dc0c,passage_aug_lib_arb_3_20_55,passage,"Augustine, De Libero Arbitrio 3.20.55: Justice in Birth and Mercy in Progress",concept_divine_prescience,concept,Divine Prescience (πρόγνωσις),0.04,0.18,"Augustine explains: that we are born from that first marriage with ignorance, difficulty, and mortality pleased the supreme God most justly - so that in birth appears justice punishing, in progress mercy liberating. Lati","Divine Prescience (πρόγνωσις / praescientia) designates God's foreknowledge of future events, including those depending on human choice, and generates a persistent aporia: if God foreknows act X, does X occur of necessit"
discusses,4102d424-9112-414b-8d09-cedce6646b59,passage_aug_lib_arb_3_21_62,passage,"Augustine, De Libero Arbitrio 3.21.62: Origin of Souls - An Open Question",concept_divine_prescience,concept,Divine Prescience (πρόγνωσις),0.03,0.19,"Augustine acknowledges the disputed question of soul origins while noting it does not affect the main argument about sin and punishment. Latin: Nec iste sermo ad id valuerit, ut quisquam nos prohibere arbitretur ut quaer","Divine Prescience (πρόγνωσις / praescientia) designates God's foreknowledge of future events, including those depending on human choice, and generates a persistent aporia: if God foreknows act X, does X occur of necessit"
discusses,bb57c269-b91b-4065-9952-6299f8e124a6,passage_aug_lib_arb_3_5_15,passage,"Augustine, De Libero Arbitrio 3.5.15: Three Grades: Perpetual Good, Recoverable Good, Irredeemable",concept_divine_prescience,concept,Divine Prescience (πρόγνωσις),0.04,0.18,Augustine describes three grades: (1) angels with perpetual beatitude; (2) fallen souls with recoverable beatitude; (3) souls with perpetual will to sin. Our condition (2) surpasses (3) and has its own place. Latin: Habe,"Divine Prescience (πρόγνωσις / praescientia) designates God's foreknowledge of future events, including those depending on human choice, and generates a persistent aporia: if God foreknows act X, does X occur of necessit"
engages_with,7839b0ca-f8c1-426d-a01f-d1a1f047663c,scholar_frede_michael,person,Michael Frede,scholar_crouzel_henri,person,Henri Crouzel,0.06,0.16,"Michael Frede (Berlin, 31 May 1940 — Agios Minas, near Itéa (Delphi), Gulf of Corinth, 11 August 2007), German historian of ancient philosophy trained in Hamburg and Göttingen (PhD 1966, Prädikation und Existenzaussage).","Henri Crouzel S.J. (1919-2003). French Jesuit, professor at the Institut Catholique de Toulouse, the foremost scholar of Origen studies in the twentieth century. Major works: *Théologie de l'image de Dieu chez Origène* ("
discusses,a5802996-2a60-40d7-80a8-c45a32aada0d,passage_aug_lib_arb_1_7_17,passage,"Augustine, De Libero Arbitrio 1.7.17: Knowledge of Life Superior to Mere Life",concept_voluntas_y7z8a9b0,concept,Will (Voluntas),0.05,0.17,"Augustine establishes that knowledge of life (scientia vitae) is superior to mere life, because knowing requires understanding. Latin: Quid ergo tibi horum duorum videtur esse praestantius? Ev. - Quid putas, nisi scienti","**Étymologie** : *voluntas* < radical *vol-* du verbe *velle* (« vouloir »), même racine que *voluptas* (« plaisir ») (le rapprochement avec le grec βούλομαι, d'une racine distincte, est contesté). Suffixe nominal -*tas*"
discusses,714e4aaa-740f-4e5f-92e0-d5d14e95b3e5,passage_aug_lib_arb_2_6_14,passage,"Augustine, De Libero Arbitrio 2.6.14: CRUCIAL - What Is Above Reason Is God (Eternal and Immutable)",concept_voluntas_y7z8a9b0,concept,Will (Voluntas),0.05,0.17,CRUCIAL PASSAGE: Augustine establishes the criterion for God - what is above reason and ETERNAL AND IMMUTABLE is God. Reason sees something unchangeable - this is God or something God-given that leads to God. Latin: Aug.,"**Étymologie** : *voluntas* < radical *vol-* du verbe *velle* (« vouloir »), même racine que *voluptas* (« plaisir ») (le rapprochement avec le grec βούλομαι, d'une racine distincte, est contesté). Suffixe nominal -*tas*"
discusses,1b97919b-470e-48cf-81b2-004a5f1c28ee,passage_aug_lib_arb_3_11_34,passage,"Augustine, De Libero Arbitrio 3.11.34: Fallen Soul Still Superior to Heavenly Body",concept_divine_prescience,concept,Divine Prescience (πρόγνωσις),0.05,0.17,"Augustine explains: the soul ordered to mortal bodies after sin rules its body not wholly by choice, but as universal laws permit. Yet even a fallen soul is superior to heavenly body - like a ragged slave to fine clothes","Divine Prescience (πρόγνωσις / praescientia) designates God's foreknowledge of future events, including those depending on human choice, and generates a persistent aporia: if God foreknows act X, does X occur of necessit"
discusses,d5c987e3-d8f6-49d5-bf92-1b4c8bd659bc,passage_epict_17,passage,"Epictetus, Discourses I.11 (cont.): Affection and Reason Reconciled",concept_eph_hemin_in_our_power_aristotle_d4e5f6g7,concept,To Eph' Hêmin (Τὸ ἐφ' ἡμῖν) - What is In Our Power,0.05,0.17,Greek: • τὸ φιλόστοργον δοκεῖ σοι κατὰ φύσιν εἶναι καὶ καλόν - does natural affection seem to you to be according to nature and noble? • εὐλόγιστον οὐ καλόν; - is being reasonable not noble? • Μὴ τοίνυν μάχην ἔχει τῷ φιλ,"**Étymologie** : τὸ ἐφ' ἡμῖν, syntagme attributif « ce qui est sur nous / en notre pouvoir » < ἐπί + datif pronom personnel 1ʳᵉ pl. Locution technique aristotélicienne (*EN* III.5) reprise par les Stoïciens et les Médio-"
cites_primary_source,b4a2da35-4f61-4f29-9bfc-aef5fae96b09,argument_carneadean_general_theme_amand1945,argument,Argument carnéadien I — Thème général : le fatalisme bouleverse la vie morale (general moral collapse),passage_cic_fat_23,passage,"Marcus Tullius Cicero, De Fato, Fat. 23",0.05,0.18,"First of the six argumentative headings reconstructed by Dom David Amand de Mendieta (1945, p. 573-574). Framing argument: ""The logical consequence of the denial of free will and the acceptance of absolute fatalism in th","Hanc Epicurus rationem induxit ob eam rem, quod veritus est, ne, si semper atomus gravitate ferretur naturali ac necessaria, nihil liberum nobis esset, cum ita moveretur animus, ut atomorum motu cogeretur. Id Democritus,"
discusses,d7334c10-1a8d-41a0-9889-8f3b28cb35b9,argument_furst_2022_middle_platonist_origin_autexousion,argument,Origine médio-platonicienne du concept d'autexousion (Fürst 2022),person_calcidius_4c_ce,person,Calcidius,0.06,0.17,"Fürst 2022's thesis (Kap. III 3b, p. 126-132): the Middle Platonists (Plutarch, ps.-Plutarch De Fato, Alcinous Didask. 26, Apuleius De Platone I 12, Maximus of Tyre) develop, against Stoic compatibilism, the doctrine of ","Calcidius (Chalcidius) is the Late Antique Latin translator and commentator of Plato's Timaeus. He is conventionally placed in the fourth century, but his precise date, religious affiliation and exact Platonist classific"
discusses,a457c4af-d979-423b-a8fd-686a5762c4f4,passage_alex_fat_19,passage,"Alexander of Aphrodisias, De Fato, 19",concept_tuche_chance_alex,concept,Alexandrian Definition of Chance (τύχη),0.09,0.14,Ἐπαύσαντο δ’ ἂν τῆς ἐν τοῖς λόγοις φιλοτιμίας καὶ συγχωρησάντων εἶναι τὸ ἐφ’ ἡμῖν ἐλεύθερόν τε καὶ αὐτεξούσιον καὶ κύριον τῆς τῶν ἀντικειμένων αἱρέσεώς τε καὶ πράξεως [...] ἐπὶ περιεστῶσιν ἀνθρώποις δίκαιος γίνεσθαι πεπι,ALEXANDRIAN CONCEPT (De Fato ch. 8 (Bruns 172–175)): Chance (τύχη) is an ACCIDENTAL byproduct (κατὰ συμβεβηκός) of purposive action. When someone acts for purpose X but accidentally achieves outcome Y (which was not the 
discusses,8d804c68-1a9a-49f4-81db-9b734207bc68,passage_aug_lib_arb_2_6_13,passage,"Augustine, De Libero Arbitrio 2.6.13: Reason Judges All - The Soul's Head or Eye",concept_voluntas_y7z8a9b0,concept,Will (Voluntas),0.04,0.19,"Augustine shows that reason (ratio) judges even the interior sense and all levels below. The soul's third element is like its ""head or eye"" (caput aut oculum). Is there anything above reason? Latin: Aug. - Attende iam ut","**Étymologie** : *voluntas* < radical *vol-* du verbe *velle* (« vouloir »), même racine que *voluptas* (« plaisir ») (le rapprochement avec le grec βούλομαι, d'une racine distincte, est contesté). Suffixe nominal -*tas*"
discusses,9b9d7e09-8ade-4c56-8fa0-212c8d0cad6b,passage_aug_lib_arb_3_1_2,passage,"Augustine, De Libero Arbitrio 3.1.2: The Motion Is Soul's Own - Like Stone's Fall",concept_divine_prescience,concept,Divine Prescience (πρόγνωσις),0.04,0.19,"Augustine argues: this evil motion is the SOUL'S OWN motion (animi motus). Like the stone's fall belongs to the stone (though by nature, not will), the soul's sinful motion belongs to the soul. Latin: Aug. - Cuius est is","Divine Prescience (πρόγνωσις / praescientia) designates God's foreknowledge of future events, including those depending on human choice, and generates a persistent aporia: if God foreknows act X, does X occur of necessit"
discusses,cd58c897-7d41-4dd5-9d62-880e3dd94525,passage_aug_lib_arb_3_24_72,passage,"Augustine, De Libero Arbitrio 3.24.72: Rational Capacity Precedes Wisdom",concept_divine_prescience,concept,Divine Prescience (πρόγνωσις),0.04,0.19,"Augustine distinguishes between being rational (able to receive precepts) and being wise (actual possession of wisdom). Latin: Si ergo ita factus est homo, ut quamvis sapiens nondum esset, praeceptum tamen posset acciper","Divine Prescience (πρόγνωσις / praescientia) designates God's foreknowledge of future events, including those depending on human choice, and generates a persistent aporia: if God foreknows act X, does X occur of necessit"
discusses,d0534671-dc69-4c9f-a59c-d61916f8558f,passage_aug_lib_arb_3_5_14,passage,"Augustine, De Libero Arbitrio 3.5.14: The Perfect Sphere Analogy",concept_divine_prescience,concept,Divine Prescience (πρόγνωσις),0.06,0.17,"Augustine gives the analogy of one who grasps perfect roundness in mind, then complains no nut is perfectly round. Similarly, some grasp a creature that adheres always to God, then complain actual creatures fall. Latin: ","Divine Prescience (πρόγνωσις / praescientia) designates God's foreknowledge of future events, including those depending on human choice, and generates a persistent aporia: if God foreknows act X, does X occur of necessit"
influences,8cc68d0d-e9b9-4c4d-9b3c-521058ad57c0,person_sextus_empiricus_c160_210ce_d4f8a2b1,person,Sextus Empiricus,person_strawson_galen_contemporary,person,Galen Strawson,0.09,0.14,"Pyrrhonian philosopher and physician of uncertain date — estimates range from the late 2nd to early 3rd century CE, with c. 160–210 CE a conventional approximation. The cognomen “Empiricus” reflects affiliation with the ","Free will pessimism, philosophy of mind, basic argument against moral responsibility"
discusses,62d646ff-d3b4-4d02-abc1-b51e35c74442,scholarly_argument_barclay_2020_incongruous_gift,argument,"The Christ-gift is incongruous: given in the absence of worth, it creates worth (Barclay 2020)",person_philo_alexandria_a1b2c3d4,person,Philo of Alexandria,0.06,0.17,"Barclay's organizing thesis. Whereas gifts in Paul's Greco-Roman world were normally distributed discriminately to worthy recipients, Paul takes the Christ-gift to be given without regard to worth, and in the absence of ","Hellenistic Jewish philosopher, c. 20 BCE – c. 50 CE, Alexandria. Synthesizing Middle Platonist transcendence, Stoic ethics, and Torah exegesis — with Scripture always primary (Nikiprowetzky 1977) — Philo grounds human m"
same_thesis_as,semmerge-same_thesis_as-argument_frede_2011_stoic_assent_is_proto_will-scholarly_argument_frede_stoic_origin_of_the_will_2,argument_frede_2011_stoic_assent_is_proto_will,argument,"Stoic assent provides the materials for a will, without yet being one (Frede 2011)",scholarly_argument_frede_stoic_origin_of_the_will_2,argument,Frede: The Stoics developed the first notion of a will through their theory of assent (,0.1,0.13,"Argument Frede 2011 Ch. 3 (p. 31-48). Le stoïcisme classique (Zénon, Chrysippe) construit l'architecture conceptuelle nécessaire à toute notion ultérieure de volonté : (a) âme unipartite = raison ; (b) toute action présu",Stoic origin of the will — The Stoics developed the first notion of a will through their theory of assent (synkatathesis) to impressions (phantasiai); Epictetus's prohairesis becomes the locus of moral agency
discusses,916bd02c-0005-4495-938d-9196ffaa2b8e,passage_aug_lib_arb_2_10_29,passage,"Augustine, De Libero Arbitrio 2.10.29: Rules and Lights of Virtue - Immutable and Common",concept_voluntas_y7z8a9b0,concept,Will (Voluntas),0.06,0.18,"Augustine summarizes: there are certain ""rules and lights of virtue"" (regulae et lumina virtutum) that are TRUE, IMMUTABLE, and COMMON to all contemplators. These pertain to wisdom. Latin: Aug. - Iam huiusmodi plura non ","**Étymologie** : *voluntas* < radical *vol-* du verbe *velle* (« vouloir »), même racine que *voluptas* (« plaisir ») (le rapprochement avec le grec βούλομαι, d'une racine distincte, est contesté). Suffixe nominal -*tas*"
discusses,c13aa2f7-c8a5-4c8b-8f1a-f63eb569244c,passage_aug_lib_arb_2_2_5,passage,"Augustine, De Libero Arbitrio 2.2.5: Faith Seeking Understanding - Nisi Credideritis",concept_voluntas_y7z8a9b0,concept,Will (Voluntas),0.06,0.18,"Evodius holds to faith (inconcussa fide) but seeks understanding. The question: how can we know that God exists? Augustine invokes Isaiah 7:9: ""Unless you believe, you will not understand."" Latin: Ev. - Quamquam haec inc","**Étymologie** : *voluntas* < radical *vol-* du verbe *velle* (« vouloir »), même racine que *voluptas* (« plaisir ») (le rapprochement avec le grec βούλομαι, d'une racine distincte, est contesté). Suffixe nominal -*tas*"
discusses,4afb6699-071b-405f-97aa-10437646bad3,passage_aug_lib_arb_3_21_60,passage,"Augustine, De Libero Arbitrio 3.21.60: Faith as Pathway from Temporal to Eternal",concept_voluntas_y7z8a9b0,concept,Will (Voluntas),0.06,0.18,"Augustine explains how faith in past and future events provides a pathway (via) to eternal truth for our human weakness. Latin: Sed ad contemplandam veritatis aeternitatem, ut ea perfrui eique inhaerere valeamus, infirmi","**Étymologie** : *voluntas* < radical *vol-* du verbe *velle* (« vouloir »), même racine que *voluptas* (« plaisir ») (le rapprochement avec le grec βούλομαι, d'une racine distincte, est contesté). Suffixe nominal -*tas*"
engages_with,c8c86e3e-0d84-4110-9ff6-8b712382863d,scholar_grant_r,person,Robert M. Grant,scholar_koch_i,person,Isabelle Koch,0.05,0.19,New Testament and Early Christianity,"Isabelle Koch. Lecturer and subsequently Professor at Aix-Marseille Université (Centre Gilles Gaston Granger). French specialist in Plotinus, the late Neoplatonists (Damascius, Proclus), and Greek patristic philosophy. A"
engages_with,917696fb-232f-48d8-9fb1-86bacbdb89d1,scholar_hall_c,person,Claire Hall,person_bobzien_susanne_contemporary,person,Susanne Bobzien,0.06,0.18,"Patristics, Origen, early Christian philosophy","Susanne Bobzien (née Susanne Bobzien, b. 1960), a German-British philosopher, professor of philosophy at Yale University (Joseph C. Hutchinson Chair) and subsequently senior research fellow at All Souls College, Oxford. "
engages_with,6f50889d-be94-476d-8db6-0a5c5b3f7a7e,scholar_ramelli_ilaria,person,Ilaria Ramelli,person_wolf_susan_contemporary,person,Susan Wolf,0.05,0.19,"Patristic philosophy, Origen, Alexander of Aphrodisias, late antique philosophy",Developed Reason View of responsibility echoing Stoic and Aristotelian rational agency. Responsibility requires acting according to Reason.
discusses,75cbe0d4-b741-434f-85a4-e40305d742b4,passage_aug_lib_arb_2_11_31,passage,"Augustine, De Libero Arbitrio 2.11.31: Numbers in All Things, Wisdom Only in Rational",concept_voluntas_y7z8a9b0,concept,Will (Voluntas),0.04,0.2,"Augustine distinguishes: God gave numbers to ALL things including bodies, but wisdom only to RATIONAL souls. Wisdom is the ""seat"" from which God disposes all things. Latin: Sed quia dedit numeros omnibus rebus etiam infi","**Étymologie** : *voluntas* < radical *vol-* du verbe *velle* (« vouloir »), même racine que *voluptas* (« plaisir ») (le rapprochement avec le grec βούλομαι, d'une racine distincte, est contesté). Suffixe nominal -*tas*"
discusses,eafa03de-bc46-4d5d-943a-3d8749ad714c,passage_aug_lib_arb_3_1_1,passage,"Augustine, De Libero Arbitrio 3.1.1: BOOK 3 OPENING - Whence the Evil Motion of Will?",concept_divine_prescience,concept,Divine Prescience (πρόγνωσις),0.04,0.2,"BOOK 3 BEGINS: Evodius returns to the deepest question left from Book 2 - WHENCE the motion by which will turns away from immutable good to changeable goods (propria, aliena, infima). Latin: Ev. - Quoniam satis mihi mani","Divine Prescience (πρόγνωσις / praescientia) designates God's foreknowledge of future events, including those depending on human choice, and generates a persistent aporia: if God foreknows act X, does X occur of necessit"
discusses,6f75dc37-77b5-40dd-99ed-ead9486a74d4,passage_aug_lib_arb_3_19_54,passage,"Augustine, De Libero Arbitrio 3.19.54: Sins of Ignorance Derive from Original Free Will",concept_divine_prescience,concept,Divine Prescience (πρόγνωσις),0.04,0.2,Augustine explains: what is done wrongly from ignorance or inability is called sin because it derives its ORIGIN from that sin of free will. The preceding merited the following. Latin: Nam illud quod ignorans quisque non,"Divine Prescience (πρόγνωσις / praescientia) designates God's foreknowledge of future events, including those depending on human choice, and generates a persistent aporia: if God foreknows act X, does X occur of necessit"
engages_with,a6ff8959-4656-4ca4-ae30-6c133e73130d,scholar_crouzel_henri,person,Henri Crouzel,scholar_koch_i,person,Isabelle Koch,0.04,0.2,"Henri Crouzel S.J. (1919-2003). French Jesuit, professor at the Institut Catholique de Toulouse, the foremost scholar of Origen studies in the twentieth century. Major works: *Théologie de l'image de Dieu chez Origène* (","Isabelle Koch. Lecturer and subsequently Professor at Aix-Marseille Université (Centre Gilles Gaston Granger). French specialist in Plotinus, the late Neoplatonists (Damascius, Proclus), and Greek patristic philosophy. A"
source_for,80676e8d-24f6-427a-88de-de8a2e8b21be,passage_alex_fat_36,passage,"Alexander of Aphrodisias, De Fato, 36",argument_wager_alex,argument,Wager Argument for Free Will (Alexander),0.15,0.1,"ἀλλὰ ταῦτά γε εἰ μὲν ὑπό τινων αἰτίων περιεστώτων αὐτοῖς οὕτως ἀναγκάζονται λέγειν, συγγινώσκειν αὐτοῖς ἄξιον, καὶ οὐδὲν δεῖ οὔθ’ ἡμᾶς περὶ τῶν ὑπ’ ἐκείνων κατ’ ἀνάγκην λεγομένων πολυπραγμονεῖν οὔτε ἐκείνους περὶ τῶν οὐχ","Alexander presents a pragmatic-prudential argument for accepting free will (De Fato 20-21, Bruns 190-191). Argument structure: Premise 1: If determinism is true and we believe in free will, we lose nothing (our actions w"
discusses,7a310514-d2db-4afb-a828-2476ddd79edd,passage_aug_lib_arb_1_9_19,passage,"Augustine, De Libero Arbitrio 1.9.19: The Wise Man vs The Fool",concept_voluntas_y7z8a9b0,concept,Will (Voluntas),0.05,0.2,"Augustine establishes the contrast between the wise (sapiens) and the foolish (stultus). The fool is contrary to the wise. Latin: Cum ergo ita homo constitutus atque ordinatus est, nonne tibi sapiens videtur? ...si stult","**Étymologie** : *voluntas* < radical *vol-* du verbe *velle* (« vouloir »), même racine que *voluptas* (« plaisir ») (le rapprochement avec le grec βούλομαι, d'une racine distincte, est contesté). Suffixe nominal -*tas*"
discusses,ebcc58f9-522b-4c94-b280-8a4574876dab,passage_aug_lib_arb_2_17_46,passage,"Augustine, De Libero Arbitrio 2.17.46: Three Kinds of Creatures - Corpus et Vita",concept_voluntas_y7z8a9b0,concept,Will (Voluntas),0.05,0.2,"Augustine distinguishes three kinds of creatures: (1) what merely exists, (2) what exists and lives, (3) what exists, lives, and understands. These can be named CORPUS et VITA. All are good from God. Latin: Tu autem si p","**Étymologie** : *voluntas* < radical *vol-* du verbe *velle* (« vouloir »), même racine que *voluptas* (« plaisir ») (le rapprochement avec le grec βούλομαι, d'une racine distincte, est contesté). Suffixe nominal -*tas*"
discusses,46ebd2c2-f124-408a-a03f-f239f91f8380,passage_aug_lib_arb_1_7_16,passage,"Augustine, De Libero Arbitrio 1.7.16: Order in Man - Living, Knowing, Understanding",concept_voluntas_y7z8a9b0,concept,Will (Voluntas),0.05,0.2,"Augustine examines the order within man himself. He distinguishes living (vivere), knowing one lives (nosse se vivere), and understanding (intellegere). Latin: dic mihi utrum certissimum sit tibi vivere te. Ev. - Hoc ver","**Étymologie** : *voluntas* < radical *vol-* du verbe *velle* (« vouloir »), même racine que *voluptas* (« plaisir ») (le rapprochement avec le grec βούλομαι, d'une racine distincte, est contesté). Suffixe nominal -*tas*"
discusses,2829558c-ed46-46c0-880d-44169cfb2f01,passage_aug_lib_arb_2_2_6,passage,"Augustine, De Libero Arbitrio 2.2.6: Credere and Intellegere - Isaiah 7:9 and John 17:3",concept_voluntas_y7z8a9b0,concept,Will (Voluntas),0.05,0.2,"Augustine's key methodological passage: credere and intellegere are different. We must first believe what we desire to understand. Isaiah: ""Unless you believe, you will not understand."" But eternal life IS knowledge (Joh","**Étymologie** : *voluntas* < radical *vol-* du verbe *velle* (« vouloir »), même racine que *voluptas* (« plaisir ») (le rapprochement avec le grec βούλομαι, d'une racine distincte, est contesté). Suffixe nominal -*tas*"
discusses,be9e19a4-b96d-44e8-86f7-ca38db37fc55,passage_aug_lib_arb_3_12_36,passage,"Augustine, De Libero Arbitrio 3.12.36: Summary Statement for Disputants",concept_divine_prescience,concept,Divine Prescience (πρόγνωσις),0.05,0.2,"Augustine offers to leave contemplation of beauty to those who can see it, and address the argumentative with a brief summary. Latin: Postremo, ut relinquamus contemplationem pulchritudinis rerum iis qui eam divino muner","Divine Prescience (πρόγνωσις / praescientia) designates God's foreknowledge of future events, including those depending on human choice, and generates a persistent aporia: if God foreknows act X, does X occur of necessit"
discusses,8857ba7f-003c-45b4-a459-a22a2099cecb,passage_aug_lib_arb_3_22_64,passage,"Augustine, De Libero Arbitrio 3.22.64: Natural Ignorance as Starting Point for Progress",concept_divine_prescience,concept,Divine Prescience (πρόγνωσις),0.05,0.2,"Augustine explains that natural ignorance and difficulty are not blameworthy but the starting point for spiritual progress. Latin: Ignorantia vero et difficultas si naturalis est, inde incipit anima proficere, et ad cogn","Divine Prescience (πρόγνωσις / praescientia) designates God's foreknowledge of future events, including those depending on human choice, and generates a persistent aporia: if God foreknows act X, does X occur of necessit"
discusses,55a727a6-ff17-47c2-8c89-5f008fb99563,passage_epict_10,passage,"Epictetus, Discourses I.7: On the Use of Hypothetical Arguments",concept_eph_hemin_in_our_power_aristotle_d4e5f6g7,concept,To Eph' Hêmin (Τὸ ἐφ' ἡμῖν) - What is In Our Power,0.06,0.19,Greek: • Περὶ τῆς χρείας τῶν μεταπιπτόντων καὶ ὑποθετικῶν - On the use of equivocal and hypothetical [arguments] • ἡ περὶ τοὺς μεταπίπτοντας καὶ ὑποθετικούς... πραγματεία λανθάνει τοὺς πολλούς - the study of equivocal an,"**Étymologie** : τὸ ἐφ' ἡμῖν, syntagme attributif « ce qui est sur nous / en notre pouvoir » < ἐπί + datif pronom personnel 1ʳᵉ pl. Locution technique aristotélicienne (*EN* III.5) reprise par les Stoïciens et les Médio-"
discusses,42bcdef1-4b6e-4736-9295-64f463efca2b,passage_epict_11,passage,"Epictetus, Discourses: The Necessity of Logical Training",concept_eph_hemin_in_our_power_aristotle_d4e5f6g7,concept,To Eph' Hêmin (Τὸ ἐφ' ἡμῖν) - What is In Our Power,0.07,0.18,Greek: • τὸ ἀκόλουθον αὐτοῖς προσδέχεσθαι - to accept what follows from them • τῆς συγχωρήσεως τῶν λημμάτων ἀπέστημεν - we departed from the concession of the premises • τὴν τοιαύτην μεταβολήν τε καὶ μετάπτωσιν - such ch,"**Étymologie** : τὸ ἐφ' ἡμῖν, syntagme attributif « ce qui est sur nous / en notre pouvoir » < ἐπί + datif pronom personnel 1ʳᵉ pl. Locution technique aristotélicienne (*EN* III.5) reprise par les Stoïciens et les Médio-"
discusses,6ca3cda9-0728-4dd3-85f3-9243a981f4d7,passage_epict_12,passage,"Epictetus, Discourses: Syllogisms and Character",concept_eph_hemin_in_our_power_aristotle_d4e5f6g7,concept,To Eph' Hêmin (Τὸ ἐφ' ἡμῖν) - What is In Our Power,0.06,0.19,Greek: • εἴπερ γὰρ ἀτελὴς συλλογισμός ἐστι - for if it is an incomplete syllogism • ὁ περὶ τὸν τέλειον συλλογισμὸν γεγυμνασμένος - one trained in complete syllogisms • οὗτος ἂν ἱκανὸς εἴη καὶ περὶ τὸν ἀτελῆ - this one wo,"**Étymologie** : τὸ ἐφ' ἡμῖν, syntagme attributif « ce qui est sur nous / en notre pouvoir » < ἐπί + datif pronom personnel 1ʳᵉ pl. Locution technique aristotélicienne (*EN* III.5) reprise par les Stoïciens et les Médio-"
discusses,8fe9827f-4c1c-465c-8fab-c6322e3bdd91,passage_epict_21,passage,"Epictetus, Discourses I.14: Souls as Fragments of God",concept_eph_hemin_in_our_power_aristotle_d4e5f6g7,concept,To Eph' Hêmin (Τὸ ἐφ' ἡμῖν) - What is In Our Power,0.06,0.19,Greek: • αἱ ψυχαὶ μὲν οὕτως εἰσὶν ἐνδεδεμέναι καὶ συναφεῖς τῷ θεῷ - souls are bound together and connected with god • ἅτε αὐτοῦ μόρια οὖσαι καὶ ἀποσπάσματα - being portions and fragments of him • συμπέπονθεν - [the body],"**Étymologie** : τὸ ἐφ' ἡμῖν, syntagme attributif « ce qui est sur nous / en notre pouvoir » < ἐπί + datif pronom personnel 1ʳᵉ pl. Locution technique aristotélicienne (*EN* III.5) reprise par les Stoïciens et les Médio-"
discusses,8c7159be-1074-4de9-b150-1caa3ed0833c,passage_epict_43,passage,"Epictetus, Discourses II.1 (cont.): Death and the Cosmic Cycle",concept_prohairesis_deliberate_choice_aristotle_c3d4e5f6,concept,Prohairesis (Προαίρεσις) - Deliberate Choice,0.05,0.2,Greek: • τί γάρ ἐστι παιδίον; ἄγνοια - what is a child? Ignorance • θάνατος τί ἐστιν; - what is death? • τὸ σωμάτιον δεῖ χωρισθῆναι τοῦ πνευματίου - the little body must be separated from the little spirit • ὡς πρότερον ,"**Étymologie** : προαίρεσις < πρό- (« avant ») + αἵρεσις (« choix, prise », de αἱρέω « prendre, saisir »), littéralement « choix préalable / antérieur ». Premier emploi technique chez Aristote, *Éthique à Nicomaque* III."
discusses,e654d227-66f1-4862-9680-03fed1c6c901,person_nicostratus_2c_ce,person,Nicostratus (Middle Platonist),concept_sea_battle_future_contingents,concept,"Sea Battle Argument (Future Contingents, De Interpretatione 9)",0.07,0.18,"2nd-c. CE Middle Platonist, known for critical aporiai on Aristotle's Categories. Cited by Boys-Stones (2018) for his aporetic critique of Aristotle's Categories (preserved in Simplicius).","Aristotle's famous argument in De Interpretatione 9 (18a28-19b4) that the principle of bivalence, if applied to singular future contingent statements like 'there will be a sea battle tomorrow,' appears to entail fatalism"
cites_primary_source,0f52ab2b-2246-4196-8634-3f106b3630fa,pub_destree_salles_zingano_2014_what_is_up_to_us,publication,"Destrée, Salles & Zingano (eds.), What is Up to Us? Studies on Agency and Responsibility in Ancient Philosophy (2014)",work_de_libero_arbitrio,work,De Libero Arbitrio Voluntatis (On Free Choice of the Will),0.04,0.21,"Edited by Pierre Destrée, Ricardo Salles and Marco Zingano, this 2014 Academia Verlag volume contains an introduction and twenty-two studies of agency and responsibility from Democritus to Simplicius. Its contributors ad","Dialogic treatise in three books composed in two phases: Book I begun in Rome c. 388 CE, Books II–III completed after Augustine’s ordination as presbyter in Hippo Regius, c. 391–395 CE. Conducted with Evodius of Uzalis, "
discusses,76824110-cea2-45a7-a943-4446e9f2c6de,pub_frede_2011_free_will,publication,Frede 2011 — A Free Will: Origins of the Notion in Ancient Thought,person_galen_pergamon_129_216ce,person,Galen of Pergamon,0.06,0.19,"A Free Will: Origins of the Notion in Ancient Thought (Sather Classical Lectures 68; University of California Press, 2011). Edited by A. A. Long from lectures delivered by Frede before his death in 2007. Frede's central ","Physician and philosopher (129-c.216 CE). Eclectic thinker drawing on Plato, Aristotle, and Hippocrates. De Placitis Hippocratis et Platonis is his major philosophical work on the soul and its faculties, relevant to deba"
engages_with,9720602f-b1c9-429e-bcc0-9c5bc9bafc46,scholar_eliasson_e,person,Erik Eliasson,person_bobzien_susanne_contemporary,person,Susanne Bobzien,0.07,0.18,"ancient philosophy, Neoplatonism, Plotinus","Susanne Bobzien (née Susanne Bobzien, b. 1960), a German-British philosopher, professor of philosophy at Yale University (Joseph C. Hutchinson Chair) and subsequently senior research fellow at All Souls College, Oxford. "
engages_with,62ccd8c5-f820-499a-a02e-0af79a36b2e1,scholar_gaventa_b,person,Beverly Roberts Gaventa,scholar_meyer_s,person,Susan Sauvé Meyer,0.06,0.19,"New Testament studies, Pauline theology","Ancient Greek and Roman philosophy, natural and ethical philosophy"
critiques,9b0983b7-d635-4237-933a-79a2a4bdb683,argument_cafma_carneades_m3n4o5p6,argument,CAFMA: Carneadean Anti-Fatalist Moral Argumentation,concept_apotelesmatic_0y5z7b43,concept,Apotelesmatic Astrology,0.12,0.14,CAFMA (Carneadean Anti-Fatalist Moral Argumentation) is often considered the most powerful ancient argument for what modern scholars term incompatibilism - the thesis that universal determinism (Stoic heimarmenê) is inco,Broader term for the astrological system that claims to derive concrete predictions about earthly events from celestial positions. Closely related to genethlialogia but encompasses all forms of astrological prediction.
cites_primary_source,d73a03ed-96ef-4d07-af8f-5b5b28ef5a71,argument_carneadean_stoic_pragmatic_punishment_amand1945,argument,Carneadean Argument — The Stoics Do in Fact Punish Criminals (Alexander §19),passage_eusebius_praep_ev_6_6_14,passage,"Eusebius, Praeparatio Evangelica, VI.6.14",0.04,0.22,"Additional argument reconstructed by Amand (1945, p. 585-586) on the sole testimony of Alexander of Aphrodisias (Περὶ εἱμαρμένης 19, 5e argument). Statement: “The Stoics virtually acknowledge our freedom, since, instead ","τί οὖν δεῖ συντετάσθαι πρὸς ἃ οὐδὲ προ- θυμεῖσθαι δυνήσομαι, εἰ μὴ καὶ τοῦτο καθείμαρταί μοι; προθυμήσομαι δὲ, εἰ καθείμαρται, καὶ ἄνευ τῆς σῆς διδασκαλίας ὑπὸ τῆς εἱμαρμένης ἀγόμενος. τί οὖν μάτην σεαυτῷ ἐνοχλεῖς;"
has_position,caf7d4fb-f088-4252-bb12-69a4196c68d9,debate_intellectualism_vs_voluntarism_w3x4y5z6,debate,Intellectualism vs Voluntarism Debate,position_compatibilism,position,Compatibilism,0.05,0.21,"The debate between intellectualism and voluntarism is one of the structuring fault lines of medieval philosophical psychology, yet its roots run back to classical antiquity. At stake is whether the will is essentially de","What modern scholars term compatibilism: the view that causal determinism and moral responsibility are compatible. Ancient Stoics, especially Chrysippus, are often characterized in these terms for distinguishing types of"
discusses,7efbefab-20fc-4a8e-95c2-5f345349c416,passage_aug_lib_arb_2_17_45,passage,"Augustine, De Libero Arbitrio 2.17.45: Nothing Can Form Itself",concept_voluntas_y7z8a9b0,concept,Will (Voluntas),0.07,0.19,"Augustine argues: whatever is mutable is also FORMABLE. But nothing can FORM ITSELF - you cannot give what you do not have. Therefore all formed things require an external former. Latin: Omnis enim res mutabilis, etiam f","**Étymologie** : *voluntas* < radical *vol-* du verbe *velle* (« vouloir »), même racine que *voluptas* (« plaisir ») (le rapprochement avec le grec βούλομαι, d'une racine distincte, est contesté). Suffixe nominal -*tas*"
discusses,fd8990be-6f2a-4914-8189-a56f84e31eb3,passage_aug_lib_arb_3_12_35,passage,"Augustine, De Libero Arbitrio 3.12.35: Creation Would Have Been Adorned Even Without Sin",concept_divine_prescience,concept,Divine Prescience (πρόγνωσις),0.05,0.21,Augustine concludes: lowest corporeal creation would not have lacked fitting adornment even if rational creatures had never sinned. One who can rule the whole can also rule the part. Latin: Unde colligitur non defuturum ,"Divine Prescience (πρόγνωσις / praescientia) designates God's foreknowledge of future events, including those depending on human choice, and generates a persistent aporia: if God foreknows act X, does X occur of necessit"
discusses,da6f2b89-eb9a-49f3-b23b-148bfd119010,passage_aug_lib_arb_3_20_57,passage,"Augustine, De Libero Arbitrio 3.20.57: Souls Sent by God - Office of Administration",concept_divine_prescience,concept,Divine Prescience (πρόγνωσις),0.06,0.2,"Augustine considers: if souls already existing are sent by God to animate bodies, they are sent for the office of governing the body well, which derives from Adam's punishment (mortality). Latin: Si vero in Dei aliquo se","Divine Prescience (πρόγνωσις / praescientia) designates God's foreknowledge of future events, including those depending on human choice, and generates a persistent aporia: if God foreknows act X, does X occur of necessit"
discusses,3168c8aa-58ba-4cb3-bc39-fd9719c743da,passage_epict_43,passage,"Epictetus, Discourses II.1 (cont.): Death and the Cosmic Cycle",concept_eph_hemin_in_our_power_aristotle_d4e5f6g7,concept,To Eph' Hêmin (Τὸ ἐφ' ἡμῖν) - What is In Our Power,0.06,0.2,Greek: • τί γάρ ἐστι παιδίον; ἄγνοια - what is a child? Ignorance • θάνατος τί ἐστιν; - what is death? • τὸ σωμάτιον δεῖ χωρισθῆναι τοῦ πνευματίου - the little body must be separated from the little spirit • ὡς πρότερον ,"**Étymologie** : τὸ ἐφ' ἡμῖν, syntagme attributif « ce qui est sur nous / en notre pouvoir » < ἐπί + datif pronom personnel 1ʳᵉ pl. Locution technique aristotélicienne (*EN* III.5) reprise par les Stoïciens et les Médio-"
engages_with,3115a3d0-cc1f-4eef-9df1-32d63dbcf6aa,scholar_hall_c,person,Claire Hall,person_jonathan_edwards_9a3v4w02,person,Jonathan Edwards,0.03,0.23,"Patristics, Origen, early Christian philosophy",American Congregationalist theologian and philosopher. Developed sophisticated compatibilist position defending Calvinist theology against Arminian attacks. Argued freedom = acting according to strongest motive/inclinati
engages_with,1b7c3b88-3f95-42db-8362-09e2b39e6597,scholar_kowalski_m,person,Marcin Kowalski,person_kane_robert_1938_2022,person,Robert Kane,0.08,0.18,"New Testament studies, Pauline theology, Stoicism and early Christianity","Robert Hilary Kane (1938-2024). Professor of philosophy at the University of Texas at Austin. A classical libertarian in the contemporary free-will debate. Seminal work: *The Significance of Free Will* (OUP, 1996) — a de"
engages_with,66bca6b8-26a6-4ce9-9a65-131471eb4b45,scholar_linjamaa_p,person,Paul Linjamaa,scholar_graver_margaret,person,Margaret Graver,0.06,0.2,"Early Christian ethics, Valentinianism, Nag Hammadi literature, determinism and free will in antiquity","Classical philologist specializing in Stoic philosophy, particularly emotions (pathe) and pre-emotions (propatheia)."
discusses,d6d3e031-e566-469a-8140-0e55a68a9627,synthesis_amand1945_tatian_no_carneadean_link,synthesis,Tatien = sans dependance directe ou indirecte de Carneade (Amand 1945),person_tertullian_d220,person,Tertullian,0.1,0.16,"Synthesis Amand 1945, Book II ch. I Supplementary Note (p. 208-211): Tatian’s anti-astrological polemic (Discours aux Grecs ch. 7-11) is not connected with the Carneadean tradition. Tatian, whose 'violent polemic' and 'e","Quintus Septimius Florens Tertullianus (c. 155–c. 220 CE), from Carthage, is the earliest major Latin Christian theologian and a pivotal figure in the development of Western Christian thought on free will and moral respo"
source_for,83633870-5d29-46bf-90b3-3b1d2ce24ce0,work_de_fato_cicero_44bce_b9c4e5d2,work,De Fato (On Fate),argument_anti_astrology_impossibility_observation_3h8i0k76,argument,Anti-Astrological Argument I: Impossibility of Exact Observation,0.12,0.14,"De Fato (On Fate) is Cicero's principal surviving treatise on determinism, fate, and free will, composed around 44 BC. It is the most important Latin philosophical text on the problem of freedom and necessity in antiquit","Genethlialogia (natal astrology) requires fixing the exact instant of birth to calculate the horoscope. However, this is practically impossible due to: (1) the extraordinary rapidity of celestial motion (complete rotatio"
source_for,207baf96-3eea-41e2-bbe4-6b91a856cc24,work_de_fato_cicero_44bce_b9c4e5d2,work,De Fato (On Fate),argument_the_master_argument_kurieuon_logos_355f4d3f,argument,The Master Argument (Kurieuon Logos),0.05,0.21,"De Fato (On Fate) is Cicero's principal surviving treatise on determinism, fate, and free will, composed around 44 BC. It is the most important Latin philosophical text on the problem of freedom and necessity in antiquit","Diodorus Cronus' Master Argument about possibility and necessity is preserved in Epictetus, Discourses II.19. Sorabji calls Diodorus a dialectician and follows Sedley in rejecting a categorical Megarian-school classifica"
discusses,8ed84deb-1472-44ee-abbb-556dcc9845fb,passage_aug_lib_arb_1_6_15,passage,"Augustine, De Libero Arbitrio 1.6.15: Eternal Law - Summa Ratio, Unchangeable and Eternal",concept_voluntas_y7z8a9b0,concept,Will (Voluntas),0.07,0.2,"Augustine defines eternal law (lex aeterna) as the supreme reason (summa ratio) which must always be obeyed. It is unchangeable and eternal. Latin: illa lex quae summa ratio nominatur, cui semper obtemperandum est, et pe","**Étymologie** : *voluntas* < radical *vol-* du verbe *velle* (« vouloir »), même racine que *voluptas* (« plaisir ») (le rapprochement avec le grec βούλομαι, d'une racine distincte, est contesté). Suffixe nominal -*tas*"
discusses,05e64748-c0c7-4b84-868a-faead21cab58,passage_aug_lib_arb_2_13_36,passage,"Augustine, De Libero Arbitrio 2.13.36: Truth = Wisdom = Summum Bonum",concept_voluntas_y7z8a9b0,concept,Will (Voluntas),0.06,0.21,Augustine identifies: truth (veritas) = wisdom (sapientia) = highest good (summum bonum). Blessed is whoever enjoys the highest good. Truth shows all true goods. Latin: Imo vero quoniam in veritate cognoscitur et tenetur,"**Étymologie** : *voluntas* < radical *vol-* du verbe *velle* (« vouloir »), même racine que *voluptas* (« plaisir ») (le rapprochement avec le grec βούλομαι, d'une racine distincte, est contesté). Suffixe nominal -*tas*"
discusses,0ef39af3-93ab-4ddb-9ff4-b6efc2c68d67,passage_aug_lib_arb_2_15_40,passage,"Augustine, De Libero Arbitrio 2.15.40: Not Yet Wise, But Knowing Wisdom",concept_voluntas_y7z8a9b0,concept,Will (Voluntas),0.06,0.21,"Augustine asks: are we now wise and blessed? Evodius: we are still on the way (tendimus). Yet we comprehend these truths. How can the unwise know wisdom? Answer: we are not yet wise, but not ignorant of wisdom. Latin: Au","**Étymologie** : *voluntas* < radical *vol-* du verbe *velle* (« vouloir »), même racine que *voluptas* (« plaisir ») (le rapprochement avec le grec βούλομαι, d'une racine distincte, est contesté). Suffixe nominal -*tas*"
discusses,35afa78b-17a2-461f-833c-4a323baf86e3,passage_aug_lib_arb_1_6_14,passage,"Augustine, De Libero Arbitrio 1.6.14: Investigating the Eternal Law",concept_voluntas_y7z8a9b0,concept,Will (Voluntas),0.06,0.21,"Augustine proposes to investigate how far temporal law punishes, and what remains for divine providence to punish secretly and inevitably. Latin: dispiciamus diligenter... quo usque per legem istam quae populos in hac vi","**Étymologie** : *voluntas* < radical *vol-* du verbe *velle* (« vouloir »), même racine que *voluptas* (« plaisir ») (le rapprochement avec le grec βούλομαι, d'une racine distincte, est contesté). Suffixe nominal -*tas*"
discusses,072293e6-eca5-4442-a06c-4f883c29fef4,passage_aug_lib_arb_3_23_73,passage,"Augustine, De Libero Arbitrio 3.24.73: The Transition Is Neither Wise Nor Foolish",concept_divine_prescience,concept,Divine Prescience (πρόγνωσις),0.05,0.22,"Augustine explains that the transition from wisdom to folly (or vice versa) is itself neither wise nor foolish - it is a middle moment. Latin: Turbat autem considerantes, quod ita quaerunt: Stultitiane primus homo recess","Divine Prescience (πρόγνωσις / praescientia) designates God's foreknowledge of future events, including those depending on human choice, and generates a persistent aporia: if God foreknows act X, does X occur of necessit"
discusses,0f1826d4-0298-4544-8be0-f870ba936e38,person_westlund_andrea_8l9m0n1o,person,Andrea Westlund,concept_principle_alternative_possibilities_5s6t7u8v,concept,Principle of Alternative Possibilities (PAP),0.07,0.2,Feminist philosopher who developed dialogical account of autonomy. Argues that autonomy requires being answerable to others - holding oneself accountable in ways responsive to others' questions and challenges. This socia,"A principle of modern analytical philosophy, formulated by Harry Frankfurt in ""Alternate Possibilities and Moral Responsibility"" (Journal of Philosophy 66.23, 1969, pp. 829–839): a person is morally responsible for what "
engages_with,097cbffa-138e-45d6-85f2-4ba8d782d4e9,scholar_furst_alfons,person,Alfons Fürst,person_immanuel_kant_0b4w5x13,person,Immanuel Kant,0.07,0.2,"Alfons Fürst (born 1961). German patristics scholar, professor of ancient Church history at the Westfälische Wilhelms-Universität Münster, director of the *Origenes Forschungsstelle*. Author of *Hieronymus: Askese und Wi",German Enlightenment philosopher who revolutionized Western philosophy. Developed transcendental idealism distinguishing phenomena from noumena. On free will: argued Third Antinomy shows theoretical reason cannot resolve
engages_with,961283ec-26dd-48e2-b50e-fd4bd71fd325,scholar_koch_i,person,Isabelle Koch,person_bobzien_susanne_contemporary,person,Susanne Bobzien,0.11,0.16,"Isabelle Koch. Lecturer and subsequently Professor at Aix-Marseille Université (Centre Gilles Gaston Granger). French specialist in Plotinus, the late Neoplatonists (Damascius, Proclus), and Greek patristic philosophy. A","Susanne Bobzien (née Susanne Bobzien, b. 1960), a German-British philosopher, professor of philosophy at Yale University (Joseph C. Hutchinson Chair) and subsequently senior research fellow at All Souls College, Oxford. "
discusses,a2ab3877-bf9f-46e5-9d42-fac448d691f1,synthesis_aug_deficient_cause,synthesis,Augustine: CORE DOCTRINE - Will as Deficient Cause of Sin (De Libero Arbitrio),concept_pedagogical_theodicy,concept,Pedagogical Theodicy (ἀφορμὴ προκοπῆς),0.06,0.21,"central Doctrine OF DE Libero Arbitrio Augustine's answer to the origin of evil: Will is the deficient cause (causa deficiens) of sin, not an efficient cause (causa efficiens). KEY passages: 2.20.54 (passage_aug_lib_arb_",Theophilus' innovation: Evil as ἀφορμὴ προκοπῆς (opportunity for progress/growth). God's pedagogical purpose in granting free choice enabling evil possibility. Pre-emptive defense against objection that granting freedom 
discusses,5abec018-f2a4-4e2b-aaf8-81a8bb2e5473,argument_destree_2014_plato_er_asymmetry,argument,"Destrée 2014 — Asymmetry thesis on Plato's myth of Er (responsibility for virtue, ignorance for vice)",person_justin_martyr_2c_ce,person,Justin Martyr,0.07,0.2,"Scholarly argument of Destrée (Destrée 2014 ch. 2 + publication pub_destree_2014_plato_er): in the myth of Er, Plato develops an asymmetrical thesis of responsibility (Sauvé Meyer 2011's *asymmetry thesis*): (a) virtue d","Christian apologist (c. 100-165 CE), philosopher and martyr. Native of Flavia Neapolis (modern Nablus, Samaria). Studied philosophy before conversion: Stoicism, Aristotelianism, Pythagoreanism, then Platonism (Dial. 2.3-"
source_for,d6f8a9b0-57e2-4afb-bb71-638fc394560f,work_de_fato_cicero_44bce_b9c4e5d2,work,De Fato (On Fate),argument_anti_astrology_collective_catastrophes_5j0k2m98,argument,Anti-Astrological Argument III: Collective Catastrophes (Identity of Death),0.1,0.17,"De Fato (On Fate) is Cicero's principal surviving treatise on determinism, fate, and free will, composed around 44 BC. It is the most important Latin philosophical text on the problem of freedom and necessity in antiquit","People of all ages and origins, born under vastly different planetary configurations, often perish simultaneously in collective catastrophes: shipwrecks, battles, earthquakes, plagues. This proves the falsity of astrolog"
influences,de665070-b727-47c4-88e5-0a55e1fbf1b7,work_diogenes_laertius_lives,work,"Diogenes Laertius, Lives of Eminent Philosophers",concept_olympic_paradigm_positive_embodiment,concept,Olympic Paradigm - Positive View of Embodiment,0.08,0.19,"Βίοι καὶ γνῶμαι τῶν ἐν φιλοσοφίᾳ εὐδοκιμησάντων (Lives and Opinions of Eminent Philosophers), composed in the earlier decades of the 3rd century CE (precise date uncertain; no evidence of awareness of Neoplatonism places","The view in ancient Greek religion — 'Olympic paradigm' being a modern heuristic label, not an ancient technical term — that embodiment is natural and good, as the gods themselves have bodies. Contrasts with the Orphic-P"
cites_primary_source,0b551f8e-9d2c-4093-9f47-7867e033914e,argument_carneadean_stoic_pragmatic_punishment_amand1945,argument,Carneadean Argument — The Stoics Do in Fact Punish Criminals (Alexander §19),passage_eusebius_praep_ev_6_6_12,passage,"Eusebius, Praeparatio Evangelica, VI.6.12",0.04,0.24,"Additional argument reconstructed by Amand (1945, p. 585-586) on the sole testimony of Alexander of Aphrodisias (Περὶ εἱμαρμένης 19, 5e argument). Statement: “The Stoics virtually acknowledge our freedom, since, instead ","πῶς οὖν ὁ ταῦτα μὴ ἐξ αὑτοῦ ἡγούμενος ἐγχειρεῖν, ἀλλ’ ὑπὸ τῆς ἐξωθεν ἀνάγκης προσέξοι ἄν ποτε τῷ νουθετοῦντι καὶ διδάσκοντι σκοντι μὴ ἑαυτὸν ἐπιδιδόναι ἔκδοτον τοῖς προειρημένοις ;"
evidenced_by,f2830d10-5de2-45ca-a4ef-4460404c177a,argument_tertullians_antimarcionite_argument_for_free_will_f49cad73,argument,Tertullian's Anti-Marcionite Argument for Free Will,passage_tert_adv_prax_2,passage,"Tertullian, Adversus Praxean, Adv. Prax. 2",0.1,0.18,Written against Marcion's radical dualism dividing Old Testament Creator God (evil Demiurge) from New Testament Father of Jesus (good God). Tertullian defends monotheism and goodness of creation through free will theodic,"Itaque post tempus pater natus et pater passus, ipse deus, dominus omnipotens, Iesus Christus praedicatur. Nos vero et semper et nunc magis, ut instructiores per paracletum, deductorem scilicet omnis veritatis, unicum qu"
discusses,b93728e1-f345-40b1-b7df-a5349f1c0753,passage_aug_lib_arb_1_5_12,passage,"Augustine, De Libero Arbitrio 1.5.12: Law Permits But Does Not Command Self-Defense",concept_voluntas_y7z8a9b0,concept,Will (Voluntas),0.07,0.21,"Evodius notes that temporal law permits but does not command killing in self-defense. The law allows lesser evils to prevent greater ones. Latin: Legem quidem satis video esse munitam contra huiuscemodi accusationem, qua","**Étymologie** : *voluntas* < radical *vol-* du verbe *velle* (« vouloir »), même racine que *voluptas* (« plaisir ») (le rapprochement avec le grec βούλομαι, d'une racine distincte, est contesté). Suffixe nominal -*tas*"
discusses,8bfc6087-6f8e-45a9-be96-df7af31a0488,passage_aug_lib_arb_3_15_44,passage,"Augustine, De Libero Arbitrio 3.15.44: Soul Renders Debt - By Justice or Misery",concept_divine_prescience,concept,Divine Prescience (πρόγνωσις),0.06,0.22,"Augustine: no one overcomes the omnipotent Creator's laws. The soul must render its debt: either by using well what it received, or by losing what it would not use well. If not justice, then misery. Latin: Quia enim nemo","Divine Prescience (πρόγνωσις / praescientia) designates God's foreknowledge of future events, including those depending on human choice, and generates a persistent aporia: if God foreknows act X, does X occur of necessit"
discusses,2e28b400-b647-423d-a563-370da32439a0,passage_aug_lib_arb_3_24_71,passage,"Augustine, De Libero Arbitrio 3.24.71: Adam - Neither Foolish Nor Wise",concept_divine_prescience,concept,Divine Prescience (πρόγνωσις),0.05,0.23,"Augustine addresses whether Adam was created wise or foolish, arguing for a middle state (medium) that is neither. Latin: Multum enim sibi videntur acute proponere quaestionem qui dicunt: Si sapiens factus est primus hom","Divine Prescience (πρόγνωσις / praescientia) designates God's foreknowledge of future events, including those depending on human choice, and generates a persistent aporia: if God foreknows act X, does X occur of necessit"
discusses,05a61e51-0aee-4329-ba5b-9c01005c863d,passage_aug_lib_arb_3_5_16,passage,"Augustine, De Libero Arbitrio 3.5.16: Every Soul Better Than Every Body",concept_voluntas_y7z8a9b0,concept,Will (Voluntas),0.06,0.22,"Augustine establishes: EVERY soul (even sinful) is better than EVERY body. The soul never loses being soul, never becomes body. Light holds first place among bodies; even lowest soul surpasses it. Latin: Quia igitur omni","**Étymologie** : *voluntas* < radical *vol-* du verbe *velle* (« vouloir »), même racine que *voluptas* (« plaisir ») (le rapprochement avec le grec βούλομαι, d'une racine distincte, est contesté). Suffixe nominal -*tas*"
extends,5bf1cd85-1cf9-4109-af1f-21a8192cbb16,pub_dihle_1982_theory_of_will,publication,"Dihle 1982, The Theory of Will in Classical Antiquity",pub_snell_1946_entdeckung_geistes,publication,Die Entdeckung des Geistes: Studien zur Entstehung des europäischen Denkens bei den Griechen,0.09,0.19,"Albrecht Dihle, The Theory of Will in Classical Antiquity (Sather Classical Lectures 48; University of California Press, Berkeley/Los Angeles/London, 1982), viii + 276 pp. German edition (by the author, revised and expan","Classic study on the ""discovery of the mind"" in ancient Greece, exploring the emergence of European thought."
source_for,5823c277-357f-40be-a5a9-3a473aa7e9fb,pub_frede_2011_free_will,publication,Frede 2011 — A Free Will: Origins of the Notion in Ancient Thought,concept_platonic_vs_christian_original_sin,concept,Platonic Embodiment-as-Sin vs. Christian Original Sin - Comparative Framework,0.11,0.17,"A Free Will: Origins of the Notion in Ancient Thought (Sather Classical Lectures 68; University of California Press, 2011). Edited by A. A. Long from lectures delivered by Frede before his death in 2007. Frede's central ",The conceptual comparison between Platonic doctrines of the soul's descent/fall (through audacity/tolma or primordial choice) and Christian original sin. While both posit a primordial fault explaining the human condition
discusses,a59d724c-46a0-4f29-b560-071293ec814e,pub_frede_2011_free_will,publication,Frede 2011 — A Free Will: Origins of the Notion in Ancient Thought,person_epicurus_341_270bce_j0k1l2m3,person,Epicurus of Samos,0.07,0.21,"A Free Will: Origins of the Notion in Ancient Thought (Sather Classical Lectures 68; University of California Press, 2011). Edited by A. A. Long from lectures delivered by Frede before his death in 2007. Frede's central ","Epicurus of Samos (341-270 BCE) founded the Epicurean school and developed an atomistic philosophy grounded in indeterminism. Against Democritean mechanistic determinism, Epicurus introduced the doctrine of the atomic sw"
engages_with,a6880eeb-2390-4f0f-a49a-6419a356fcea,scholar_gibbons_k,person,Kathleen Gibbons,person_jonathan_edwards_9a3v4w02,person,Jonathan Edwards,0.05,0.23,"ancient philosophy, Origen, free will and autonomy in antiquity",American Congregationalist theologian and philosopher. Developed sophisticated compatibilist position defending Calvinist theology against Arminian attacks. Argued freedom = acting according to strongest motive/inclinati
engages_with,53c2b159-01c1-48df-9b07-4575475a8d51,scholar_gourinat_jean_baptiste,person,Jean-Baptiste Gourinat,scholar_koch_i,person,Isabelle Koch,0.06,0.22,"Jean-Baptiste Gourinat (born 1964). CNRS, research director, former director of the Centre Léon Robin (UMR 8061, Paris). A leading specialist in Stoicism and ancient logic. Major publications: *Les Stoïciens et l'âme* (P","Isabelle Koch. Lecturer and subsequently Professor at Aix-Marseille Université (Centre Gilles Gaston Granger). French specialist in Plotinus, the late Neoplatonists (Damascius, Proclus), and Greek patristic philosophy. A"
discusses,c585066c-48e3-4881-b4b3-e42ef49105c7,argument_echenique_2014_aristotle_double_position_appraisals_accountability,argument,"Echeñique 2014 — Aristotle's double position: compatibilist on appraisals, incompatibilist on accountability",scholar_double_r,person,Richard Double,0.14,0.14,Echeñique’s scholarly argument (Destrée 2014 ch. 6): Aristotle maintains a coherent *dual position* on moral responsibility. (1) He is a *compatibilist* with respect to ethical evaluations (appraisals: praise/blame)—the ,"philosophy of free will, moral responsibility"
source_for,c60761fb-f04a-4898-9cf5-3309a0dc869f,work_methodius_de_autexusio_4c37c892,work,De autexusio (On Free Will),concept_concupiscence_epithumia_transmitted_bd8e2fc9,concept,Concupiscence (Epithumia) as Transmitted Consequence - Methodian Hamartiology,0.05,0.23,Lost Greek dialogue preserved in Old Church Slavonic translation. Systematic defense of free will (αὐτεξούσιον) against Gnostic determinism. Employs Aristotelian ontological categories to demonstrate evil as quality/acci,"**Termes** : ἐπιθυμία (epithymia) ; lat. concupiscentia ; « désir, convoitise » — chez Méthode : conséquence transmise, non culpabilité héritée ; le terme grec est toutefois une étiquette moderne et non un terme techniqu"
source_for,17593b12-e9f6-4550-b90c-0e4761c7f720,work_proclus_tria_opuscula_c9a8e4b3,work,Tria Opuscula (Three Essays) - Proclus,concept_acting_final_cause,concept,Acting Final Cause (Providence),0.12,0.16,"Three monographs on providence, fate, free will, and evil: De Decem Dubitationibus circa Providentiam (Ten Doubts Concerning Providence), De Providentia et Fato (On Providence and Fate), and De Malorum Subsistentia (On t","Clement's innovation (a modern interpretative label, not a term of Clement's own, and as yet without an established secondary source): Providence fuses Stoic efficient causality + Aristotelian teleology + Platonic transc"
cites_primary_source,reading-c-112,scholarly_argument_kuehneweg_common_perfection,argument,Kühneweg: restored knowledge makes moral perfection a common Christian possibility,work_justin_first_apology,work,First Apology (Ἀπολογία πρώτη),0.08,0.2,"Once the Logos restores moral knowledge and breaks demonic deception, perfection is no longer the rare achievement of a sage.","Justin Martyr's First Apology (c. 155 CE), addressed to Emperor Antoninus Pius, is an apologetic treatise whose chapters 43–44 form the philosophical centerpiece on free will and constitute what is often considered the e"
cites_primary_source,2e3d4cc1-567b-4811-afba-a50268376ccf,argument_carneadean_stoic_pragmatic_punishment_amand1945,argument,Carneadean Argument — The Stoics Do in Fact Punish Criminals (Alexander §19),passage_eusebius_praep_ev_6_6_15,passage,"Eusebius, Praeparatio Evangelica, VI.6.15",0.04,0.25,"Additional argument reconstructed by Amand (1945, p. 585-586) on the sole testimony of Alexander of Aphrodisias (Περὶ εἱμαρμένης 19, 5e argument). Statement: “The Stoics virtually acknowledge our freedom, since, instead ","ἀλλ’ εἰ καὶ τὸ σὲ παραινεῖν καὶ διδάσκειν φήσεις κατὰ ἀνάγκην ἐπιτελεῖδθαι εἰς τὸ παραινεῖν καὶ πείθειν ἐμὲ τοιαῦτα, ἀλλὰ κἀν τούτῳ τί χρὴ σπουδάζειν; ἀργὴ γὰρ καὶ ἀνωφελὴς ἡ παραίνεσις. εἰ γὰρ εἵμαρταί μοι , φιλο- πονήσ"
discusses,41658cee-dd4e-45b3-9f93-91bcd754b139,passage_aug_lib_arb_3_5_12,passage,"Augustine, De Libero Arbitrio 3.5.12: Gratitude to Creator - Even Fallen Souls Surpass Bodies",concept_divine_prescience,concept,Divine Prescience (πρόγνωσις),0.11,0.18,"Augustine addresses the objection: if creation involves necessity, blame Creator. Reply: we owe GRATITUDE even for lower creation. Even a sinful soul surpasses the best body. Latin: Iam illud quod tertio loco posuisti, q","Divine Prescience (πρόγνωσις / praescientia) designates God's foreknowledge of future events, including those depending on human choice, and generates a persistent aporia: if God foreknows act X, does X occur of necessit"
discusses,0f930001-9b5b-4517-8490-2bd432c76b07,passage_aug_lib_arb_1_10_21,passage,"Augustine, De Libero Arbitrio 1.10.21: Nothing Superior to Rational Mind Except God",concept_voluntas_y7z8a9b0,concept,Will (Voluntas),0.07,0.22,Augustine establishes that nothing is superior to rational and wise mind except God. This prepares for the proof of God. Latin: utrum tibi videatur rationali et sapienti mente quidquam esse praestantius. Ev. - Nihil prae,"**Étymologie** : *voluntas* < radical *vol-* du verbe *velle* (« vouloir »), même racine que *voluptas* (« plaisir ») (le rapprochement avec le grec βούλομαι, d'une racine distincte, est contesté). Suffixe nominal -*tas*"
discusses,67adf211-7101-4454-95a6-240bc14f54e8,synthesis_amand1945_cicero_ch2i_cadre,synthesis,Amand 1945 — Cadre Cicéron : transmetteur latin indirect du De fato carnéadien,person_posidonius_apameia_135_51bce,person,Posidonius of Apamea,0.09,0.2,"Amand 1945’s synthetic framework (p. 78-80, ll. 5159-5230) concerning Cicero’s role in the transmission of Carneades’ anti-fatalist argumentation. Amand’s position: Cicero is the 'Roman translator' who does not reconstru","Posidonius of Apamea was one of the most influential and intellectually diverse philosophers of the Hellenistic period, representing Middle Stoicism—the transitional phase between early Stoic orthodoxy (Chrysippus) and l"
discusses,1238c7ad-f10c-41ce-833a-05a0527fa0dd,synthesis_aug_proof_god,synthesis,Augustine: Proof of God from Eternal Truth (De Libero Arbitrio 2.6-15),concept_voluntas_y7z8a9b0,concept,Will (Voluntas),0.09,0.2,"Augustine'S PROOF OF GOD'S EXISTENCE FROM ETERNAL truth Book 2 contains one of Augustine's most important arguments for God's existence, based on the existence of eternal, immutable truth above the human mind. Structure ","**Étymologie** : *voluntas* < radical *vol-* du verbe *velle* (« vouloir »), même racine que *voluptas* (« plaisir ») (le rapprochement avec le grec βούλομαι, d'une racine distincte, est contesté). Suffixe nominal -*tas*"
critiques,ebc3a02a-e31e-4d53-a328-6bff0f1b6985,scholarly_position_inwood_stoic_action_theory,argument,Stoic theory of action and psychology,concept_two_sidedness_eph_hemin,concept,Bilatéralité du τὸ ἐφ' ἡμῖν (two-sidedness),0.09,0.2,"Stoic theory of action and psychology — Reconstructs the older Stoic theory of the psychology of action — impulse (hormē), assent (synkatathesis), and impression (phantasia) — as a coherent intellectualist theory distinc","A two-sided feature attributed to Aristotle’s τὸ ἐφ’ ἡμῖν: in the circumstances at issue, what is up to an agent to do is also up to the agent not to do. Susan Sauvé Meyer (2014, ch. 5, pp. 75–90) argues that this should"
cites_primary_source,reading-wave-b-105,scholarly_argument_scheck_christ_redemption_precedes_faith_baptism_and_can_be_rejected,argument,Scheck: Christ's independent redemptive act grounds justification received by faith and baptism,work_origen_commentary_romans,work,Commentary on Romans (Commentarii in Epistulam ad Romanos),0.07,0.22,"Scheck stresses that Christ's redemptive sacrifice precedes and outweighs all human cooperation. Faith and baptism receive righteousness without antecedent merit, but preparation includes turning from sin and postbaptism","Origen's Commentary on Romans (c. 246 CE) is the oldest extant Romans commentary, surviving in Rufinus's substantially abridged Latin translation (c. 405 CE; the original 15 books were reduced to 10). Book VII addresses "
evidenced_by,8f1819ed-93bd-4b90-bf01-b0036dbb4971,concept_sympatheia_universal_posidonius_nyssa,concept,Universal Sympatheia (μία ἐν τοῖς οὖσι συμπάθεια) — Posidonian dogma in Gregory CF,passage_plotinus_iii_1_7,passage,"Plotinus, Enneades, Enn. III.1.7",0.12,0.17,"Posidonian doctrine of universal sympatheia (mia tis estin en tois ousi sympatheia, kai syneches esti to pan heauto), as expounded by the Stoicizing pagan philosopher who is Gregory of Nyssa's interlocutor in Against Fat","μεμιγμένη γὰρ οὖν δὴ ἡ τοῦδε τοῦ παντὸς φύσις, καὶ εἴ τις τὴν ψυχὴν τὴν χωριστὴν αὐτοῦ χωρίσειε, τὸ λοιπὸν οὐ μέγα. θεὸς μὲν οὖν ἐκείνης συναριθμουμένης, τὸ δὲ λοιπὸν δαίμων, φησί, μέγας καὶ τὰ πάθη τὰ ἐν αὐτῷ δαιμόνια. "
discusses,ac18e996-4dc7-4c8e-a7ce-b2907acf581d,argument_furst_2022_kompatibilistischer_libertarismus,argument,Origène = libertarisme compatibiliste (Fürst 2022),scholar_list_n,person,Nicholas List,0.15,0.15,"A characteristic thesis of Fürst 2022 (Kap. VI 4, p. 282-290): Origen's philosophical position is correctly captured by the formula 'compatibilist libertarianism' (kompatibilistischer Libertarismus). Radical libertariani","Nicholas List — Early Christian studies, Middle Platonism and Justin Martyr; author of 'Justin Martyr's Problem with Platonism', Vigiliae Christianae 78 (2024). Not to be confused with the List discussed by Fürst 2022, w"
discusses,a51dc17e-8184-4140-87cc-ed41b86eebca,passage_aug_lib_arb_2_1_2,passage,"Augustine, De Libero Arbitrio 2.1.2: We Belong to God - Both Reward and Punishment",concept_voluntas_y7z8a9b0,concept,Will (Voluntas),0.09,0.21,"Augustine argues that we belong to God because He both rewards and punishes us. Divine justice vindicates sins - and one does not punish what is not one's own. Latin: Aug. - Nihil resisto: sed quaero illud alterum, quomo","**Étymologie** : *voluntas* < radical *vol-* du verbe *velle* (« vouloir »), même racine que *voluptas* (« plaisir ») (le rapprochement avec le grec βούλομαι, d'une racine distincte, est contesté). Suffixe nominal -*tas*"
discusses,43658a1a-034f-4ab1-a7b4-09f3df68605e,passage_aug_lib_arb_3_22_65,passage,"Augustine, De Libero Arbitrio 3.22.65: Creator Praised Throughout the Soul's Journey",concept_divine_prescience,concept,Divine Prescience (πρόγνωσις),0.06,0.24,"Augustine affirms that the Creator is praised at every stage of the soul's journey - beginning, progress, perfection, and even just punishment. Latin: Creator vero eius ubique laudatur, vel quod eam ab ipsis exordiis ad ","Divine Prescience (πρόγνωσις / praescientia) designates God's foreknowledge of future events, including those depending on human choice, and generates a persistent aporia: if God foreknows act X, does X occur of necessit"
discusses,1e9defbe-5a78-4a28-ad99-8ed52a02bfb3,passage_aug_lib_arb_3_9_25,passage,"Augustine, De Libero Arbitrio 3.9.25: Moon's Dimness Not Misery - Bodies Cannot Be Blessed",concept_voluntas_y7z8a9b0,concept,Will (Voluntas),0.09,0.21,"Augustine clarifies: the moon's dimness compared to the sun is not MISERY. Bodies, as bodies, are neither blessed nor miserable - beatitude pertains only to rational souls. Latin: Hic fortasse dicat, ideo nihil se de lun","**Étymologie** : *voluntas* < radical *vol-* du verbe *velle* (« vouloir »), même racine que *voluptas* (« plaisir ») (le rapprochement avec le grec βούλομαι, d'une racine distincte, est contesté). Suffixe nominal -*tas*"
discusses,7926dbc8-8f37-48cc-afe1-5d0f1b0a45a6,passage_epict_24,passage,"Epictetus, Discourses: Understanding Nature's Will",concept_eph_hemin_in_our_power_aristotle_d4e5f6g7,concept,To Eph' Hêmin (Τὸ ἐφ' ἡμῖν) - What is In Our Power,0.06,0.24,Greek: • Χρύσιππος καὶ Ζήνων καὶ Κλεάνθης - Chrysippus and Zeno and Cleanthes • ἀρχὴ παιδεύσεως ἡ τῶν ὀνομάτων ἐπίσκεψις - the beginning of education is the examination of names • τί σημαίνει ἕκαστον - what each [term] m,"**Étymologie** : τὸ ἐφ' ἡμῖν, syntagme attributif « ce qui est sur nous / en notre pouvoir » < ἐπί + datif pronom personnel 1ʳᵉ pl. Locution technique aristotélicienne (*EN* III.5) reprise par les Stoïciens et les Médio-"
discusses,1eb9c739-4182-4ee8-8df9-092b2ed49327,person_mackenzie_catriona_9m0n1o2p,person,Catriona Mackenzie,concept_principle_alternative_possibilities_5s6t7u8v,concept,Principle of Alternative Possibilities (PAP),0.09,0.21,"Australian feminist philosopher who developed influential relational autonomy framework. Argues that autonomy must be understood relationally - as constituted by and exercised within social relationships. Oppression, tra","A principle of modern analytical philosophy, formulated by Harry Frankfurt in ""Alternate Possibilities and Moral Responsibility"" (Journal of Philosophy 66.23, 1969, pp. 829–839): a person is morally responsible for what "
engages_with,e0833086-e0fb-4e91-abe3-543ad508d65f,scholar_koch_i,person,Isabelle Koch,scholar_long_anthony,person,A.A. Long (Anthony Long),0.09,0.21,"Isabelle Koch. Lecturer and subsequently Professor at Aix-Marseille Université (Centre Gilles Gaston Granger). French specialist in Plotinus, the late Neoplatonists (Damascius, Proclus), and Greek patristic philosophy. A","Anthony Arthur Long (born 1937). Emeritus Professor of Classics at UC Berkeley, one of the leading Anglophone historians of Hellenistic philosophy. Co-author with David Sedley of the standard scholarly *The Hellenistic P"
engages_with,e23fc496-2ff0-4473-bf94-83e38986e91d,scholar_irwin_terence,person,T. H. Irwin,person_james_william_4d5e6f7g,person,William James,0.06,0.24,"Ancient philosophy, moral psychology, Aristotle",American philosopher and psychologist who defended libertarian free will on pragmatic grounds. Argued that belief in free will is rationally justified because it makes a practical difference to how we live. Famous for hi
engages_with,9f7f5868-4a2b-4197-acff-a55e13e8fd5f,scholar_michon_c,person,Cyrille Michon,person_davidson_donald_3m4n5o6p,person,Donald Davidson,0.06,0.24,"Medieval philosophy, Thomas Aquinas, philosophy of will and incontinence","American philosopher who developed influential account of action explanation. Argued that reasons are causes, but mental causation is not strict causal determination. Defended anomalous monism: mental events are identica"
cites_primary_source,603e9a59-af4f-48c5-9365-fae8f3efe3d5,scholarly_argument_bobzien_chrysippus_compatibilism_fate__1,argument,Bobzien: Chrysippus developed a sophisticated compatibilist position that distinguishes b,passage_gellius_na_vii_2_7_2_8,passage,"Aulus Gellius, Noctes Atticae VII.2 (De Fato et Chrysippo), NA VII.2.8",0.09,0.21,In the Diogenianus/Eusebius report Chrysippus distinguishes occurrents 'fated simply or in isolation' from occurrents 'fated together with' some human activity; the things that happen because of us are 'fated-along-with',"Nam si sunt per naturam primitus salubriter utiliterque ficta, omnem illam vim, quae de fato extrinsecus ingruit, inoffensius tractabiliusque transmittunt. Sin vero sunt aspera et inscita et rudia nullisque artium bonaru"
source_for,371f81e0-6ebc-4b4d-bad7-acf8140a9ab6,work_methodius_de_autexusio_4c37c892,work,De autexusio (On Free Will),concept_death_therapeutic_remedy_methodius_5eaaf3a2,concept,Death as Therapeutic Remedy (Not Punishment) - Methodian Theodicy,0.05,0.25,Lost Greek dialogue preserved in Old Church Slavonic translation. Systematic defense of free will (αὐτεξούσιον) against Gnostic determinism. Employs Aristotelian ontological categories to demonstrate evil as quality/acci,"Methodius's innovative theodicy reframes Genesis 3 death sentence. Rather than divine punishment for disobedience, death becomes merciful intervention preventing endless sinning. If humans lived eternally in fallen state"
evidenced_by,35b4caa3-6f40-4575-b488-b49ffd600d20,argument_pseudo_chrysostom_de_fato_recapitulation_amand1945,argument,"Pseudo-Chrysostom De Fato V — récapitulation oratoire 'εἰ γένεσίς ἐστι, ...'",sc79_chrysostomus_de_providentia_chap5,passage,"Chrys., Prov. 5",0.1,0.2,"Famous rhetorical recapitulation by Pseudo-Chrysostom at the end of Discours V (PG 50, 768 l.30-44). A rhetorical climax condensing, in eight parallel negations, the entire anti-fatalist moral argument developed: 'If gen","1. Τί οὖν ; φησίν · οὐ βούλει με εἰδέναι σαφῶς καὶ πιστεύειν ὅτι προνοεῖ πάντων ὁ Θεός ; Καὶ μάλα καὶ βούλομαι καὶ εὔχομαι καὶ ἐπιθυμῶ σφόδρα · οὐ μὴν περιερ-γάζεσθαι τὴν πρόνοιαν, οὐδὲ πολυπραγμονεῖν. Εἰ μὲν γὰρ οἶσθα κ"
evidenced_by,a2119be6-bf09-4c2c-997c-dba754331fb6,concept_autexousion_christian_freedom_u1v2w3x4,concept,Autexousion (Αὐτεξούσιον) - Christian Free Will,passage_athenagoras_leg____379_________10________1___26,passage,"SC 379, ch.10, §1, §26 (Athenagoras of Athens)",0.1,0.2,"**Étymologie** : αὐτεξούσιον < αὐτο- (réflexif, « soi-même ») + ἐξουσία (« autorité, pouvoir d'agir »), terme déjà attesté dans le grec juif et profane du Iᵉʳ s. ap. J.-C. (Philon d'Alexandrie, TLG 0018) ; le sens propre","**Reference:** SC 379, chap.: 10, par.: 1, §26 **Author:** Athenagoras of Athens **Work:** Supplique au sujet des chrétiens (éd. Pouderon) **Edition:** SC 379 **Original Greek (from database):** X 1. Tὸ μὲν οὖν ἄθεοι μὴ "
discusses,8c633aa2-5702-46a8-8ec3-922b74ba9aa3,passage_alex_fat_12,passage,"Alexander of Aphrodisias, De Fato, 12",concept_tuche_chance_alex,concept,Alexandrian Definition of Chance (τύχη),0.1,0.2,"Ἀναιρουμένου δὲ ὡς ἐδείχθη τοῦ βουλεύσασθαι κατ’ αὐτοὺς ἀναιρεῖται καὶ τὸ ἐφ’ ἡμῖν προδήλως. τοῦτο γὰρ ἐφ’ ἡμῖν πάντες, ὅσοι μὴ θέσει τινὶ παρίστανται, παρειλήφασιν εἶναι, οὗ ἡμεῖς μὲν καὶ τοῦ πραχθῆναι καὶ τοῦ μὴ πραχθῆ",ALEXANDRIAN CONCEPT (De Fato ch. 8 (Bruns 172–175)): Chance (τύχη) is an ACCIDENTAL byproduct (κατὰ συμβεβηκός) of purposive action. When someone acts for purpose X but accidentally achieves outcome Y (which was not the 
discusses,73453b67-a30d-4c42-ab2d-c0c381446a7f,passage_epict_30,passage,"Epictetus, Discourses I.22: On Self-Interest and Duty to Zeus",concept_eph_hemin_in_our_power_aristotle_d4e5f6g7,concept,To Eph' Hêmin (Τὸ ἐφ' ἡμῖν) - What is In Our Power,0.07,0.23,Greek: • ἐγὼ γὰρ πέφυκα πρὸς τὸ ἐμὸν συμφέρον - for I am naturally [inclined] toward my own advantage • συμφέρει μοι ἀγρὸν ἔχειν - it benefits me to have a field • συμφέρει μοι καὶ ἀφελέσθαι αὐτὸν - it benefits me also t,"**Étymologie** : τὸ ἐφ' ἡμῖν, syntagme attributif « ce qui est sur nous / en notre pouvoir » < ἐπί + datif pronom personnel 1ʳᵉ pl. Locution technique aristotélicienne (*EN* III.5) reprise par les Stoïciens et les Médio-"
discusses,c8e412cb-1cb2-49a1-9100-0a9161d05e82,person_tomasz_stepien_warsaw,person,Tomasz Stępień,concept_principle_alternative_possibilities_5s6t7u8v,concept,Principle of Alternative Possibilities (PAP),0.07,0.23,"Contemporary scholar specializing in Platonic and Neoplatonic philosophy, particularly the tension between Olympic and Orphic paradigms regarding embodiment. Analyzes how ancient Platonists (Plato, Plotinus, Iamblichus) ","A principle of modern analytical philosophy, formulated by Harry Frankfurt in ""Alternate Possibilities and Moral Responsibility"" (Journal of Philosophy 66.23, 1969, pp. 829–839): a person is morally responsible for what "
cites_primary_source,af83b57c-9384-4cb7-b13d-c192a8fcb1d5,pub_destree_salles_zingano_2014_what_is_up_to_us,publication,"Destrée, Salles & Zingano (eds.), What is Up to Us? Studies on Agency and Responsibility in Ancient Philosophy (2014)",work_proclus_tria_opuscula_c9a8e4b3,work,Tria Opuscula (Three Essays) - Proclus,0.07,0.23,"Edited by Pierre Destrée, Ricardo Salles and Marco Zingano, this 2014 Academia Verlag volume contains an introduction and twenty-two studies of agency and responsibility from Democritus to Simplicius. Its contributors ad","Three monographs on providence, fate, free will, and evil: De Decem Dubitationibus circa Providentiam (Ten Doubts Concerning Providence), De Providentia et Fato (On Providence and Fate), and De Malorum Subsistentia (On t"
source_for,f88d388a-25af-4bcd-ac5a-9943b4578221,work_diogenes_laertius_lives,work,"Diogenes Laertius, Lives of Eminent Philosophers",concept_olympic_paradigm_positive_embodiment,concept,Olympic Paradigm - Positive View of Embodiment,0.13,0.17,"Βίοι καὶ γνῶμαι τῶν ἐν φιλοσοφίᾳ εὐδοκιμησάντων (Lives and Opinions of Eminent Philosophers), composed in the earlier decades of the 3rd century CE (precise date uncertain; no evidence of awareness of Neoplatonism places","The view in ancient Greek religion — 'Olympic paradigm' being a modern heuristic label, not an ancient technical term — that embodiment is natural and good, as the gods themselves have bodies. Contrasts with the Orphic-P"
cites_primary_source,5dc851d9-71d3-4bb7-9e62-f08b386f555f,argument_origen_witness_virtue_voluntary_essence_amand1945,argument,Origen — “To eliminate the voluntary from virtue is to eliminate its essence” (CC IV.3) (Amand 1945),work_origen_de_oratione,work,On Prayer (Περὶ εὐχῆς),0.04,0.27,"Amand (p. 319-320) cites and comments on the Origenian maxim, which is central to Amand’s account of the ontological value of free will in morality. Origen (Contre Celse IV.3, ed. Koetschau I p. 276,3-22), responding to ",Origen's De Oratione (c. 233-234 CE) defends the efficacy of prayer against fatalist objections. Chapters 5-6 contain the crucial distinction between prescience and causality: God's foreknowledge is not the cause of the 
evidenced_by,b03ab76e-04ed-4892-89b4-a1a4ff860a17,concept_autexousion_christian_freedom_u1v2w3x4,concept,Autexousion (Αὐτεξούσιον) - Christian Free Will,passage_athenagoras_leg____379_________26________3_5___80,passage,"SC 379, ch.26, §3-5, §80 (Athenagoras of Athens)",0.1,0.21,"**Étymologie** : αὐτεξούσιον < αὐτο- (réflexif, « soi-même ») + ἐξουσία (« autorité, pouvoir d'agir »), terme déjà attesté dans le grec juif et profane du Iᵉʳ s. ap. J.-C. (Philon d'Alexandrie, TLG 0018) ; le sens propre","**Reference:** SC 379, chap.: 26, par.: 3-5, §80 **Author:** Athenagoras of Athens **Work:** Supplique au sujet des chrétiens (éd. Pouderon) **Edition:** SC 379 **Original Greek (from database):** 3. Τοῦ τοίνυν ἄλλους μὲ"
evidenced_by,d4e462ae-ef6f-4052-9cb2-7a51b195d25f,concept_heimarmene_fate_stoics_j0k1l2m3,concept,Heimarmenê (Εἱμαρμένη) - Stoic Fate,passage_boethius_cons_6,passage,"Boethius, Cons. 6: The Fate of Philosophers",0.09,0.22,"**Étymologie** : εἱμαρμένη, participe parfait passif féminin substantivé du verbe défectif μείρομαι / εἵμαρται (« recevoir en partage, échoir »), littéralement « ce qui est départi/assigné » — d'où « le destin ». Heimarm",n Cuius hereditatem cum deinceps Epicureum vulgus ac Stoi -. cum ceterique {ceterique} pro sua quisque parte raptum ire molirentur meque {meque} reclamantem renitentemque {renitentemque} velut in partem prae -; dae trahe
discusses,0df56bd1-232e-4cc0-aebb-5771f9481b66,passage_aug_lib_arb_1_1_3,passage,"Augustine, De Libero Arbitrio 1.1.3: Intelligence Cannot Be Evil",concept_voluntas_y7z8a9b0,concept,Will (Voluntas),0.08,0.23,"Augustine argues that intelligence (intellegentia) is always good. If learning requires understanding, and understanding is good, then all learning is good - there is no evil teacher. Latin: Aug. - Saltem intellegentiam ","**Étymologie** : *voluntas* < radical *vol-* du verbe *velle* (« vouloir »), même racine que *voluptas* (« plaisir ») (le rapprochement avec le grec βούλομαι, d'une racine distincte, est contesté). Suffixe nominal -*tas*"
discusses,2684cc2a-1f5d-4bb7-a212-b09ab9e351ca,passage_aug_lib_arb_3_15_43,passage,"Augustine, De Libero Arbitrio 3.15.43: Temporal Defect vs Rational Failure",concept_divine_prescience,concept,Divine Prescience (πρόγνωσις),0.06,0.25,Augustine distinguishes: things that defect because they received no more duration are not rightly blamed. But rational creatures who could remain but chose not to are rightly blamed. Latin: In iis igitur rebus quae ideo,"Divine Prescience (πρόγνωσις / praescientia) designates God's foreknowledge of future events, including those depending on human choice, and generates a persistent aporia: if God foreknows act X, does X occur of necessit"
discusses,c280dedf-dc85-468d-a225-c96e98e1f154,passage_aug_lib_arb_3_1_3,passage,"Augustine, De Libero Arbitrio 3.1.3: Will Is Most Intimately MINE - Cui Tribuendum Nisi Mihi?",concept_divine_prescience,concept,Divine Prescience (πρόγνωσις),0.05,0.26,"Evodius confesses: nothing is so firmly and intimately felt as having will. What else can be called MINE if will is not mine? Therefore, to whom should sin be attributed if not to ME? Latin: Ev. - Video, et quodammodo ta","Divine Prescience (πρόγνωσις / praescientia) designates God's foreknowledge of future events, including those depending on human choice, and generates a persistent aporia: if God foreknows act X, does X occur of necessit"
discusses,5d5b626d-f462-4ba3-88ec-234fe9be5d27,passage_epict_48,passage,"Epictetus, Discourses: Human as Microcosm (Mimēma)",concept_eph_hemin_in_our_power_aristotle_d4e5f6g7,concept,To Eph' Hêmin (Τὸ ἐφ' ἡμῖν) - What is In Our Power,0.08,0.23,Greek: • τί γάρ ἐστιν ἄνθρωπος; - what is a human? • πρώτης μὲν τῆς ἐκ θεῶν - first of [the city] from the gods • μετὰ ταῦτα δὲ τῆς ὡς ἔγγιστα λεγομένης - and after that of what is called nearest [the earthly city] • ἥ τ,"**Étymologie** : τὸ ἐφ' ἡμῖν, syntagme attributif « ce qui est sur nous / en notre pouvoir » < ἐπί + datif pronom personnel 1ʳᵉ pl. Locution technique aristotélicienne (*EN* III.5) reprise par les Stoïciens et les Médio-"
engages_with,60a7859e-9150-420d-bab9-1e26d19df631,scholar_labarri_re_j,person,Jean-Louis Labarrière,person_taylor_richard_6p7q8r9s,person,Richard Taylor,0.09,0.22,ancient philosophy,American philosopher who defended agent causation libertarianism. Argued that action requires the agent to be an 'unmoved mover' - a substance that initiates causal chains without itself being event-caused. Emphasized me
influenced_by,r3_1_influenced_by,person_ambrose_milan_339_397,person,Ambroise de Milan,person_basil_great_d379,person,Basil the Great,0.07,0.24,"Bishop of Milan 374-397, the principal mediator of Latin Stoicism to Augustine (whom he baptised in 387) and a major figure in Latin moral theology. With regard to free will, three works are important: (1) De Officiis mi","Basil the Great (c. 329/330-379 CE), bishop of Caesarea in Cappadocia, one of the three Cappadocian Fathers (together with his brother Gregory of Nyssa and his friend Gregory of Nazianzus). Educated in Constantinople und"
discusses,fa725f30-eef0-54fd-b76f-609c281b98a8,pub_byers_2026_the_origin_of_medieval_synderesis_is_the_stoic_theory_of_self_af,publication,"Sarah Byers 2026 — The Origin of Medieval “Synderesis” is the Stoic Theory of Self-Affiliation (Oikeiōsis): Evidence from Origen, Epictetus, Hierocles, and Chrysippus on (Sun)tērēsis",concept_autexousion_christian_freedom_u1v2w3x4,concept,Autexousion (Αὐτεξούσιον) - Christian Free Will,0.08,0.23,"This paper shows that the medieval concept synderesis comes from Origen’s endorsement of the Stoic theory of rational “self-affiliation” ( oikeiōsis ). Synderesis is a term that medieval authors inherited from Jerome, wh","**Étymologie** : αὐτεξούσιον < αὐτο- (réflexif, « soi-même ») + ἐξουσία (« autorité, pouvoir d'agir »), terme déjà attesté dans le grec juif et profane du Iᵉʳ s. ap. J.-C. (Philon d'Alexandrie, TLG 0018) ; le sens propre"
discusses,42ed583e-3bb9-4b40-87ae-f143e55d2f04,passage_alex_fat_20,passage,"Alexander of Aphrodisias, De Fato, 20",concept_inner_freedom_alex,concept,Inner Freedom (Inviolability of Choice),0.17,0.14,"ἀλλ’ ὅτι μὲν καὶ ἔστι τι ἐφ’ ἡμῖν ὀνομάσαι, καὶ οὐ διὰ τὴν ἐξουσίαν ταύτην ἀναιτίως τι γίνεται, τῷ τῶν οὕτως γινομένων αἴτιον τὸν ἄνθρωπον εἶναι, ἀρχὴν αὐτὸν ὄντα τῶν γινομένων ὑφ’ αὑτοῦ, ἱκανὰ μὲν δεῖξαι καὶ τὰ εἰρημένα","Greek terminology: • ""no one can take away"": the inner act of choice cannot be seized by another (no verbatim Greek formulation attested in Alexander's De Fato; the motif is a Stoic topos at home in Epictetus, Dissertati"
discusses,661887af-c265-4362-a0f5-a460d3d2b7d5,passage_aug_lib_arb_3_13_37,passage,"Augustine, De Libero Arbitrio 3.13.37: Rational Nature Remaining or Departing from Good",concept_divine_prescience,concept,Divine Prescience (πρόγνωσις),0.05,0.27,Augustine establishes: every rational nature remaining in enjoyment of the immutable good is praiseworthy. Every one striving to remain is praiseworthy. Every one not remaining and not wanting to act for it is blameworth,"Divine Prescience (πρόγνωσις / praescientia) designates God's foreknowledge of future events, including those depending on human choice, and generates a persistent aporia: if God foreknows act X, does X occur of necessit"
discusses,d9976f23-a405-4bd5-bdce-066f5b39bc80,passage_aug_lib_arb_3_16_46,passage,"Augustine, De Libero Arbitrio 3.16.46: No Fault in Creator for Creatures Not Doing Duty",concept_divine_prescience,concept,Divine Prescience (πρόγνωσις),0.08,0.24,"Augustine: while creatures fail their duty, no fault belongs to Creator - rather, praise. The creature who sees duty sees it in the immutable Truth, thus praising God. Latin: Usque adeo autem dum non facit quisque quod d","Divine Prescience (πρόγνωσις / praescientia) designates God's foreknowledge of future events, including those depending on human choice, and generates a persistent aporia: if God foreknows act X, does X occur of necessit"
discusses,98e3ecc8-5f35-429e-8f49-6061c0827a35,passage_aug_lib_arb_3_17_48,passage,"Augustine, De Libero Arbitrio 3.17.48: CRUCIAL - Will Is the Root Cause - Seek No Further",concept_divine_prescience,concept,Divine Prescience (πρόγνωσις),0.05,0.27,"CRUCIAL PASSAGE: Augustine answers: WILL is the cause of sin. You seek the cause of will? If found, you'd seek its cause. Where will the search end? ""Beware thinking anything truer than what the root cause is WILL."" Lati","Divine Prescience (πρόγνωσις / praescientia) designates God's foreknowledge of future events, including those depending on human choice, and generates a persistent aporia: if God foreknows act X, does X occur of necessit"
discusses,2ab01d79-c722-4436-ac44-c06b32231c13,passage_epict_13,passage,"Epictetus, Discourses I.9: Cosmopolitanism - Citizen of the Cosmos",concept_prohairesis_deliberate_choice_aristotle_c3d4e5f6,concept,Prohairesis (Προαίρεσις) - Deliberate Choice,0.06,0.26,Greek: • τὸ τοῦ Σωκράτους... μηδέποτε πρὸς τὸν πυθόμενον ποδαπός ἐστιν εἰπεῖν ὅτι Ἀθηναῖος ἢ Κορίνθιος - Socrates's [example]... never to say to one asking where he is from that [he is] Athenian or Corinthian • λέγεις Ἀθ,"**Étymologie** : προαίρεσις < πρό- (« avant ») + αἵρεσις (« choix, prise », de αἱρέω « prendre, saisir »), littéralement « choix préalable / antérieur ». Premier emploi technique chez Aristote, *Éthique à Nicomaque* III."
discusses,c015fdba-6566-409d-9884-dc1e859162da,passage_epict_20,passage,"Epictetus, Discourses I.12: Equality with Gods in Reason",concept_eph_hemin_in_our_power_aristotle_d4e5f6g7,concept,To Eph' Hêmin (Τὸ ἐφ' ἡμῖν) - What is In Our Power,0.08,0.24,Greek: • παρουσῶν καὶ ἐπικλωθουσῶν σου τὴν γένεσιν ὥρισεν - [the Fates] being present and spinning fixed your birth • ἡλίκον μέρος πρὸς τὰ ὅλα - how small a part in relation to the whole • ὡς κατά γε τὸν λόγον οὐδὲν χείρ,"**Étymologie** : τὸ ἐφ' ἡμῖν, syntagme attributif « ce qui est sur nous / en notre pouvoir » < ἐπί + datif pronom personnel 1ʳᵉ pl. Locution technique aristotélicienne (*EN* III.5) reprise par les Stoïciens et les Médio-"
discusses,c60d0027-a9e3-46e0-a2b2-41063e1add68,passage_eusebius_praep_ev_book_15,passage,"Eusebius, Praeparatio Evangelica, book XV",person_posidonius_apameia_135_51bce,person,Posidonius of Apamea,0.12,0.2,"Τὴν πολύθεον τῶν ἐθνῶν ἀπάντων πλάνην ἐν ἀρχαῖς τῆς Εὐαγγελικῆς Προπαρασκευῆς ἀπελέγξαι πρὸ πολλοῦ θέμενος ἐπὶ συστάσει καὶ ἀπολογίᾳ τῆς ἐξ αὐτῶν ἀναχωρήσεως, ἣν μετ’ εὐλόγου πεποιήμεθα, οὐ μόνον τοὺς μύθους, οὓς δὴ περὶ","Posidonius of Apamea was one of the most influential and intellectually diverse philosophers of the Hellenistic period, representing Middle Stoicism—the transitional phase between early Stoic orthodoxy (Chrysippus) and l"
cites_primary_source,dbe04072-0a92-4704-b63b-cc6744c76347,pub_frede_2011_free_will,publication,Frede 2011 — A Free Will: Origins of the Notion in Ancient Thought,work_origen_philocalia,work,Philocalia (Φιλοκαλία Ὠριγένους),0.08,0.24,"A Free Will: Origins of the Notion in Ancient Thought (Sather Classical Lectures 68; University of California Press, 2011). Edited by A. A. Long from lectures delivered by Frede before his death in 2007. Frede's central ","Anthology of excerpts from Origen's works, compiled c. 358-359 CE by Basil of Caesarea and Gregory of Nazianzus. Critically important for preserving Greek text of De Principiis III.1 (On Free Will), which otherwise survi"
discusses,7d7d1efe-ff65-4e38-9e17-6b7762be5962,pub_skarsaune_proof_from_prophecy,publication,"Skarsaune, O. (1987). The Proof from Prophecy: A Study in Justin Martyr's Proof-Text Tradition. Supplements to Novum Testamentum 56. Brill.",scholarly_argument_skarsaune_paul_s_doctrine_of_justificati_1,argument,Skarsaune: Justin Martyr failed to grasp the deeper implications of Paul's doctrine of just,0.17,0.15,"Magisterial philological study by Oskar Skarsaune (Brill 1987, *Supplements to Novum Testamentum* 56, xv+505 p.) reconstructing the tradition of biblical testimonia used by Justin Martyr in the *Apologies* and the *Dialo","Paul's doctrine of justification by faith and its reception — Justin Martyr failed to grasp the deeper implications of Paul's doctrine of justification by faith, yet treated Paul as an authority of some importance and st"
discusses,c30d6f93-2b1b-451e-a160-ef71bd0f9abf,synthesis_frede2011_ch4_later_platonist_peripatetic_contributions,synthesis,Ch. 4 — Contributions platoniciennes et péripatéticiennes tardives (Frede 2011),person_alcinous_2c_ce,person,Alcinous (possibly Albinus),0.08,0.24,"Summary of Frede 2011 ch. 4 (p. 49-65): between Carneades and Plotinus, Platonists (Numenius, Calcidius, Porphyry, Plotinus) and Peripatetics (Aspasius, Alexander) adopt the Stoic pair impression-assent, while combining ","Middle Platonist philosopher (fl. 2nd c. CE), author of the Didaskalikos (Διδασκαλικός, 'Handbook of Platonism'), the most complete surviving systematic exposition of Middle Platonism. Identity uncertain: the long-standi"
discusses,origen-lit-029,scholarly_argument_highfield_divine_action_creates_and_empowers_freedom,argument,"Highfield: divine action creates, empowers, and directs human freedom without competing with it",person_irenaeus_d202,person,Irenaeus of Lyon,0.1,0.22,"Highfield lets the 'analogy of faith' compare creation, incarnation and salvation with providence. God's unilateral act of creation gives creatures real and distinct being 'including the power of freedom'; in the incarna","Bishop of Lyon (second century CE), originally from Asia Minor, and author of the five-book Adversus haereses. AH IV.37 preserves distinct witness strata: the ancient Latin version and Greek fragments transmitted in John"
discusses,216059cc-d3e9-4812-b1fd-5b103080e91a,concept_prohairesis_deliberate_choice_aristotle_c3d4e5f6,concept,Prohairesis (Προαίρεσις) - Deliberate Choice,concept_reactive_attitudes_7u8v9w0x,concept,Reactive Attitudes,0.09,0.24,"**Étymologie** : προαίρεσις < πρό- (« avant ») + αἵρεσις (« choix, prise », de αἱρέω « prendre, saisir »), littéralement « choix préalable / antérieur ». Premier emploi technique chez Aristote, *Éthique à Nicomaque* III.","P.F. Strawson's framework for understanding moral responsibility. Reactive attitudes are emotions and attitudes constitutive of interpersonal relationships: resentment, gratitude, forgiveness, love, hurt feelings, indign"
discusses,566fc183-9357-4b0f-888a-43e1d9bd07d3,passage_epict_36,passage,"Epictetus, Discourses I.28: Soul Unwillingly Deprived of Truth",concept_eph_hemin_in_our_power_aristotle_d4e5f6g7,concept,To Eph' Hêmin (Τὸ ἐφ' ἡμῖν) - What is In Our Power,0.09,0.24,Greek: • τῷ οὖν φαινομένῳ ὅτι οὐχ ὑπάρχει συγκατατίθεσθαι οὐχ οἷόν τε - it is impossible to assent to what appears not to exist • ἡ φύσις αὕτη ἐστὶ τῆς διανοίας - this is the nature of the mind: • τοῖς μὲν ἀληθέσιν ἐπινε,"**Étymologie** : τὸ ἐφ' ἡμῖν, syntagme attributif « ce qui est sur nous / en notre pouvoir » < ἐπί + datif pronom personnel 1ʳᵉ pl. Locution technique aristotélicienne (*EN* III.5) reprise par les Stoïciens et les Médio-"
discusses,367a0a41-205f-4bce-9eed-f1a74ab330d4,scholarly_argument_barclay_2020_grace_creates_worth,argument,God's love does not find but creates worth: grace confers value rather than rewarding it (Barclay 2020),concept_grace_freedom_synergy,concept,Grace-Freedom Synergy (συνεργία),0.09,0.24,"Barclay (ch. 13), via Luther's Heidelberg Disputation thesis 28: against the dominant philosophical tradition in which love is drawn to a good already present in its object, the love of God 'does not find, but creates wh",Cooperation of divine grace + human free will in salvation. Neither Pelagian (grace unnecessary) nor Augustinian (grace irresistible). Formula: Divine aid necessary but not sufficient + Human cooperation required but not
discusses,3289e958-5075-4330-b0c4-77f65672fed9,scholarly_argument_graeser_epictetus_influence_on_plotinu_3,argument,"Graeser: Plotinus engages with Epictetus' moral psychology, particularly the distinction ",concept_eph_hemin_in_our_power_aristotle_d4e5f6g7,concept,To Eph' Hêmin (Τὸ ἐφ' ἡμῖν) - What is In Our Power,0.09,0.24,"Graeser's short chapter on Plotinus and Epictetus (pp. 82-84) registers nine verbal and thematic parallels: the soul's return to its native country, the sage's disregard of misfortunes, courage and caution not mutually e","**Étymologie** : τὸ ἐφ' ἡμῖν, syntagme attributif « ce qui est sur nous / en notre pouvoir » < ἐπί + datif pronom personnel 1ʳᵉ pl. Locution technique aristotélicienne (*EN* III.5) reprise par les Stoïciens et les Médio-"
cites_primary_source,f7ba2023-ccb6-4a32-b89c-990fc1de124f,scholarly_argument_djeranian_the_cylinder_analogy_and_its_l_3,argument,"D'Jeranian: Chrysippus's cylinder analogy, which makes fate the antecedent and auxiliary cau",passage_gellius_na_vii_2_7_2_10,passage,"Aulus Gellius, Noctes Atticae VII.2 (De Fato et Chrysippo), NA VII.2.10",0.12,0.21,D'Jeranian: in De fato 42-43 Chrysippus's manoeuvre dissociates the necessity of fate and preserves the individual's autonomy by making fate the antecedent and auxiliary cause of his action; man's movement is like a cyli,"Est enim genere ipso quasi fatale et consequens, ut mala ingenia peccatis et erroribus non vacent."
source_for,056fe009-beda-415b-946e-04d034118ebf,work_de_fato_cicero_44bce_b9c4e5d2,work,De Fato (On Fate),argument_anti_astrology_nomima_barbarika_6k1l3n09,argument,Anti-Astrological Argument IV: Diversity of Customs (Nomima Barbarika),0.15,0.18,"De Fato (On Fate) is Cicero's principal surviving treatise on determinism, fate, and free will, composed around 44 BC. It is the most important Latin philosophical text on the problem of freedom and necessity in antiquit","The remarkable diversity of laws, customs, and cultural practices (nomima barbarika) among different peoples (Italians, Greeks, Scythians, Syrians, etc.) contradicts the claim of uniform astral influence. If stars determ"
cites_primary_source,reading-c-268,scholarly_argument_heinze_executioners,argument,Heinze: demonic executioners retain evil intent while serving judgment,work_origen_commentary_romans,work,Commentary on Romans (Commentarii in Epistulam ad Romanos),0.09,0.24,"Evil spirits keep corrupt purpose and will, yet the penalties they exact can serve divine correction.","Origen's Commentary on Romans (c. 246 CE) is the oldest extant Romans commentary, surviving in Rufinus's substantially abridged Latin translation (c. 405 CE; the original 15 books were reduced to 10). Book VII addresses "
cites_primary_source,b375c8e8-3da8-4a1b-9685-20e567e60364,argument_furst_2022_de_princ_iii_1_first_freedom_treatise,argument,De Principiis III 1 = first treatise On Freedom (Fürst 2022),passage_cic_fat_24,passage,"Marcus Tullius Cicero, De Fato, Fat. 24",0.08,0.25,"Thesis of Fürst 2022 (Kap. V 2, p. 196-197): Origen's De Principiis III 1,1-24, preserved in Greek in the Philocalia ch. 21-27 and in Latin in Rufinus' translation, is the first systematic philosophical treatise ""On Free","Communi igitur consuetudine sermonis abutimur, cum ita dicimus, velle aliquid quempiam aut nolle sine causa; ita enim dicimus sine causa, ut dicamus: sine externa et antecedente causa, non sine aliqua; ut, cum vas inane "
cites_primary_source,758338f9-96a3-4643-82cf-df4bb66dbb8b,argument_origen_witness_carneadean_transposition_envelope_amand1945,argument,Origène — Transposition théologique des arguments moraux de Carnéade (Amand 1945 Livre II Ch. V §IV),passage_eusebius_praep_ev_6_6_10,passage,"Eusebius, Praeparatio Evangelica, VI.6.10",0.1,0.23,"Argumentative framework: Amand devotes §IV (p. 318-325) to Origen's use of Carneades' anti-fatalist moral argumentation. It is the first two sections of chapter 23 of the Philocalia (Phil. 23.1-2, Robinson p. 187-189) th","ὅθεν καὶ λεγόν- τῶν ἔστιν ἀκοῦσαι τῶν πολλῶν ὅτι ἄρα πραχθήσεται τοῦτο , εἴ γε εἵμαρταί μοι , καὶ τί με χρὴ παρέχειν ἐμαυτῷ πράγματα;"
evidenced_by,da4172e2-51e2-4189-b5dd-564e57a5d6c4,argument_pseudo_chrysostom_de_fato_v_apologetic_amand1945,argument,Pseudo-Chrysostom De Fato V — heimarmene comme barbarie injuste,sc79_chrysostomus_de_providentia_chap5,passage,"Chrys., Prov. 5",0.08,0.25,"Pseudo-Chrysostom’s argument in Discourse V (8th argument according to Amand, PG 50, 767-768): heimarmene is doubly absurd and barbarous—it compels human beings towards vice, then demands their punishment for the faults ","1. Τί οὖν ; φησίν · οὐ βούλει με εἰδέναι σαφῶς καὶ πιστεύειν ὅτι προνοεῖ πάντων ὁ Θεός ; Καὶ μάλα καὶ βούλομαι καὶ εὔχομαι καὶ ἐπιθυμῶ σφόδρα · οὐ μὴν περιερ-γάζεσθαι τὴν πρόνοιαν, οὐδὲ πολυπραγμονεῖν. Εἰ μὲν γὰρ οἶσθα κ"
evidenced_by,4c191935-2711-459a-9d24-1e15934efccb,concept_autexousion_christian_freedom_u1v2w3x4,concept,Autexousion (Αὐτεξούσιον) - Christian Free Will,passage_athenagoras_leg____379_________9________3___25,passage,"SC 379, ch.9, §3, §25 (Athenagoras of Athens)",0.11,0.22,"**Étymologie** : αὐτεξούσιον < αὐτο- (réflexif, « soi-même ») + ἐξουσία (« autorité, pouvoir d'agir »), terme déjà attesté dans le grec juif et profane du Iᵉʳ s. ap. J.-C. (Philon d'Alexandrie, TLG 0018) ; le sens propre","**Reference:** SC 379, chap.: 9, par.: 3, §25 **Author:** Athenagoras of Athens **Work:** Supplique au sujet des chrétiens (éd. Pouderon) **Edition:** SC 379 **Original Greek (from database):** 3. Καταλείπω δὲ ὑμῖν ἐπ' α"
source_for,889f7b56-b2af-4780-93a4-df985a3a78da,passage_alex_fat_9,passage,"Alexander of Aphrodisias, De Fato, 9",argument_homonymy_alex,argument,Homonymy Charge Against Stoics,0.16,0.17,"Καὶ τοιαῦτα μὲν τὰ περὶ τῆς τύχης ὑπ’ αὐτῶν λεγόμενα καὶ οὕτως τοῖς κειμένοις συνᾴδοντα· ὅτι δὲ καὶ τὸ ἐνδεχόμενόν τε καὶ τὸ ὁπότερ’ ἔτυχεν γίνεσθαί τινα ὑπὸ τῶν πάντα ἐξ ἀνάγκης γίνεσθαι λεγόντων ἀναιρεῖται, αὐτόθεν πρό","Argument: Stoics deceive through homonymy (ὉΜΩΝΥΜΊΑ) The Stoics use ""what is up to us"" (to eph' hēmin) in a different sense than everyone else, deceiving through equivocation. Premise: Everyone uses ""up to us"" to mean ge"
discusses,5eacdd8e-481a-479c-93f1-00bf15fba47d,passage_aug_lib_arb_3_12_36,passage,"Augustine, De Libero Arbitrio 3.12.36: Summary Statement for Disputants",concept_voluntas_y7z8a9b0,concept,Will (Voluntas),0.08,0.25,"Augustine offers to leave contemplation of beauty to those who can see it, and address the argumentative with a brief summary. Latin: Postremo, ut relinquamus contemplationem pulchritudinis rerum iis qui eam divino muner","**Étymologie** : *voluntas* < radical *vol-* du verbe *velle* (« vouloir »), même racine que *voluptas* (« plaisir ») (le rapprochement avec le grec βούλομαι, d'une racine distincte, est contesté). Suffixe nominal -*tas*"
discusses,c126ceeb-0001-4df7-a5d3-8ae75ccbfd3b,passage_aug_lib_arb_3_23_68,passage,"Augustine, De Libero Arbitrio 3.23.68: Infant Suffering Corrects Adults",concept_divine_prescience,concept,Divine Prescience (πρόγνωσις),0.07,0.26,"Augustine argues that infant suffering serves a pedagogical purpose for adults and may bring hidden compensation to the infants themselves. Latin: Cum autem boni aliquid operatur Deus in emendatione maiorum, cum parvulor","Divine Prescience (πρόγνωσις / praescientia) designates God's foreknowledge of future events, including those depending on human choice, and generates a persistent aporia: if God foreknows act X, does X occur of necessit"
discusses,1ce72a36-ddd4-4c44-aa7e-745b6772afcf,passage_aug_lib_arb_3_25_74,passage,"Augustine, De Libero Arbitrio 3.25.74: Will Chooses Between Competing Visions",concept_divine_prescience,concept,Divine Prescience (πρόγνωσις),0.07,0.26,"Augustine explains that will is attracted by visions (visa) but which vision to follow remains in our power. Latin: Sed quia voluntatem non allicit ad faciendum quodlibet, nisi aliquod visum; quid autem quisque vel sumat","Divine Prescience (πρόγνωσις / praescientia) designates God's foreknowledge of future events, including those depending on human choice, and generates a persistent aporia: if God foreknows act X, does X occur of necessit"
discusses,7ed171ce-c028-4303-9ec3-0f47310c549a,passage_epict_53,passage,"Epictetus, Discourses I.22: Half-Baptized Stoics",concept_eph_hemin_in_our_power_aristotle_d4e5f6g7,concept,To Eph' Hêmin (Τὸ ἐφ' ἡμῖν) - What is In Our Power,0.1,0.23,[AUTHENTIC PRACTICE VS. MERE WORDS] Greek: • δέ σοι ὄφελος οὐδὲν εἰ μὴ μέχρι τοῦ δοκεῖν ὅτι ἔχεις - it is no use to you except for seeming • τί οὖν Στωικὸν λέγεις; τί ἐξαπατᾷς τοὺς πολλούς; - why call yourself Stoic? Why,"**Étymologie** : τὸ ἐφ' ἡμῖν, syntagme attributif « ce qui est sur nous / en notre pouvoir » < ἐπί + datif pronom personnel 1ʳᵉ pl. Locution technique aristotélicienne (*EN* III.5) reprise par les Stoïciens et les Médio-"
discusses,67010627-6383-45b4-8e3a-9d35cf142735,scholarly_argument_sharples_aristotelian_theology_and_prov_4,argument,"Sharples: The Unmoved Mover does not exercise providence; rather, the heavens do. Providen",school_stoics,school,Stoic School (Στοά),0.13,0.2,"According to the extraction's summary of Sharples's Section VI, the question is which divine being exercises providence in Alexander: the Unmoved Mover does not, the heavens do, and providence is connected with the prese","Philosophical school founded by Zeno of Citium (c. 334-262 BCE) in Athens, named after the Stoa Poikile (Painted Porch). Central to free will debates through their doctrine (characterized in modern scholarship as compati"
discusses,61c9cf15-8d87-430c-a75b-b77fbd15c8bf,synthesis_dihle1982_methodological_thesis_summary,synthesis,Dihle 1982 — Synthese methodologique : invention chretienne du concept de volonte,person_sorabji_richard_contemporary,person,Richard Sorabji,0.08,0.25,"Overall methodological synthesis of the volume. Three axes: (1) *Philological method* — Dihle reconstructs the history of a concept by tracing terminological occurrences (boulesis, thelesis, hekousios, autexousios, proha","Richard Sorabji (né 1934). Professeur émérite de philosophie ancienne à King's College London ; Fellow of the British Academy. Patristicien et historien de la philosophie antique. Ouvrage-pivot : *Necessity, Cause, and B"
discusses,0aa34bc9-50c4-40e4-bdb4-2dc402a5606e,work_de_fato_alexander_c200ce_o6p7q8r9,work,De Fato (Περὶ Εἱμαρμένης / On Fate),concept_inner_freedom_alex,concept,Inner Freedom (Inviolability of Choice),0.14,0.19,"Alexander's De fato is a direct authorial treatise whose positive account of fate as individual nature occupies chapters II-VI; chapters VII-XXXVIII are largely dialectical objections, reports and replies concerning dete","Greek terminology: • ""no one can take away"": the inner act of choice cannot be seized by another (no verbatim Greek formulation attested in Alexander's De Fato; the motif is a Stoic topos at home in Epictetus, Dissertati"
engages_with,9f53249f-77ab-4407-8b48-9793476e6a9e,person_bobzien_susanne_contemporary,person,Susanne Bobzien,scholar_amand_de_mendieta_e,person,Emmanuel Amand de Mendieta,0.16,0.17,"Susanne Bobzien (née Susanne Bobzien, b. 1960), a German-British philosopher, professor of philosophy at Yale University (Joseph C. Hutchinson Chair) and subsequently senior research fellow at All Souls College, Oxford. ","Emmanuel Amand de Mendieta O.S.B. (1907-1976). A Belgian Benedictine, philologist, and historian of ancient philosophy trained at Louvain. His doctoral thesis (1944), published under the title *Fatalisme et liberté dans "
discusses,fb2c03ac-8327-4d53-a920-ccd7e4e2446b,passage_aug_lib_arb_3_5_17,passage,"Augustine, De Libero Arbitrio 3.5.17: Reason vs Use - True vs Customary Valuation",concept_voluntas_y7z8a9b0,concept,Will (Voluntas),0.09,0.25,"Augustine distinguishes: RATIO (reason) judges by truth's light; USUS (custom) values by convenience. Carnal men prefer losing stars to losing one tree in their garden. Latin: Aliter enim aestimat ratio, aliter usus. Rat","**Étymologie** : *voluntas* < radical *vol-* du verbe *velle* (« vouloir »), même racine que *voluptas* (« plaisir ») (le rapprochement avec le grec βούλομαι, d'une racine distincte, est contesté). Suffixe nominal -*tas*"
influenced_by,982db232-f0e2-42a4-a2a8-8972c863d72f,person_eusebius_caesarea_d339,person,Eusebius of Caesarea,person_porphyry,person,Porphyry of Tyre,0.09,0.25,"Eusebius of Caesarea (c. 260–339 CE), bishop of Caesarea in Palestine, ecclesiastical historian and Christian apologist. For Amand 1945 (Book II ch. VII, p. 342-381), Eusebius constitutes witness no. 4 in the anti-fatali","Porphyry of Tyre (c. 234-c. 305 CE), Phoenician-born Neoplatonist philosopher, student and literary executor of Plotinus, whose Enneads he edited and prefaced with the biographical Vita Plotini. A prolific polymath with "
engages_with,7e7f1843-97e6-49c3-ba49-d73b36aa9f6d,scholar_linjamaa_p,person,Paul Linjamaa,person_bobzien_susanne_contemporary,person,Susanne Bobzien,0.13,0.21,"Early Christian ethics, Valentinianism, Nag Hammadi literature, determinism and free will in antiquity","Susanne Bobzien (née Susanne Bobzien, b. 1960), a German-British philosopher, professor of philosophy at Yale University (Joseph C. Hutchinson Chair) and subsequently senior research fellow at All Souls College, Oxford. "
engages_with,cd66ca5d-952e-413d-8e44-d06f9a60b0fb,scholar_uster_d,person,Danilo Šuster,scholar_eliasson_e,person,Erik Eliasson,0.1,0.24,"Stoicism, compatibilism, philosophy of action","ancient philosophy, Neoplatonism, Plotinus"
cites_primary_source,834ae4ca-bd27-4481-a669-affc068f6c17,scholarly_argument_djeranian_the_cylinder_analogy_and_its_l_3,argument,"D'Jeranian: Chrysippus's cylinder analogy, which makes fate the antecedent and auxiliary cau",passage_gellius_na_vii_2_7_2_14,passage,"Aulus Gellius, Noctes Atticae VII.2 (De Fato et Chrysippo), NA VII.2.14",0.09,0.25,D'Jeranian: in De fato 42-43 Chrysippus's manoeuvre dissociates the necessity of fate and preserves the individual's autonomy by making fate the antecedent and auxiliary cause of his action; man's movement is like a cyli,"Primus autem hoc sapientissimus ille et antiquissimus poetarum dixit hisce versibus: Ὢ πόποι, οἷον δή νυ θεοὺς βροτοὶ αἰτιόωνται.Ἐξ ἡμέων γάρ φασι κάκ’ ἔμμεναι· οἱ δὲ καὶ αὐτοίΣφῇσιν ἀτασθαλίῃσιν ὑπὲρ μόρον ἄλγε’ ἔχουσιν"
discusses,838843d6-c364-5456-9baa-bfcc79847247,pub_heither_1996_das_gebet_bei_origenes_abtei_mariendonk_47906_kempen_1996_pp_24,publication,"Heither T. 1996 — Das Gebet bei Origenes, Abtei Mariendonk (D-47906 Kempen) 1996, pp. 24",concept_theodicy_christian,concept,Christian Theodicy,0.13,0.21,"[1. Gebet als Wunder. 2. Gebet als Begegnung mit dem lebendigen, personalen Gott. 3. Gebet und Vorsehung. 4. Gebet bewirkt Gemeinschaft. 5. Das Gebet erstrebt das Göttliche und Große. Das Gebet soll unabläßig sein].","Christian theodicy — the rational defence of God's goodness and justice in the face of evil — is inseparable, in the ancient sources, from debates over free will. The governing formula is Platonic in origin: θεὸς ἀναίτιο"
critiques,faultlines-20260817-031,scholarly_argument_o_keefe_epicurus_position_on_reduction_0,argument,O'Keefe: Epicurus is a reductionist: the mind is an atomic aggregate and mental processes,scholar_sedley_david,person,David Sedley,0.1,0.24,O'Keefe explains what he means by calling Epicurus a reductionist: macroscopic bodies are not 'irreducibly different' from atoms and have no causal power beyond theirs; the mind is an atomic aggregate whose properties ar,"Hellenistic philosophy, Epicureanism, Lucretius"
cites_primary_source,reading-a-109,scholarly_argument_van_der_eijk_movement_taxonomy_prepares_reductio,argument,van der Eijk: the taxonomy of motion prepares an ontological reductio,passage_origen_de_orat_6,passage,"Origen, De Oratione 6: Prescience Is Not Causality",0.09,0.25,"Van der Eijk reconstructs Origen's hierarchy of externally moved things, living self-movers, animal motion from themselves, and rational motion through themselves. The distinctions refine a simpler internal-external cont","Origen's classic statement that divine foreknowledge is not the cause of what comes to be: God pre-arranges everything in accordance with what he has foreseen of each act that is up to us (τὸ ἐφ' ἡμῖν), and the εἱρμός of"
discusses,317425b6-435c-4545-8a2a-827c3666e099,passage_aug_lib_arb_1_2_5,passage,"Augustine, De Libero Arbitrio 1.2.5: Optime de Deo Existimare - Thinking Best of God",concept_voluntas_y7z8a9b0,concept,Will (Voluntas),0.11,0.23,"Augustine establishes the methodological principle: always assume the best about God. God is omnipotent, immutable, creator of all goods, and most just ruler. Latin: Aug. - Virili animo esto, et crede quod credis: nihil ","**Étymologie** : *voluntas* < radical *vol-* du verbe *velle* (« vouloir »), même racine que *voluptas* (« plaisir ») (le rapprochement avec le grec βούλομαι, d'une racine distincte, est contesté). Suffixe nominal -*tas*"
discusses,c03de75d-f1c8-44d0-b5d5-24dc92ce29c8,person_camus_albert_9i0j1k2l,person,Albert Camus,concept_principle_alternative_possibilities_5s6t7u8v,concept,Principle of Alternative Possibilities (PAP),0.08,0.26,"French-Algerian philosopher who explored themes of absurdity and freedom. While skeptical of systematic philosophy, emphasized human freedom to create meaning in an absurd universe. Famous for image of Sisyphus choosing ","A principle of modern analytical philosophy, formulated by Harry Frankfurt in ""Alternate Possibilities and Moral Responsibility"" (Journal of Philosophy 66.23, 1969, pp. 829–839): a person is morally responsible for what "
cites_primary_source,db9dc047-fc1a-4288-b7c0-dc036101688b,pub_frede_2011_free_will,publication,Frede 2011 — A Free Will: Origins of the Notion in Ancient Thought,work_origen_commentary_romans,work,Commentary on Romans (Commentarii in Epistulam ad Romanos),0.07,0.27,"A Free Will: Origins of the Notion in Ancient Thought (Sather Classical Lectures 68; University of California Press, 2011). Edited by A. A. Long from lectures delivered by Frede before his death in 2007. Frede's central ","Origen's Commentary on Romans (c. 246 CE) is the oldest extant Romans commentary, surviving in Rufinus's substantially abridged Latin translation (c. 405 CE; the original 15 books were reduced to 10). Book VII addresses "
discusses,a7974d91-d632-4ca5-8938-ee82170417ff,pub_frede_2011_free_will,publication,Frede 2011 — A Free Will: Origins of the Notion in Ancient Thought,scholarly_argument_frede_plotinus_on_free_will_6,argument,"Frede: Plotinus reacts to the Stoic notion of free will, particularly in Ennead VI.8, d",0.11,0.23,"A Free Will: Origins of the Notion in Ancient Thought (Sather Classical Lectures 68; University of California Press, 2011). Edited by A. A. Long from lectures delivered by Frede before his death in 2007. Frede's central ","Plotinus on free will — Plotinus reacts to the Stoic notion of free will, particularly in Ennead VI.8, developing a Neoplatonist account that distinguishes different levels of freedom and relates freedom to the intelligi"
engages_with,fd4696a5-1250-483f-b48a-839b7c0c5ce4,scholar_dettwiler_a,person,Andreas DETTWILER,person_erasmus_of_rotterdam_9g3b4c02,person,Erasmus of Rotterdam,0.08,0.26,"Andreas Dettwiler (born 1959). Professor of New Testament at the Faculty of Theology of the University of Geneva. Swiss New Testament scholar. Contribution: chapter « L'épître aux Éphésiens » in Daniel Marguerat (ed.), *","Dutch Renaissance humanist and Catholic theologian. Defended human free will against Luther's determinism, arguing for synergistic cooperation between divine grace and human choice. Emphasized moral responsibility and hu"
cites_primary_source,stoicslice2026-scholarly_argument_masi_2005_epicurus_partial_antideterminism-cites_primary_source-work_de_rerum_natura_lucretius_50sbce_l2m3n4o5,scholarly_argument_masi_2005_epicurus_partial_antideterminism,argument,Masi: in Peri physeos XXV Epicurus confronts determinism only partially — self-determination without clinamen,work_de_rerum_natura_lucretius_50sbce_l2m3n4o5,work,De Rerum Natura (On the Nature of Things),0.06,0.28,"Book XXV of On Nature, occasioned by the theory of psychological development, argues against Democritean mechanism to secure the physical conditions of Epicurus' ethico-pedagogical project. His solution distinguishes the","De Rerum Natura (On the Nature of Things) is Lucretius' monumental didactic poem presenting Epicurean philosophy in Latin hexameter verse. The poem's six books cover Epicurean atomism, cosmology, psychology, epistemology"
source_for,64e80aec-9c3e-488f-9588-aa69ca65925a,passage_alex_fat_5,passage,"Alexander of Aphrodisias, De Fato, 5",argument_human_constitution_alex,argument,Human Constitution Argument (Alexander),0.2,0.15,"τούτων δ’ οὕτως ἐχόντων καὶ πάντων τῶν γινομένων εἰς τούτους τοὺς τρόπους νενεμημένων ἀκόλουθον ἐπὶ τούτοις ἰδεῖν, ἐν ποίῳ τῶν ποιητικῶν αἰτίων χρὴ τιθέναι τὴν εἱμαρμένην. ἆρά γε ἐν τοῖς οὐδενὸς γινομένοις χάριν; ἢ τοῦτο","Greek terminology: • zōon alogon (irrational animal) — a standard term Argument structure: 1. What is truly up to us: assent, choice, impulse, desire, aversion, judgment 2. These constitute our essential being as humans "
discusses,f1300193-64a2-4a7d-b13a-549d7060d1cb,passage_alex_fat_8,passage,"Alexander of Aphrodisias, De Fato, 8",concept_kyrios_alex,concept,Kyrios (κύριος) - Master/Lord,0.16,0.19,"Λέγεται δὴ πρὸς ἁπάντων ἀνθρώπων κοιναῖς τε καὶ φυσικαῖς ἐννοίαις ἐμμενόντων ταῦτα ἀπὸ τύχης τε καὶ τοῦ αὐτομάτου γίνεσθαι, ἃ αἰτίαις ἄλλων τινῶν ποιητικαῖς προηγουμέναις ἐπιγίνεται. ὅταν γὰρ ἄλλου τινὸς χάριν γινομένῳ τ","kyrios = Master, lord, one who has authority/control. Used by Alexander for human SELF-MASTERY. De Fato 177: ""We are MASTERS (κύριοι) of doing and not-doing."" Legal: owner, one with rights. Political: lord, ruler. Moral:"
discusses,7da5d5d5-269b-41db-9f9e-60e6b3b5b6ca,passage_aug_lib_arb_3_10_31,passage,"Augustine, De Libero Arbitrio 3.10.31: Christ Conquers Devil by Justice Not Force",concept_voluntas_y7z8a9b0,concept,Will (Voluntas),0.1,0.25,"Augustine explains: Christ, the Word made man, subjected the devil to man not by violent domination but by the LAW OF JUSTICE. The devil held humanity by rights of death through the woman's deception; Christ overcame by ","**Étymologie** : *voluntas* < radical *vol-* du verbe *velle* (« vouloir »), même racine que *voluptas* (« plaisir ») (le rapprochement avec le grec βούλομαι, d'une racine distincte, est contesté). Suffixe nominal -*tas*"
discusses,99b5e520-e25e-4d46-b0fb-bea1f379012d,passage_aug_lib_arb_3_17_49,passage,"Augustine, De Libero Arbitrio 3.17.49: CRUCIAL - Either Will Is First Cause or No Sin Exists",concept_divine_prescience,concept,Divine Prescience (πρόγνωσις),0.06,0.29,"CRUCIAL PASSAGE: Augustine's dilemma: what cause of will can there be before will? Either it IS will (and we're at the root), or NOT will (and no sin). Either WILL IS FIRST CAUSE OF SIN, or NOTHING IS. Latin: Sed quae ta","Divine Prescience (πρόγνωσις / praescientia) designates God's foreknowledge of future events, including those depending on human choice, and generates a persistent aporia: if God foreknows act X, does X occur of necessit"
discusses,ade1f64e-3183-4232-9377-e06690ce5258,passage_aug_lib_arb_3_21_60,passage,"Augustine, De Libero Arbitrio 3.21.60: Faith as Pathway from Temporal to Eternal",concept_divine_prescience,concept,Divine Prescience (πρόγνωσις),0.09,0.26,"Augustine explains how faith in past and future events provides a pathway (via) to eternal truth for our human weakness. Latin: Sed ad contemplandam veritatis aeternitatem, ut ea perfrui eique inhaerere valeamus, infirmi","Divine Prescience (πρόγνωσις / praescientia) designates God's foreknowledge of future events, including those depending on human choice, and generates a persistent aporia: if God foreknows act X, does X occur of necessit"
discusses,5baa200e-b9c2-4173-8e31-f3b5379dfed8,passage_epict_37,passage,"Epictetus, Discourses I.28 (cont.): What Distinguishes Humans - Shame and Trust",concept_eph_hemin_in_our_power_aristotle_d4e5f6g7,concept,To Eph' Hêmin (Τὸ ἐφ' ἡμῖν) - What is In Our Power,0.09,0.26,Greek: • ἐκ δοκῶν καὶ κεραμίδων καὶ πλίνθων οἰκοδομεῖται τὰ οἰκίδια - from beams and tiles and bricks houses are built • ἐκ ῥάβδων καὶ πηλοῦ - from twigs and mud [storks' nests] • Οὐδενὶ οὖν διαφέρει ἄνθρωπος πελαργοῦ; -,"**Étymologie** : τὸ ἐφ' ἡμῖν, syntagme attributif « ce qui est sur nous / en notre pouvoir » < ἐπί + datif pronom personnel 1ʳᵉ pl. Locution technique aristotélicienne (*EN* III.5) reprise par les Stoïciens et les Médio-"
influences,91c5df8d-abfa-4d88-b735-a328cd2498ce,person_carneades_214_129bce_l2m3n4o5,person,Carneades of Cyrene,person_philo_alexandria_a1b2c3d4,person,Philo of Alexandria,0.1,0.25,"Carneades of Cyrene was the most formidable sceptical philosopher of antiquity and head of the 'New' or 'Third' Platonic Academy. He wrote nothing, but his arguments were transmitted by his students (particularly Clitoma","Hellenistic Jewish philosopher, c. 20 BCE – c. 50 CE, Alexandria. Synthesizing Middle Platonist transcendence, Stoic ethics, and Torah exegesis — with Scripture always primary (Nikiprowetzky 1977) — Philo grounds human m"
influences,d774bc4a-b29c-410a-a722-125c457e400c,person_sextus_empiricus_c160_210ce_d4f8a2b1,person,Sextus Empiricus,person_david_hume_7y1t2u80,person,David Hume,0.09,0.26,"Pyrrhonian philosopher and physician of uncertain date — estimates range from the late 2nd to early 3rd century CE, with c. 160–210 CE a conventional approximation. The cognomen “Empiricus” reflects affiliation with the ","David Hume (1711–1776) is the central modern figure in what scholars term compatibilism, and his treatment of liberty and necessity in A Treatise of Human Nature (II.iii.1–2, 1739) and An Enquiry concerning Human Underst"
influences,820125ff-5260-4fb8-875c-954be2b9d23a,person_tatian,person,Tatian,concept_apocatastasis,concept,Apocatastasis (ἀποκατάστασις),0.1,0.25,"Tatian the Syrian (fl. c. 150–180 CE) authored the Oratio ad Graecos. In SAPERE's numbering, Or. 7.2 links praise and blame with creatures made self-determining; 7.3 contrasts foreknowledge with fate; 8.1 calls demonic a","ἀποκατάστασις (""restoration,"" ""reconstitution"") carries two structurally opposed meanings in ancient thought, linked by etymology but opposed in their metaphysical logic. The Stoic usage (DL VII.142; Nemesius, De nat. ho"
discusses,794477a0-f6ad-44d5-a7f0-e4ebb68f3820,pub_dihle_1982_theory_of_will,publication,"Dihle 1982, The Theory of Will in Classical Antiquity",scholarly_argument_dihle_monotheistic_convergence_with__3,argument,"Dihle: Both Greek philosophical and Biblical conceptions were monotheistic, but Greek p",0.23,0.12,"Albrecht Dihle, The Theory of Will in Classical Antiquity (Sather Classical Lectures 48; University of California Press, Berkeley/Los Angeles/London, 1982), viii + 276 pp. German edition (by the author, revised and expan","Monotheistic convergence with persistent difference — Both Greek philosophical and Biblical conceptions were monotheistic, but Greek philosophers' divine monarch always restricts activity by laws/rules human mind can und"
cites_primary_source,5fd9c7fd-7f8d-436c-8f66-8a694063bb42,pub_frede_2011_free_will,publication,Frede 2011 — A Free Will: Origins of the Notion in Ancient Thought,passage_cic_fat_24,passage,"Marcus Tullius Cicero, De Fato, Fat. 24",0.09,0.26,"A Free Will: Origins of the Notion in Ancient Thought (Sather Classical Lectures 68; University of California Press, 2011). Edited by A. A. Long from lectures delivered by Frede before his death in 2007. Frede's central ","Communi igitur consuetudine sermonis abutimur, cum ita dicimus, velle aliquid quempiam aut nolle sine causa; ita enim dicimus sine causa, ut dicamus: sine externa et antecedente causa, non sine aliqua; ut, cum vas inane "
engages_with,a6247be1-053a-47c6-91bb-ccca529b0bd1,scholar_natali_c,person,Carlo Natali,person_bobzien_susanne_contemporary,person,Susanne Bobzien,0.11,0.24,Storia della filosofia antica,"Susanne Bobzien (née Susanne Bobzien, b. 1960), a German-British philosopher, professor of philosophy at Yale University (Joseph C. Hutchinson Chair) and subsequently senior research fellow at All Souls College, Oxford. "
discusses,4bcea0fa-a2ad-4b4e-94cc-70350d50b7b2,scholarly_argument_barclay_2020_incongruous_gift,argument,"The Christ-gift is incongruous: given in the absence of worth, it creates worth (Barclay 2020)",concept_grace_freedom_synergy,concept,Grace-Freedom Synergy (συνεργία),0.12,0.23,"Barclay's organizing thesis. Whereas gifts in Paul's Greco-Roman world were normally distributed discriminately to worthy recipients, Paul takes the Christ-gift to be given without regard to worth, and in the absence of ",Cooperation of divine grace + human free will in salvation. Neither Pelagian (grace unnecessary) nor Augustinian (grace irresistible). Formula: Divine aid necessary but not sufficient + Human cooperation required but not
cites_primary_source,e907f38a-2710-493b-a883-36e8613be443,scholarly_argument_bobzien_chrysippus_compatibilism_fate__1,argument,Bobzien: Chrysippus developed a sophisticated compatibilist position that distinguishes b,passage_gellius_na_vii_2_7_2_14,passage,"Aulus Gellius, Noctes Atticae VII.2 (De Fato et Chrysippo), NA VII.2.14",0.09,0.26,In the Diogenianus/Eusebius report Chrysippus distinguishes occurrents 'fated simply or in isolation' from occurrents 'fated together with' some human activity; the things that happen because of us are 'fated-along-with',"Primus autem hoc sapientissimus ille et antiquissimus poetarum dixit hisce versibus: Ὢ πόποι, οἷον δή νυ θεοὺς βροτοὶ αἰτιόωνται.Ἐξ ἡμέων γάρ φασι κάκ’ ἔμμεναι· οἱ δὲ καὶ αὐτοίΣφῇσιν ἀτασθαλίῃσιν ὑπὲρ μόρον ἄλγε’ ἔχουσιν"
cites_primary_source,cac478b9-5ee1-483a-ad9a-8818172ad945,scholarly_argument_bobzien_chrysippus_compatibilism_fate__1,argument,Bobzien: Chrysippus developed a sophisticated compatibilist position that distinguishes b,passage_gellius_na_vii_2_7_2_10,passage,"Aulus Gellius, Noctes Atticae VII.2 (De Fato et Chrysippo), NA VII.2.10",0.11,0.24,In the Diogenianus/Eusebius report Chrysippus distinguishes occurrents 'fated simply or in isolation' from occurrents 'fated together with' some human activity; the things that happen because of us are 'fated-along-with',"Est enim genere ipso quasi fatale et consequens, ut mala ingenia peccatis et erroribus non vacent."
cites_primary_source,da99f141-4148-4679-808f-3c12c6ac6b03,scholarly_argument_uster_chrysippus_s_cylinder_and_cone_0,argument,Šuster: The analogy remains a valuable compatibilistic tool that invites 'mental distill,passage_gellius_na_vii_2_7_2_14,passage,"Aulus Gellius, Noctes Atticae VII.2 (De Fato et Chrysippo), NA VII.2.14",0.11,0.24,Chrysippus's cylinder and cone analogy as compatibilist thought experiment — The analogy remains a valuable compatibilistic tool that invites 'mental distillation' separating causal factors relevant for moral responsibil,"Primus autem hoc sapientissimus ille et antiquissimus poetarum dixit hisce versibus: Ὢ πόποι, οἷον δή νυ θεοὺς βροτοὶ αἰτιόωνται.Ἐξ ἡμέων γάρ φασι κάκ’ ἔμμεναι· οἱ δὲ καὶ αὐτοίΣφῇσιν ἀτασθαλίῃσιν ὑπὲρ μόρον ἄλγε’ ἔχουσιν"
discusses,aadd73f4-bdb7-453a-93e4-6071dc55ddc4,synthesis_amand1945_philo_de_providentia_witness_n1_status,synthesis,"Amand 1945 — Statut philologique du témoin n°1 (Philon, De prov. I, 79-87) : préservation arménienne",sc79_chrysostomus_de_providentia,work,"Chrysostomus, De Providentia",0.06,0.29,"Philological synthesis of Amand 1945 (p. 91, 93-95, ll. 5710-5917) on the status of witness no. 1. (a) The original Greek text of Philo's De providentia is almost entirely lost; (b) only the Mekhitarist Armenian translat","Les Six Discours sur le Destin et la Providence (Peri heimarmenes te kai pronoias logoi hex) attributed by the manuscript tradition to John Chrysostom (PG 50, 749-774). For Amand 1945 (Book II ch. XII, p. 504-510, 525-53"
source_for,dff400b6-8beb-491b-aee0-443a4363a652,text_aspasius_in_en,work,Aspasius - In Ethica Nicomachea,concept_metriopatheia_moderation_passions,concept,Metriopatheia (Moderation of Passions),0.15,0.2,"The earliest extant commentary on Aristotle's Nicomachean Ethics, written by the Peripatetic philosopher Aspasius (fl. first half 2nd c. CE). Preserved in CAG XIX.1 (Heylbut, 1889). According to Bobzien (1998, pp. 145-14","Metriopatheia is the Platonic-Peripatetic alternative to Chrysippean apatheia; as a named telos the term belongs to the Peripatetic and Middle-Platonic tradition (Philo, Plutarch) and is never applied to Posidonius in th"
influenced_by,corridor-wiring-027,person_origen_alexandria_185_254ce_s9t0u1v2,person,Origen of Alexandria,person_irenaeus_d202,person,Irenaeus of Lyon,0.1,0.25,"Origen of Alexandria was the most brilliant and influential theologian of the early Greek Church. A Christian Platonist educated in Alexandria's philosophical milieu, Origen produced an enormous corpus (thousands of work","Bishop of Lyon (second century CE), originally from Asia Minor, and author of the five-book Adversus haereses. AH IV.37 preserves distinct witness strata: the ancient Latin version and Greek fragments transmitted in John"
cites_primary_source,20a6b4e9-6319-469f-b025-5fe8a827393e,argument_furst_2022_de_princ_iii_1_first_freedom_treatise,argument,De Principiis III 1 = first treatise On Freedom (Fürst 2022),passage_cic_fat_25,passage,"Marcus Tullius Cicero, De Fato, Fat. 25",0.08,0.27,"Thesis of Fürst 2022 (Kap. V 2, p. 196-197): Origen's De Principiis III 1,1-24, preserved in Greek in the Philocalia ch. 21-27 and in Latin in Rufinus' translation, is the first systematic philosophical treatise ""On Free","Rursus autem, ne omnes physici inrideant nos, si dicamus quicquam fieri sine causa, distinguendum est et ita dicendum, ipsius individui hanc esse naturam, ut pondere et gravitate moveatur, eamque ipsam esse causam, cur i"
employs,5fda5126-bf92-49e0-99c4-d11dede99155,argument_future_contingents_alex,argument,Future Contingents and Divine Foreknowledge (Alexander),concept_tuche_chance_alex,concept,Alexandrian Definition of Chance (τύχη),0.07,0.28,Greek terminology: • προγιγνώσκει (progiginōskei) - foreknows • τὸ ἐνδεχόμενον ὡς ἐνδεχόμενον (to endechomenon hōs endechomenon) - contingent as contingent • ναυμαχία (naumachia) - sea battle Argument structure: Alexande,ALEXANDRIAN CONCEPT (De Fato ch. 8 (Bruns 172–175)): Chance (τύχη) is an ACCIDENTAL byproduct (κατὰ συμβεβηκός) of purposive action. When someone acts for purpose X but accidentally achieves outcome Y (which was not the 
discusses,f638382d-19ae-4b79-9f3a-3c668ca8ef8b,passage_aug_lib_arb_1_13_27,passage,"Augustine, De Libero Arbitrio 1.13.27: Four Cardinal Virtues Defined",concept_voluntas_y7z8a9b0,concept,Will (Voluntas),0.08,0.27,"Augustine defines the four cardinal virtues: prudentia (knowledge of what to seek/avoid), fortitudo (contempt of misfortunes), temperantia (restraint of shameful appetite). Latin: prudentia appetendarum et vitandarum rer","**Étymologie** : *voluntas* < radical *vol-* du verbe *velle* (« vouloir »), même racine que *voluptas* (« plaisir ») (le rapprochement avec le grec βούλομαι, d'une racine distincte, est contesté). Suffixe nominal -*tas*"
discusses,54f1aa0a-48b0-45c7-815c-6d57f17a61bf,passage_epict_24,passage,"Epictetus, Discourses: Understanding Nature's Will",concept_prohairesis_deliberate_choice_aristotle_c3d4e5f6,concept,Prohairesis (Προαίρεσις) - Deliberate Choice,0.07,0.28,Greek: • Χρύσιππος καὶ Ζήνων καὶ Κλεάνθης - Chrysippus and Zeno and Cleanthes • ἀρχὴ παιδεύσεως ἡ τῶν ὀνομάτων ἐπίσκεψις - the beginning of education is the examination of names • τί σημαίνει ἕκαστον - what each [term] m,"**Étymologie** : προαίρεσις < πρό- (« avant ») + αἵρεσις (« choix, prise », de αἱρέω « prendre, saisir »), littéralement « choix préalable / antérieur ». Premier emploi technique chez Aristote, *Éthique à Nicomaque* III."
discusses,0f4772a4-2ec6-45ec-92af-15a7892123fb,pub_frede_2011_free_will,publication,Frede 2011 — A Free Will: Origins of the Notion in Ancient Thought,person_maximus_confessor_d662,person,Maximus the Confessor,0.07,0.28,"A Free Will: Origins of the Notion in Ancient Thought (Sather Classical Lectures 68; University of California Press, 2011). Edited by A. A. Long from lectures delivered by Frede before his death in 2007. Frede's central ","Maximus the Confessor (c. 580 — 13 August 662 CE), Byzantine monk, theologian, and martyr, born in Constantinople (Vita 1) or Palestine (Syriac Life). After a court career under Heraclius (c. 610–614), he entered the mon"
discusses,ecf42f23-4373-4258-ba47-9f3891fc5075,pub_frede_2011_free_will,publication,Frede 2011 — A Free Will: Origins of the Notion in Ancient Thought,person_tatian,person,Tatian,0.08,0.27,"A Free Will: Origins of the Notion in Ancient Thought (Sather Classical Lectures 68; University of California Press, 2011). Edited by A. A. Long from lectures delivered by Frede before his death in 2007. Frede's central ","Tatian the Syrian (fl. c. 150–180 CE) authored the Oratio ad Graecos. In SAPERE's numbering, Or. 7.2 links praise and blame with creatures made self-determining; 7.3 contrasts foreknowledge with fate; 8.1 calls demonic a"
cites_primary_source,521d5cfc-b02e-4a0c-99c0-db3134f11819,argument_furst_2022_de_princ_iii_1_first_freedom_treatise,argument,De Principiis III 1 = first treatise On Freedom (Fürst 2022),passage_cic_fat_40,passage,"Marcus Tullius Cicero, De Fato, Fat. 40",0.09,0.27,"Thesis of Fürst 2022 (Kap. V 2, p. 196-197): Origen's De Principiis III 1,1-24, preserved in Greek in the Philocalia ch. 21-27 and in Latin in Rufinus' translation, is the first systematic philosophical treatise ""On Free","Atque hoc, si placet, quale sit videamus in adsensionibus, quas prima oratione tractavi. Eas enim veteres illi, quibus omnia fato fieri videbantur, vi effici et necessitate dicebant. Qui autem ab iis dissentiebant, fato "
cites_primary_source,34d6901c-2390-4a2e-a6ec-76d06706046c,argument_furst_2022_de_princ_iii_1_first_freedom_treatise,argument,De Principiis III 1 = first treatise On Freedom (Fürst 2022),passage_cic_fat_41,passage,"Marcus Tullius Cicero, De Fato, Fat. 41",0.07,0.29,"Thesis of Fürst 2022 (Kap. V 2, p. 196-197): Origen's De Principiis III 1,1-24, preserved in Greek in the Philocalia ch. 21-27 and in Latin in Rufinus' translation, is the first systematic philosophical treatise ""On Free","Chrysippus autem cum et necessitatem inprobaret et nihil vellet sine praepositis causis evenire, causarum genera distinguit, ut et necessitatem effugiat et retineat fatum. Causarum enim, inquit, aliae sunt perfectae et p"
cites_primary_source,b2cd8b56-e783-4619-9d13-dce954517b78,argument_oinomaos_carneadean_libre_adaptation,argument,Free adaptation of the Carneadean topos in Oenomaus (PE VI.7.35-42),passage_eusebius_praep_ev_6_6_7,passage,"Eusebius, Praeparatio Evangelica, VI.6.7",0.1,0.26,"Oenomaus of Gadara’s anti-fatalist Cynic argument in Γοήτων φώρα (cited by Eusebius PE VI.7.35-42, Dindorf I, p. 298.1—299.8; Vallette p. 78-80). Form: a pamphleteering apostrophe to Apollo and Zeus, accused of imposing ","ὅρα οὖν εἰς οἷον κακῶν δογμάτων βυθὸν οἱ θαυμάσιοι θεοὶ καταβεβλήκασι, καὶ σκέψαι ὡς εἰς ἀσωτίαν καὶ ἀδικίαν καὶ ἄλλα μυρία κακὰ παρορμᾷ καὶ προτρέπει τουτὶ τὸ δόγμα, ἀνατροπὴν τοῦ παντὸς βίου ἀθρόως κατεργαζόμενον."
has_position,18ba26c9-b4cb-4b98-8e96-5a95b340dbf1,debate_discovery_of_will,debate,"The ""Discovery of the Will"" Debate",position_compatibilism,position,Compatibilism,0.06,0.3,Central scholarly debate: when and how did the philosophical concept of 'will' (voluntas/boulēsis) emerge as a distinct faculty? Key positions: Dihle (1982): Greek moral psychology was fundamentally intellectualist; 'St.,"What modern scholars term compatibilism: the view that causal determinism and moral responsibility are compatible. Ancient Stoics, especially Chrysippus, are often characterized in these terms for distinguishing types of"
discusses,fd857905-cf6c-4edf-b193-c4560ee41678,passage_aug_lib_arb_3_20_56,passage,"Augustine, De Libero Arbitrio 3.20.56: Traducianism or Creationism - Either Way Just",concept_voluntas_y7z8a9b0,concept,Will (Voluntas),0.09,0.27,"Augustine considers: if one soul was made from which all descend (traducianism), who can say he didn't sin when the first sinned? If souls are made individually (creationism), it is fitting that bad merit of prior become","**Étymologie** : *voluntas* < radical *vol-* du verbe *velle* (« vouloir »), même racine que *voluptas* (« plaisir ») (le rapprochement avec le grec βούλομαι, d'une racine distincte, est contesté). Suffixe nominal -*tas*"
discusses,330d15a1-1a3f-4006-8c1c-f69bdcae7dc0,passage_epict_21,passage,"Epictetus, Discourses I.14: Souls as Fragments of God",concept_prohairesis_deliberate_choice_aristotle_c3d4e5f6,concept,Prohairesis (Προαίρεσις) - Deliberate Choice,0.07,0.29,Greek: • αἱ ψυχαὶ μὲν οὕτως εἰσὶν ἐνδεδεμέναι καὶ συναφεῖς τῷ θεῷ - souls are bound together and connected with god • ἅτε αὐτοῦ μόρια οὖσαι καὶ ἀποσπάσματα - being portions and fragments of him • συμπέπονθεν - [the body],"**Étymologie** : προαίρεσις < πρό- (« avant ») + αἵρεσις (« choix, prise », de αἱρέω « prendre, saisir »), littéralement « choix préalable / antérieur ». Premier emploi technique chez Aristote, *Éthique à Nicomaque* III."
discusses,90e7c855-dafc-4877-8f17-e4a9bf89c026,passage_epict_75,passage,"Epictetus, Discourses II.20: Seeds of Nobility and Moral Harm",concept_eph_hemin_in_our_power_aristotle_d4e5f6g7,concept,To Eph' Hêmin (Τὸ ἐφ' ἡμῖν) - What is In Our Power,0.09,0.27,Greek: • εὐγενὴς ἀκούσας τῶν λόγων τούτων πάθῃ τι - a noble youth hearing these arguments may suffer something • ἀπολέσῃ τὰ τῆς εὐγενείας σπέρματα - lose the seeds of nobility • μή τινι μοιχεύοντι ἀφορμὰς παράσχωμεν - le,"**Étymologie** : τὸ ἐφ' ἡμῖν, syntagme attributif « ce qui est sur nous / en notre pouvoir » < ἐπί + datif pronom personnel 1ʳᵉ pl. Locution technique aristotélicienne (*EN* III.5) reprise par les Stoïciens et les Médio-"
discusses,68bda316-cf60-4918-a793-cf337e343fc1,pub_destree_salles_zingano_2014_what_is_up_to_us,publication,"Destrée, Salles & Zingano (eds.), What is Up to Us? Studies on Agency and Responsibility in Ancient Philosophy (2014)",concept_hypothetical_fate_middle_platonist,concept,Hypothetical Fate (ex hypotheseos),0.12,0.24,"Edited by Pierre Destrée, Ricardo Salles and Marco Zingano, this 2014 Academia Verlag volume contains an introduction and twenty-two studies of agency and responsibility from Democritus to Simplicius. Its contributors ad",**Termes** : εἱμαρμένη ἐξ ὑποθέσεως (heimarmenē ex hypotheseōs) ; lat. fatum ex hypothesi ; le destin sous condition vs absolu (haplōs) du Moyen Platonisme. The Middle Platonist doctrine that events are fated HYPOTHETICA
engages_with,1e4f82eb-5ab5-49e3-9413-31388c1fcba9,scholar_koch_i,person,Isabelle Koch,scholar_boys_stones_g,person,George Boys-Stones,0.14,0.22,"Isabelle Koch. Lecturer and subsequently Professor at Aix-Marseille Université (Centre Gilles Gaston Granger). French specialist in Plotinus, the late Neoplatonists (Damascius, Proclus), and Greek patristic philosophy. A","Ancient philosophy, Middle Platonism, Stoicism"
engages_with,cea49e1c-fc7d-4e26-9718-eedb56e78f0f,scholar_linjamaa_p,person,Paul Linjamaa,scholar_frede_michael,person,Michael Frede,0.14,0.22,"Early Christian ethics, Valentinianism, Nag Hammadi literature, determinism and free will in antiquity","Michael Frede (Berlin, 31 May 1940 — Agios Minas, near Itéa (Delphi), Gulf of Corinth, 11 August 2007), German historian of ancient philosophy trained in Hamburg and Göttingen (PhD 1966, Prädikation und Existenzaussage)."
discusses,8a961055-e2d4-463b-8258-dbce1de1381c,synthesis_amand1945_tatian_no_carneadean_link,synthesis,Tatien = sans dependance directe ou indirecte de Carneade (Amand 1945),work_lucian_apologia,work,"Lucien, Apologie",0.11,0.25,"Synthesis Amand 1945, Book II ch. I Supplementary Note (p. 208-211): Tatian’s anti-astrological polemic (Discours aux Grecs ch. 7-11) is not connected with the Carneadean tradition. Tatian, whose 'violent polemic' and 'e","Apology (Ἀπολογία) by Lucian of Samosata, a short work in which the Syrian rhetorician apologizes to his friend Sabinus for having accepted a remunerated post in the provincial administration of Egypt in his old age. For"
critiques,gibbons-reingest-076,scholarly_argument_gibbons_origen_s_theory_of_autonomy_an_0,argument,Gibbons: Origen's autonomy does not require alternative possibilities (the ability to do ,pub_koch_1932_pronoia,publication,Pronoia und Paideusis: Studien über Origenes und sein Verhältnis zum Platonismus,0.09,0.27,"Origen's theory of autonomy and free will — Origen's autonomy does not require alternative possibilities (the ability to do otherwise); rather, it requires that every human being have available the motivation to revise r","Study of providence (pronoia) and education (paideusis) in Origen, analyzing his relationship to Platonism."
discusses,3478e1cd-272d-5453-a858-8d9b21f71779,pub_martens_2012_scholarship_divine_provenance,publication,Peter W. Martens 2012 — Scholarship: Divine Provenance,concept_theodicy_christian,concept,Christian Theodicy,0.11,0.25,Scholarly credentials were integral to Origen's vision of the ideal interpreter of Scripture. But his profile of this figure remains incomplete if we fail to grasp how he contextualized this figure within the Christian f,"Christian theodicy — the rational defence of God's goodness and justice in the face of evil — is inseparable, in the ancient sources, from debates over free will. The governing formula is Platonic in origin: θεὸς ἀναίτιο"
discusses,54921147-27cc-4f89-a7db-fd30f1e30772,passage_aug_lib_arb_3_22_63,passage,"Augustine, De Libero Arbitrio 3.22.63: Summary - Souls Pay for Their Own Sins",concept_divine_prescience,concept,Divine Prescience (πρόγνωσις),0.08,0.28,"Augustine summarizes the core argument: souls justly suffer punishment for sins attributable only to their own will. Latin: Quoquo modo autem se istud habeat, sive omnino omittendum, sive nunc differendum et alias consid","Divine Prescience (πρόγνωσις / praescientia) designates God's foreknowledge of future events, including those depending on human choice, and generates a persistent aporia: if God foreknows act X, does X occur of necessit"
evidenced_by,03fb638e-45e3-46e7-9c0e-84fbf2a5c869,argument_origen_witness_carneades_transposition_prayer_useless_amand1945,argument,Origène (transposant Carnéade) — Inutilité des prières sous fatalisme astral (Amand 1945),passage_origen_philocalia_23_4,passage,"Origen, Philocalia 23.4",0.1,0.27,"Amand (p. 323-324): Origen outlines the development of another theme in Carneades’ moral argumentation (Phil. 23.2, Robinson p. 189,18-22). Amand's note: “remaining at the level of generalities, he does not feel the need","4. Que Dieu connaisse longtemps à l'avance chacun des événements futurs comme devant se produire, c'est évident - même sans le secours de l'Écriture - directe- ment à partir de la notion de Dieu, pour qui conçoit l'excel"
discusses,2485fd65-7a2d-4640-a94d-fc50b2893dbe,passage_alex_fat_31,passage,"Alexander of Aphrodisias, De Fato, 31",concept_hypothetical_fate_middle_platonist,concept,Hypothetical Fate (ex hypotheseos),0.18,0.19,"ἀλλ’ οὐδὲ ἀφαιρούμεθα τῶν ἀνθρώπων τὸ ἀπὸ μαντικῆς χρήσιμον, ὃ γίνεται τῷ δύνασθαί τινα καὶ φυλάξασθαί τι, μὴ φυλαξάμενον ἂν μὴ συμβουλεύσαντος τοῦ θεοῦ· οἱ δὲ ὑμνοῦντες τὴν μαντικὴν καὶ κατὰ τὸν αὐτῶν λόγον μόνον σώζεσθ",**Termes** : εἱμαρμένη ἐξ ὑποθέσεως (heimarmenē ex hypotheseōs) ; lat. fatum ex hypothesi ; le destin sous condition vs absolu (haplōs) du Moyen Platonisme. The Middle Platonist doctrine that events are fated HYPOTHETICA
discusses,ecf58ab7-a6dc-47b2-9f92-73fa3b148ae6,passage_aug_gla_1_10,passage,"Augustine, De Gratia et Libero Arbitrio 1.10: Eternal Life as Gift for Gift",concept_voluntas_y7z8a9b0,concept,Will (Voluntas),0.12,0.25,"If the good life itself is God's grace, then eternal life (""vita aeterna"") - given for the good life - is also grace: ""gratis datur, quia gratis data est illa cui datur"" (it is given freely because that to which it is gi","**Étymologie** : *voluntas* < radical *vol-* du verbe *velle* (« vouloir »), même racine que *voluptas* (« plaisir ») (le rapprochement avec le grec βούλομαι, d'une racine distincte, est contesté). Suffixe nominal -*tas*"
discusses,0e619829-2eca-45b6-baed-1ddd5ae71517,passage_aug_lib_arb_1_3_6,passage,"Augustine, De Libero Arbitrio 1.3.6: What Is Doing Evil? - Adultery Not Evil Because Forbidden",concept_voluntas_y7z8a9b0,concept,Will (Voluntas),0.09,0.28,"Augustine asks why adultery is evil. Evodius gives the crucial answer: it is not evil because forbidden by law, but forbidden because it is evil. This establishes natural law over positive law. Latin: Aug. - Dic ergo pri","**Étymologie** : *voluntas* < radical *vol-* du verbe *velle* (« vouloir »), même racine que *voluptas* (« plaisir ») (le rapprochement avec le grec βούλομαι, d'une racine distincte, est contesté). Suffixe nominal -*tas*"
discusses,f4abf25c-ab29-4ed4-9e7a-a7f248d94eba,passage_aug_lib_arb_1_5_13,passage,"Augustine, De Libero Arbitrio 1.5.13: Hidden Divine Law May Judge What Human Law Permits",concept_voluntas_y7z8a9b0,concept,Will (Voluntas),0.14,0.23,"Evodius suggests there may be a more powerful and secret law that judges what human law permits. Divine providence administers all things. Latin: nescio utrum non aliqua vehementiore ac secretissima lege teneantur, si ni","**Étymologie** : *voluntas* < radical *vol-* du verbe *velle* (« vouloir »), même racine que *voluptas* (« plaisir ») (le rapprochement avec le grec βούλομαι, d'une racine distincte, est contesté). Suffixe nominal -*tas*"
discusses,01c19ea4-bec2-402e-9327-b95a1e04ce74,passage_aug_lib_arb_3_16_45,passage,"Augustine, De Libero Arbitrio 3.16.45: God Owes Nothing - All Is Gratuitous",concept_voluntas_y7z8a9b0,concept,Will (Voluntas),0.09,0.28,Augustine: God owes nothing to anyone because He gives all gratuitously. Even existence was not owed - there was no one to owe it to. What merit is turning to Him from whom you have being? Latin: Deus autem nulli debet a,"**Étymologie** : *voluntas* < radical *vol-* du verbe *velle* (« vouloir »), même racine que *voluptas* (« plaisir ») (le rapprochement avec le grec βούλομαι, d'une racine distincte, est contesté). Suffixe nominal -*tas*"
discusses,4d389045-47ec-4ebd-9cc4-63b297d24ca1,passage_aug_lib_arb_3_20_57,passage,"Augustine, De Libero Arbitrio 3.20.57: Souls Sent by God - Office of Administration",concept_voluntas_y7z8a9b0,concept,Will (Voluntas),0.09,0.28,"Augustine considers: if souls already existing are sent by God to animate bodies, they are sent for the office of governing the body well, which derives from Adam's punishment (mortality). Latin: Si vero in Dei aliquo se","**Étymologie** : *voluntas* < radical *vol-* du verbe *velle* (« vouloir »), même racine que *voluptas* (« plaisir ») (le rapprochement avec le grec βούλομαι, d'une racine distincte, est contesté). Suffixe nominal -*tas*"
discusses,666fc236-1a1d-4b21-a528-ac9f55f39647,passage_aug_lib_arb_3_20_55,passage,"Augustine, De Libero Arbitrio 3.20.55: Justice in Birth and Mercy in Progress",concept_voluntas_y7z8a9b0,concept,Will (Voluntas),0.1,0.27,"Augustine explains: that we are born from that first marriage with ignorance, difficulty, and mortality pleased the supreme God most justly - so that in birth appears justice punishing, in progress mercy liberating. Lati","**Étymologie** : *voluntas* < radical *vol-* du verbe *velle* (« vouloir »), même racine que *voluptas* (« plaisir ») (le rapprochement avec le grec βούλομαι, d'une racine distincte, est contesté). Suffixe nominal -*tas*"
discusses,f9cea096-3b2a-498a-aee9-e54b297788e4,passage_epict_45,passage,"Epictetus, Discourses: Heraclitus, Socrates, and Noble Speech",concept_eph_hemin_in_our_power_aristotle_d4e5f6g7,concept,To Eph' Hêmin (Τὸ ἐφ' ἡμῖν) - What is In Our Power,0.1,0.27,Greek: • ὡς ὁ ἐμὸς Ἡράκλειτος - as my Heraclitus • περὶ ἀγριδίου πραγμάτιον ἔχων ἐν Ῥόδῳ - having a small case about a field in Rhodes • ἀποδείξας τοῖς δικασταῖς ὅτι δίκαια λέγει - having shown the judges that he speaks ,"**Étymologie** : τὸ ἐφ' ἡμῖν, syntagme attributif « ce qui est sur nous / en notre pouvoir » < ἐπί + datif pronom personnel 1ʳᵉ pl. Locution technique aristotélicienne (*EN* III.5) reprise par les Stoïciens et les Médio-"
extends,2919ee71-ee8d-4493-a192-9b08c660580f,person_justin_martyr_2c_ce,person,Justin Martyr,concept_pedagogical_theodicy,concept,Pedagogical Theodicy (ἀφορμὴ προκοπῆς),0.16,0.21,"Christian apologist (c. 100-165 CE), philosopher and martyr. Native of Flavia Neapolis (modern Nablus, Samaria). Studied philosophy before conversion: Stoicism, Aristotelianism, Pythagoreanism, then Platonism (Dial. 2.3-",Theophilus' innovation: Evil as ἀφορμὴ προκοπῆς (opportunity for progress/growth). God's pedagogical purpose in granting free choice enabling evil possibility. Pre-emptive defense against objection that granting freedom 
cites_primary_source,4e47eee2-9903-4aba-ad99-1e9fd23d577c,pub_destree_salles_zingano_2014_what_is_up_to_us,publication,"Destrée, Salles & Zingano (eds.), What is Up to Us? Studies on Agency and Responsibility in Ancient Philosophy (2014)",work_epicurus_letter_menoeceus,work,Letter to Menoeceus (Epistula ad Menoeceum),0.08,0.29,"Edited by Pierre Destrée, Ricardo Salles and Marco Zingano, this 2014 Academia Verlag volume contains an introduction and twenty-two studies of agency and responsibility from Democritus to Simplicius. Its contributors ad","Epicurus's summary of his ethics, preserved in Diogenes Laertius X.122-135. Contains the passage on fate and chance: it were better to follow the myths about the gods than to become a slave to the destiny (heimarmene) of"
discusses,21916e32-e3c9-4e97-ae2b-7f173515f08a,pub_frede_2011_free_will,publication,Frede 2011 — A Free Will: Origins of the Notion in Ancient Thought,person_porphyry,person,Porphyry of Tyre,0.09,0.28,"A Free Will: Origins of the Notion in Ancient Thought (Sather Classical Lectures 68; University of California Press, 2011). Edited by A. A. Long from lectures delivered by Frede before his death in 2007. Frede's central ","Porphyry of Tyre (c. 234-c. 305 CE), Phoenician-born Neoplatonist philosopher, student and literary executor of Plotinus, whose Enneads he edited and prefaced with the biographical Vita Plotini. A prolific polymath with "
engages_with,4497ebf9-c7e0-4e8d-89fd-f919cba24e36,scholar_eskola_t,person,Timo Eskola,person_john_calvin_0h4c5d13,person,John Calvin,0.18,0.19,"New Testament studies, Pauline soteriology, Second Temple Judaism","French theologian and key figure in Reformed Protestantism. Systematized Protestant doctrine of predestination, divine sovereignty, and total depravity. Argued for double predestination (election and reprobation) and com"
engages_with,42fe3767-a111-40ae-a30b-2fbb9f9399e0,scholar_dunn_j,person,James D. G. Dunn,scholar_fee_g,person,Gordon D. Fee,0.17,0.2,"James D. G. Dunn (1939-2020). Lightfoot Professor of Divinity at the University of Durham. A major British New Testament scholar, and a leading figure in the so-called ""New Perspective on Paul"": he popularized the expres","New Testament, Pauline pneumatology"
engages_with,feebb563-da57-454d-92a1-e18ef76922d1,scholar_ramelli_ilaria,person,Ilaria Ramelli,scholar_gourinat_jean_baptiste,person,Jean-Baptiste Gourinat,0.13,0.24,"Patristic philosophy, Origen, Alexander of Aphrodisias, late antique philosophy","Jean-Baptiste Gourinat (born 1964). CNRS, research director, former director of the Centre Léon Robin (UMR 8061, Paris). A leading specialist in Stoicism and ancient logic. Major publications: *Les Stoïciens et l'âme* (P"
cites_primary_source,87445ef9-f11a-4dc9-b2d7-04b05fb962ac,scholarly_argument_bobzien_chrysippus_compatibilism_fate__1,argument,Bobzien: Chrysippus developed a sophisticated compatibilist position that distinguishes b,passage_dl_lives_7_1_50,passage,"Diogenes Laertius, Vitae Philosophorum (Lives of Eminent Philosophers), 7.1.50",0.18,0.19,In the Diogenianus/Eusebius report Chrysippus distinguishes occurrents 'fated simply or in isolation' from occurrents 'fated together with' some human activity; the things that happen because of us are 'fated-along-with',"Διαφέρει δὲ φαντασία καὶ φάντασμα· φάντασμα μὲν γάρ ἐστι δόκησις διανοίας οἵα γίνεται κατὰ τοὺς ὕπνους, φαντασία δέ ἐστι τύπωσις ἐν ψυχῇ, τουτέστιν ἀλλοίωσις, ὡς ὁ Χρύσιππος ἐν τῇ δευτέρᾳ Περὶ ψυχῆς ὑφίσταται. οὐ γὰρ δεκ"
cites_primary_source,a2b48171-279d-416f-8c81-c403059aa9b8,argument_origen_witness_diss_part3_pseudo_clementine_amand1945,argument,Origène — Citation pseudo-clémentine du ch. 14 (Amand 1945),work_origen_philocalia,work,Philocalia (Φιλοκαλία Ὠριγένους),0.08,0.3,"Amand (p. 316-317): Third part of the anti-astrological dissertation: lengthy quotation taken from the pseudo-Clementine novel entitled Περίοδοι. This extract reproduces Clement's reply to his father Faustus, at Laodicea","Anthology of excerpts from Origen's works, compiled c. 358-359 CE by Basil of Caesarea and Gregory of Nazianzus. Critically important for preserving Greek text of De Principiis III.1 (On Free Will), which otherwise survi"
evidenced_by,8b1458a0-86ae-4b4c-a731-57f10c446a7b,argument_tertullians_antimarcionite_argument_for_free_will_f49cad73,argument,Tertullian's Anti-Marcionite Argument for Free Will,passage_tert_adv_prax_1,passage,"Tertullian, Adversus Praxean, Adv. Prax. 1",0.16,0.22,Written against Marcion's radical dualism dividing Old Testament Creator God (evil Demiurge) from New Testament Father of Jesus (good God). Tertullian defends monotheism and goodness of creation through free will theodic,"Varie diabolus aemulatus est veritatem. Adfectavit illam aliquando defendendo concutere. Unicum dominum vindicat, omnipotentem mundi conditorem, ut et de unico haeresim faciat. Ipsum dicit patrem descendisse in virginem,"
source_for,8caae24e-55fc-4bfb-8634-c81080e43d42,passage_alex_fat_10,passage,"Alexander of Aphrodisias, De Fato, 10",argument_homonymy_alex,argument,Homonymy Charge Against Stoics,0.17,0.21,"Τὰ δὲ λέγειν μὴ ἀναιρεῖσθαι πάντων γινομένων καθ’ εἱμαρμένην τὸ δυνατόν τε καὶ ἐνδεχόμενον τῷ δυνατὸν μὲν εἶναι γενέσθαι τοῦτο ὃ ὑπ’ οὐδενὸς κωλύεται γενέσθαι, κἂν μὴ γένηται (τῶν δὲ καθ’ εἱμαρμένην γινομένων οὐ κεκωλῦσθ","Argument: Stoics deceive through homonymy (ὉΜΩΝΥΜΊΑ) The Stoics use ""what is up to us"" (to eph' hēmin) in a different sense than everyone else, deceiving through equivocation. Premise: Everyone uses ""up to us"" to mean ge"
source_for,3253d576-60e5-4d0d-a9bc-830679054c2b,passage_alex_fat_28,passage,"Alexander of Aphrodisias, De Fato, 28",argument_regret_alex,argument,Regret Argument (Alexander),0.19,0.19,"οἱ δὲ φάσκοντες ἐξ ἀνάγκης ἡμᾶς εἶναί τε καὶ γίνεσθαι τοιούτους, καὶ μὴ καταλιπόντες ἡμῖν τὴν ἐξουσίαν τοῦ ταῦτα πράττειν τε καὶ μή, δι’ ὧν ἂν τοιοῦτοι γενοίμεθα, καὶ διὰ τοῦτο μήτε τοῖς κακοῖς γινομένοις ἐξεῖναι μὴ ταῦτ","Premise 1: We REGRET (μεταμέλεια) our bad choices. Premise 2: Regret is rational only if we could HAVE DONE otherwise. Premise 3: If everything is fated, we could NOT have done otherwise. Conclusion: Therefore, if everyt"
discusses,b43dda27-ddbd-4753-8e19-1553207aee24,passage_aug_lib_arb_2_16_41,passage,"Augustine, De Libero Arbitrio 2.16.41: Gathering the Soul - Beata Vita Animae Deus Est",concept_voluntas_y7z8a9b0,concept,Will (Voluntas),0.11,0.27,"Augustine describes the process of becoming wise: gathering the whole soul and fixing it on what is ONE and ALWAYS THE SAME. ""As life of body is soul, so BLESSED LIFE OF SOUL IS GOD."" Latin: Aug. - Quid igitur aliud agim","**Étymologie** : *voluntas* < radical *vol-* du verbe *velle* (« vouloir »), même racine que *voluptas* (« plaisir ») (le rapprochement avec le grec βούλομαι, d'une racine distincte, est contesté). Suffixe nominal -*tas*"
discusses,7a5fddf2-c5bb-4b41-8ba9-76dbd24468d7,passage_aug_lib_arb_2_18_50,passage,"Augustine, De Libero Arbitrio 2.18.50: Virtues Cannot Be Misused - Summa Bona",concept_voluntas_y7z8a9b0,concept,Will (Voluntas),0.09,0.29,"Augustine distinguishes: VIRTUES (justice, prudence, fortitude, temperance) CANNOT be misused - they are among the highest goods. They involve recta ratio which cannot be used for evil. Latin: Intueris enim iustitiam, qu","**Étymologie** : *voluntas* < radical *vol-* du verbe *velle* (« vouloir »), même racine que *voluptas* (« plaisir ») (le rapprochement avec le grec βούλομαι, d'une racine distincte, est contesté). Suffixe nominal -*tas*"
discusses,1624004f-2887-4433-b3f8-6879ed3c968f,passage_aug_lib_arb_3_20_58,passage,"Augustine, De Libero Arbitrio 3.20.58: Souls Coming by Own Choice",concept_divine_prescience,concept,Divine Prescience (πρόγνωσις),0.09,0.29,"Augustine considers: if souls come to bodies by their own choice (not sent by God), whatever ignorance and difficulty follows their own will, the Creator is not to be blamed. Latin: Si autem alibi animae constitutae non ","Divine Prescience (πρόγνωσις / praescientia) designates God's foreknowledge of future events, including those depending on human choice, and generates a persistent aporia: if God foreknows act X, does X occur of necessit"
discusses,50059c5d-84af-45bf-8d35-9e09a6798b0f,passage_epict_23,passage,"Epictetus, Discourses: Providence and the Works of Human Nature",concept_prohairesis_deliberate_choice_aristotle_c3d4e5f6,concept,Prohairesis (Προαίρεσις) - Deliberate Choice,0.11,0.27,Greek: • τὰ σύμβολα τοῦ θεοῦ - the signs/marks of god • Ταῦτα μόνα ἐστὶν ἔργα ἐφ' ἡμῶν τῆς προνοίας - These alone are works of providence in our case • σῴζειν τὰ σύμβολα τοῦ θεοῦ - to preserve god's marks • μὴ συγχεῖν...,"**Étymologie** : προαίρεσις < πρό- (« avant ») + αἵρεσις (« choix, prise », de αἱρέω « prendre, saisir »), littéralement « choix préalable / antérieur ». Premier emploi technique chez Aristote, *Éthique à Nicomaque* III."
influences,2bd85fc8-bc42-404c-9cb3-5988cc6d0f7f,person_carneades_214_129bce_l2m3n4o5,person,Carneades of Cyrene,person_bardesanes_the_syrian_3r8s0u76,person,Bardaisan of Edessa (Bar-Daisan),0.11,0.27,"Carneades of Cyrene was the most formidable sceptical philosopher of antiquity and head of the 'New' or 'Third' Platonic Academy. He wrote nothing, but his arguments were transmitted by his students (particularly Clitoma","Bardaisan of Edessa (Bar-Daiṣan, c. 154 — c. 222 CE), Syriac Christian philosopher and court-figure at the Abgarid court of Osrhoene (Edessa). Known almost exclusively through the dialogue Book of the Laws of the Countri"
engages_with,98546e85-672b-4db9-9b62-09892ae1cc97,person_bobzien_susanne_contemporary,person,Susanne Bobzien,scholarly_work_long_sedley_1987_hellenistic_philosophers,publication,The Hellenistic Philosophers (2 vols.),0.2,0.18,"Susanne Bobzien (née Susanne Bobzien, b. 1960), a German-British philosopher, professor of philosophy at Yale University (Joseph C. Hutchinson Chair) and subsequently senior research fellow at All Souls College, Oxford. ",Two-volume intellectual work by A. A. Long and D. N. Sedley. Volume 1 contains translations and philosophical exposition; volume 2 contains Greek and Latin texts with notes and bibliography. The local scan is volume 2 an
influenced_by,f7b87f27-a358-4f0a-bafc-139b6e645515,person_cyril_alexandria,person,Cyril of Alexandria,person_irenaeus_d202,person,Irenaeus of Lyon,0.16,0.22,"Patriarch of Alexandria (412-444), champion of Christological orthodoxy. Developed what modern scholars characterize as a compatibilist theodicy: divine prescience ≠ predetermination. Unique formula: τῶν ἰδίων θελημάτων ","Bishop of Lyon (second century CE), originally from Asia Minor, and author of the five-book Adversus haereses. AH IV.37 preserves distinct witness strata: the ancient Latin version and Greek fragments transmitted in John"
engages_with,541781f8-21f3-4663-90ad-0930b9abf6cf,scholar_dettwiler_a,person,Andreas DETTWILER,scholar_dunn_j,person,James D. G. Dunn,0.11,0.27,"Andreas Dettwiler (born 1959). Professor of New Testament at the Faculty of Theology of the University of Geneva. Swiss New Testament scholar. Contribution: chapter « L'épître aux Éphésiens » in Daniel Marguerat (ed.), *","James D. G. Dunn (1939-2020). Lightfoot Professor of Divinity at the University of Durham. A major British New Testament scholar, and a leading figure in the so-called ""New Perspective on Paul"": he popularized the expres"
engages_with,015fe0fe-0d65-4ae6-bb60-51e1e026c467,scholar_eliasson_e,person,Erik Eliasson,scholar_sharples_robert,person,Robert W. Sharples,0.11,0.27,"ancient philosophy, Neoplatonism, Plotinus","Robert W. Sharples (1949-2010). Helléniste britannique, professeur de Greek and Latin à University College London. Spécialiste reconnu d'Alexandre d'Aphrodise et des commentateurs aristotéliciens. Ouvrages-pivots : *Alex"
engages_with,805b29e2-0653-41f2-a3f8-bbc8b4a4b236,scholar_koch_i,person,Isabelle Koch,scholar_mansfeld_j,person,Jaap Mansfeld,0.14,0.24,"Isabelle Koch. Lecturer and subsequently Professor at Aix-Marseille Université (Centre Gilles Gaston Granger). French specialist in Plotinus, the late Neoplatonists (Damascius, Proclus), and Greek patristic philosophy. A","ancient philosophy, history of philosophy"
engages_with,97e36ac4-9cf3-4e02-bee2-ee52b9bf775d,scholar_minns_d,person,Denis Minns,scholar_dillon_john,person,John Dillon,0.13,0.25,"Early Christian texts, patristics, Justin Martyr","John M. Dillon (b. 1939), Regius Professor of Greek Emeritus at Trinity College Dublin. EXPERTISE: Ancient philosophy, especially Middle Platonism and Neoplatonism. major works: The Middle Platonists: 80 B.C. to A.D. 220"
engages_with,a1fd9141-7295-41a7-b4df-7ae92a00461b,scholar_ramelli_ilaria,person,Ilaria Ramelli,person_salles_ricardo_contemporary,person,Ricardo Salles,0.13,0.25,"Patristic philosophy, Origen, Alexander of Aphrodisias, late antique philosophy","Ricardo Salles, philosophe argentin-mexicain, professeur à l'Instituto de Investigaciones Filosóficas de l'UNAM (Mexico). Spécialiste du stoïcisme, du déterminisme stoïcien et de la philosophie de l'action ancienne. Aute"
presupposes,d3416d3f-9e59-4c22-87ef-46e511af2dff,synthesis_aug_superbia,synthesis,Augustine: Pride (Superbia) as Root of All Sin (De Libero Arbitrio 3.25.76),concept_predestination_augustinian,concept,Predestination (Augustinian Predestination (single predestination of the elect + praeteritio of the reprobate)),0.11,0.27,"pride AS THE origin OF EVIL Augustine identifies SUPERBIA (pride) as the ultimate root of all sin, explaining even the devil's fall. KEY Passage: 3.25.76 (passage_aug_lib_arb_3_25_76): ""Initium omnis peccati superbia; In","Augustine's doctrine of predestination - God eternally predestines some to salvation (election) and passes over others, leaving them justly condemned for sin. Grounded in Paul's Romans 9 and Augustine's anti-Pelagian con"
discusses,gibbons-reingest-054,scholarly_argument_gibbons_judas_does_not_establish_alternative_possibilities,argument,Gibbons: Judas' repentance does not establish causally available alternative possibilities,person_celsus_platonist_2c_ce,person,Celsus (the Platonist),0.15,0.23,"Gibbons reads Judas as the test case for Origen's non-indeterminist account. Judas retains contrary motivations: covetousness governs the betrayal, while Jesus' teaching leaves a remnant of virtue that later grounds repe","2nd-c. CE Platonist philosopher, author of the anti-Christian polemic Alēthēs Logos (Ἀληθὴς Λόγος, 'True Doctrine', c. 175-180 CE), known almost entirely through Origen's refutation Contra Celsum (c. 248 CE). A witness t"
cites_primary_source,ae666e13-35a9-4078-be67-59aa45517c4d,argument_furst_2022_de_princ_iii_1_first_freedom_treatise,argument,De Principiis III 1 = first treatise On Freedom (Fürst 2022),passage_cic_fat_39,passage,"Marcus Tullius Cicero, De Fato, Fat. 39",0.09,0.3,"Thesis of Fürst 2022 (Kap. V 2, p. 196-197): Origen's De Principiis III 1,1-24, preserved in Greek in the Philocalia ch. 21-27 and in Latin in Rufinus' translation, is the first systematic philosophical treatise ""On Free","Ac mihi quidem videtur, cum duae sententiae fuissent veterum philosophorum, una eorum, qui censerent omnia ita fato fieri, ut id fatum vim necessitatis adferret, in qua sententia Democritus, Heraclitus, Empedocles, Arist"
influences,f4988f72-12f0-4157-a138-e348b3f79e98,concept_tripartite_soul_plato_e5f6g7h8,concept,Tripartite Soul (Τριμερής Ψυχή),concept_prohairesis_deliberate_choice_aristotle_c3d4e5f6,concept,Prohairesis (Προαίρεσις) - Deliberate Choice,0.16,0.23,"Standard scholarly label for Plato's division of the soul in Republic IV. Plato distinguishes rational, spirited, and appetitive elements and uses psychic conflict to argue that the soul is not simple in the relevant res","**Étymologie** : προαίρεσις < πρό- (« avant ») + αἵρεσις (« choix, prise », de αἱρέω « prendre, saisir »), littéralement « choix préalable / antérieur ». Premier emploi technique chez Aristote, *Éthique à Nicomaque* III."
discusses,0c474385-78ce-4c05-a698-c9a56bf47230,passage_aug_gla_1_12,passage,"Augustine, De Gratia et Libero Arbitrio 1.12: God's Righteousness vs Human Righteousness",concept_voluntas_y7z8a9b0,concept,Will (Voluntas),0.11,0.28,"Philippians 3:9: ""non habens meam iustitiam quae ex lege est, sed eam quae est per fidem Christi, quae est ex Deo"" (not having my own righteousness from law but that through faith in Christ, which is from God). Against t","**Étymologie** : *voluntas* < radical *vol-* du verbe *velle* (« vouloir »), même racine que *voluptas* (« plaisir ») (le rapprochement avec le grec βούλομαι, d'une racine distincte, est contesté). Suffixe nominal -*tas*"
discusses,fcafee2e-953c-4f6b-80a3-f6135a834223,passage_aug_lib_arb_2_16_43,passage,"Augustine, De Libero Arbitrio 2.16.43: Woe to Those Who Love Signs Instead of Signified",concept_voluntas_y7z8a9b0,concept,Will (Voluntas),0.13,0.26,"Augustine warns against loving God's ""nods"" (nutus) instead of what they signify. Creation points to Creator - woe to those who stop at creatures (signs) instead of proceeding to God (signified). Latin: Vae qui derelinqu","**Étymologie** : *voluntas* < radical *vol-* du verbe *velle* (« vouloir »), même racine que *voluptas* (« plaisir ») (le rapprochement avec le grec βούλομαι, d'une racine distincte, est contesté). Suffixe nominal -*tas*"
discusses,a04149eb-0b39-4db2-a748-507edbd39aef,passage_aug_lib_arb_3_23_69,passage,"Augustine, De Libero Arbitrio 3.23.69: Animal Pain Reveals Universal Desire for Unity",concept_voluntas_y7z8a9b0,concept,Will (Voluntas),0.1,0.29,"Augustine responds to objections about animal suffering by arguing that pain reveals the soul's desire for unity, pointing to the Creator. Latin: Dolor autem quem bestiae sentiunt, animarum etiam bestialium vim quamdam i","**Étymologie** : *voluntas* < radical *vol-* du verbe *velle* (« vouloir »), même racine que *voluptas* (« plaisir ») (le rapprochement avec le grec βούλομαι, d'une racine distincte, est contesté). Suffixe nominal -*tas*"
discusses,ab0c85c6-19e6-433a-87f8-cd662be6f325,passage_epict_57,passage,"Epictetus, Discourses II.11: Definition and Articulation",concept_eph_hemin_in_our_power_aristotle_d4e5f6g7,concept,To Eph' Hêmin (Τὸ ἐφ' ἡμῖν) - What is In Our Power,0.12,0.27,Greek: • οὕτως ἐκπεπληρωκὼς τὴν ἔννοιαν καὶ διηρθρωκὼς - having thus fulfilled and articulated the concept • ὅρισαί μοι τὸν φθόνον - define envy for me • οὐ γὰρ ἀντακολουθεῖ τῷ κεφαλαιώδει τὸ ὁρικόν - the definitory does,"**Étymologie** : τὸ ἐφ' ἡμῖν, syntagme attributif « ce qui est sur nous / en notre pouvoir » < ἐπί + datif pronom personnel 1ʳᵉ pl. Locution technique aristotélicienne (*EN* III.5) reprise par les Stoïciens et les Médio-"
discusses,4226cc2e-ee1b-4152-9a6a-3d30f5b6f7d6,pub_dihle_1982_theory_of_will,publication,"Dihle 1982, The Theory of Will in Classical Antiquity",scholarly_argument_dihle_the_concept_of_will_velle_in_g_1,argument,Dihle: The Greek philosophical tradition did not need or develop a concept of arbitrary,0.17,0.22,"Albrecht Dihle, The Theory of Will in Classical Antiquity (Sather Classical Lectures 48; University of California Press, Berkeley/Los Angeles/London, 1982), viii + 276 pp. German edition (by the author, revised and expan",The concept of 'will' (θέλειν/velle) in Greek cosmology — The Greek philosophical tradition did not need or develop a concept of arbitrary divine will intervening in cosmic processes. Terms like θέλον in Vettius Valens r
engages_with,c357bbbc-6681-41ae-8cb3-3e2cbc0715ef,scholar_dettwiler_a,person,Andreas DETTWILER,scholar_engberg_pedersen_t,person,Troels Engberg-Pedersen,0.1,0.29,"Andreas Dettwiler (born 1959). Professor of New Testament at the Faculty of Theology of the University of Geneva. Swiss New Testament scholar. Contribution: chapter « L'épître aux Éphésiens » in Daniel Marguerat (ed.), *","New Testament studies, Pauline theology, Stoic ethics, ancient philosophy and early Christianity"
engages_with,897798ac-d097-47b7-8718-5ed11bbc0d5f,scholar_linjamaa_p,person,Paul Linjamaa,scholar_long_anthony,person,A.A. Long (Anthony Long),0.16,0.23,"Early Christian ethics, Valentinianism, Nag Hammadi literature, determinism and free will in antiquity","Anthony Arthur Long (born 1937). Emeritus Professor of Classics at UC Berkeley, one of the leading Anglophone historians of Hellenistic philosophy. Co-author with David Sedley of the standard scholarly *The Hellenistic P"
engages_with,99cfc8e6-6df7-40fb-8c36-9faeea6316a1,scholar_uster_d,person,Danilo Šuster,scholar_o_keefe_t,person,Tim O'Keefe,0.12,0.27,"Stoicism, compatibilism, philosophy of action","Ancient philosophy, Epicureanism"
cites_primary_source,e4cb9fb2-3dd2-4d1c-b602-5a7801bc398e,scholarly_argument_bobzien_chrysippus_modal_logic_and_con_2,argument,"Bobzien: Chrysippus' modal system, based on his distinction between 'necessity' (anankē) ",passage_dl_lives_7_1_76,passage,"Diogenes Laertius, Vitae Philosophorum (Lives of Eminent Philosophers), 7.1.76",0.12,0.27,"Chrysippus' modal notions (a minimal modification of Diodorus' possibility, with Philo's criterion added) preserve counterfactual possibilities and so secure 'an adequate modal basis' for purposeful action and the attrib","εὔλογον δέ ἐστιν ἀξίωμα τὸ πλείονας ἀφορμὰς ἔχον εἰς τὸ ἀληθὲς εἶναι, οἷον βιώσομαι αὔριον. Καὶ ἄλλαι δέ εἰσι διαφοραὶ ἀξιωμάτων καὶ μεταπτώσεις αὐτῶν ἐξ ἀληθῶν εἰς ψεύδη καὶ ἀντιστροφαί, περὶ ὧν ἐν τῷ πλάτει λέγομεν. Λό"
source_for,04b9d19c-2445-4b50-a855-6f66aa365e35,work_epictetus_enchiridion,work,Enchiridion (Ἐγχειρίδιον) - Epictetus,argument_cleanthes_hymn_to_zeus_argument_f71f5b37,argument,Cleanthes' Hymn to Zeus Argument,0.1,0.29,"The Enchiridion (Ἐγχειρίδιον, ""Handbook"") is a condensed manual of Stoic ethical practice compiled by Arrian of Nicomedia from the oral teachings of Epictetus, composed c. 125 CE. Organized in 53 short chapters, it disti",Expresses core Stoic ethics: virtue as alignment with cosmic reason and acceptance of providence. Freedom redefined as willing what is necessary rather than having alternative possibilities. Foundation for Stoic theodicy
cites_primary_source,reading-a-061,scholarly_argument_karavites_second_adam_reopens_freedom_as_communion,argument,Karavites: the Second Adam reopens freedom as personal communion,work_clement_stromateis,work,"Clement of Alexandria, Stromateis (Στρωματεῖς)",0.09,0.3,"Karavites interprets the image of God as a dynamic capacity for reason, freedom, love, and communion. The fall encloses the person in biological individuality and passion; Christ as the Second Adam reopens a mode of life","Clement of Alexandria's Stromateis ('Miscellanies', c. 198–215 CE) in eight books, the third and largest work of his trilogy, intended for the more advanced 'gnostic' Christian reader. Of greatest relevance to debates on"
cites_primary_source,reading-c-083,scholarly_argument_koenig_active_care,argument,König: care for others ranks above solitary self-perfection,work_clement_stromateis,work,"Clement of Alexandria, Stromateis (Στρωματεῖς)",0.12,0.27,Care for another's needs and soul images divine providence and ranks above self-only perfection; care can become reciprocal between rich and poor.,"Clement of Alexandria's Stromateis ('Miscellanies', c. 198–215 CE) in eight books, the third and largest work of his trilogy, intended for the more advanced 'gnostic' Christian reader. Of greatest relevance to debates on"
cites_primary_source,2f63ad44-2e43-4f5b-8405-03fabe8136d7,argument_origen_witness_carneadean_transposition_envelope_amand1945,argument,Origène — Transposition théologique des arguments moraux de Carnéade (Amand 1945 Livre II Ch. V §IV),passage_eusebius_praep_ev_6_6_7,passage,"Eusebius, Praeparatio Evangelica, VI.6.7",0.11,0.29,"Argumentative framework: Amand devotes §IV (p. 318-325) to Origen's use of Carneades' anti-fatalist moral argumentation. It is the first two sections of chapter 23 of the Philocalia (Phil. 23.1-2, Robinson p. 187-189) th","ὅρα οὖν εἰς οἷον κακῶν δογμάτων βυθὸν οἱ θαυμάσιοι θεοὶ καταβεβλήκασι, καὶ σκέψαι ὡς εἰς ἀσωτίαν καὶ ἀδικίαν καὶ ἄλλα μυρία κακὰ παρορμᾷ καὶ προτρέπει τουτὶ τὸ δόγμα, ἀνατροπὴν τοῦ παντὸς βίου ἀθρόως κατεργαζόμενον."
discusses,7534bba1-f61c-4b68-94cc-bea459315206,passage_epict_9,passage,"Epictetus, Discourses: The Arts and Their Domains",concept_eph_hemin_in_our_power_aristotle_d4e5f6g7,concept,To Eph' Hêmin (Τὸ ἐφ' ἡμῖν) - What is In Our Power,0.11,0.29,Greek: • ἡ γραμματικὴ μέχρι τίνος κέκτηται τὸ θεωρητικόν - to what extent does grammar possess the theoretical? • μέχρι τοῦ διαγνῶναι τὰ γράμματα - up to distinguishing letters • ἡ μουσική - μέχρι τοῦ διαγνῶναι τὸ μέλος ,"**Étymologie** : τὸ ἐφ' ἡμῖν, syntagme attributif « ce qui est sur nous / en notre pouvoir » < ἐπί + datif pronom personnel 1ʳᵉ pl. Locution technique aristotélicienne (*EN* III.5) reprise par les Stoïciens et les Médio-"
critiques,faultlines-20260817-029,scholarly_argument_crouzel_origen_s_relationship_to_greek_0,argument,Crouzel: Origen was not a philosopher but a theologian who subordinated philosophy to Chr,pub_koch_1932_pronoia,publication,Pronoia und Paideusis: Studien über Origenes und sein Verhältnis zum Platonismus,0.11,0.29,"Crouzel (1962, p. 11): against de Faye and Hal Koch, Origen, though possessing a considerable philosophical culture which he constantly uses, 'n'est philosophe ni par son but ni par sa méthode'. A pure philosopher draws ","Study of providence (pronoia) and education (paideusis) in Origen, analyzing his relationship to Platonism."
employs,4a9a7835-99bd-4ccd-b368-75da83a952b1,argument_common_cause_alex,argument,Legacy reconstruction (discovery only): Common Cause vs Chain Cause Model (Alexander),concept_prohairesis_alex,concept,Prohairesis (προαίρεσις) - Alexander,0.1,0.3,"Legacy common-cause reconstruction, discovery only. De fato 22-25 discusses causal classifications, one cause of several effects and the Stoic chain. Sharples says this objection does not supply Alexander's own positive ","Alexander defines prohairesis at De Fato 12 (Bruns ~180): «ἡ γὰρ ἐπὶ τὸ προκριθὲν ἐκ τῆς βουλῆς μετὰ ὀρέξεως ὁρμὴ προαίρεσις» — ""for prohairesis is the impulse (ὁρμή), accompanied by desire (ὄρεξις), toward what has been"
cites_primary_source,48f75869-d60d-4946-a821-8a28c15a04ff,argument_furst_2022_de_princ_iii_1_first_freedom_treatise,argument,De Principiis III 1 = first treatise On Freedom (Fürst 2022),passage_cic_fat_23,passage,"Marcus Tullius Cicero, De Fato, Fat. 23",0.1,0.3,"Thesis of Fürst 2022 (Kap. V 2, p. 196-197): Origen's De Principiis III 1,1-24, preserved in Greek in the Philocalia ch. 21-27 and in Latin in Rufinus' translation, is the first systematic philosophical treatise ""On Free","Hanc Epicurus rationem induxit ob eam rem, quod veritus est, ne, si semper atomus gravitate ferretur naturali ac necessaria, nihil liberum nobis esset, cum ita moveretur animus, ut atomorum motu cogeretur. Id Democritus,"
evidenced_by,2304b723-e0af-4db8-a79e-73eaec08c866,concept_eph_hemin_in_our_power_aristotle_d4e5f6g7,concept,To Eph' Hêmin (Τὸ ἐφ' ἡμῖν) - What is In Our Power,passage_aristide_sc470_1,passage,"SC 470, I. Roman de Barlaam, A. discours de l'ermite païen Nachor devant le roi Abenner (= Barlaam p",0.14,0.26,"**Étymologie** : τὸ ἐφ' ἡμῖν, syntagme attributif « ce qui est sur nous / en notre pouvoir » < ἐπί + datif pronom personnel 1ʳᵉ pl. Locution technique aristotélicienne (*EN* III.5) reprise par les Stoïciens et les Médio-","**Reference:** SC 470, I. Roman de Barlaam, A. discours de l'ermite païen Nachor devant le roi Abenner (= Barlaam p. 239-255 Boissonade), cap.: 11, par.: 3-4, §15 **Author:** Aristides of Athens **Work:** Apologie, Texte"
discusses,81e487de-e0fe-40c2-9b9f-ada0ec0d3055,passage_aug_gla_1_25,passage,"Augustine, De Gratia et Libero Arbitrio 1.25: Scripture Reference Index",concept_voluntas_y7z8a9b0,concept,Will (Voluntas),0.12,0.28,"Comprehensive list of biblical citations used throughout the treatise: 2 Chronicles 21:16-17, 25:7-8, 25:20; Psalms 104:25, 134:6; 4 Kings 14:9-10; Ezekiel 14:9; Esther 15:4-19; Proverbs 21:1; Romans 1:24,26. This index ","**Étymologie** : *voluntas* < radical *vol-* du verbe *velle* (« vouloir »), même racine que *voluptas* (« plaisir ») (le rapprochement avec le grec βούλομαι, d'une racine distincte, est contesté). Suffixe nominal -*tas*"
discusses,fe657cb4-b6c6-4f63-8bba-6b5e1743caa0,passage_aug_lib_arb_3_9_27,passage,"Augustine, De Libero Arbitrio 3.9.27: The Sewer Analogy - Disgraceful Adorn Lower Places",concept_voluntas_y7z8a9b0,concept,Will (Voluntas),0.12,0.28,"Augustine gives the sewer analogy: a sinning superior creature is punished by being placed to adorn inferior regions, like a slave caught in sin is assigned to clean the sewer, adorning it by his disgrace. Latin: Hinc fi","**Étymologie** : *voluntas* < radical *vol-* du verbe *velle* (« vouloir »), même racine que *voluptas* (« plaisir ») (le rapprochement avec le grec βούλομαι, d'une racine distincte, est contesté). Suffixe nominal -*tas*"
discusses,9827defa-efda-4b64-b507-139766e3c265,passage_epict_11,passage,"Epictetus, Discourses: The Necessity of Logical Training",concept_prohairesis_deliberate_choice_aristotle_c3d4e5f6,concept,Prohairesis (Προαίρεσις) - Deliberate Choice,0.1,0.3,Greek: • τὸ ἀκόλουθον αὐτοῖς προσδέχεσθαι - to accept what follows from them • τῆς συγχωρήσεως τῶν λημμάτων ἀπέστημεν - we departed from the concession of the premises • τὴν τοιαύτην μεταβολήν τε καὶ μετάπτωσιν - such ch,"**Étymologie** : προαίρεσις < πρό- (« avant ») + αἵρεσις (« choix, prise », de αἱρέω « prendre, saisir »), littéralement « choix préalable / antérieur ». Premier emploi technique chez Aristote, *Éthique à Nicomaque* III."
discusses,bd1d995d-bdba-4ef1-b1e7-a0483c18874d,passage_epict_46,passage,"Epictetus, Discourses: The Useless Person - Broken Pot Analogy",concept_eph_hemin_in_our_power_aristotle_d4e5f6g7,concept,To Eph' Hêmin (Τὸ ἐφ' ἡμῖν) - What is In Our Power,0.1,0.3,Greek: • ὡς τίνι σοι χρῶμαι - as what shall I use you? • σκευάριον μὲν εἰ ἦς οὕτως σαπρόν - if you were a vessel so rotten • ἔξω ἂν ἐπὶ τὰς κοπρίας ἐρρίπτου - you would be thrown outside onto the dung heap • οὐδ' ἐκεῖθεν,"**Étymologie** : τὸ ἐφ' ἡμῖν, syntagme attributif « ce qui est sur nous / en notre pouvoir » < ἐπί + datif pronom personnel 1ʳᵉ pl. Locution technique aristotélicienne (*EN* III.5) reprise par les Stoïciens et les Médio-"
discusses,2f5ef821-8ae0-431c-abd5-3911e98e461f,passage_epict_48,passage,"Epictetus, Discourses: Human as Microcosm (Mimēma)",concept_prohairesis_deliberate_choice_aristotle_c3d4e5f6,concept,Prohairesis (Προαίρεσις) - Deliberate Choice,0.1,0.3,Greek: • τί γάρ ἐστιν ἄνθρωπος; - what is a human? • πρώτης μὲν τῆς ἐκ θεῶν - first of [the city] from the gods • μετὰ ταῦτα δὲ τῆς ὡς ἔγγιστα λεγομένης - and after that of what is called nearest [the earthly city] • ἥ τ,"**Étymologie** : προαίρεσις < πρό- (« avant ») + αἵρεσις (« choix, prise », de αἱρέω « prendre, saisir »), littéralement « choix préalable / antérieur ». Premier emploi technique chez Aristote, *Éthique à Nicomaque* III."
influenced_by,695535ff-5b9a-4785-b697-b88c21d152bb,person_maximus_confessor_d662,person,Maximus the Confessor,person_gregory_nyssa_d395,person,Gregory of Nyssa,0.18,0.22,"Maximus the Confessor (c. 580 — 13 August 662 CE), Byzantine monk, theologian, and martyr, born in Constantinople (Vita 1) or Palestine (Syriac Life). After a court career under Heraclius (c. 610–614), he entered the mon","Gregory of Nyssa (c. 335-c. 395 CE), bishop of Nyssa in Cappadocia, younger brother of Basil of Caesarea, one of the three Cappadocian Fathers. For Amand 1945 (Book II ch. IX, p. 405-439), Gregory is a Christian Platonis"
engages_with,fd3a69fc-aa95-4be0-bca3-d2bcc66baff4,person_salles_ricardo_contemporary,person,Ricardo Salles,person_frankfurt_harry_1929_2023,person,Harry G. Frankfurt,0.13,0.27,"Ricardo Salles, philosophe argentin-mexicain, professeur à l'Instituto de Investigaciones Filosóficas de l'UNAM (Mexico). Spécialiste du stoïcisme, du déterminisme stoïcien et de la philosophie de l'action ancienne. Aute","Harry Gordon Frankfurt (1929-2023). Professeur émérite de philosophie à Princeton. Philosophe analytique de l'action, auteur des contributions les plus citées du débat contemporain sur la liberté et la responsabilité mor"
engages_with,a90173f2-22a7-47da-ac54-5c1e15b2d2d1,person_salles_ricardo_contemporary,person,Ricardo Salles,scholar_sedley_david,person,David Sedley,0.17,0.23,"Ricardo Salles, philosophe argentin-mexicain, professeur à l'Instituto de Investigaciones Filosóficas de l'UNAM (Mexico). Spécialiste du stoïcisme, du déterminisme stoïcien et de la philosophie de l'action ancienne. Aute","Hellenistic philosophy, Epicureanism, Lucretius"
discusses,9ad81ccb-4c37-4a89-8301-03a4d77c8a69,pub_frede_2011_free_will,publication,Frede 2011 — A Free Will: Origins of the Notion in Ancient Thought,person_justin_martyr_2c_ce,person,Justin Martyr,0.12,0.28,"A Free Will: Origins of the Notion in Ancient Thought (Sather Classical Lectures 68; University of California Press, 2011). Edited by A. A. Long from lectures delivered by Frede before his death in 2007. Frede's central ","Christian apologist (c. 100-165 CE), philosopher and martyr. Native of Flavia Neapolis (modern Nablus, Samaria). Studied philosophy before conversion: Stoicism, Aristotelianism, Pythagoreanism, then Platonism (Dial. 2.3-"
engages_with,92dd88be-d613-43f3-9902-fcea5456d664,scholar_gourinat_jean_baptiste,person,Jean-Baptiste Gourinat,scholar_forschner_maximilian,person,Maximilian Forschner,0.12,0.28,"Jean-Baptiste Gourinat (born 1964). CNRS, research director, former director of the Centre Léon Robin (UMR 8061, Paris). A leading specialist in Stoicism and ancient logic. Major publications: *Les Stoïciens et l'âme* (P","German philosopher (b. 1943). Professor of Practical Philosophy at Friedrich-Alexander-Universität Erlangen-Nürnberg (1985-2008). Leading authority on Stoic ethics; his 1980 Erlangen habilitation, published as Die stoisc"
engages_with,af4eb90d-314a-4347-8a8e-e8823635f33e,scholar_gourinat_jean_baptiste,person,Jean-Baptiste Gourinat,scholar_sedley_david,person,David Sedley,0.18,0.22,"Jean-Baptiste Gourinat (born 1964). CNRS, research director, former director of the Centre Léon Robin (UMR 8061, Paris). A leading specialist in Stoicism and ancient logic. Major publications: *Les Stoïciens et l'âme* (P","Hellenistic philosophy, Epicureanism, Lucretius"
cites_primary_source,8089e574-30f4-4309-b986-4527187ee447,scholarly_argument_bobzien_chrysippus_s_compatibilism_3,argument,Bobzien: Moral responsibility is preserved through the cylinder and cone analogy: anteced,passage_gellius_na_vii_2_7_2_14,passage,"Aulus Gellius, Noctes Atticae VII.2 (De Fato et Chrysippo), NA VII.2.14",0.14,0.26,Chrysippus's compatibilism — Moral responsibility is preserved through the cylinder and cone analogy: antecedent/external causes (the push) are distinguished from the internal nature of the agent (the shape of the cylind,"Primus autem hoc sapientissimus ille et antiquissimus poetarum dixit hisce versibus: Ὢ πόποι, οἷον δή νυ θεοὺς βροτοὶ αἰτιόωνται.Ἐξ ἡμέων γάρ φασι κάκ’ ἔμμεναι· οἱ δὲ καὶ αὐτοίΣφῇσιν ἀτασθαλίῃσιν ὑπὲρ μόρον ἄλγε’ ἔχουσιν"
cites_primary_source,343bc891-f486-4965-84f3-850482cdbb54,scholarly_argument_djeranian_the_cylinder_analogy_and_its_l_3,argument,"D'Jeranian: Chrysippus's cylinder analogy, which makes fate the antecedent and auxiliary cau",passage_gellius_na_vii_2_7_2_13,passage,"Aulus Gellius, Noctes Atticae VII.2 (De Fato et Chrysippo), NA VII.2.13",0.12,0.28,D'Jeranian: in De fato 42-43 Chrysippus's manoeuvre dissociates the necessity of fate and preserves the individual's autonomy by making fate the antecedent and auxiliary cause of his action; man's movement is like a cyli,"Propterea negat oportere ferri audirique homines aut nequam aut ignavos et nocentes et audaces, qui, cum in culpa et in maleficio revicti sunt, perfugiunt ad fati necessitatem, tamquam in aliquod fani asylum et, quae pes"
discusses,b3cc7274-4693-4a18-80e5-95dc3924c931,synthesis_amand1945_methodius_indirect_via_hypomnema,synthesis,Methode d'Olympe = utilisation indirecte via un hypomnema scolaire (Amand 1945),person_justin_martyr_2c_ce,person,Justin Martyr,0.24,0.16,"Synthesis of Amand 1945, Book II ch. VI (p. 326-341): Methodius (martyred c. 311), a Platonizing bishop and opponent of Origen, employs in the Banquet of the Ten Virgins VIII, 16, 227-229 three syllogisms in which Amand ","Christian apologist (c. 100-165 CE), philosopher and martyr. Native of Flavia Neapolis (modern Nablus, Samaria). Studied philosophy before conversion: Stoicism, Aristotelianism, Pythagoreanism, then Platonism (Dial. 2.3-"
discusses,48661732-ad64-403e-9c35-da51fd48742f,argument_steel_2014_proclus_causal_hierarchy_providence_fate_eph_hemin,argument,Steel 2014 — Proclus's causal hierarchy Providence > Fate > eph' hêmin,sc79_chrysostomus_de_providentia,work,"Chrysostomus, De Providentia",0.19,0.21,"Steel’s scholarly argument (Destrée 2014 ch. 20): in his second opusculum (De Providentia, Fato et eo quod in nobis), Proclus constructs a *threefold causal hierarchy* in response to the mechanistic determinism of Theodo","Les Six Discours sur le Destin et la Providence (Peri heimarmenes te kai pronoias logoi hex) attributed by the manuscript tradition to John Chrysostom (PG 50, 749-774). For Amand 1945 (Book II ch. XII, p. 504-510, 525-53"
cites_primary_source,8186dee9-ecb5-4da8-88bc-a2905b64a37e,argument_origen_witness_carneadean_transposition_envelope_amand1945,argument,Origène — Transposition théologique des arguments moraux de Carnéade (Amand 1945 Livre II Ch. V §IV),passage_eusebius_praep_ev_6_6_6,passage,"Eusebius, Praeparatio Evangelica, VI.6.6",0.12,0.29,"Argumentative framework: Amand devotes §IV (p. 318-325) to Origen's use of Carneades' anti-fatalist moral argumentation. It is the first two sections of chapter 23 of the Philocalia (Phil. 23.1-2, Robinson p. 187-189) th","οὐ δὴ οὖν προσήκει καταμέμφεσθαι τοῖς περὶ τὸν βίον πλημμελοῦσιν, οὐδέ γε τοῖς ἀσεβέσι καὶ ἐπιρρητοτάτοις, ἀλλ᾿ οὐδὲ τοὺς σπουδαίους θαυμάζειν· ταύτῃ δὲ, ὡς ἔφην, οἰχήσεται καὶ τὸ μέγα τῆς φιλοσοφίας κλέος, οὐκ αὐτοπρ"
discusses,2c19540a-fec0-4e54-8c41-a0d4f38dcac8,passage_aug_lib_arb_2_13_35,passage,"Augustine, De Libero Arbitrio 2.13.35: CRUCIAL - Embrace Truth (This Is God) - Psalm 37:4",concept_voluntas_y7z8a9b0,concept,Will (Voluntas),0.12,0.29,"CRUCIAL PASSAGE: Augustine proclaims that he has demonstrated what is above our reason - TRUTH ITSELF. ""Ecce tibi est ipsa veritas: amplectere illam"" - Embrace it! This is beatitude. Psalm 37:4 cited. Latin: Promiseram a","**Étymologie** : *voluntas* < radical *vol-* du verbe *velle* (« vouloir »), même racine que *voluptas* (« plaisir ») (le rapprochement avec le grec βούλομαι, d'une racine distincte, est contesté). Suffixe nominal -*tas*"
discusses,51897fa1-9a2c-431b-b8f5-2a24537c72ce,passage_aug_lib_arb_3_23_66,passage,"Augustine, De Libero Arbitrio 3.23.66: Objection About Infant Deaths",concept_voluntas_y7z8a9b0,concept,Will (Voluntas),0.12,0.29,Augustine addresses the objection raised by critics about infant deaths and suffering - how can they be judged if they earned no merit? Latin: Huic autem disputationi obici ab imperitis solet quaedam calumnia de mortibus,"**Étymologie** : *voluntas* < radical *vol-* du verbe *velle* (« vouloir »), même racine que *voluptas* (« plaisir ») (le rapprochement avec le grec βούλομαι, d'une racine distincte, est contesté). Suffixe nominal -*tas*"
engages_with,548725c5-f526-4b94-8225-25b44c5b286d,scholar_dettwiler_a,person,Andreas DETTWILER,scholar_barclay_j,person,John M. G. Barclay,0.11,0.3,"Andreas Dettwiler (born 1959). Professor of New Testament at the Faculty of Theology of the University of Geneva. Swiss New Testament scholar. Contribution: chapter « L'épître aux Éphésiens » in Daniel Marguerat (ed.), *","New Testament, Pauline theology, Second Temple Judaism"
discusses,d657a674-01b4-4ab9-ba60-df5e8025dbb4,scholar_forschner_maximilian,person,Maximilian Forschner,concept_principle_alternative_possibilities_5s6t7u8v,concept,Principle of Alternative Possibilities (PAP),0.12,0.29,"German philosopher (b. 1943). Professor of Practical Philosophy at Friedrich-Alexander-Universität Erlangen-Nürnberg (1985-2008). Leading authority on Stoic ethics; his 1980 Erlangen habilitation, published as Die stoisc","A principle of modern analytical philosophy, formulated by Harry Frankfurt in ""Alternate Possibilities and Moral Responsibility"" (Journal of Philosophy 66.23, 1969, pp. 829–839): a person is morally responsible for what "
cites_primary_source,2aa947a5-9a3e-4697-8738-946917650b47,scholarly_argument_bobzien_chrysippus_compatibilism_fate__1,argument,Bobzien: Chrysippus developed a sophisticated compatibilist position that distinguishes b,passage_gellius_na_vii_2_7_2_15,passage,"Aulus Gellius, Noctes Atticae VII.2 (De Fato et Chrysippo), NA VII.2.15",0.12,0.29,In the Diogenianus/Eusebius report Chrysippus distinguishes occurrents 'fated simply or in isolation' from occurrents 'fated together with' some human activity; the things that happen because of us are 'fated-along-with',"Itaque M. Cicero, in libro quem De Fato conscripsit, cum quaestionem istam diceret obscurissimam esse et inplicatissimam, Chrysippum quoque philosophum non expedisse se in ea ait Chrysippus aestuans laboransque quonam ho"
evidenced_by,26389439-06f3-4c2f-8830-f36524b30420,concept_autexousion_christian_freedom_u1v2w3x4,concept,Autexousion (Αὐτεξούσιον) - Christian Free Will,passage_athenagoras_leg____379_________24________1_2___75,passage,"SC 379, ch.24, §1-2, §75 (Athenagoras of Athens)",0.15,0.26,"**Étymologie** : αὐτεξούσιον < αὐτο- (réflexif, « soi-même ») + ἐξουσία (« autorité, pouvoir d'agir »), terme déjà attesté dans le grec juif et profane du Iᵉʳ s. ap. J.-C. (Philon d'Alexandrie, TLG 0018) ; le sens propre","**Reference:** SC 379, chap.: 24, par.: 1-2, §75 **Author:** Athenagoras of Athens **Work:** Supplique au sujet des chrétiens (éd. Pouderon) **Edition:** SC 379 **Original Greek (from database):** XXIV 1. Τί δὲ δεῖ πρὸς "
discusses,fdfa0820-4dd3-4242-8407-1c7ced80735d,passage_alex_fat_27,passage,"Alexander of Aphrodisias, De Fato, 27",concept_divine_prescience,concept,Divine Prescience (πρόγνωσις),0.14,0.27,"οἱ συγχωρήσαντες ἀναποβλήτους τὰς ἀρετάς τε καὶ τὰς κακίας εἶναι, ἴσως προχειρότερον λαμβανόμενον λέγοιμεν ἂν κατὰ τοῦτο τὰς ἕξεις ἐπὶ τοῖς ἔχουσιν εἶναι, καθόσον πρὸ τοῦ λαβεῖν αὐτὰς ἐπ’ αὐτοῖς ἦν καὶ μὴ λαβεῖν. οἵ τε γ","Divine Prescience (πρόγνωσις / praescientia) designates God's foreknowledge of future events, including those depending on human choice, and generates a persistent aporia: if God foreknows act X, does X occur of necessit"
discusses,2615cdf3-61b6-4314-85d9-d55bb57b12a8,passage_aug_lib_arb_3_5_12,passage,"Augustine, De Libero Arbitrio 3.5.12: Gratitude to Creator - Even Fallen Souls Surpass Bodies",concept_voluntas_y7z8a9b0,concept,Will (Voluntas),0.14,0.27,"Augustine addresses the objection: if creation involves necessity, blame Creator. Reply: we owe GRATITUDE even for lower creation. Even a sinful soul surpasses the best body. Latin: Iam illud quod tertio loco posuisti, q","**Étymologie** : *voluntas* < radical *vol-* du verbe *velle* (« vouloir »), même racine que *voluptas* (« plaisir ») (le rapprochement avec le grec βούλομαι, d'une racine distincte, est contesté). Suffixe nominal -*tas*"
discusses,3564a011-04df-48ec-8731-7b478ad2931c,scholar_hadot_pierre,person,Pierre Hadot,concept_principle_alternative_possibilities_5s6t7u8v,concept,Principle of Alternative Possibilities (PAP),0.14,0.27,"Neoplatonism, Stoicism, philosophy as spiritual practice","A principle of modern analytical philosophy, formulated by Harry Frankfurt in ""Alternate Possibilities and Moral Responsibility"" (Journal of Philosophy 66.23, 1969, pp. 829–839): a person is morally responsible for what "
discusses,913d9d13-c34f-4ac6-8161-910d7570dbff,scholarly_argument_moore_josephus_s_philosophical_frami_3,argument,Moore: Josephus deliberately presents Jewish sects using Greek philosophical categories,school_epicureans,school,Epicurean School (Κῆπος),0.13,0.28,"Moore holds that Heimarmene in its Stoic definition had no Hebrew equivalent and 'was a conception alien to all Jewish thinking'; Jewish determinism 'was theological, not philosophical'. How Josephus came to classify the","Philosophical school founded by Epicurus (341-270 BCE) in Athens, meeting in his ""Garden"" (Κῆπος). Developed INDETERMINIST solution to fate through atomic CLINAMEN (swerve). Democritean atomism implied strict determinism"
discusses,d6f2ebb8-fd0b-4ad3-ae6f-df0ac6942929,scholarly_argument_donini_cicero_s_de_fato_and_aristotle_5,argument,Donini: Cicero's claim that Aristotle was in a certain sense a determinist should be tra,concept_two_sidedness_eph_hemin,concept,Bilatéralité du τὸ ἐφ' ἡμῖν (two-sidedness),0.16,0.25,"Cicero's De Fato and Aristotle as determinist — Cicero's claim that Aristotle was in a certain sense a determinist should be traced to Carneades via Clitomachus as source, not Antiochus; possibly Cicero added Aristotle's","A two-sided feature attributed to Aristotle’s τὸ ἐφ’ ἡμῖν: in the circumstances at issue, what is up to an agent to do is also up to the agent not to do. Susan Sauvé Meyer (2014, ch. 5, pp. 75–90) argues that this should"
supports,497b6a10-a779-4fa3-b673-57544cc6fce8,argument_ockhams_divine_power_argument_a0e19729,argument,Ockham's Divine Power Argument,concept_diachronic_contingency_w1x2y3z4,concept,Diachronic Contingency,0.12,0.3,"Ockham's use of God's absolute power (potentia absoluta) to demonstrate the contingency of moral and natural orders (Quodlibetal Questions VI, q. 1). The Distinction: De potentia absoluta: What God can do absolutely, con","Aquinas' view: will necessarily follows last practical judgment of intellect. At the moment of choice, given that judgment, will necessarily chooses accordingly. But agent was free in earlier moments: could have attended"
discusses,270506a6-2cf7-4b6e-b3f1-1c31d59ef06f,passage_epict_16,passage,"Epictetus, Discourses I.11: On Natural Affection (Philostorgia)",concept_eph_hemin_in_our_power_aristotle_d4e5f6g7,concept,To Eph' Hêmin (Τὸ ἐφ' ἡμῖν) - What is In Our Power,0.13,0.29,Greek: • Περὶ φιλοστοργίας - On natural affection • Ἀφικομένου δέ τινος πρὸς αὐτὸν τῶν ἐν τέλει - When one of those in authority came to him • τέκνα εἴη αὐτῷ καὶ γυνή - whether he had children and wife • Πῶς τι οὖν χρῇ τ,"**Étymologie** : τὸ ἐφ' ἡμῖν, syntagme attributif « ce qui est sur nous / en notre pouvoir » < ἐπί + datif pronom personnel 1ʳᵉ pl. Locution technique aristotélicienne (*EN* III.5) reprise par les Stoïciens et les Médio-"
discusses,e0eee584-0b62-446c-ac11-7b703a1444b3,scholar_cooper_john,person,John Cooper,concept_principle_alternative_possibilities_5s6t7u8v,concept,Principle of Alternative Possibilities (PAP),0.12,0.3,"American philosopher (1939-2022). Henry Putnam University Professor of Philosophy at Princeton University. One of the most influential historians of ancient philosophy of his generation. Editor of ""Plato: Complete Works""","A principle of modern analytical philosophy, formulated by Harry Frankfurt in ""Alternate Possibilities and Moral Responsibility"" (Journal of Philosophy 66.23, 1969, pp. 829–839): a person is morally responsible for what "
engages_with,5ac8d672-1948-49b7-b7bd-52262f517caf,scholar_dettwiler_a,person,Andreas DETTWILER,scholar_wolter_m,person,Michael Wolter,0.12,0.3,"Andreas Dettwiler (born 1959). Professor of New Testament at the Faculty of Theology of the University of Geneva. Swiss New Testament scholar. Contribution: chapter « L'épître aux Éphésiens » in Daniel Marguerat (ed.), *","New Testament theology, Pauline studies"
discusses,4dd4cfba-98e2-49ad-98f7-057ca6411f89,scholar_striker_gisela,person,Gisela Striker,concept_principle_alternative_possibilities_5s6t7u8v,concept,Principle of Alternative Possibilities (PAP),0.13,0.29,"German-American philosopher. Walter C. Klein Professor of Philosophy and of the Classics, Emerita, at Harvard University. Leading authority on Hellenistic epistemology and ethics. Her essays collected in ""Essays on Helle","A principle of modern analytical philosophy, formulated by Harry Frankfurt in ""Alternate Possibilities and Moral Responsibility"" (Journal of Philosophy 66.23, 1969, pp. 829–839): a person is morally responsible for what "
influences,9ff947b5-5871-41a6-872b-7d5abe4a4a63,concept_olympic_paradigm_positive_embodiment,concept,Olympic Paradigm - Positive View of Embodiment,person_iamblichus_d325,person,Iamblichus,0.19,0.23,"The view in ancient Greek religion — 'Olympic paradigm' being a modern heuristic label, not an ancient technical term — that embodiment is natural and good, as the gods themselves have bodies. Contrasts with the Orphic-P","Iamblichus (c. 245-c. 325 CE), Neoplatonist philosopher from Chalcis in Coele-Syria. Student of Porphyry and founder of the Syrian school of Neoplatonism. Known for integrating theurgy with Platonic philosophy. His works"
evidenced_by,233e9925-7e3e-4546-bc6a-367d7c13e041,concept_liberum_arbitrium_u3v4w5x6,concept,Free Choice (Liberum Arbitrium),passage_boethius_cons_106,passage,"Boethius, Cons. 106: Free Will Exists",0.14,0.28,"**Étymologie** : *liberum arbitrium*, syntagme nominal latin associant *liber* (« libre, non-asservi », racine indo-européenne *leudʰ- « croître, peuple libre ») et *arbitrium* (« jugement, décision arbitrale », < *arbit","Victor immitem posuisse fertur pabulum saevis dominum quadrigis. Hydra combusto periit veneno, fronte turpatus Achelous amnis ora demersit pudibunda ripis. Stravit Antaeum Libycis harenis, Cacus Euandri satiavit iras, qu"
discusses,af363d47-8394-457f-b042-b82d15a199ba,passage_aug_lib_arb_2_10_28,passage,"Augustine, De Libero Arbitrio 2.10.28: One Truth Seen by Two Minds",concept_voluntas_y7z8a9b0,concept,Will (Voluntas),0.16,0.26,"Augustine demonstrates that truths are seen in COMMON - not privately like thoughts. ""All humans want to be happy"" is seen by BOTH minds at once, not communicated from one to another. Latin: Aug. - Quid? hoc quod tenemus","**Étymologie** : *voluntas* < radical *vol-* du verbe *velle* (« vouloir »), même racine que *voluptas* (« plaisir ») (le rapprochement avec le grec βούλομαι, d'une racine distincte, est contesté). Suffixe nominal -*tas*"
discusses,da2ed2e1-7b14-4b5f-b3ec-d1ba295cafd9,passage_aug_lib_arb_3_21_59,passage,"Augustine, De Libero Arbitrio 3.21.59: Four Theories of Soul Origin - None Rashly Affirmed",concept_voluntas_y7z8a9b0,concept,Will (Voluntas),0.14,0.28,"Augustine lists FOUR THEORIES of soul origin: (1) propagation from Adam, (2) created new for each, (3) sent by God, (4) descend by own choice. He says none should be rashly affirmed; the question is not yet settled by Ca","**Étymologie** : *voluntas* < radical *vol-* du verbe *velle* (« vouloir »), même racine que *voluptas* (« plaisir ») (le rapprochement avec le grec βούλομαι, d'une racine distincte, est contesté). Suffixe nominal -*tas*"
discusses,16eae478-cb09-4167-a733-76f715087e8b,passage_aug_lib_arb_3_4_11,passage,"Augustine, De Libero Arbitrio 3.4.11: CRUCIAL - Memory Analogy: Memory Does Not CAUSE Past",concept_voluntas_y7z8a9b0,concept,Will (Voluntas),0.17,0.25,"CRUCIAL PASSAGE: Augustine's decisive analogy. Just as your MEMORY does not CAUSE what you remember, so God's FOREKNOWLEDGE does not CAUSE what He foreknows. God foreknows evil but is not its author. Latin: Sicut enim tu","**Étymologie** : *voluntas* < radical *vol-* du verbe *velle* (« vouloir »), même racine que *voluptas* (« plaisir ») (le rapprochement avec le grec βούλομαι, d'une racine distincte, est contesté). Suffixe nominal -*tas*"
influences,b21e2dc0-9b60-44ce-a080-377dd5225f30,person_alexander_aphrodisias_fl200ce_n5o6p7q8,person,Alexander of Aphrodisias,argument_plutarch_providence_cooperation_8c5a9d3f,argument,Pseudo-Plutarch's Divine-Human Cooperation Argument (De Fato),0.15,0.27,"Alexander of Aphrodisias is widely regarded as the most important Aristotelian commentator of antiquity and the foremost ancient critic of determinism, defending what modern scholars widely characterize as libertarian in","Developed in the pseudonymous De Fato, whose author is conventionally designated Pseudo-Plutarch rather than Plutarch, to reconcile divine providence with human freedom. Divine providence (pronoia) operates through coope"
discusses,9ee7b669-a98f-4b89-be2f-0e2b5b9ac61d,scholar_bett_richard,person,Richard Bett,concept_principle_alternative_possibilities_5s6t7u8v,concept,Principle of Alternative Possibilities (PAP),0.16,0.26,"Professor at Johns Hopkins. Expert on ancient scepticism, especially Pyrrhonism and Sextus Empiricus.","A principle of modern analytical philosophy, formulated by Harry Frankfurt in ""Alternate Possibilities and Moral Responsibility"" (Journal of Philosophy 66.23, 1969, pp. 829–839): a person is morally responsible for what "
engages_with,ba5699c6-5034-4c6d-8688-d7267d098e48,scholar_destr_e_p,person,Pierre Destrée,person_bobzien_susanne_contemporary,person,Susanne Bobzien,0.2,0.22,"Pierre Destrée. Professor at UCLouvain (Institut supérieur de philosophie). Specialist in Aristotelian ethics and Stoic ethics, and in Aristotelian προαίρεσις as a key concept of the moral agent. Co-editor of several Bri","Susanne Bobzien (née Susanne Bobzien, b. 1960), a German-British philosopher, professor of philosophy at Yale University (Joseph C. Hutchinson Chair) and subsequently senior research fellow at All Souls College, Oxford. "
engages_with,cfa82186-13f9-4d70-8dee-c4a855de96f9,scholar_everson_s,person,Stephen Everson,person_david_hume_7y1t2u80,person,David Hume,0.16,0.26,"ancient philosophy, ethics","David Hume (1711–1776) is the central modern figure in what scholars term compatibilism, and his treatment of liberty and necessity in A Treatise of Human Nature (II.iii.1–2, 1739) and An Enquiry concerning Human Underst"
engages_with,fb5f86f1-4abe-4d03-b61b-d19d87639a18,scholar_koch_i,person,Isabelle Koch,scholar_frede_michael,person,Michael Frede,0.2,0.22,"Isabelle Koch. Lecturer and subsequently Professor at Aix-Marseille Université (Centre Gilles Gaston Granger). French specialist in Plotinus, the late Neoplatonists (Damascius, Proclus), and Greek patristic philosophy. A","Michael Frede (Berlin, 31 May 1940 — Agios Minas, near Itéa (Delphi), Gulf of Corinth, 11 August 2007), German historian of ancient philosophy trained in Hamburg and Göttingen (PhD 1966, Prädikation und Existenzaussage)."
engages_with,e330a12f-a458-46cd-a47f-e9bdae3e6230,scholar_koch_i,person,Isabelle Koch,scholar_sharples_robert,person,Robert W. Sharples,0.17,0.25,"Isabelle Koch. Lecturer and subsequently Professor at Aix-Marseille Université (Centre Gilles Gaston Granger). French specialist in Plotinus, the late Neoplatonists (Damascius, Proclus), and Greek patristic philosophy. A","Robert W. Sharples (1949-2010). Helléniste britannique, professeur de Greek and Latin à University College London. Spécialiste reconnu d'Alexandre d'Aphrodise et des commentateurs aristotéliciens. Ouvrages-pivots : *Alex"
cites_primary_source,4875928f-b521-4848-90dc-9f7d485623f4,scholarly_argument_bobzien_chrysippus_s_compatibilism_3,argument,Bobzien: Moral responsibility is preserved through the cylinder and cone analogy: anteced,passage_gellius_na_vii_2_7_2_3,passage,"Aulus Gellius, Noctes Atticae VII.2 (De Fato et Chrysippo), NA VII.2.3",0.22,0.2,Chrysippus's compatibilism — Moral responsibility is preserved through the cylinder and cone analogy: antecedent/external causes (the push) are distinguished from the internal nature of the agent (the shape of the cylind,In libro enim Περὶ Προνοίας quarto εἱμαρμένην esse dicit φυσικήν τινα σύνταξιν τῶν ὅλων ἐξ ἀϊδίου τῶν ἑτέρων τοῖς ἑτέροις ἐπακολουθούντων καὶ μεταπολουμένων ἀπαραβάτου οὔσης τῆς τοιαύτης ἐπιπλοκῆς.
source_for,e97961e2-d306-4818-9e80-fb1e1d5b1d89,work_de_fato_cicero_44bce_b9c4e5d2,work,De Fato (On Fate),argument_anti_astrology_twins_4i9j1l87,argument,Anti-Astrological Argument II: The Twins Argument,0.17,0.25,"De Fato (On Fate) is Cicero's principal surviving treatise on determinism, fate, and free will, composed around 44 BC. It is the most important Latin philosophical text on the problem of freedom and necessity in antiquit","Individuals born at the same moment under identical astrological configurations have manifestly different destinies. Examples include multiple people named Homer or Socrates, or actual twins with divergent life paths. Th"
influences,2ca33d2c-72a0-40db-ac1f-6c2e178c9296,argument_epictetus_prohairesis_argument_aa13b932,argument,Epictetus' Prohairesis Argument,person_frankfurt_harry_1929_2023,person,Harry G. Frankfurt,0.13,0.3,"Represents mature Roman Stoicism's focus on the inner citadel of the mind. Prohairesis is the core of the self and the locus of freedom. Even under external constraint (slavery, imprisonment), one's prohairesis remains f","Harry Gordon Frankfurt (1929-2023). Professeur émérite de philosophie à Princeton. Philosophe analytique de l'action, auteur des contributions les plus citées du débat contemporain sur la liberté et la responsabilité mor"
evidenced_by,f2f17e58-287f-4861-a041-c571f45491dd,argument_pseudo_chrysostom_de_fato_v_witness6_amand1945,argument,Pseudo-Chrysostom De Fato V — texte témoin n°6 (récapitulation carnéadienne),sc79_chrysostomus_de_providentia_chap5,passage,"Chrys., Prov. 5",0.14,0.29,"Central argument of Pseudo-Chrysostom in the Discours sur le Destin et la Providence V (PG 50, 765 l.24 — 768 l.44). For Amand 1945 (chapter on John Chrysostom, « 3. Troisième texte », p. 519-532), this passage constitut","1. Τί οὖν ; φησίν · οὐ βούλει με εἰδέναι σαφῶς καὶ πιστεύειν ὅτι προνοεῖ πάντων ὁ Θεός ; Καὶ μάλα καὶ βούλομαι καὶ εὔχομαι καὶ ἐπιθυμῶ σφόδρα · οὐ μὴν περιερ-γάζεσθαι τὴν πρόνοιαν, οὐδὲ πολυπραγμονεῖν. Εἰ μὲν γὰρ οἶσθα κ"
discusses,3815940d-6524-4b9c-bc27-a4eabbcef7e3,passage_aug_lib_arb_3_15_42,passage,"Augustine, De Libero Arbitrio 3.15.42: Blaming Vices Praises Creator More",concept_voluntas_y7z8a9b0,concept,Will (Voluntas),0.13,0.3,"Augustine concludes: if blaming vices commends the dignity of natures, how much more must God be praised who created all natures - good insofar as they are, blameworthy insofar as they depart from His art. Latin: Si igit","**Étymologie** : *voluntas* < radical *vol-* du verbe *velle* (« vouloir »), même racine que *voluptas* (« plaisir ») (le rapprochement avec le grec βούλομαι, d'une racine distincte, est contesté). Suffixe nominal -*tas*"
extends,57af8947-b11e-4d6b-81af-d10c6e980cd1,person_bardesanes_the_syrian_3r8s0u76,person,Bardaisan of Edessa (Bar-Daisan),argument_cafma_carneades_m3n4o5p6,argument,CAFMA: Carneadean Anti-Fatalist Moral Argumentation,0.18,0.25,"Bardaisan of Edessa (Bar-Daiṣan, c. 154 — c. 222 CE), Syriac Christian philosopher and court-figure at the Abgarid court of Osrhoene (Edessa). Known almost exclusively through the dialogue Book of the Laws of the Countri",CAFMA (Carneadean Anti-Fatalist Moral Argumentation) is often considered the most powerful ancient argument for what modern scholars term incompatibilism - the thesis that universal determinism (Stoic heimarmenê) is inco
engages_with,3bda8a1b-f08c-48ba-a3f0-112e37d47b28,pub_furst_2022_wege_freiheit,publication,Wege zur Freiheit: Menschliche Selbstbestimmung von Homer bis Origenes,person_bobzien_susanne_contemporary,person,Susanne Bobzien,0.14,0.29,"Comprehensive study of human self-determination and freedom from Homer to Origen, tracing the development of concepts of free will through ancient Greek, Hellenistic, Jewish, and early Christian philosophy.","Susanne Bobzien (née Susanne Bobzien, b. 1960), a German-British philosopher, professor of philosophy at Yale University (Joseph C. Hutchinson Chair) and subsequently senior research fellow at All Souls College, Oxford. "
interprets,2cb0ec0d-d8d0-4fd1-ae3a-3d67c19113f3,scholar_frede_michael,person,Michael Frede,work_de_fato_alexander_c200ce_o6p7q8r9,work,De Fato (Περὶ Εἱμαρμένης / On Fate),0.18,0.25,"Michael Frede (Berlin, 31 May 1940 — Agios Minas, near Itéa (Delphi), Gulf of Corinth, 11 August 2007), German historian of ancient philosophy trained in Hamburg and Göttingen (PhD 1966, Prädikation und Existenzaussage).","Alexander's De fato is a direct authorial treatise whose positive account of fate as individual nature occupies chapters II-VI; chapters VII-XXXVIII are largely dialectical objections, reports and replies concerning dete"
engages_with,ae2d3078-993c-4e15-952c-8554d9c7d1da,scholar_furst_alfons,person,Alfons Fürst,scholar_sharples_robert,person,Robert W. Sharples,0.18,0.25,"Alfons Fürst (born 1961). German patristics scholar, professor of ancient Church history at the Westfälische Wilhelms-Universität Münster, director of the *Origenes Forschungsstelle*. Author of *Hieronymus: Askese und Wi","Robert W. Sharples (1949-2010). Helléniste britannique, professeur de Greek and Latin à University College London. Spécialiste reconnu d'Alexandre d'Aphrodise et des commentateurs aristotéliciens. Ouvrages-pivots : *Alex"
engages_with,eb439c7a-4643-4580-b702-d01fe34e41d6,scholar_ramelli_ilaria,person,Ilaria Ramelli,scholar_frede_michael,person,Michael Frede,0.19,0.24,"Patristic philosophy, Origen, Alexander of Aphrodisias, late antique philosophy","Michael Frede (Berlin, 31 May 1940 — Agios Minas, near Itéa (Delphi), Gulf of Corinth, 11 August 2007), German historian of ancient philosophy trained in Hamburg and Göttingen (PhD 1966, Prädikation und Existenzaussage)."
extends,c8f1f4d0-eec3-498b-96ff-4dbe718c2a25,argument_bobzien_2014_aristotle_en_iii_1113b_anti_indeterminist,argument,"Bobzien 2014 — EN III.5, 1113b7–8 is not evidence for indeterminist choice",scholarly_work_bobzien_1998_determinism_and_freedom_in_stoic_philoso,publication,Bobzien 1998/2001 — Determinism and Freedom in Stoic Philosophy,0.21,0.22,"Bobzien argues that EN III.5, 1113b7–8 has an elliptical vice-versa construction: both clauses concern acting and not acting. Choice is neither expressly mentioned nor implied as the sentence’s topic, and the passage doe",Determinism and Freedom in Stoic Philosophy
source_for,1893c39b-fea0-44d5-8b2e-6b7f9f85292d,work_plutarch_de_fato_complete,work,"Pseudo-Plutarch, De Fato (Moralia 568b-574f)",concept_apotelesmatic_0y5z7b43,concept,Apotelesmatic Astrology,0.18,0.25,"Pseudo-Plutarch, De fato (Περὶ εἱμαρμένης), Moralia 568B–574F, transmitted under Plutarch's name and conventionally assigned to an anonymous Middle Platonist. The pinned corpus uses Bernardakis' 1891 Greek edition and th",Broader term for the astrological system that claims to derive concrete predictions about earthly events from celestial positions. Closely related to genethlialogia but encompasses all forms of astrological prediction.
discusses,furst-markschies-094,scholarly_argument_jacobsen_eschatological_body_verdict_suspended,argument,Jacobsen: the final status of body and renewed fall remains an explicitly suspended hypothesis,person_origen_alexandria_185_254ce_s9t0u1v2,person,Origen of Alexandria,0.19,0.24,"Jacobsen states that he has not reached a secure conclusion about freedom without body at the end. He tends to favor a bodiless hypothesis and acknowledges that rational beings could in principle fall again, while also h","Origen of Alexandria was the most brilliant and influential theologian of the early Greek Church. A Christian Platonist educated in Alexandria's philosophical milieu, Origen produced an enormous corpus (thousands of work"
interprets,corridor-wiring-043,scholarly_argument_bobzien_middle_platonists_on_contingen_7,argument,Bobzien: Middle-Platonists contributed to the development by linking contingency (τὸ ἐνδε,concept_hypothetical_fate_middle_platonist,concept,Hypothetical Fate (ex hypotheseos),0.14,0.29,"On Bobzien's reconstruction, an 'Aristotle scholar' behind the Middle-Platonist common source — 'equally well a Peripatetic or a Platonist' (p. 148) — subordinated what depends on us to the contingent ('in equal parts'),",**Termes** : εἱμαρμένη ἐξ ὑποθέσεως (heimarmenē ex hypotheseōs) ; lat. fatum ex hypothesi ; le destin sous condition vs absolu (haplōs) du Moyen Platonisme. The Middle Platonist doctrine that events are fated HYPOTHETICA
extends,c29727ad-dcc1-404d-b4ac-31b9f5112140,argument_origen_witness_carneades_transposition_god_as_evil_amand1945,argument,Origène (transposant Carnéade) — Dieu devient auteur du mal (Amand 1945),argument_carneadean_providence_mantike_alexander_amand1945,argument,Carneadean supplementary argument — Abolition of the providence of the gods and of divination (Alexander §17),0.16,0.27,"Amand (p. 322-323): Origen aligns himself with Carneades in the following argument (Phil. 23.1, Robinson p. 188,16-29). Carneades had shown that, if fatalism is true, the worst criminals are not responsible and their cri","Supplementary argument to argument VI (the destruction of piety), reconstructed by Amand (1945, p. 584-585) on the exclusive testimony of Alexander of Aphrodisias (Περὶ εἱμαρμένης 17). According to Amand, two objections "
contributes_to,c776402c-988b-4dde-872d-5b1042a634de,person_annas_julia_contemporary,person,Julia Annas,debate_discovery_of_will,debate,"The ""Discovery of the Will"" Debate",0.16,0.27,"Scholar reviving ancient virtue ethics in contemporary philosophy. Author of ""The Morality of Happiness"" showing how ancient eudaimonism relates to modern ethics.",Central scholarly debate: when and how did the philosophical concept of 'will' (voluntas/boulēsis) emerge as a distinct faculty? Key positions: Dihle (1982): Greek moral psychology was fundamentally intellectualist; 'St.
engages_with,e7fa2967-4f02-4724-b2d9-764be09be8c9,scholar_hall_c,person,Claire Hall,scholar_sharples_robert,person,Robert W. Sharples,0.17,0.26,"Patristics, Origen, early Christian philosophy","Robert W. Sharples (1949-2010). Helléniste britannique, professeur de Greek and Latin à University College London. Spécialiste reconnu d'Alexandre d'Aphrodise et des commentateurs aristotéliciens. Ouvrages-pivots : *Alex"
engages_with,5b9390af-8adf-4777-a757-61301eb9eaa2,scholar_velardo_l,person,Leandro Velardo,scholar_albrecht_dihle,person,Albrecht Dihle,0.16,0.27,"Josephus studies, Hellenistic Judaism, theology of fate","Albrecht Dihle (10 March 1923–22 January 2020), a German classical philologist and historian of religions, was professor at Cologne (1958–1974) and then at Heidelberg (1974–1991, Chair of Greek Philology). An atypical po"
discusses,033d9c7b-1667-4238-813d-85f5e9a21be2,passage_aug_lib_arb_3_11_33,passage,"Augustine, De Libero Arbitrio 3.11.33: Higher and Lower Offices of Creatures",concept_voluntas_y7z8a9b0,concept,Will (Voluntas),0.15,0.29,"Augustine distinguishes: some creatures have HIGHER office (whose absence would diminish order), some LOWER (whose absence but not sin would diminish). Angels have power to hold all; they remain good not because of offic","**Étymologie** : *voluntas* < radical *vol-* du verbe *velle* (« vouloir »), même racine que *voluptas* (« plaisir ») (le rapprochement avec le grec βούλομαι, d'une racine distincte, est contesté). Suffixe nominal -*tas*"
influences,b24ed545-3425-4a54-b64b-10297f4380e8,person_carneades_214_129bce_l2m3n4o5,person,Carneades of Cyrene,person_diogenes_oinoanda_c200_ce,person,Diogénès d'Oinoanda,0.15,0.29,"Carneades of Cyrene was the most formidable sceptical philosopher of antiquity and head of the 'New' or 'Third' Platonic Academy. He wrote nothing, but his arguments were transmitted by his students (particularly Clitoma","Diogenes of Oenoanda (Lycia; c. 200 CE), an elderly Epicurean philosopher who had an immense philosophical inscription engraved on the wall of a portico in his native city. For Amand 1945 (Book I ch. III Note supplémenta"
discusses,752e1ea2-6127-4a69-a86e-ae3ec0040a1e,synthesis_amand1945_anaxagoras_first_to_deny_heimarmene,synthesis,Amand 1945 — Anaxagore : premier penseur à nier l'existence de l'εἱμαρμένη,work_diogenianus_peri_heimarmenes,work,"Diogénianos, Περὶ εἱμαρμένης",0.15,0.29,"Amand's historiographical thesis (1945, p. 29-30, Intro §II ch. I §I): ""the innovator Anaxagoras was the first to deny the existence of εἱμαρμένη."" According to Amand, Anaxagoras maintains that it exercises its power nei","Περὶ εἱμαρμένης by Diogenianus the Epicurean, a treatise lost in its entirety but preserved in several long fragments by Eusebius of Caesarea in the Preparation évangélique IV.3.1-13 and VI.8.1-38. According to Amand 194"
cites_primary_source,furst-markschies-096,scholarly_argument_jacobsen_eschatological_body_verdict_suspended,argument,Jacobsen: the final status of body and renewed fall remains an explicitly suspended hypothesis,work_de_principiis_origen_230s_v2w3x4y5,work,De Principiis (Περὶ Ἀρχῶν) - Origen,0.15,0.29,"Jacobsen states that he has not reached a secure conclusion about freedom without body at the end. He tends to favor a bodiless hypothesis and acknowledges that rational beings could in principle fall again, while also h","De Principiis (Περὶ Ἀρχῶν, 'On First Principles') is Origen's great systematic theology - one of the first comprehensive Christian doctrinal syntheses. In four books, it covers: I. God, Christ, Holy Spirit; II. Corporeal"
discusses,bf47f580-641d-4297-9c36-52d56ed6983a,passage_aug_gla_1_7,passage,"Augustine, De Gratia et Libero Arbitrio 1.7: Grace Not According to Merit",concept_voluntas_y7z8a9b0,concept,Will (Voluntas),0.14,0.3,"Core anti-Pelagian thesis: ""gratiam Dei non secundum merita nostra dari"" (grace is not given according to our merits). Not only do prior good deeds not earn grace, but grace is often given despite ""multis meritis malis"" ","**Étymologie** : *voluntas* < radical *vol-* du verbe *velle* (« vouloir »), même racine que *voluptas* (« plaisir ») (le rapprochement avec le grec βούλομαι, d'une racine distincte, est contesté). Suffixe nominal -*tas*"
engages_with,f75362c0-148e-471d-bd19-02214bbbb412,scholar_de_monneron_f,person,François DE MONNERON,person_ginet_carl_0t1u2v3w,person,Carl Ginet,0.14,0.3,"philosophy of free will, determinism, moral responsibility",American philosopher who defended simple indeterminist libertarianism. Argued that free actions are uncaused mental events (volitions) that are introspectively identifiable. Free will does not require agent OR event caus
engages_with,986e3f57-3804-445f-9c93-c2710edd6869,scholar_furst_alfons,person,Alfons Fürst,person_bobzien_susanne_contemporary,person,Susanne Bobzien,0.2,0.24,"Alfons Fürst (born 1961). German patristics scholar, professor of ancient Church history at the Westfälische Wilhelms-Universität Münster, director of the *Origenes Forschungsstelle*. Author of *Hieronymus: Askese und Wi","Susanne Bobzien (née Susanne Bobzien, b. 1960), a German-British philosopher, professor of philosophy at Yale University (Joseph C. Hutchinson Chair) and subsequently senior research fellow at All Souls College, Oxford. "
engages_with,7dd9b68d-2f89-4440-98f8-183c07d99392,scholar_nagasawa_m,person,Mako A. Nagasawa,person_john_calvin_0h4c5d13,person,John Calvin,0.18,0.26,"Patristics, early Christian theology, free will and grace in church fathers","French theologian and key figure in Reformed Protestantism. Systematized Protestant doctrine of predestination, divine sovereignty, and total depravity. Argued for double predestination (election and reprobation) and com"
discusses,9e7fc90e-b143-4eb2-b3c9-04e99c5df99a,scholar_pohlenz_max,person,Max Pohlenz,concept_principle_alternative_possibilities_5s6t7u8v,concept,Principle of Alternative Possibilities (PAP),0.2,0.24,"German classical philologist (1872-1962). Professor at University of Göttingen. Author of the monumental ""Die Stoa: Geschichte einer geistigen Bewegung"" (1948-49, 2 vols.), which remains the most comprehensive history of","A principle of modern analytical philosophy, formulated by Harry Frankfurt in ""Alternate Possibilities and Moral Responsibility"" (Journal of Philosophy 66.23, 1969, pp. 829–839): a person is morally responsible for what "
discusses,100798ab-1747-4675-8b70-6a4ac592433a,scholarly_argument_hildebrandt_risk_obtains_even_if_determinism_true,argument,Hildebrandt: the laziness risk obtains even if Stoic determinism is true,person_alexander_aphrodisias_fl200ce_n5o6p7q8,person,Alexander of Aphrodisias,0.23,0.21,Hildebrandt extends the motivational-risk argument to the case in which Stoic determinism is true. She reports that she identifies no transmitted Stoic response to this developed version in the materials reviewed. That b,"Alexander of Aphrodisias is widely regarded as the most important Aristotelian commentator of antiquity and the foremost ancient critic of determinism, defending what modern scholars widely characterize as libertarian in"
discusses,furst-markschies-022,scholarly_argument_furst_2019_rust_retains_freedom_under_pressure_from_necessity,argument,Fürst: Rust's defense of free will remains under pressure from necessity without being automatically cancelled,person_origen_alexandria_185_254ce_s9t0u1v2,person,Origen of Alexandria,0.18,0.26,"Fürst finds a tension in George Rust's simultaneous defense of free will and pre-existence. Rust's account gives the fall accents of fatal necessity and makes creaturely lapsability close to necessary, but Fürst explicit","Origen of Alexandria was the most brilliant and influential theologian of the early Greek Church. A Christian Platonist educated in Alexandria's philosophical milieu, Origen produced an enormous corpus (thousands of work"
extends,corridor-wiring-045,argument_origens_de_principiis_argument_for_free_will_93d043fc,argument,Origen's De Principiis Argument for Free Will,argument_incompatibilism_alexander_p7q8r9s0,argument,Legacy reconstruction (discovery only): Alexander's Incompatibilist Argument (Fate Destroys Freedom),0.18,0.26,"Origen's De Principiis III.1 presents one of the first sustained Christian philosophical arguments for free will (αὐτεξούσιον). Against Gnostic determinism (Valentinian threefold anthropology, Marcionite dualism) and Sto","Modern incompatibilist reconstruction, discovery only. Alexander argues dialectically against Stoic fate and appeals to responsibility, deliberation and alternatives. Sharples warns that the Greek debate is framed by to "
cites_primary_source,reading-c-265,scholarly_argument_heinze_therapeutic_wrath,argument,"Heinze: punishment is therapeutic consequence, not passionate retaliation",work_origen_homilies_jeremiah,work,"Origène, Homélies sur Jérémie",0.14,0.3,"Punishment heals and often follows distance from God; wrath is adapted language, while demonic agents directly inflict the blow.","Collection of Origen’s homilies on the prophet Jeremiah, delivered at Caesarea probably between 240 and 245 CE. Preserved partly in Greek (Homilies 1-20 in the manuscript tradition) and partly in Jerome’s Latin translati"
engages_with,2a351957-5148-428e-a4bf-0d17f3d1fb28,scholar_gibbons_k,person,Kathleen Gibbons,person_bobzien_susanne_contemporary,person,Susanne Bobzien,0.18,0.26,"ancient philosophy, Origen, free will and autonomy in antiquity","Susanne Bobzien (née Susanne Bobzien, b. 1960), a German-British philosopher, professor of philosophy at Yale University (Joseph C. Hutchinson Chair) and subsequently senior research fellow at All Souls College, Oxford. "
discusses,29866f34-b5c6-4257-8bea-e8cfa76caeff,passage_alex_fat_8,passage,"Alexander of Aphrodisias, De Fato, 8",concept_eph_hemin_in_our_power_aristotle_d4e5f6g7,concept,To Eph' Hêmin (Τὸ ἐφ' ἡμῖν) - What is In Our Power,0.17,0.27,"Λέγεται δὴ πρὸς ἁπάντων ἀνθρώπων κοιναῖς τε καὶ φυσικαῖς ἐννοίαις ἐμμενόντων ταῦτα ἀπὸ τύχης τε καὶ τοῦ αὐτομάτου γίνεσθαι, ἃ αἰτίαις ἄλλων τινῶν ποιητικαῖς προηγουμέναις ἐπιγίνεται. ὅταν γὰρ ἄλλου τινὸς χάριν γινομένῳ τ","**Étymologie** : τὸ ἐφ' ἡμῖν, syntagme attributif « ce qui est sur nous / en notre pouvoir » < ἐπί + datif pronom personnel 1ʳᵉ pl. Locution technique aristotélicienne (*EN* III.5) reprise par les Stoïciens et les Médio-"
discusses,a9c9a0d5-4c3c-4e31-8e91-788a6ec0c4b5,pub_frede_2011_free_will,publication,Frede 2011 — A Free Will: Origins of the Notion in Ancient Thought,scholarly_argument_frede_origen_s_differences_from_stoi_6,argument,"Frede: Origen's differences from Stoic free will doctrine derive from his Platonism, no",0.17,0.27,"A Free Will: Origins of the Notion in Ancient Thought (Sather Classical Lectures 68; University of California Press, 2011). Edited by A. A. Long from lectures delivered by Frede before his death in 2007. Frede's central ",Frede: Origen's view of freedom is 'not quite the Stoic view'; the differences 'do not seem to have their source in Origen's Christianity' but 'presumably derive from his Platonism'. Unlike Chrysippus and Epictetus but l
contributes_to,fbef1ad3-3a4c-4ab9-91b3-a49177fdf59e,pub_haggard_2008_human_volition,publication,Human volition: Towards a Neuroscience of Will,debate_discovery_of_will,debate,"The ""Discovery of the Will"" Debate",0.17,0.27,"The capacity for voluntary action is seen as essential to human nature. Yet neuroscience and behaviourist psychology have traditionally dismissed the topic as unscientific. However, new research has identified networks o",Central scholarly debate: when and how did the philosophical concept of 'will' (voluntas/boulēsis) emerge as a distinct faculty? Key positions: Dihle (1982): Greek moral psychology was fundamentally intellectualist; 'St.
discusses,dc036428-0cc9-40d1-b077-c37b3f899791,scholar_albrecht_dihle,person,Albrecht Dihle,concept_principle_alternative_possibilities_5s6t7u8v,concept,Principle of Alternative Possibilities (PAP),0.17,0.27,"Albrecht Dihle (10 March 1923–22 January 2020), a German classical philologist and historian of religions, was professor at Cologne (1958–1974) and then at Heidelberg (1974–1991, Chair of Greek Philology). An atypical po","A principle of modern analytical philosophy, formulated by Harry Frankfurt in ""Alternate Possibilities and Moral Responsibility"" (Journal of Philosophy 66.23, 1969, pp. 829–839): a person is morally responsible for what "
engages_with,427dbb28-6404-459f-9acf-12cfd1f5eaf7,scholar_uster_d,person,Danilo Šuster,scholar_frede_michael,person,Michael Frede,0.17,0.27,"Stoicism, compatibilism, philosophy of action","Michael Frede (Berlin, 31 May 1940 — Agios Minas, near Itéa (Delphi), Gulf of Corinth, 11 August 2007), German historian of ancient philosophy trained in Hamburg and Göttingen (PhD 1966, Prädikation und Existenzaussage)."
cites_primary_source,f65db58b-3b37-46fa-8662-e403eb005af0,scholarly_argument_djeranian_the_cylinder_analogy_and_its_l_3,argument,"D'Jeranian: Chrysippus's cylinder analogy, which makes fate the antecedent and auxiliary cau",passage_gellius_na_vii_2_7_2_12,passage,"Aulus Gellius, Noctes Atticae VII.2 (De Fato et Chrysippo), NA VII.2.12",0.16,0.28,D'Jeranian: in De fato 42-43 Chrysippus's manoeuvre dissociates the necessity of fate and preserves the individual's autonomy by making fate the antecedent and auxiliary cause of his action; man's movement is like a cyli,"Infert deinde verba haec, his quae dixi congruentia: Διὸ καὶ ὑπὸ τῶν Πυθαγορείων εἴρηται. Γνώσει δ’ ἀνθρώπους αὐθαίρετα πήματ’ ἔχοντας, ὡς τῶν βλαβῶν ἑκάστοις παρ’ αὐτοῖς γινομένων καὶ καθ’ ὁρμὴν αὐτῶν ἁμαρτανόντων τε κα"
discusses,91d7c207-bbf7-439b-a64f-62544a8d7764,argument_eus_carneadean_pe_vi_6_arg7_marionettes_consciousness,argument,"Eusebius PE VI.6.20: Carneadean Arg 7 — Marionette metaphor, immediate consciousness",argument_carneadean_stoic_pragmatic_self_refutation_amand1945,argument,Argument carnéadien — Auto-réfutation pragmatique des Stoïciens (Alexandre §18 ; Eusèbe Praep. ev. VI.6.16-17),0.15,0.3,"Seventh Carneadean argument (PE VI.6.20): it is shameful to affirm that we are moved like inanimate objects, pulled by strings like puppets (νευροσπαστουμένους) by an external force. Consciousness reveals to us, on the c","Additional argument reconstructed by Amand (1945, p. 585) on the basis of Alexander (of Aphrodisias) (Περὶ εἱμαρμένης 18, 4th argument), with support from Eusebius (Praep. ev. VI, 6, 16-17, 4th argument). Statement: “The"
discusses,0a9ed316-0a38-4f75-85a6-14454db1d6a0,passage_alex_fat_2,passage,"Alexander of Aphrodisias, De Fato, 2",concept_tuche_chance_alex,concept,Alexandrian Definition of Chance (τύχη),0.24,0.21,"Τὸ μὲν οὖν εἶναί τι τὴν εἱμαρμένην καὶ αἰτίαν εἶναι τοῦ γίνεσθαί τινα κατ’ αὐτὴν ἱκανῶς ἡ τῶν ἀνθρώπων συνίστησιν πρόληψις (οὐ γὰρ κενὸν οὐδ’ ἄστοχον τἀληθοῦς ἡ κοινὴ τῶν ἀνθρώπων φύσις, καθ’ ἣν περί τινων ὁμοδοξοῦσιν ἀλ",ALEXANDRIAN CONCEPT (De Fato ch. 8 (Bruns 172–175)): Chance (τύχη) is an ACCIDENTAL byproduct (κατὰ συμβεβηκός) of purposive action. When someone acts for purpose X but accidentally achieves outcome Y (which was not the 
discusses,e698923a-4efd-4309-8516-ec47d854bcbe,passage_boethius_cons_107,passage,"Boethius, Cons. 107: Reason and Freedom",concept_liberum_arbitrium_u3v4w5x6,concept,Free Choice (Liberum Arbitrium),0.15,0.3,"Tum illa: Morem, inquit, geram tibi, simulque {simulque} sic orsa est: Si quidem, inquit, aliquis eventum temerario motu nullaque {nullaque} causarum conexione productum casum esse definiat, nihil omnino casum esse confi","**Étymologie** : *liberum arbitrium*, syntagme nominal latin associant *liber* (« libre, non-asservi », racine indo-européenne *leudʰ- « croître, peuple libre ») et *arbitrium* (« jugement, décision arbitrale », < *arbit"
engages_with,f69b7a86-a3de-4289-9894-206508f8bc41,scholar_guyomarc_h_g,person,Gweltaz Guyomarc'h,scholar_long_anthony,person,A.A. Long (Anthony Long),0.15,0.3,"Ancient philosophy, Aristotelianism, Stoicism, Alexander of Aphrodisias","Anthony Arthur Long (born 1937). Emeritus Professor of Classics at UC Berkeley, one of the leading Anglophone historians of Hellenistic philosophy. Co-author with David Sedley of the standard scholarly *The Hellenistic P"
engages_with,3c67f061-bbe9-4dc7-b96d-98b9e7e04f95,scholar_guillon_j,person,Jean-Baptiste Guillon,person_thomas_hobbes_2t6o7p35,person,Thomas Hobbes,0.15,0.3,"Metaphysics and philosophy of knowledge, free will","Thomas Hobbes (1588–1679), English philosopher and author of Leviathan (1651), De Corpore (1655), and Of Liberty and Necessity (1654). Hobbes developed what modern scholars characterize as a mechanistic compatibilist the"
engages_with,426960ca-2385-4bfc-a687-6a152a55a5fa,scholar_karamanolis_george,person,George E. Karamanolis,scholar_havrda_m,person,Matyáš Havrda,0.15,0.3,"ancient philosophy, early Christian philosophy, Platonism","Early Christian studies, Clement of Alexandria"
discusses,fe2aed91-ae63-4cbe-a349-69ce60092b19,scholarly_argument_klawans_2012_two_types_pharisaic_compatibilism,argument,Two distinct Pharisaic compatibilisms: fusion (Type 1) vs partial determinism (Type 2) (Klawans 2012),concept_conditional_fate_9a5c8b4d,concept,conditional fate,0.16,0.29,"Klawans' signature contribution: Josephus attributes to the Pharisees not one but TWO distinct compromises between fate and free will. Type 1 (Fusion): War 2.163 / Ant. 18.13 — everything (πάντα) is determined by fate, y","Middle Platonist doctrine that fate operates conditionally rather than absolutely. Divine providence establishes general laws (like state laws, not deterministic natural laws) that allow for human freedom within a provid"
cites_primary_source,furst-markschies-102,scholarly_argument_moller_origen_propositum_compatibilizes_foreknowledge_and_choice,argument,Møller: Origen's propositum reading makes foreknowledge and election responsive to human choice,work_origen_philocalia,work,Philocalia (Φιλοκαλία Ὠριγένους),0.15,0.3,"Møller argues that Origen can attribute the purpose in Romans 8:28 either to human beings or to God without surrendering agency. Origen favors the human-purpose reading, but accepts divine purpose when election responds ","Anthology of excerpts from Origen's works, compiled c. 358-359 CE by Basil of Caesarea and Gregory of Nazianzus. Critically important for preserving Greek text of De Principiis III.1 (On Free Will), which otherwise survi"
discusses,f365268e-a744-4d77-b792-40a6fdbdef94,passage_alex_fat_30,passage,"Alexander of Aphrodisias, De Fato, 30",concept_hypothetical_fate_middle_platonist,concept,Hypothetical Fate (ex hypotheseos),0.22,0.23,τὸ δὲ λέγειν εὔλογον εἶναι τοὺς θεοὺς τὰ ἐσό μενα προειδέναι (ἄτοπον γὰρ τὸ λέγειν ἐκείνους ἀγνοεῖν τι τῶν ἐσομένων) καὶ τοῦτο λαμβάνοντας κατασκευάζειν πειρᾶσθαι δι’ αὐτοῦ τὸ πάντα ἐξ ἀνάγκης τε γίνεσθαι καὶ καθ’ εἱμαρμ,**Termes** : εἱμαρμένη ἐξ ὑποθέσεως (heimarmenē ex hypotheseōs) ; lat. fatum ex hypothesi ; le destin sous condition vs absolu (haplōs) du Moyen Platonisme. The Middle Platonist doctrine that events are fated HYPOTHETICA
engages_with,8d2a4054-8007-4328-97c6-fd0ec17a0c79,scholar_craig_w,person,William Lane Craig,person_fischer_john_martin_3w4x5y6z,person,John Martin Fischer,0.19,0.26,"philosophy of religion, philosophical theology","John Martin Fischer (né 1952). Distinguished Professor of Philosophy à UC Riverside. Compatibiliste contemporain majeur. Ouvrages : *The Metaphysics of Free Will: An Essay on Control* (Blackwell, 1994) ; *Responsibility "
interprets,1e6560d7-512c-4815-89bd-ff4c94ebd605,scholar_furst_alfons,person,Alfons Fürst,work_de_fato_alexander_c200ce_o6p7q8r9,work,De Fato (Περὶ Εἱμαρμένης / On Fate),0.18,0.27,"Alfons Fürst (born 1961). German patristics scholar, professor of ancient Church history at the Westfälische Wilhelms-Universität Münster, director of the *Origenes Forschungsstelle*. Author of *Hieronymus: Askese und Wi","Alexander's De fato is a direct authorial treatise whose positive account of fate as individual nature occupies chapters II-VI; chapters VII-XXXVIII are largely dialectical objections, reports and replies concerning dete"
engages_with,138b71fc-3ed3-4b16-a5e1-eeb8200a907f,scholar_brouwer_r,person,René Brouwer,scholar_sharples_robert,person,Robert W. Sharples,0.17,0.28,Legal Theory; Ancient Philosophy,"Robert W. Sharples (1949-2010). Helléniste britannique, professeur de Greek and Latin à University College London. Spécialiste reconnu d'Alexandre d'Aphrodise et des commentateurs aristotéliciens. Ouvrages-pivots : *Alex"
discusses,084bc054-78dd-4c82-ac88-20082e3e753c,passage_alex_fat_19,passage,"Alexander of Aphrodisias, De Fato, 19",concept_inner_freedom_alex,concept,Inner Freedom (Inviolability of Choice),0.29,0.17,Ἐπαύσαντο δ’ ἂν τῆς ἐν τοῖς λόγοις φιλοτιμίας καὶ συγχωρησάντων εἶναι τὸ ἐφ’ ἡμῖν ἐλεύθερόν τε καὶ αὐτεξούσιον καὶ κύριον τῆς τῶν ἀντικειμένων αἱρέσεώς τε καὶ πράξεως [...] ἐπὶ περιεστῶσιν ἀνθρώποις δίκαιος γίνεσθαι πεπι,"Greek terminology: • ""no one can take away"": the inner act of choice cannot be seized by another (no verbatim Greek formulation attested in Alexander's De Fato; the motif is a Stoic topos at home in Epictetus, Dissertati"
discusses,5d12ae09-488a-42e1-b1de-30cd3e858ebc,passage_alex_fat_33,passage,"Alexander of Aphrodisias, De Fato, 33",concept_logos_krites_alex,concept,Logos as Kritēs (Reason as Judge),0.25,0.21,"Τὸ δὲ λέγειν ἡγεῖσθαι τοὺς οὐχ ἡγουμένους ἐν τῷ σώζεσθαι τὴν καθ’ ὁρμὴν τῶν ζῴων ἐνέργειαν ἤδη σώζεσθαι καὶ τὸ ἐφ’ ἡμῖν τῷ πᾶν τὸ καθ’ ὁρμὴν γινόμενον ἐπὶ τοῖς ὁρμῶσιν εἶναι καὶ διὰ τοῦτο ἐρωτᾶν, εἰ μὴ ἐνέργημά τι τὸ ἐφ’","ΛΌΓΟΣ ΩΣ ΚΡΙΤΉΣ (logos HŌS KRITĒS) - reason AS JUDGE Alexander's account of how human reason evaluates impressions before assent, distinguishing us from animals. External impressions (phantasiai) strike us. Reason (logos"
discusses,95c8b2cc-e5ef-4fbd-8b36-130a8903c564,passage_aug_lib_arb_3_9_24,passage,"Augustine, De Libero Arbitrio 3.9.24: The Gradation Argument - Envy Alone Objects",concept_voluntas_y7z8a9b0,concept,Will (Voluntas),0.16,0.3,"Augustine responds to: ""Omnipotent God could have made all creatures unable to fall into misery."" Reply: the gradation from highest to lowest runs by just degrees. Only ENVY says ""this should not exist."" Latin: Si dixeri","**Étymologie** : *voluntas* < radical *vol-* du verbe *velle* (« vouloir »), même racine que *voluptas* (« plaisir ») (le rapprochement avec le grec βούλομαι, d'une racine distincte, est contesté). Suffixe nominal -*tas*"
engages_with,bd753330-614f-41b2-a0d8-334c56d1e693,scholar_de_monneron_f,person,François DE MONNERON,person_chisholm_roderick_5o6p7q8r,person,Roderick Chisholm,0.16,0.3,"philosophy of free will, determinism, moral responsibility","American philosopher who defended libertarian agent causation. Argued that free actions involve a special kind of causation where the agent (as substance) causes the action, not merely prior events in the agent. This avo"
discusses,67175cce-b108-4cee-92df-52c505905331,passage_alex_fat_3,passage,"Alexander of Aphrodisias, De Fato, 3",concept_eph_hemin_in_our_power_aristotle_d4e5f6g7,concept,To Eph' Hêmin (Τὸ ἐφ' ἡμῖν) - What is In Our Power,0.19,0.27,"ὅτι μὲν οὖν 8 αἰτίαν τινὰ τὴν εἱμαρμένην τοῖς γινομένοις εἶναι λέγουσιν πάντες οἱ περὶ εἱμαρμένης λέγοντές τι, γνώριμον (ταύτην γὰρ ἀποδιδόασίν τε καί φασιν αἰτίαν εἶναι τοῦ γίνεσθαι τὰ γινόμενα ὃν τρόπον γίνεται), ἐπεὶ ","**Étymologie** : τὸ ἐφ' ἡμῖν, syntagme attributif « ce qui est sur nous / en notre pouvoir » < ἐπί + datif pronom personnel 1ʳᵉ pl. Locution technique aristotélicienne (*EN* III.5) reprise par les Stoïciens et les Médio-"
cites_primary_source,925cf3fb-7080-4ee2-9759-5d1c0c960184,argument_frede_2011_alexander_libertarian_dead_end,argument,Alexandre d'Aphrodise = ancêtre direct du libre arbitre moderne vicié (Frede 2011),work_de_fato_cicero_44bce_b9c4e5d2,work,De Fato (On Fate),0.25,0.22,"Argument Frede 2011 ch. 6 (p. 95-101) + Conclusion (p. 177-178). Premises: (P1) Alexander requires that an action be free only if the agent could, in identical internal-and-external circumstances, have chosen otherwise (","De Fato (On Fate) is Cicero's principal surviving treatise on determinism, fate, and free will, composed around 44 BC. It is the most important Latin philosophical text on the problem of freedom and necessity in antiquit"
evidenced_by,c701f948-b313-4233-acd4-1bad1abae6c7,concept_autexousion_christian_freedom_u1v2w3x4,concept,Autexousion (Αὐτεξούσιον) - Christian Free Will,passage_athenagoras_leg____379_________25________1___77,passage,"SC 379, ch.25, §1, §77 (Athenagoras of Athens)",0.18,0.29,"**Étymologie** : αὐτεξούσιον < αὐτο- (réflexif, « soi-même ») + ἐξουσία (« autorité, pouvoir d'agir »), terme déjà attesté dans le grec juif et profane du Iᵉʳ s. ap. J.-C. (Philon d'Alexandrie, TLG 0018) ; le sens propre","**Reference:** SC 379, chap.: 25, par.: 1, §77 **Author:** Athenagoras of Athens **Work:** Supplique au sujet des chrétiens (éd. Pouderon) **Edition:** SC 379 **Original Greek (from database):** XXV 1. Οὗτοι τοίνυν οἱ ἄγ"
evidenced_by,3e666ae9-824a-457d-b720-f0c4e2d44218,concept_plotinian_intellectual_eph_hemin,concept,τὸ ἐφ' ἡμῖν intellectuel (conception plotinienne),passage_plotinus_iii_1_8,passage,"Plotinus, Enneades, Enn. III.1.8",0.17,0.3,"A specifically Plotinian conception of τὸ ἐφ' ἡμῖν, distilled by Amand 1945 (Book I ch. VI §I.3, p. 162-163) from Enneads VI.8 (especially ch. 2, 6, 8) and II.3.9. Freedom resides neither in the alternative between actio","χρὴ δὲ κἀκεῖνο ἐνθυμεῖσθαι, ὡς τὸ ἀπ̓ ἐκείνων ἰὸν οὐ τοιοῦτον εἶσιν εἰς τοὺς λαβόντας, οἷον παῤ ἐκείνων ἔρχεται: οἷον εἰ πῦρ, ἀμυδρὸν τοῦτο, καὶ εἰ φιλιακὴ διάθεσις ἀσθενὴς γενομένη ἐν τῷ λαβόντι οὐ μάλα καλὴν τὴν φίλησι"
discusses,2f360a8d-9213-4924-aec9-e93e3192fafa,passage_alex_fat_3,passage,"Alexander of Aphrodisias, De Fato, 3",concept_endechomenon_contingent_aristotle_e5f6g7h8,concept,To Endechomenon (Τὸ ἐνδεχόμενον) - The Contingent,0.18,0.29,"ὅτι μὲν οὖν 8 αἰτίαν τινὰ τὴν εἱμαρμένην τοῖς γινομένοις εἶναι λέγουσιν πάντες οἱ περὶ εἱμαρμένης λέγοντές τι, γνώριμον (ταύτην γὰρ ἀποδιδόασίν τε καί φασιν αἰτίαν εἶναι τοῦ γίνεσθαι τὰ γινόμενα ὃν τρόπον γίνεται), ἐπεὶ ","**Étymologie** : τὸ ἐνδεχόμενον, participe présent neutre substantivé du verbe ἐνδέχομαι (« admettre, accepter, être possible »), littéralement « ce qui admet d'être (autrement) » — concept modal central d'Aristote (*De "
discusses,6586e1ec-5455-43b3-b9ea-667cfeb68c5c,passage_alex_fat_34,passage,"Alexander of Aphrodisias, De Fato, 34",concept_tuche_chance_alex,concept,Alexandrian Definition of Chance (τύχη),0.26,0.21,"πῶς δ’ οὐκ ἀγνοούντων τὰ ὑφ’ αὑτῶν γινόμενα τὸ τῇ ἀληθείᾳ τῶν γινομένων, ἣν ἀναιροῦσιν διὰ τοῦ δόγματος, αὐτῇ κεχρῆσθαι πρὸς κατασκευὴν τοῦ ἀναιροῦντος αὐτὴν δόγματος; λαβόντες γὰρ τὸ ἕκαστον τῶν συνεστώτων φύσει καθ’ εἱ",ALEXANDRIAN CONCEPT (De Fato ch. 8 (Bruns 172–175)): Chance (τύχη) is an ACCIDENTAL byproduct (κατὰ συμβεβηκός) of purposive action. When someone acts for purpose X but accidentally achieves outcome Y (which was not the 
discusses,a2c2208b-66f5-4958-98ee-66b59c892aef,passage_aug_lib_arb_3_14_40,passage,"Augustine, De Libero Arbitrio 3.14.40: Non-Blameworthy Corruption - Eating Food",concept_voluntas_y7z8a9b0,concept,Will (Voluntas),0.18,0.29,"Augustine notes: a stronger nature can corrupt a weaker without vice on either side - like eating food. A frugal man eating grain is not blameworthy, nor is the grain. Latin: Potest etiam fieri ut aliquam inferiorem pote","**Étymologie** : *voluntas* < radical *vol-* du verbe *velle* (« vouloir »), même racine que *voluptas* (« plaisir ») (le rapprochement avec le grec βούλομαι, d'une racine distincte, est contesté). Suffixe nominal -*tas*"
engages_with,4a578121-1e96-4648-a342-97ba9414c32f,scholar_guyomarc_h_g,person,Gweltaz Guyomarc'h,scholar_frede_michael,person,Michael Frede,0.18,0.29,"Ancient philosophy, Aristotelianism, Stoicism, Alexander of Aphrodisias","Michael Frede (Berlin, 31 May 1940 — Agios Minas, near Itéa (Delphi), Gulf of Corinth, 11 August 2007), German historian of ancient philosophy trained in Hamburg and Göttingen (PhD 1966, Prädikation und Existenzaussage)."
cites_primary_source,f196a47c-049e-4e34-9e88-d2b2585193ee,scholarly_argument_bobzien_chrysippus_s_compatibilism_3,argument,Bobzien: Moral responsibility is preserved through the cylinder and cone analogy: anteced,passage_gellius_na_vii_2_7_2_1,passage,"Aulus Gellius, Noctes Atticae VII.2 (De Fato et Chrysippo), NA VII.2.1",0.23,0.24,Chrysippus's compatibilism — Moral responsibility is preserved through the cylinder and cone analogy: antecedent/external causes (the push) are distinguished from the internal nature of the agent (the shape of the cylind,"FATUM, quod εἱμαρμένην Graeci vocant, ad hanc ferme sententiam Chrysippus, Stoicae princeps philosophiae, definit: Fatum est, inquit, sempiterna quaedam et indeclinabilis series rerum et catena, volvens semetipsa sese et"
cites_primary_source,9b28db80-775e-4bee-a41b-a77a1d5a6c46,scholarly_argument_djeranian_the_cylinder_analogy_and_its_l_3,argument,"D'Jeranian: Chrysippus's cylinder analogy, which makes fate the antecedent and auxiliary cau",passage_gellius_na_vii_2_7_2_1,passage,"Aulus Gellius, Noctes Atticae VII.2 (De Fato et Chrysippo), NA VII.2.1",0.17,0.3,D'Jeranian: in De fato 42-43 Chrysippus's manoeuvre dissociates the necessity of fate and preserves the individual's autonomy by making fate the antecedent and auxiliary cause of his action; man's movement is like a cyli,"FATUM, quod εἱμαρμένην Graeci vocant, ad hanc ferme sententiam Chrysippus, Stoicae princeps philosophiae, definit: Fatum est, inquit, sempiterna quaedam et indeclinabilis series rerum et catena, volvens semetipsa sese et"
discusses,113bdff0-cf5e-4cd7-af79-16d07a1d1cc6,synthesis_amand1945_epilogue_historical,synthesis,Bilan historique de l'épilogue Amand 1945 — combat épiscopal contre l'astrologie IIIe-Ve siècles,person_carneades_214_129bce_l2m3n4o5,person,Carneades of Cyrene,0.18,0.29,"Sixth and final strand of Amand’s epilogical assessment (Amand 1945, p. 591-592). Historical claim: « In the Greek or Hellenized East, the hierarchical leaders and teachers of Christianity vigorously combated, from the t","Carneades of Cyrene was the most formidable sceptical philosopher of antiquity and head of the 'New' or 'Third' Platonic Academy. He wrote nothing, but his arguments were transmitted by his students (particularly Clitoma"
engages_with,f9e7c936-6be4-4a24-b398-bd32efed7386,scholar_acosta_l_pez_de_mesa_j,person,Juliana Acosta López de Mesa,scholar_albrecht_dihle,person,Albrecht Dihle,0.19,0.28,"Ancient philosophy, free will, Aristotle, Plotinus, Stoicism","Albrecht Dihle (10 March 1923–22 January 2020), a German classical philologist and historian of religions, was professor at Cologne (1958–1974) and then at Heidelberg (1974–1991, Chair of Greek Philology). An atypical po"
engages_with,4c6f9530-ce54-427a-9251-3289c7349b57,scholar_crouzel_henri,person,Henri Crouzel,scholar_bardy_g,person,Gustave Bardy,0.19,0.28,"Henri Crouzel S.J. (1919-2003). French Jesuit, professor at the Institut Catholique de Toulouse, the foremost scholar of Origen studies in the twentieth century. Major works: *Théologie de l'image de Dieu chez Origène* (","Patristics, history of the Alexandrian school"
discusses,b4dac56c-4603-4590-b3ab-293ac587eafe,pub_frede_2011_free_will,publication,Frede 2011 — A Free Will: Origins of the Notion in Ancient Thought,person_cicero_marcus_tullius_106_43bce_a8f3d2c1,person,Marcus Tullius Cicero,0.23,0.25,"A Free Will: Origins of the Notion in Ancient Thought (Sather Classical Lectures 68; University of California Press, 2011). Edited by A. A. Long from lectures delivered by Frede before his death in 2007. Frede's central ","Marcus Tullius Cicero was Rome's greatest orator and a pivotal figure in transmitting Greek philosophical debates to the Roman world. A serious practitioner of Academic skepticism in the tradition of Philo of Larissa, Ci"
engages_with,c966b1c4-bb55-430f-954b-ce45b60ac16a,scholar_gourinat_jean_baptiste,person,Jean-Baptiste Gourinat,scholar_brennan_tad,person,Tad Brennan,0.21,0.27,"Jean-Baptiste Gourinat (born 1964). CNRS, research director, former director of the Centre Léon Robin (UMR 8061, Paris). A leading specialist in Stoicism and ancient logic. Major publications: *Les Stoïciens et l'âme* (P","Stoic ethics, Stoic theory of action and emotions"
cites_primary_source,ad5518f2-b059-43a9-9e5d-805528adba4e,scholarly_argument_bobzien_chrysippus_s_compatibilism_3,argument,Bobzien: Moral responsibility is preserved through the cylinder and cone analogy: anteced,passage_gellius_na_vii_2_7_2_5,passage,"Aulus Gellius, Noctes Atticae VII.2 (De Fato et Chrysippo), NA VII.2.5",0.23,0.25,Chrysippus's compatibilism — Moral responsibility is preserved through the cylinder and cone analogy: antecedent/external causes (the push) are distinguished from the internal nature of the agent (the shape of the cylind,"Si Chrysippus, inquiunt, fato putat omnia moveri et regi nec declinari transcendique posse agmina fati et volumina, peccata quoque hominum et delicta non suscensenda neque inducenda sunt ipsis voluntatibusque eorum, sed "
cites_primary_source,stoicslice2026-scholarly_argument_voelke_consent_to_destiny_voluntary_act-cites_primary_source-work_seneca_epistulae_morales,scholarly_argument_voelke_consent_to_destiny_voluntary_act,argument,"Voelke: consent to Destiny is the voluntary act par excellence, not passive resignation",work_seneca_epistulae_morales,work,"Seneca, Epistulae Morales ad Lucilium",0.23,0.25,"Chapter VI, 'Le consentement au Destin'. Only the willing that consents to Destiny is safe from failure and can greet every event as the realisation of its own aspiration; its best expression is Cleanthes' prayer (ap. Ep","Seneca, Epistulae Morales ad Lucilium. Work shell created from the live corpus so DB passages can be represented in the KG at passage level."
discusses,28a25fc8-6bbf-535c-a038-6976def71ffb,pub_tzamalikos_2026_the_concept_of_time_in_origen,publication,Panayiotis Tzamalikos 2026 — The Concept of Time in Origen,concept_theodicy_christian,concept,Christian Theodicy,0.19,0.29,"It is the first time in the bibliography worldwide that Origen's concept of Time is expounded in an ad hoc treatise, in a courageous and well-executed attempt to eliminate long-standing miscomprehensions. There is a reas","Christian theodicy — the rational defence of God's goodness and justice in the face of evil — is inseparable, in the ancient sources, from debates over free will. The governing formula is Platonic in origin: θεὸς ἀναίτιο"
evidenced_by,8d3802bd-9a09-4c14-a3cf-814ba05662a6,argument_chrysostom_antiastrological_demonic_amand1945,argument,Chrysostome — argument démonique contre l'astrologie populaire,sc79_chrysostomus_de_providentia_chap3,passage,"Chrys., Prov. 3",0.2,0.28,"Chrysostom’s recurrent argument against Christians’ belief in heimarmene and astrological genesis, testifying to the persistence of fatalistic superstition among his Antiochene and subsequently Constantinopolitan audienc","1. Ὅταν οὖν ἴδῃς τὰ σεραφεὶμ τὰ περιιπτάμενα τὸν θρόνον τὸν ὑψηλὸν ἐκεῖνον καὶ ἐπηρμένον, τῇ προβολῇ τῶν πτερύγων ἀποτειχίζοντα τὰς ἑαυτῶν ὄψεις καὶ τοὺς πόδας καλύπτοντα καὶ νῶτα καὶ πρόσωπα καὶ κραυγὴν ἀφιέντα ἐκπλήξεω"
engages_with,51d2fd98-129e-4a2c-8129-40f238b6dce2,person_fischer_john_martin_3w4x5y6z,person,John Martin Fischer,person_wolf_susan_contemporary,person,Susan Wolf,0.2,0.28,"John Martin Fischer (né 1952). Distinguished Professor of Philosophy à UC Riverside. Compatibiliste contemporain majeur. Ouvrages : *The Metaphysics of Free Will: An Essay on Control* (Blackwell, 1994) ; *Responsibility ",Developed Reason View of responsibility echoing Stoic and Aristotelian rational agency. Responsibility requires acting according to Reason.
cites_primary_source,20f22612-5005-4c8c-a786-c5ab2cec6fbd,argument_bobzien_2001_b1_synkatathesis_psychology_action,argument,Bobzien 2001 — Synkatathesis (assent) at the centre of Chrysippus’ psychology of action,passage_dl_lives_7_1_50,passage,"Diogenes Laertius, Vitae Philosophorum (Lives of Eminent Philosophers), 7.1.50",0.21,0.28,"Reconstruction Bobzien 2001 §6.1.2 (p. 239-242) + §6.3.5: Stoic psychology of action places synkatathesis (συγκατάθεσις, assent) at the centre. Sequence: (1) an impression (phantasia) presents itself to the hegemonikon; ","Διαφέρει δὲ φαντασία καὶ φάντασμα· φάντασμα μὲν γάρ ἐστι δόκησις διανοίας οἵα γίνεται κατὰ τοὺς ὕπνους, φαντασία δέ ἐστι τύπωσις ἐν ψυχῇ, τουτέστιν ἀλλοίωσις, ὡς ὁ Χρύσιππος ἐν τῇ δευτέρᾳ Περὶ ψυχῆς ὑφίσταται. οὐ γὰρ δεκ"
discusses,3986a493-c5ba-4e73-af55-10ab6ea344dd,passage_plut_fat_13,passage,"Analytical dossier — Ps.-Plutarch, De fato 13: Automaton vs Tychē and Triple Providence",concept_three_contingent_types_plut,concept,Three Types of Contingent / τριττὸν ἐνδεχόμενον (Pseudo-Plutarch),0.19,0.3,"[AUTOMATON VS TYCHĒ; TRIPLE PROVIDENCE] Greek: ἔστι δ' ἑκατέρου ἑκατέρου σύμπτωμα, τὸ μὲν αὐτόματον τοῦ ἐνδεχομένου: ἡ δὲ τύχη τοῦ ἐφ' ἡμῖν, καὶ τούτου οὐχ ἅπαντος, ἀλλ' ὅπερ ἂν καὶ κατὰ προαίρεσιν ᾖ... διὸ καὶ τὸ μὲν αὐ","Three types of contingent: for the most part (hōs epi to poly), less often (hōs ep' elatton), equally either way (hōs episēs / hopoteron etychon). Fat. 6 (571e–572a): ""τὸ μὲν ὡς ἐπὶ τὸ πολύ, τὸ δ' ὡς ἐπ' ἔλαττον, τὸ δ' ὡ"
influenced_by,1e810798-7e8c-469b-9d50-0a011d40ca8e,person_gersonides_o1p2q3r4,person,"Gersonides (Levi ben Gershon, Ralbag)",person_averroes_c9d0e1f2,person,Averroes (Ibn Rushd),0.21,0.28,"Bold Jewish philosopher who explicitly limited divine omniscience to preserve human freedom. Argued God knows all universals and necessary truths perfectly, but doesn't know contingent particulars before they occur—since","Ibn Rushd (Averroes, 1126–1198), the Andalusian philosopher known to Latin scholastics as ""The Commentator,"" represents the culmination of the Arabic Aristotelian tradition and a pivotal figure in debates about human fre"
engages_with,69f1d739-78f9-469d-bca7-9faee9c1106d,scholar_boys_stones_g,person,George Boys-Stones,person_bobzien_susanne_contemporary,person,Susanne Bobzien,0.2,0.29,"Ancient philosophy, Middle Platonism, Stoicism","Susanne Bobzien (née Susanne Bobzien, b. 1960), a German-British philosopher, professor of philosophy at Yale University (Joseph C. Hutchinson Chair) and subsequently senior research fellow at All Souls College, Oxford. "
engages_with,d4ba4faa-a1d1-4e5e-9877-f38bc3c1f89f,scholar_destr_e_p,person,Pierre Destrée,scholar_meyer_s,person,Susan Sauvé Meyer,0.19,0.3,"Pierre Destrée. Professor at UCLouvain (Institut supérieur de philosophie). Specialist in Aristotelian ethics and Stoic ethics, and in Aristotelian προαίρεσις as a key concept of the moral agent. Co-editor of several Bri","Ancient Greek and Roman philosophy, natural and ethical philosophy"
discusses,cb8bb604-8bc8-4b42-b834-ea1b05f8bc61,scholarly_work_brouwer_2020_fate_providence_and_free_will_philosophy,publication,"Brouwer 2020 — Fate, Providence and Free Will: Philosophy and Religion in Dialogue in the Early",scholarly_argument_brouwer_medieval_voluntarism_and_intel_5,argument,Brouwer: The debate continued in the high middle ages with 'voluntarists' (Henry of Ghent,0.21,0.28,"Fate, Providence and Free Will: Philosophy and Religion in Dialogue in the Early Imperial Age","medieval voluntarism and intellectualism — The debate continued in the high middle ages with 'voluntarists' (Henry of Ghent, Duns Scotus) arguing for will's independence from intellect, versus 'intellectualists' (Thomas "
discusses,d25a1398-b6be-4de7-a4d6-b833d0ec0766,synthesis_amand1945_irenaeus_transposed_topos,synthesis,Irenee = echo lointain mais transpose chretiennement du topos carneadien (Amand 1945),person_augustine_hippo_d430,person,Augustine of Hippo,0.25,0.24,"Summary Amand 1945, Book II ch. II (p. 212-223): Irenaeus of Lyons, founder of Catholic dogmatics alongside Origen and Augustine, reproduces in Adv. Haer. IV, 37, 1-2 a distant yet recognizable echo of the Carneadean arg","Augustine of Hippo (354–430 CE), born in Thagaste (Numidia), whose intellectual trajectory — from Manichaeism through Academic skepticism and Neoplatonism to Catholic Christianity — generated among the most consequential"
source_for,a52cc9b6-cbeb-4067-ae71-c00cc79cf065,passage_alex_fat_24,passage,"Alexander of Aphrodisias, De Fato, 24",argument_non_necessity_nature_alex,argument,"Alexander's ""For the Most Part"" Argument",0.28,0.22,ἆρ’ οὖν τούτων οὕτως ἐχόντων ἀναιτίως τι γενήσεται καἴ τοῦθ’ ἡμῶν ὁ λόγος προξενεῖ; ἢ δύναται | σώζεσθαι τὸ μηδὲν ἀναιτίως τῶν γινομένων γίνεσθαι καὶ τοῦτον τὸν τρόπον ἐχόντων ὡς ἡμεῖς λέγομεν τῶν πραγμάτων. ἂν γὰρ παυσά,"Alexandrian argument (De Fato ch. 6 (Bruns 169-172)): Natural processes (and thus fate) happen ""for the most part"" (ὡς ἐπὶ τὸ πλεῖστον), NOT by necessity (ἐξ ἀνάγκης). There is genuine room for the ""contrary to nature/fa"
discusses,8bb33256-4596-4617-8216-f6e0aee133e5,passage_aug_lib_arb_2_9_27,passage,"Augustine, De Libero Arbitrio 2.9.27: Is Wisdom Common Like Number?",concept_voluntas_y7z8a9b0,concept,Will (Voluntas),0.25,0.25,Augustine asks: is wisdom common to all rational minds like number is? Or are there as many wisdoms as there are minds? The answer will parallel the argument about numbers. Latin: Quare si iam constat inter nos quae sit ,"**Étymologie** : *voluntas* < radical *vol-* du verbe *velle* (« vouloir »), même racine que *voluptas* (« plaisir ») (le rapprochement avec le grec βούλομαι, d'une racine distincte, est contesté). Suffixe nominal -*tas*"
discusses,63a824f6-ac36-4299-870c-3597c5cb4d71,pub_frede_2011_free_will,publication,Frede 2011 — A Free Will: Origins of the Notion in Ancient Thought,scholarly_argument_frede_alexander_s_shift_to_efficient_4,argument,D. Frede: Alexander's emphasis on the moving cause has three main reasons: (1) it establis,0.23,0.27,"A Free Will: Origins of the Notion in Ancient Thought (Sather Classical Lectures 68; University of California Press, 2011). Edited by A. A. Long from lectures delivered by Frede before his death in 2007. Frede's central ","Frede: Alexander shifts the emphasis so that the moving cause plays the central role, 'thus avoiding a fatal cooperation of all four causes'. Three reasons: (1) an analogy between fate as moving cause in nature and the a"
engages_with,dfd27b91-5d8a-4d09-aa51-94610ec7a201,scholar_acosta_l_pez_de_mesa_j,person,Juliana Acosta López de Mesa,scholar_frede_michael,person,Michael Frede,0.2,0.3,"Ancient philosophy, free will, Aristotle, Plotinus, Stoicism","Michael Frede (Berlin, 31 May 1940 — Agios Minas, near Itéa (Delphi), Gulf of Corinth, 11 August 2007), German historian of ancient philosophy trained in Hamburg and Göttingen (PhD 1966, Prädikation und Existenzaussage)."
engages_with,4444aeb3-069a-4c15-bb60-ef1e30b42758,scholar_andresen_carl,person,Carl Andresen,scholar_pohlenz_max,person,Max Pohlenz,0.21,0.29,"Patristics, Middle Platonism, early Christian philosophy","German classical philologist (1872-1962). Professor at University of Göttingen. Author of the monumental ""Die Stoa: Geschichte einer geistigen Bewegung"" (1948-49, 2 vols.), which remains the most comprehensive history of"
engages_with,3ab4e7a4-b07e-4acf-abb7-999f7ef8d29e,scholar_velardo_l,person,Leandro Velardo,scholar_long_anthony,person,A.A. Long (Anthony Long),0.21,0.29,"Josephus studies, Hellenistic Judaism, theology of fate","Anthony Arthur Long (born 1937). Emeritus Professor of Classics at UC Berkeley, one of the leading Anglophone historians of Hellenistic philosophy. Co-author with David Sedley of the standard scholarly *The Hellenistic P"
source_for,8780cc0d-e8ce-42a7-a843-f1d698840abc,work_bayle_rorarius_1702,work,"Dictionnaire historique et critique, article ""Rorarius""",argument_skeptical_argument_from_divine_power_d217cdac,argument,Skeptical Argument from Divine Power,0.21,0.29,"Article ""Rorarius"" in Pierre Bayle's Dictionnaire historique et critique. ARTFL documents the Dictionnaire's first edition (1697) and second edition (1702); recent scholarship identifies note L of the 'Rorarius' article ","Pierre Bayle's skeptical argument uses divine omnipotence to show that we cannot have certain knowledge of the external world or even our own mental states: if God is omnipotent, He could cause us to have all our experie"
discusses,e65ba4e6-d4bf-4e3d-acdf-e8e0dc25f5b6,person_annas_julia_contemporary,person,Julia Annas,person_epictetus_of_hierapolis_3c385bc2,person,Epictetus of Hierapolis,0.21,0.3,"Scholar reviving ancient virtue ethics in contemporary philosophy. Author of ""The Morality of Happiness"" showing how ancient eudaimonism relates to modern ethics.","Epictetus of Hierapolis (c. 50-135 CE) was a Stoic philosopher and former slave whose teachings, preserved by his student Arrian in the Discourses (Διατριβαί) and Handbook (Ἐγχειρίδιον), represent the fullest ancient dev"
discusses,05de60a7-6e06-406b-aef4-3f23c9e84ce4,person_oshana_marina_7k8l9m0n,person,Marina Oshana,concept_principle_alternative_possibilities_5s6t7u8v,concept,Principle of Alternative Possibilities (PAP),0.21,0.3,Feminist philosopher who developed social externalist account of autonomy. Argues that autonomy and free will are not purely internal psychological states but depend on social conditions. Oppressive social environments c,"A principle of modern analytical philosophy, formulated by Harry Frankfurt in ""Alternate Possibilities and Moral Responsibility"" (Journal of Philosophy 66.23, 1969, pp. 829–839): a person is morally responsible for what "
engages_with,903e5a22-9fa3-4a12-a686-e3bfbfd376e0,scholar_guillon_j,person,Jean-Baptiste Guillon,person_pereboom_derk_contemporary,person,Derk Pereboom,0.21,0.3,"Metaphysics and philosophy of knowledge, free will",Hard incompatibilist developing source incompatibilism from Alexander of Aphrodisias. Four-Case Manipulation Argument against compatibilism.
cites_primary_source,reading-a-118,scholarly_argument_van_der_eijk_de_oratione_strengthens_de_principiis_proof,argument,van der Eijk: De oratione strengthens the earlier proof in De principiis,passage_origen_de_orat_6,passage,"Origen, De Oratione 6: Prescience Is Not Causality",0.24,0.27,"The two treatments are consistent but differently developed. De principiis supplies fuller Stoic psychology, while De oratione adds the distinctive through-itself category and an ontological argument connecting motion to","Origen's classic statement that divine foreknowledge is not the cause of what comes to be: God pre-arranges everything in accordance with what he has foreseen of each act that is up to us (τὸ ἐφ' ἡμῖν), and the εἱρμός of"
evidenced_by,0d702056-049d-4136-85d7-0c33e9f92c26,concept_heimarmene_fate_stoics_j0k1l2m3,concept,Heimarmenê (Εἱμαρμένη) - Stoic Fate,passage_boethius_cons_93,passage,"Boethius, Cons. 93: Wisdom Replaces Hatred",0.24,0.28,"**Étymologie** : εἱμαρμένη, participe parfait passif féminin substantivé du verbe défectif μείρομαι / εἵμαρται (« recevoir en partage, échoir »), littéralement « ce qui est départi/assigné » — d'où « le destin ». Heimarm","compensatione adipiscendae probitatis nec hos cruciatus esse ducerent defensorumque {defensorumque} operam repudiarent ac se totos accusatoribus iudicibusque {iudicibusque} permitterent. Quo fLt, ut apud sapientes nullus"
exemplifies,9cc342b0-3470-4a93-a771-784ef6ac2b86,group_essenes_e9f0g1h2,group,Essenes,concept_covenant_nomism_k9l0m1n2,concept,Covenantal Nomism,0.22,0.3,"Ascetic Jewish sect active from the 2nd century BCE to 1st century CE, attested by Josephus (Jewish War II.119–161; Antiquities XIII.171–173; XVIII.18–22) and widely identified with the community responsible for the Dead",E.P. Sanders' term for Jewish soteriological pattern: (1) God elects Israel and gives Torah; (2) Torah defines how to maintain covenant relationship; (3) obedience maintains but does not earn covenant status; (4) God pro
discusses,bb433d12-879c-4167-a9ac-c5e8bc2f35e1,passage_alex_fat_24,passage,"Alexander of Aphrodisias, De Fato, 24",concept_common_cause_alex,concept,"Common Cause (Alexander, De fato, Bruns 194-195)",0.24,0.28,ἆρ’ οὖν τούτων οὕτως ἐχόντων ἀναιτίως τι γενήσεται καἴ τοῦθ’ ἡμῶν ὁ λόγος προξενεῖ; ἢ δύναται | σώζεσθαι τὸ μηδὲν ἀναιτίως τῶν γινομένων γίνεσθαι καὶ τοῦτον τὸν τρόπον ἐχόντων ὡς ἡμεῖς λέγομεν τῶν πραγμάτων. ἂν γὰρ παυσά,"Modern label, not an Alexandrian technical term: neither κοινὴ αἰτία nor ἀρχὴ πολλῶν occurs anywhere in Alexander (exhaustive TLG search). Alexander's own formulation, De fato (Bruns 194-195): ὁρῶμεν γὰρ ἐπὶ πολλῶν τὸ αὐ"
discusses,4704c323-706f-4789-a64b-1e667f8d2872,scholar_sedley_david,person,David Sedley,concept_principle_alternative_possibilities_5s6t7u8v,concept,Principle of Alternative Possibilities (PAP),0.24,0.28,"Hellenistic philosophy, Epicureanism, Lucretius","A principle of modern analytical philosophy, formulated by Harry Frankfurt in ""Alternate Possibilities and Moral Responsibility"" (Journal of Philosophy 66.23, 1969, pp. 829–839): a person is morally responsible for what "
source_for,53f2c6b3-e257-435a-9ceb-a95f1624c5b0,work_de_fato_cicero_44bce_b9c4e5d2,work,De Fato (On Fate),argument_cafma_character_contradiction_1f6g8i54,argument,"Anti-astrological argument: moral character changes, the natal horoscope cannot fix it",0.22,0.3,"De Fato (On Fate) is Cicero's principal surviving treatise on determinism, fate, and free will, composed around 44 BC. It is the most important Latin philosophical text on the problem of freedom and necessity in antiquit","Human beings successively pass from opposites—from good to bad character, from virtue to vice. If character were fatally fixed at birth (as astrology claims via natal horoscope), such change would be impossible."
discusses,furst-markschies-069,scholarly_argument_markschies_celsus_misidentification_shapes_providence_frame,argument,Markschies: a mistaken Epicurean identification shapes Contra Celsum's providence frame,debate_divine_foreknowledge_235f2530,debate,"Providence, Foreknowledge, and Freedom",0.28,0.24,"Markschies argues that Contra Celsum's anti-Epicurean frame, with providence as a guiding theme, rests on Origen's mistaken identification of Celsus. Origen increasingly noticed mismatches but retained the frame and knew","The ancient theological problem: If God foreknows all future events, are they necessary? If so, human freedom seems impossible. Origins: Discussed by Aristotle (sea battle, De Int. 9), intensified by Christian theology. "
evidenced_by,0cbde9eb-38b8-4c9d-99d5-87c2a962d693,concept_autexousion_christian_freedom_u1v2w3x4,concept,Autexousion (Αὐτεξούσιον) - Christian Free Will,passage_athenagoras_leg____379_________7________1___17,passage,"SC 379, ch.7, §1, §17 (Athenagoras of Athens)",0.23,0.3,"**Étymologie** : αὐτεξούσιον < αὐτο- (réflexif, « soi-même ») + ἐξουσία (« autorité, pouvoir d'agir »), terme déjà attesté dans le grec juif et profane du Iᵉʳ s. ap. J.-C. (Philon d'Alexandrie, TLG 0018) ; le sens propre","**Reference:** SC 379, chap.: 7, par.: 1, §17 **Author:** Athenagoras of Athens **Work:** Supplique au sujet des chrétiens (éd. Pouderon) **Edition:** SC 379 **Original Greek (from database):** VII 1. Ὅταν οὖν τὸ μὲν εἶν"
engages_with,43ab0cb9-a3ef-47c5-aca0-bd7ab6fd7f56,person_salles_ricardo_contemporary,person,Ricardo Salles,scholar_gill_christopher,person,Christopher Gill,0.24,0.29,"Ricardo Salles, philosophe argentin-mexicain, professeur à l'Instituto de Investigaciones Filosóficas de l'UNAM (Mexico). Spécialiste du stoïcisme, du déterminisme stoïcien et de la philosophie de l'action ancienne. Aute","ancient philosophy, ethics"
engages_with,7d5bedd4-cddd-4d6a-8fb9-440b92e74b25,scholar_destr_e_p,person,Pierre Destrée,scholar_frede_michael,person,Michael Frede,0.27,0.26,"Pierre Destrée. Professor at UCLouvain (Institut supérieur de philosophie). Specialist in Aristotelian ethics and Stoic ethics, and in Aristotelian προαίρεσις as a key concept of the moral agent. Co-editor of several Bri","Michael Frede (Berlin, 31 May 1940 — Agios Minas, near Itéa (Delphi), Gulf of Corinth, 11 August 2007), German historian of ancient philosophy trained in Hamburg and Göttingen (PhD 1966, Prädikation und Existenzaussage)."
discusses,629d4714-9eb9-533b-992e-61d6dc504495,pub_heither_2004_der_leidenschaftliche_gott,publication,Theresia Heither 2004 — Der leidenschaftliche Gott,person_origen_alexandria_185_254ce_s9t0u1v2,person,Origen of Alexandria,0.25,0.28,Der leidenschaftliche Gott,"Origen of Alexandria was the most brilliant and influential theologian of the early Greek Church. A Christian Platonist educated in Alexandria's philosophical milieu, Origen produced an enormous corpus (thousands of work"
cites_primary_source,6a266535-621a-44ca-bb03-2702a8287940,argument_cylinder_analogy_chrysippus_k1l2m3n4,argument,Cylinder Analogy (Internal vs. External Causation),passage_gellius_na_vii_2_7_2_15,passage,"Aulus Gellius, Noctes Atticae VII.2 (De Fato et Chrysippo), NA VII.2.15",0.24,0.3,"The cylinder analogy distinguishes an external push or impression from the cylinder's or agent's internal nature. Sorabji 1980, pp. 80-83, separates Augustine, Donini and Frede readings of the argument. He does not treat","Itaque M. Cicero, in libro quem De Fato conscripsit, cum quaestionem istam diceret obscurissimam esse et inplicatissimam, Chrysippum quoque philosophum non expedisse se in ea ait Chrysippus aestuans laboransque quonam ho"
engages_with,55fd9bcc-3f65-479e-a581-0a909242eb73,scholar_gourinat_jean_baptiste,person,Jean-Baptiste Gourinat,scholar_voelke_andre_jean,person,André-Jean Voelke,0.25,0.29,"Jean-Baptiste Gourinat (born 1964). CNRS, research director, former director of the Centre Léon Robin (UMR 8061, Paris). A leading specialist in Stoicism and ancient logic. Major publications: *Les Stoïciens et l'âme* (P","Stoicism, history of philosophy, ancient philosophy"
engages_with,2291f172-13d6-4970-a0fb-e4332c70a959,scholar_grgi_f,person,Filip Grgić,person_ginet_carl_0t1u2v3w,person,Carl Ginet,0.27,0.27,"philosophy of action, free will, history of philosophy",American philosopher who defended simple indeterminist libertarianism. Argued that free actions are uncaused mental events (volitions) that are introspectively identifiable. Free will does not require agent OR event caus
engages_with,3aa4cadf-88dd-4204-aa48-d34c1554347d,scholar_gourinat_jean_baptiste,person,Jean-Baptiste Gourinat,scholar_hadot_pierre,person,Pierre Hadot,0.24,0.3,"Jean-Baptiste Gourinat (born 1964). CNRS, research director, former director of the Centre Léon Robin (UMR 8061, Paris). A leading specialist in Stoicism and ancient logic. Major publications: *Les Stoïciens et l'âme* (P","Neoplatonism, Stoicism, philosophy as spiritual practice"
engages_with,cb1290da-b813-433a-a80b-97a6e42560e5,scholar_list_n,person,Nicholas List,scholar_bobichon_p,person,Philippe Bobichon,0.24,0.3,"Nicholas List — Early Christian studies, Middle Platonism and Justin Martyr; author of 'Justin Martyr's Problem with Platonism', Vigiliae Christianae 78 (2024). Not to be confused with the List discussed by Fürst 2022, w","Patristics, textual criticism of Justin Martyr"
discusses,808171c9-8e95-41af-a35e-9980e57fdbd5,passage_alex_fat_25,passage,"Alexander of Aphrodisias, De Fato, 25",concept_kyrios_alex,concept,Kyrios (κύριος) - Master/Lord,0.27,0.28,πῶς γὰρ οὐ φανερῶς τὸ λέγειν ψεῦδος πᾶν τὸ ἑπόμενόν τινι ἐξ ἐκείνου τὴν αἰτίαν τοῦ εἶναι ἔχειν καὶ πᾶν τὸ προηγούμενόν τινος αἴτιον ὑπάρχειν ἐκείνῳ; ὁρῶμεν γὰρ ὅτι τὰ ἐφεξῆς ἀλλήλοις ὄντα τῷ χρόνῳ οὐ πάντα διὰ τὰ ἔμπροσθ,"kyrios = Master, lord, one who has authority/control. Used by Alexander for human SELF-MASTERY. De Fato 177: ""We are MASTERS (κύριοι) of doing and not-doing."" Legal: owner, one with rights. Political: lord, ruler. Moral:"
discusses,fdfc53f5-63ff-4316-a833-5ca97afa4f98,passage_alex_fat_9,passage,"Alexander of Aphrodisias, De Fato, 9",concept_kyrios_alex,concept,Kyrios (κύριος) - Master/Lord,0.26,0.3,"Καὶ τοιαῦτα μὲν τὰ περὶ τῆς τύχης ὑπ’ αὐτῶν λεγόμενα καὶ οὕτως τοῖς κειμένοις συνᾴδοντα· ὅτι δὲ καὶ τὸ ἐνδεχόμενόν τε καὶ τὸ ὁπότερ’ ἔτυχεν γίνεσθαί τινα ὑπὸ τῶν πάντα ἐξ ἀνάγκης γίνεσθαι λεγόντων ἀναιρεῖται, αὐτόθεν πρό","kyrios = Master, lord, one who has authority/control. Used by Alexander for human SELF-MASTERY. De Fato 177: ""We are MASTERS (κύριοι) of doing and not-doing."" Legal: owner, one with rights. Political: lord, ruler. Moral:"
engages_with,47d516e2-ec00-4cff-8f17-414f8009fbdf,scholar_gourinat_jean_baptiste,person,Jean-Baptiste Gourinat,scholar_sharples_robert,person,Robert W. Sharples,0.27,0.29,"Jean-Baptiste Gourinat (born 1964). CNRS, research director, former director of the Centre Léon Robin (UMR 8061, Paris). A leading specialist in Stoicism and ancient logic. Major publications: *Les Stoïciens et l'âme* (P","Robert W. Sharples (1949-2010). Helléniste britannique, professeur de Greek and Latin à University College London. Spécialiste reconnu d'Alexandre d'Aphrodise et des commentateurs aristotéliciens. Ouvrages-pivots : *Alex"
engages_with,75a2f579-51ae-4260-a955-ec381e32b871,scholar_hausmann_m,person,Marco Hausmann,person_kane_robert_1938_2022,person,Robert Kane,0.26,0.3,"metaphysics, logic, philosophy of language, freedom, religion","Robert Hilary Kane (1938-2024). Professor of philosophy at the University of Texas at Austin. A classical libertarian in the contemporary free-will debate. Seminal work: *The Significance of Free Will* (OUP, 1996) — a de"
cites_primary_source,37061a0b-1d58-442f-bba1-62c1bf6eb7df,scholarly_argument_uster_chrysippus_s_cylinder_and_cone_0,argument,Šuster: The analogy remains a valuable compatibilistic tool that invites 'mental distill,passage_gellius_na_vii_2_7_2_10,passage,"Aulus Gellius, Noctes Atticae VII.2 (De Fato et Chrysippo), NA VII.2.10",0.3,0.26,Chrysippus's cylinder and cone analogy as compatibilist thought experiment — The analogy remains a valuable compatibilistic tool that invites 'mental distillation' separating causal factors relevant for moral responsibil,"Est enim genere ipso quasi fatale et consequens, ut mala ingenia peccatis et erroribus non vacent."
engages_with,92c7b8b9-fd97-48c3-9ce4-35bf5a6f5fdf,person_salles_ricardo_contemporary,person,Ricardo Salles,scholar_sharples_robert,person,Robert W. Sharples,0.27,0.3,"Ricardo Salles, philosophe argentin-mexicain, professeur à l'Instituto de Investigaciones Filosóficas de l'UNAM (Mexico). Spécialiste du stoïcisme, du déterminisme stoïcien et de la philosophie de l'action ancienne. Aute","Robert W. Sharples (1949-2010). Helléniste britannique, professeur de Greek and Latin à University College London. Spécialiste reconnu d'Alexandre d'Aphrodise et des commentateurs aristotéliciens. Ouvrages-pivots : *Alex"
engages_with,e2b0f1ca-ff26-4dda-b33f-ff97508cfeef,scholar_gibbons_k,person,Kathleen Gibbons,scholar_albrecht_dihle,person,Albrecht Dihle,0.29,0.29,"ancient philosophy, Origen, free will and autonomy in antiquity","Albrecht Dihle (10 March 1923–22 January 2020), a German classical philologist and historian of religions, was professor at Cologne (1958–1974) and then at Heidelberg (1974–1991, Chair of Greek Philology). An atypical po"
source_for,b9b60f70-f732-44b5-8e86-0c96f68370fa,passage_alex_fat_28,passage,"Alexander of Aphrodisias, De Fato, 28",argument_virtue_acquisition_alex,argument,Virtue Acquisition Argument (Alexander),0.3,0.28,"οἱ δὲ φάσκοντες ἐξ ἀνάγκης ἡμᾶς εἶναί τε καὶ γίνεσθαι τοιούτους, καὶ μὴ καταλιπόντες ἡμῖν τὴν ἐξουσίαν τοῦ ταῦτα πράττειν τε καὶ μή, δι’ ὧν ἂν τοιοῦτοι γενοίμεθα, καὶ διὰ τοῦτο μήτε τοῖς κακοῖς γινομένοις ἐξεῖναι μὴ ταῦτ",Greek terminology: • ἀρετή (aretē) - virtue/excellence • ἕξις (hexis) - stable disposition • ἐπιμέλεια (epimeleia) - care/attention • τελείωσις (teleiōsis) - perfection/completion Argument structure: Alexander argues fro
engages_with,44f16cab-ec04-4727-90d3-7bb01c81327a,scholar_karamanolis_george,person,George E. Karamanolis,scholar_frede_michael,person,Michael Frede,0.29,0.3,"ancient philosophy, early Christian philosophy, Platonism","Michael Frede (Berlin, 31 May 1940 — Agios Minas, near Itéa (Delphi), Gulf of Corinth, 11 August 2007), German historian of ancient philosophy trained in Hamburg and Göttingen (PhD 1966, Prädikation und Existenzaussage)."
