node_id,type,name,existing_school,proposed_school,probability,confidence,anchor_sentence,desc_excerpt
argument_cleanthes_hymn_to_zeus_argument_f71f5b37,argument,Cleanthes' Hymn to Zeus Argument,,Stoic,1,0.99,Expresses core Stoic ethics: virtue as alignment with cosmic reason and acceptance of providence.,Expresses core Stoic ethics: virtue as alignment with cosmic reason and acceptance of providence. Freedom redefined as willing what is necessary rather than having alternative possibilities. Foundation for Stoic theodicy
argument_epictetus_dichotomy_control,argument,Epictetus's Dichotomy of Control (Encheiridion 1),,Stoic,1,1,**Réception scholaire** : Long 2002 (*Epictetus*) ;,"**Source primaire** : Épictète, *Manuel* (*Encheiridion*) 1 (éd. Schenkl, BT 1916 ; trad. P. Hadot, *Manuel d'Épictète*, Le Livre de Poche, 2000 ; *Entretiens* parallèles éd. Schenkl, BT 1916).
**Prémisse 1** : Certaines"
argument_ezekiel_individual_responsibility_q1r2s3t4,argument,Ezekiel 18 - Individual Moral Responsibility,,Jewish,1,1,no textual anchor,"Ezekiel's polemic against inherited guilt: 'The soul who sins shall die. The son shall not suffer for the iniquity of the father, nor the father suffer for the iniquity of the son' (Ezekiel 18:20, ESV). Affirms individua"
argument_fate_efficient_cause_alex,argument,Alexander's Classification of Fate as Efficient Cause,,Peripatetic,1,0.99,"Alexandrian argument (De Fato 3–4 (Bruns 167–169)): Using Aristotle's four-cause analysis through the statue example, Alexander argues that fate (εἱμαρμένη) should be classified specifically among efficient/productive causes (ποιητικὰ αἴτια), not material, formal, or final causes","Alexandrian argument (De Fato 3–4 (Bruns 167–169)): Using Aristotle's four-cause analysis through the statue example, Alexander argues that fate (εἱμαρμένη) should be classified specifically among efficient/productive ca"
argument_diogenes_oinoanda_no_heimarmene_fragm_xxxiii,argument,"Diogenes of Oenoanda fragm. XXXIII: no divination, hence no εἱμαρμένη",,Epicurean,1,1,"Anti-fatalist Epicurean argument inscribed by Diogenes of Oenoanda on the portico of Oenoanda (fragment XXXIII, ed.","Anti-fatalist Epicurean argument inscribed by Diogenes of Oenoanda on the portico of Oenoanda (fragment XXXIII, ed. William 1907, p. 40-42). Original text cited by Amand: τὸ δὲ μέγιστον· πιστευθείσης γὰρ εἱμαρμένης, αἴρε"
argument_john_chrysostoms_homiletic_argument_for_free_will_ea97cb61,argument,John Chrysostom's Homiletic Argument for Free Will,,Christian (patristic),1,1,no textual anchor,"Developed through decades of preaching in Antioch and Constantinople. Antiochene school emphasized literal-historical biblical interpretation (vs. Alexandrian allegory), Christological humanity of Christ, and practical m"
argument_justin_angel_fall,argument,Justin's Angel-Fall Argument for Universal Free Will (2 Apol. 5-7),,Christian (patristic),1,0.99,"8-9) develops it further, and it becomes a standard apologetic topos (Athenagoras, Clement, Origen).","**Source primaire** : Justin Martyr, *Apologie II* 5-7 (SC 507, Munier, 2006).
**Prémisse 1** : Dieu a créé les anges avec autexousion (αὐτεξούσιον, libre détermination), comme les hommes.
**Prémisse 2** : Certains anges"
argument_maximus_two_energies,argument,Maxime : deux énergies en Christ (dyénergie),,Christian (patristic),1,1,"**Type of reasoning**: deductive, proceeding from the neo-Chalcedonian axiom ""what is not assumed is not healed"" (Gregory of Nazianzus, *Ep.* 101).","**Primary source**: Maximus the Confessor, *Opusculum* 1 (Ad Marinum, PG 91, 9-37) and *Disputatio cum Pyrrho* §1-12 (PG 91, 287-308).
**Premise 1**: Energy (ἐνέργεια) is the operative expression of nature: to each natur"
argument_maximus_two_wills,argument,Maxime : deux volontés en Christ (dyothélie),,Christian (patristic),1,1,"**Premise 1**: The will (θέλημα) is a faculty of NATURE (θέλημα φυσικόν, natural will), not of the hypostasis — a distinction inherited from Gregory of Nazianzus and the Cappadocians.","**Primary source**: Maximus the Confessor, *Opusculum* 3 (PG 91, 45-56), *Opusculum* 16 (PG 91, 184-212) and *Disputatio cum Pyrrho* §13-28 (PG 91, 308-336).
**Premise 1**: The will (θέλημα) is a faculty of NATURE (θέλημ"
argument_methodius_libre_arbitre_obeissance_irenean,argument,"Methode, De Autex. 16-17 - libre arbitre comme don d'obeissance irenenne",,Christian (patristic),1,0.99,no textual anchor,Methodius’ argument in De Autexusio ch. 16-17 (ed. Bonwetsch GCS 27 p. 186-190; ed. Vaillant PO 22.5 p. 795-801). Methodius takes up the Irenaean conception of free will as the 'greatest gift that God has bestowed upon m
argument_non_necessity_nature_alex,argument,"Alexander's ""For the Most Part"" Argument",,Peripatetic,1,0.99,no textual anchor,"Alexandrian argument (De Fato ch. 6 (Bruns 169-172)): Natural processes (and thus fate) happen ""for the most part"" (ὡς ἐπὶ τὸ πλεῖστον), NOT by necessity (ἐξ ἀνάγκης). There is genuine room for the ""contrary to nature/fa"
argument_origen_prescience_causality,argument,Origen's Prescience ≠ Causality Argument (De Orat. 6),,Christian (patristic),1,1,no textual anchor,"Reconciling divine foreknowledge with human freedom. Structure: (1) God's prescience (πρόγνωσις) is NOT the cause (αἰτία) of future events. (2) critical Distinction: ""It is NOT because God knows that it will be, BUT beca"
argument_platos_laws_x_selfmotion_argument_8c31a166,argument,Plato's Laws X Self-Motion Argument,,Academic/Platonist,1,1,"In Laws X Plato argues that soul, as the self-moving source of motion, is prior to body and is responsible for the ordered motions of the cosmos.","In Laws X Plato argues that soul, as the self-moving source of motion, is prior to body and is responsible for the ordered motions of the cosmos. The argument is part of Book X's reply to impiety and atheism."
argument_platos_timaeus_necessity_argument_526846fa,argument,Plato's Timaeus Necessity Argument,,Academic/Platonist,1,0.99,Plato's solution to the problem of evil and imperfection in the cosmos.,Plato's solution to the problem of evil and imperfection in the cosmos. Explains why the world is not perfectly good—Necessity constrains what Reason can achieve. Establishes two types of causes: rational/teleological an
argument_plotinus_freedom_argument_7c561972,argument,Plotinus' Freedom Argument,,Neoplatonist,1,0.99,Developed within Neoplatonic metaphysics to reconcile freedom with emanative necessity.,Developed within Neoplatonic metaphysics to reconcile freedom with emanative necessity. Freedom is reconceived as self-determination and rational self-governance rather than alternative possibilities. Integrates Platonic
argument_proclus_levels_of_providence_4e8c7b9a,argument,Proclus's Hierarchical Providence and Fate Argument,,Neoplatonist,1,1,Developed to systematize the Neoplatonic solution to fate and freedom.,"Developed to systematize the Neoplatonic solution to fate and freedom. Providence (pronoia) operates at multiple hierarchical levels, while fate (heimarmenē) operates only at lower cosmic levels. Souls in their essence a"
argument_sea_battle_aristotle_f6g7h8i9,argument,Sea Battle Argument (Future Contingents),,Peripatetic,1,1,In De Interpretatione 9 Aristotle addresses future contingent statements such as whether there will be a sea battle tomorrow.,"In De Interpretatione 9 Aristotle addresses future contingent statements such as whether there will be a sea battle tomorrow. He argues that while the disjunction is necessary, it does not follow that either outcome is i"
argument_sirach_free_will_theodicy_m7n8o9p0,argument,Sirach 15:11-20 - Free Will Theodicy,,Jewish,1,1,"Ben Sira's free will theodicy in Sir 15:11-20 constitutes one of the earliest structurally complete arguments for human moral agency in the Jewish wisdom tradition, predating the technical vocabulary of autexousion or liberum arbitrium by two centuries.","Ben Sira's free will theodicy in Sir 15:11-20 constitutes one of the earliest structurally complete arguments for human moral agency in the Jewish wisdom tradition, predating the technical vocabulary of autexousion or li"
argument_theophilus_capable_of_both,argument,"Theophilus' ""Capable of Both"" Anthropology (Autol. II.27)",,Christian (patristic),1,1,no textual anchor,"Theodicy through neutral capacity. Structure: (1) God could not create man immortal by nature (he would be a god) nor mortal by nature (God would be ""cause of his death""). (2) therefore, God created man δεκτικὸν ἀμφοτέρω"
argument_two_way_powers_aristotle_i9j0k1l2,argument,Two-Way Powers (Rational Potentialities) Argument,,Peripatetic,1,1,"In Metaphysics IX Aristotle distinguishes non-rational powers, each ordered to one effect, from rational powers, which are of opposites.","In Metaphysics IX Aristotle distinguishes non-rational powers, each ordered to one effect, from rational powers, which are of opposites. In IX.5 he adds that the exercise of rational powers depends on desire or choice, m"
argument_virtue_acquisition_alex,argument,Virtue Acquisition Argument (Alexander),,Peripatetic,1,0.99,"Scholarly context: This shows Alexander's Aristotelian roots - virtue as ergon (function) of rational beings, achievable only through genuine choice.",Greek terminology: • ἀρετή (aretē) - virtue/excellence • ἕξις (hexis) - stable disposition • ἐπιμέλεια (epimeleia) - care/attention • τελείωσις (teleiōsis) - perfection/completion Argument structure: Alexander argues fro
argument_voluntary_involuntary_distinction_aristotle_g7h8i9j0,argument,Voluntary/Involuntary Distinction Argument,,Peripatetic,1,1,"Aristotle argues that actions deserve praise or blame only when they are voluntary (ἑκούσιον) - i.e., when their origin is in the agent who knows the particular circumstances.",The Voluntary/Involuntary Distinction Argument in Nicomachean Ethics III.1 establishes the foundational criteria for moral responsibility in ancient ethics. Aristotle argues that actions deserve praise or blame only when
argument_stoic_theodicy_seneca_f7g8h9i0,argument,Stoic Theodicy Argument (Seneca),,Stoic,1,1,"Seneca's De Providentia is addressed to Lucilius as a direct response to the question posed at 1.1 — ""Quaesisti a me, Lucili, quid ita, si providentia mundus regeretur, multa bonis viris mala acciderent"" — and the theodicy argument constitutes the overarching logical framework wi","Seneca's De Providentia is addressed to Lucilius as a direct response to the question posed at 1.1 — ""Quaesisti a me, Lucili, quid ita, si providentia mundus regeretur, multa bonis viris mala acciderent"" — and the theodi"
argument_augustines_two_wills_argument_confessions_viii_81f95028,argument,Augustine's Two Wills Argument (Confessions VIII),,Christian (patristic),1,1,Part of Augustine's spiritual autobiography describing his conversion (386 CE).,"Part of Augustine's spiritual autobiography describing his conversion (386 CE). Written 397-400 CE, before Pelagian controversy but anticipating later theology. Synthesizes Pauline anthropology (Rom 7), Neo-Platonic psyc"
argument_aristotles_voluntary_action_argument_eph_hemin_e5dd9188,argument,Aristotle's Voluntary Action Argument (Eph' Hemin),,Peripatetic,1,1,"In Nicomachean Ethics III.1-5 (1109b30-1115a3), Aristotle provides the foundational ancient analysis of voluntary (ἑκούσιον, hekousion) and involuntary (ἀκούσιον, akousion) action, establishing the conceptual framework that all subsequent ancient debate on moral responsibility wo","In Nicomachean Ethics III.1-5 (1109b30-1115a3), Aristotle provides the foundational ancient analysis of voluntary (ἑκούσιον, hekousion) and involuntary (ἀκούσιον, akousion) action, establishing the conceptual framework t"
argument_augustine_massa_damnata,argument,Augustine's Massa Damnata (Mass of Perdition),,Christian (patristic),1,0.99,"Augustine's mature doctrine that after Adam's Fall, the entire human race constitutes a massa damnata (condemned mass) from which God freely and gratuitously elects some to salvation.","**Source primaire** : Augustin, *Enchiridion* 99 + *De Civitate Dei* XXI.12 (CCSL 47-48, Dombart & Kalb, 1955).
**Prémisse 1** : Tous les hommes sont solidaires d'Adam dans la chute (Rom. 5.12), constituant après la Chut"
argument_deliberate_choice_analysis_aristotle_h8i9j0k1,argument,Deliberate Choice (Prohairesis) Analysis Argument,,Peripatetic,1,1,The Deliberate Choice Analysis in Nicomachean Ethics III.2-3 provides Aristotle's account of distinctively rational agency through the concept of prohairesis (προαίρεσις).,The Deliberate Choice Analysis in Nicomachean Ethics III.2-3 provides Aristotle's account of distinctively rational agency through the concept of prohairesis (προαίρεσις). Aristotle argues that prohairesis is the mark of
argument_deliberation_complete_alex,argument,Complete Deliberation Argument (Alexander),,Peripatetic,1,0.99,"the Aristotelian principle at EN 6.1, 1139a13-14: οὐδεὶς δὲ βουλεύεται περὶ τῶν μὴ ἐνδεχομένων ἄλλως ἔχειν (""no one deliberates about things that cannot be otherwise"")

The deliberation argument in its complete form: connecting phronesis, contingency, and eph' hēmin.","Premise 1: No one deliberates about necessary things (things that cannot be otherwise)
Premise 2: We deliberate about what is up to us (ta eph' hēmin)
Premise 3: If everything were necessary, deliberation would be futile"
argument_epictetus_freedom_renunciation,argument,Epictetus's Freedom Through Renunciation (Discourses IV.1),,Stoic,1,1,Discourses IV.1 ('On Freedom') is Epictetus's most sustained treatment of freedom (ἐλευθερία).,"Discourses IV.1 ('On Freedom') is Epictetus's most sustained treatment of freedom (ἐλευθερία). The argument: (1) A free person is one who lives as they wish (ὡς βούλεται ζῇ, IV.1.1). (2) No one who is subject to compulsi"
argument_epictetus_impression_testing,argument,Epictetus's Impression-Testing Argument (Chresis Phantasion),,Stoic,1,1,Epictetus argues that freedom lies specifically in the 'use of impressions' (χρῆσις φαντασιῶν).,"Epictetus argues that freedom lies specifically in the 'use of impressions' (χρῆσις φαντασιῶν). The argument (Disc. I.1, II.18, III.8): (1) External events produce impressions (φαντασίαι) in the mind. (2) We do NOT contr"
argument_epictetus_prohairesis_argument_aa13b932,argument,Epictetus' Prohairesis Argument,,Stoic,1,1,Represents mature Roman Stoicism's focus on the inner citadel of the mind.,"Represents mature Roman Stoicism's focus on the inner citadel of the mind. Prohairesis is the core of the self and the locus of freedom. Even under external constraint (slavery, imprisonment), one's prohairesis remains f"
argument_epicurean_swerve_for_freedom_m4n5o6p7,argument,Epicurean Atomic Swerve Argument for Freedom,,Epicurean,1,1,The Epicurean Atomic Swerve Argument defends free will by appealing to physical indeterminism at the atomic level.,"The Epicurean Atomic Swerve Argument defends free will by appealing to physical indeterminism at the atomic level. The argument runs: (1) If Democritean mechanistic determinism were true, all atomic motions would be stri"
argument_fate_equals_nature_alex,argument,Alexander's Fate = Nature Thesis (Heimarmene = Phusis),,Peripatetic,1,1,no textual anchor,"ALEXANDRIAN KEY Thesis (De Fato 6 (Bruns 169–170)): Fate (εἱμαρμένη) is identical with nature (φύσις). ""It remains to say that fate is among things that come to be by nature, so that fate and nature are the same"" (ταὐτὸν"
argument_gregory_image_dei_autexousion,argument,Gregory of Nyssa: Image-of-God Argument for Autexousion (De Hom. Opif. 16; Cat. Or.),,Christian (patristic),1,1,"Gregory of Nyssa's foundational anthropological argument that human αὐτεξούσιον (self-determination) is the constitutive feature of the imago Dei, articulated in De Hominis Opificio chapters 16 and 24 (PG 44, 177D — 184C;","Gregory of Nyssa's foundational anthropological argument that human αὐτεξούσιον (self-determination) is the constitutive feature of the imago Dei, articulated in De Hominis Opificio chapters 16 and 24 (PG 44, 177D — 184C"
argument_hierocles_carneadean_inversion_for_providential_heimarmene,argument,Hierocles — reversal of the Carneadean topos to prove providential εἱμαρμένη,,Neoplatonist,1,1,An anomalous Neoplatonic argument of Hierocles of Alexandria in Περὶ προνοίας Book III ch.,"An anomalous Neoplatonic argument of Hierocles of Alexandria in Περὶ προνοίας Book III ch. 10 (cited by Photius cod. 251 Bekker p. 465 a 13-31 = PG 104, 92AC). Logical structure inverted in relation to Carneades: (P1) if"
argument_aristotle_event_taxonomy,argument,Aristotelian Event Taxonomy (via Alexander De Fato),,Peripatetic,1,1,In De Fato 4-5 Alexander of Aphrodisias presents an Aristotelian division between events with no end and events for an end;,"In De Fato 4-5 Alexander of Aphrodisias presents an Aristotelian division between events with no end and events for an end; among the latter he distinguishes natural processes, rational or deliberate production, and chan"
argument_aristotles_potentialityactuality_argument_20c5ac91,argument,Aristotle's Potentiality-Actuality Argument,,Peripatetic,1,1,Aristotle distinguishes potentiality from actuality and argues against the Megarian claim that a thing has a capacity only when it is actually exercising it.,Aristotle distinguishes potentiality from actuality and argues against the Megarian claim that a thing has a capacity only when it is actually exercising it. In Metaphysics IX.3-4 he treats unexercised capacities as real
argument_infant_baptism,argument,Infant Baptism Argument for Original Sin,,Christian (patristic),1,0.99,Augustine's argument that universal practice of infant baptism proves doctrine of original sin: infants are baptized for remission of sins;,Augustine's argument that universal practice of infant baptism proves doctrine of original sin: infants are baptized for remission of sins; infants have no personal sins; therefore they must have inherited sin from Adam 
argument_adversity_exercise_seneca_g8h9i0j1,argument,Adversity-as-Exercise Argument (Seneca),,Stoic,1,1,"Seneca's adversity-as-exercise argument (exercitatio) forms the positive philosophical core of De Providentia, answering Lucilius's question why bad things happen to good people under a providential order.","Seneca's adversity-as-exercise argument (exercitatio) forms the positive philosophical core of De Providentia, answering Lucilius's question why bad things happen to good people under a providential order. The argument r"
argument_justin_martyrs_apologetic_argument_for_free_will_45c2dde2,argument,Justin Martyr's Apologetic Argument for Free Will,,Christian (patristic),1,1,"Justin Martyr's apologetic argument for free will unfolds across three textual clusters — 1 Apology 43–44, 2 Apology 5–7, and Dialogue with Trypho 88, 102, 141 — shaped by the polemical need to rebut two charges: that Christian prophecy entails fatalism, and that Christian cosmol","Justin Martyr's apologetic argument for free will unfolds across three textual clusters — 1 Apology 43–44, 2 Apology 5–7, and Dialogue with Trypho 88, 102, 141 — shaped by the polemical need to rebut two charges: that Ch"
argument_justin_prophecy_freedom,argument,Justin's Prophecy-Freedom Reconciliation (1 Apol. 44),,Christian (patristic),1,1,Justin is the first Christian writer to cite this Platonic passage in defense of free will.,"**Source primaire** : Justin Martyr, *Apologie I* 44 (SC 507, Munier, 2006).
**Prémisse 1** : Dieu préconnaît (προγινώσκει) les actions humaines futures et les annonce par les prophètes.
**Prémisse 2** : La préconnaissan"
argument_gregory_contrafatum_demonic_origin_amand1945,argument,Gregory of Nyssa CF — argument théologique de l'origine démonique de l'astrologie,,Christian (patristic),1,1,"Theological argument inserted by Gregory in the Contre le Destin (PG 45, 169 D — 172 C + 173 B), to be distinguished from the Carneadean philosophical arguments.","Theological argument inserted by Gregory in the Contre le Destin (PG 45, 169 D — 172 C + 173 B), to be distinguished from the Carneadean philosophical arguments. The devil and the demons, out of hatred for humanity, inve"
argument_willing_assent_fate_seneca_h9i0j1k2,argument,Willing Assent to Fate Argument (Seneca),,Stoic,1,1,no textual anchor,"Premise 1: Fate governs all events (""Fata nos ducunt"")
Premise 2: What must happen will happen regardless
Premise 3: We can choose to assent or resist internally
Conclusion: Willing assent transforms necessity into freed"
argument_tertullians_antimarcionite_argument_for_free_will_f49cad73,argument,Tertullian's Anti-Marcionite Argument for Free Will,,Christian (patristic),1,1,Tertullian defends monotheism and goodness of creation through free will theodicy (characterized by modern scholars as libertarian).,Written against Marcion's radical dualism dividing Old Testament Creator God (evil Demiurge) from New Testament Father of Jesus (good God). Tertullian defends monotheism and goodness of creation through free will theodic
argument_the_cofated_events_argument_confatalia_b7715646,argument,The Co-fated Events Argument (Confatalia),,Stoic,1,1,"Chrysippus's response to the Lazy Argument, introducing the concept of confatalia (συνειμαρμένα, 'co-fated events').","Chrysippus's response to the Lazy Argument, introducing the concept of confatalia (συνειμαρμένα, 'co-fated events'). Against the claim that if outcomes are fated then actions are pointless, Chrysippus argues that outcome"
argument_the_practical_syllogism_1d2e7506,argument,The Practical Syllogism,,Peripatetic,1,1,Aristotle's account of practical reasoning connects thought about an end with desire and action.,"Aristotle's account of practical reasoning connects thought about an end with desire and action. In De Anima III.10 and Nicomachean Ethics VII.3 practical intellect is oriented toward action rather than contemplation, an"
argument_parmenides_necessity_argument_4e8e0f34,argument,Parmenides' Necessity Argument,,Presocratic,1,1,Foundational argument in pre-Socratic philosophy establishing radical monism and necessitarianism.,Foundational argument in pre-Socratic philosophy establishing radical monism and necessitarianism. All later Greek philosophy responded to Parmenides by either accepting or rejecting his conclusions about necessity.
argument_patet_exitus_seneca_i0j1k2l3,argument,Patet Exitus Argument (Seneca),,Stoic,1,1,no textual anchor,"Premise 1: Fortune controls external circumstances
Premise 2: Death is always available as an exit
Premise 3: Nothing can enslave someone who can leave
Conclusion: Death guarantees ultimate freedom

• ""patet exitus"" (6.7"
person_basil_great_d379,person,Basil the Great,,Christian (patristic),1,1,"329/330-379 CE), bishop of Caesarea in Cappadocia, one of the three Cappadocian Fathers (together with his brother Gregory of Nyssa and his friend Gregory of Nazianzus).","Basil the Great (c. 329/330-379 CE), bishop of Caesarea in Cappadocia, one of the three Cappadocian Fathers (together with his brother Gregory of Nyssa and his friend Gregory of Nazianzus). Educated in Constantinople und"
person_ben_sira_i9j0k1l2,person,Ben Sira (Sirach),,Jewish,1,0.99,no textual anchor,"Author of Wisdom of Sirach (Ecclesiasticus), a major wisdom text affirming human free choice while maintaining divine sovereignty. Famous for passage affirming human free choice and moral responsibility: 'God made human "
person_apuleius_madauros_124_170,person,Apulée de Madaure,,Middle Platonist,1,1,"For the KG: De Platone et eius dogmate constitutes a standard Middle Platonist doxographical handbook on providence, fate, demons, and free will—close to Alcinoos' Didaskalikos in its tripartite structure of providence / second providence / fate.","African rhetorician, novelist, and Platonizing philosopher (c. 124-c. 170 CE). Author of the Apology (Pro se de magia) and the Metamorphoses (Asinus aureus). For the KG: De Platone et eius dogmate constitutes a standard "
person_aristides_athens_2c_ce,person,Aristides of Athens,,Christian (patristic),1,1,"125 CE), Athenian Christian philosopher and one of the earliest known Christian apologists.","Aristides of Athens (fl. c. 125 CE), Athenian Christian philosopher and one of the earliest known Christian apologists. His sole surviving work, the Apology (Ἀπολογία), addressed to the emperor — either Hadrian (d. 138) "
person_aristotle_384_322bce_c2d4f6a8,person,Aristotle of Stagira,,Peripatetic,1,1,Aristotle of Stagira is one of the most influential philosophers in Western history and the founder of the Peripatetic school.,"Aristotle of Stagira is one of the most influential philosophers in Western history and the founder of the Peripatetic school. His work on voluntary action, deliberate choice, and moral responsibility in the Nicomachean "
person_atticus_2c_ce,person,Atticus (Middle Platonist),,Middle Platonist,1,1,Middle Platonist (fl.,"Middle Platonist (fl. c. 176 CE), possibly holder of the imperial chair of Platonic philosophy at Athens under Marcus Aurelius. A vigorous critic of Aristotle, especially on divine providence and the immortality of the s"
person_augustine_hippo_d430,person,Augustine of Hippo,,Christian (patristic),1,1,"Augustine of Hippo (354–430 CE), born in Thagaste (Numidia), whose intellectual trajectory — from Manichaeism through Academic skepticism and Neoplatonism to Catholic Christianity — generated among the most consequential Latin treatments of free will, grace, and moral responsibil","Augustine of Hippo (354–430 CE), born in Thagaste (Numidia), whose intellectual trajectory — from Manichaeism through Academic skepticism and Neoplatonism to Catholic Christianity — generated among the most consequential"
person_epictetus_of_hierapolis_3c385bc2,person,Epictetus of Hierapolis,,Stoic,1,1,Epictetus of Hierapolis (c.,"Epictetus of Hierapolis (c. 50-135 CE) was a Stoic philosopher and former slave whose teachings, preserved by his student Arrian in the Discourses (Διατριβαί) and Handbook (Ἐγχειρίδιον), represent the fullest ancient dev"
person_epicurus_341_270bce_j0k1l2m3,person,Epicurus of Samos,,Epicurean,1,1,Epicurus of Samos (341-270 BCE) founded the Epicurean school and developed an atomistic philosophy grounded in indeterminism.,"Epicurus of Samos (341-270 BCE) founded the Epicurean school and developed an atomistic philosophy grounded in indeterminism. Against Democritean mechanistic determinism, Epicurus introduced the doctrine of the atomic sw"
person_demonax_cyprus_2c_ce,person,Démonax de Chypre,,Cynic,1,1,"Demonax of Cyprus (second century CE), a cultivated, Platonizing Cynic philosopher of agreeable manners, whose gentleness and humanity contrast with the harshness of Diogenes.","Demonax of Cyprus (second century CE), a cultivated, Platonizing Cynic philosopher of agreeable manners, whose gentleness and humanity contrast with the harshness of Diogenes. For Amand 1945 (Book I ch. IV §I, p. 128-129"
person_diogenes_babylon_240_152bce,person,Diogène de Babylone,,Stoic,1,1,"Fifth scholarch of the Stoa around 152 BC, successor to Chrysippus and then to Zeno of Tarsus.","Fifth scholarch of the Stoa around 152 BC, successor to Chrysippus and then to Zeno of Tarsus. Teacher of Panaetius of Rhodes. Member of the Stoic philosophical embassy sent to Rome in 155 BC with Carneades (Academy) and"
person_diogenes_oinoanda_c200_ce,person,Diogénès d'Oinoanda,,Epicurean,1,1,"200 CE), an elderly Epicurean philosopher who had an immense philosophical inscription engraved on the wall of a portico in his native city.","Diogenes of Oenoanda (Lycia; c. 200 CE), an elderly Epicurean philosopher who had an immense philosophical inscription engraved on the wall of a portico in his native city. For Amand 1945 (Book I ch. III Note supplémenta"
person_diogenianus_epicurean_2c_ce,person,Diogénianos l'Épicurien,,Epicurean,1,1,"Diogenianus (probably second century CE), an Epicurean philosopher (subject to inventory according to Amand), author of a Περὶ εἱμαρμένης from which Eusebius transcribed several long passages in the Preparation for the Gospel IV.3.1-13 and VI.8.1-38.","Diogenianus (probably second century CE), an Epicurean philosopher (subject to inventory according to Amand), author of a Περὶ εἱμαρμένης from which Eusebius transcribed several long passages in the Preparation for the G"
person_gersonides_o1p2q3r4,person,"Gersonides (Levi ben Gershon, Ralbag)",,Jewish,1,1,Bold Jewish philosopher who explicitly limited divine omniscience to preserve human freedom.,"Bold Jewish philosopher who explicitly limited divine omniscience to preserve human freedom. Argued God knows all universals and necessary truths perfectly, but doesn't know contingent particulars before they occur—since"
person_hierocles_of_alexandria_1p6q8s54,person,Hierocles of Alexandria,,Neoplatonist,1,1,Neoplatonist who paradoxically adapted CAFMA to prove the existence of a providential heimarmene.,Neoplatonist who paradoxically adapted CAFMA to prove the existence of a providential heimarmene. Argued that true fate must presuppose free will to ensure divine justice through education and punishment.
person_iamblichus_d325,person,Iamblichus,,Neoplatonist,1,1,Iamblichus (c.,"Iamblichus (c. 245-c. 325 CE), Neoplatonist philosopher from Chalcis in Coele-Syria. Student of Porphyry and founder of the Syrian school of Neoplatonism. Known for integrating theurgy with Platonic philosophy. His works"
person_josephus_flavius_e5f6g7h8,person,Flavius Josephus,,Jewish,1,0.99,"Flavius Josèphe (Josephus) | Jewish historian who documented three Jewish philosophical schools (Pharisees, Sadducees, Essenes) and their distinct positions on fate and free will.","Flavius Josèphe (Josephus) | Jewish historian who documented three Jewish philosophical schools (Pharisees, Sadducees, Essenes) and their distinct positions on fate and free will. Himself aligned with Pharisees. Provided"
person_leucippus_and_democritus_8a42be84,person,Leucippus and Democritus,,Presocratic,1,1,"450 BCE) and Democritus (Δημόκριτος, c.","Leucippus (Λεύκιππος, fl. c. 450 BCE) and Democritus (Δημόκριτος, c. 460-370 BCE) were the founders of ancient atomism, proposing that reality consists of indivisible particles (ἄτομα, atoma) moving in void (κενόν, kenon"
person_numenius_apamea_2c_ce,person,Numenius of Apamea,,Middle Platonist,1,1,"CE), a leading Neopythagorean and Middle Platonist from Apamea in Syria.","Greek philosopher (fl. later 2nd c. CE), a leading Neopythagorean and Middle Platonist from Apamea in Syria. Author of On the Good (Περὶ τἀγαθοῦ) and On the Secret Doctrines of Plato; distinguished a first god (pure inte"
person_oinomaos_gadara_2c_ce,person,Oinomaos de Gadara,,Cynic,1,0.99,"floruit under the Antonines, second century CE), a Cynic philosopher contemporary with Plutarch (younger) and Lucian (older).","Oenomaus of Gadara (Peraea; floruit under the Antonines, second century CE), a Cynic philosopher contemporary with Plutarch (younger) and Lucian (older). According to Amand 1945 (Book I ch. IV §II, p. 127-134), Oenomaus "
person_origen_alexandria_185_254ce_s9t0u1v2,person,Origen of Alexandria,,Christian (patristic),1,0.99,Origen of Alexandria was the most brilliant and influential theologian of the early Greek Church.,"Origen of Alexandria was the most brilliant and influential theologian of the early Greek Church. A Christian Platonist educated in Alexandria's philosophical milieu, Origen produced an enormous corpus (thousands of work"
person_methodius_olympus_d311,person,Methodius of Olympus,,Christian (patristic),1,1,"Late 3rd/early 4th century bishop and theologian, one of the first systematic opponents of Origen.","Late 3rd/early 4th century bishop and theologian, one of the first systematic opponents of Origen. Methodius developed a comprehensive defense of free will (αὐτεξούσιον) against Gnostic determinism and fatalism. His thre"
person_nicostratus_2c_ce,person,Nicostratus (Middle Platonist),,Middle Platonist,1,1,"CE Middle Platonist, known for critical aporiai on Aristotle's Categories.","2nd-c. CE Middle Platonist, known for critical aporiai on Aristotle's Categories. Cited by Boys-Stones (2018) for his aporetic critique of Aristotle's Categories (preserved in Simplicius)."
person_panaetius_rhodes_185_109bce,person,Panétius de Rhodes,,Stoic,1,1,Head of the Stoa c.,"Head of the Stoa c. 129–109 BC, teacher of Posidonius of Apamea. Principal (lost) source of Cicero’s De Officiis I–II, through his Περὶ τοῦ καθήκοντος. Theorist of “Middle Stoicism”: modification of Stoic ekpyrosis, theo"
person_parmenides_of_elea_44a65114,person,Parmenides of Elea,,Presocratic,1,1,"Parmenides of Elea (Παρμενίδης, c.","Parmenides of Elea (Παρμενίδης, c. 515-450 BCE) was a pre-Socratic Greek philosopher and founder of the Eleatic school. He is best known for his hexameter poem On Nature (Περὶ Φύσεως), which presented a radical metaphysi"
person_proclus_412_485ce_f3d8b2a9,person,Proclus Diadochus,,Neoplatonist,1,1,"Neoplatonist philosopher, head of Platonic Academy in Athens.","Neoplatonist philosopher, head of Platonic Academy in Athens. Systematized Neoplatonic metaphysics and distinguished between providence (pronoia) and fate (heimarmenē). Argued that souls are supernatural and beyond fate "
person_prosper_aquitaine_d455,person,Prosper of Aquitaine,,Christian (patristic),1,1,Layman and disciple of Augustine who became chief defender of Augustinian doctrine of grace against Semi-Pelagians.,"Layman and disciple of Augustine who became chief defender of Augustinian doctrine of grace against Semi-Pelagians. Spent life after Augustine's death (430) working to make Augustine's teachings acceptable, attempting to"
person_pseudo_chrysostom_de_fato,person,Pseudo-Chrysostom (De Fato et Providentia),,Christian (patristic),1,0.99,no textual anchor,"Pseudo-John Chrysostom, anonymous author of the Discourse on Fate and Providence V (PG 50, 765-768) — one of the six Discourses on Fate and Providence transmitted under the name of John Chrysostom (PG 50, 749-774). For A"
person_pseudo_plutarch_2c_ce,person,Pseudo-Plutarch,,Middle Platonist,1,1,"Pseudo-Plutarch is the conventional scholarly designation for the anonymous author of the treatise De fato (Peri heimarmenes), a Middle Platonist work from the 2nd century CE falsely transmitted under the name of Plutarch of Chaeronea.","Pseudo-Plutarch is the conventional scholarly designation for the anonymous author of the treatise De fato (Peri heimarmenes), a Middle Platonist work from the 2nd century CE falsely transmitted under the name of Plutarc"
person_martin_i_pope_590_655,person,Pape Martin Ier,,Christian (patristic),1,0.99,no textual anchor,"Pope 5 July 649—17 June 653. Convenor of the Lateran Synod of 649 (5–31 October), the first official Latin condemnation of monoenergism and monothelitism—a synod held without imperial approval, which provoked the fury of"
person_melito_sardis,person,Melito of Sardis,,Christian (patristic),1,0.99,"160–180 CE), listed by Eusebius (HE IV.26) among the most prolific second-century Christian writers.","Bishop of Sardis (fl. c. 160–180 CE), listed by Eusebius (HE IV.26) among the most prolific second-century Christian writers. His sole surviving complete work, the Peri Pascha, was rediscovered by Campbell Bonner in 1940"
person_sergius_constantinople_565_638,person,Sergius Ier de Constantinople,,Christian (patristic),1,0.99,no textual anchor,"Patriarch of Constantinople 610-638, principal architect of monoenergism and subsequently of monothelitism. Unwavering supporter of Emperor Heraclius. In 633, he promulgated the Psephos (Ψῆφος), a decree prohibiting the "
person_sextus_empiricus_c160_210ce_d4f8a2b1,person,Sextus Empiricus,,Pyrrhonist/Sceptic,1,1,"Pyrrhonian philosopher and physician of uncertain date — estimates range from the late 2nd to early 3rd century CE, with c.","Pyrrhonian philosopher and physician of uncertain date — estimates range from the late 2nd to early 3rd century CE, with c. 160–210 CE a conventional approximation. The cognomen “Empiricus” reflects affiliation with the "
person_chrysippus_280_206bce_i9j0k1l2,person,Chrysippus of Soli,,Stoic,1,1,Chrysippus of Soli was the third head of the Stoic school and its greatest systematizer.,Chrysippus of Soli was the third head of the Stoic school and its greatest systematizer. He produced over 700 works (all lost; known through fragments and reports) and was credited by later Stoics with 'saving' Stoicism 
person_caesarius_arles_d542,person,Caesarius of Arles,,Christian (patristic),1,0.99,no textual anchor,"Archbishop of Arles who presided over Council of Orange (529), sought aid of Rome against Semi-Pelagianism, instrumental in promulgating Augustinian doctrines while moderating extreme predestinarianism"
person_sophronius_jerusalem_560_638,person,Sophrone de Jérusalem,,Christian (patristic),1,1,no textual anchor,"Patriarch of Jerusalem 634-638. First major opponent of Monoenergism: his Synodica of 634, a lengthy encyclical letter addressed to Sergius of Constantinople and Honorius of Rome, constitutes the first major systematic r"
person_tertullian_d220,person,Tertullian,,Christian (patristic),1,0.99,Quintus Septimius Florens Tertullianus (c.,"Quintus Septimius Florens Tertullianus (c. 155–c. 220 CE), from Carthage, is the earliest major Latin Christian theologian and a pivotal figure in the development of Western Christian thought on free will and moral respo"
sc20_theophilus_ad_autolycum,work,"Theophilus, Ad Autolycum",,Christian (patristic),1,1,"This passage constitutes one of the very earliest patristic formulations of a free determination of eschatological destiny, and prefigures the Origenian doctrine of moral responsibility as the corollary of the divine image.","Theophilus of Antioch, *Ad Autolycum libri III* (Πρὸς Αὐτόλυκον). Composed c. 180-190 AD in Antioch, under the episcopate of Theophilus (the sixth bishop of Antioch according to Eusebius, *HE* IV.20). A tripartite apolog"
scholar_williams_b,person,Bernard Williams,,Modern scholarship,1,0.99,no textual anchor,"Sir Bernard Arthur Owen Williams (1929-2003), British moral philosopher. Author of *Shame and Necessity* (Sather Classical Lectures 57, University of California Press, 1993), based on his 1989 Sather Lectures at Berkeley"
sc268_origenes_peri_archon,work,"Origenes, De Principiis (Excerpta graeca)",,Christian (patristic),1,1,Origen of Alexandria (c.,"Origen of Alexandria (c. 185-253 CE), Peri Archon III (De Principiis III). Greek excerpts preserved in the Philocalia (ch. 21), covering Book III which is the most sustained ancient Christian treatment of free will (αὐτε"
work_apuleius_de_platone,work,"Apulée, De Platone et eius dogmate",,Middle Platonist,1,1,"Apuleius of Madauros, *De Platone et eius dogmate libri II* (c.","Apuleius of Madauros, *De Platone et eius dogmate libri II* (c. 150-170 CE), a Latin Middle-Platonist doxographical handbook on Plato’s philosophy. Structure: Book I = physics + theology + demonology; Book II = ethics + "
work_athenagoras_legatio_sc379,work,Legatio pro Christianis (SC 379),,Christian (patristic),1,1,"Embassy for the Christians (Πρεσβεία περὶ Χριστιανῶν), an apologetic address composed c.","Embassy for the Christians (Πρεσβεία περὶ Χριστιανῶν), an apologetic address composed c. 177 CE and presented to Marcus Aurelius and Lucius Aurelius Commodus (co-emperor). The work defends Christians against charges of a"
work_augustine_confessiones_viii,work,"Augustine, Confessiones VIII (Two Wills)",,Christian (patristic),1,1,"Augustine of Hippo, Confessiones Book VIII (composed c.","Augustine of Hippo, Confessiones Book VIII (composed c. 397–401 CE) — the locus classicus of the duae voluntates ('two wills') doctrine that would reshape Western philosophical psychology. Conf. VIII.5.10 — 8.19: Augusti"
work_augustine_de_civitate_dei,work,"Augustine, De Civitate Dei (The City of God)",,Christian (patristic),1,1,"Augustine's monumental apologetic work, written 413-426 CE in response to the sack of Rome (410 CE).","Augustine's monumental apologetic work, written 413-426 CE in response to the sack of Rome (410 CE). In 22 books, Augustine defends Christianity against pagan accusations and develops his theology of history through the "
work_augustine_de_correptione,work,De Correptione et Gratia (On Rebuke and Grace),,Christian (patristic),1,1,"Augustine's most systematic late statement on grace and free will, distinguishing the adiutorium sine quo non (grace without which not, given to Adam) from the auxilium quo (grace by which, given to the elect after the Fall).","Written c. 426-427 CE to the monks of Hadrumetum. Augustine's most systematic late statement on grace and free will, distinguishing the adiutorium sine quo non (grace without which not, given to Adam) from the auxilium q"
work_augustine_de_dono_pers,work,De Dono Perseverantiae (On the Gift of Perseverance),,Christian (patristic),1,1,"Contains Augustine's definitive late position: the number of the elect is fixed and certain, and God grants irresistible grace to those he has chosen.","Written c. 428-429 CE, companion to De Praedestinatione Sanctorum. Argues that perseverance in faith to the end of life is itself a gratuitous divine gift. Contains Augustine's definitive late position: the number of the"
work_augustine_de_gratia_la,work,De Gratia et Libero Arbitrio (Augustine),,Christian (patristic),1,1,"Treatise on grace and free will written by Augustine in 426 CE, addressed to Valentine and the monks of Hadrumetum monastery.","Treatise on grace and free will written by Augustine in 426 CE, addressed to Valentine and the monks of Hadrumetum monastery. Represents Augustine's mature, post-Pelagian doctrine on the relationship between divine grace"
work_augustine_de_praed_sanct,work,De Praedestinatione Sanctorum (On the Predestination of the Saints),,Christian (patristic),1,1,"428-429 CE, one of Augustine's last anti-Pelagian works.","Written c. 428-429 CE, one of Augustine's last anti-Pelagian works. Argues that even the initium fidei (beginning of faith) is itself a gift of grace, not a merit of free will. Defines predestination as God's foreknowled"
work_augustine_de_spiritu_littera,work,De Spiritu et Littera (On the Spirit and the Letter),,Christian (patristic),1,1,Augustine argues that the Law (littera) can command but cannot give the power to obey;,Written 412 CE. Augustine argues that the Law (littera) can command but cannot give the power to obey; only the Holy Spirit (spiritus) can transform the will to love the good. This letter-spirit distinction became founda
work_augustine_retractationes,work,"Augustin, Retractationes",,Christian (patristic),1,1,"Augustine of Hippo, *Retractationes libri duo* (426-427 CE), a critical catalogue written by himself of his 93 earlier works, presented in chronological order with doctrinal self-criticism.","Augustine of Hippo, *Retractationes libri duo* (426-427 CE), a critical catalogue written by himself of his 93 earlier works, presented in chronological order with doctrinal self-criticism. A philological and theological"
work_call_all_nations,work,De Vocatione Omnium Gentium (The Call of All Nations),,Christian (patristic),1,1,Prosper's most original theological contribution attempting to reconcile Augustine's doctrine of particular election with God's universal salvific will.,Prosper's most original theological contribution attempting to reconcile Augustine's doctrine of particular election with God's universal salvific will. Distinguished between general grace given to all and saving grace g
work_cassian_conlationes_13,work,"Cassien, Conlatio XIII (De protectione Dei)",,Christian (patristic),1,1,the contemporary protagonists saw themselves as occupying a theological middle ground between Augustine and Pelagius).,"John Cassian, *Conlatio XIII — De protectione Dei* ('On divine protection', c. 425–428 CE), the thirteenth monastic conference of the second collection of the *Conlationes Patrum* (= Conf. XI-XVII, delivered at the monas"
work_chrysippus_svf_ii,work,"Chrysippus, Fragments (SVF II)",,Stoic,1,1,Collection of fragments of Chrysippus (c.,"Collection of fragments of Chrysippus (c. 279-206 BCE), third head of the Stoa, in von Arnim's Stoicorum Veterum Fragmenta, vol. II (1903). Contains key texts on fate, determinism, and moral responsibility."
work_basil_homiliae_quod_deus_non_est_auctor_malorum,work,Homilia: Quod Deus non est auctor malorum (Ὅτι οὐκ ἔστιν αἴτιος τῶν κακῶν ὁ Θεός),,Christian (patristic),1,0.99,"391-393), this homily 'reproduces Origen's theodicy exactly': physical evil is sent by God for our benefit;","Basil's Homily 'Que Dieu n'est pas l'auteur du mal' (GARNIER-MARAN II, p. 720-83A = PG 31.329A-353A). For Amand 1945 (p. 391-393), this homily 'reproduces Origen's theodicy exactly': physical evil is sent by God for our "
work_chrysostom_hom_romans,work,"John Chrysostom, Homiliae in Epistulam ad Romanos (Homilies on Romans)",,Christian (patristic),1,0.99,no textual anchor,"John Chrysostom's series of 32 homilies on Paul's Epistle to the Romans (PG 60, 391–682), delivered at Antioch between c. 391 and c. 397 CE while Chrysostom was still presbyter under bishop Flavian. The series is the lon"
work_cleanthes_hymn_to_zeus,work,"Cléanthe, Hymne à Zeus (Ὕμνος εἰς Δία)",,Stoic,1,1,"Cleanthes of Assos, *Hymn to Zeus* (Ὕμνος εἰς Δία), 39 dactylic hexameters in archaic Stoic — the only Stoic poetic text preserved in its entirety.","Cleanthes of Assos, *Hymn to Zeus* (Ὕμνος εἰς Δία), 39 dactylic hexameters in archaic Stoic — the only Stoic poetic text preserved in its entirety. Transmitted by Stobaeus, *Anthologium* I.1.12 (SVF I.537). A condensed S"
work_clement_paedagogus,work,"Clement of Alexandria, Paedagogus (Παιδαγωγός)",,Christian (patristic),1,0.99,"Clement of Alexandria's Paedagogus ('The Tutor', c.","Clement of Alexandria's Paedagogus ('The Tutor', c. 197–203 CE), the second of his trilogy. Three books: I treats the Logos as παιδαγωγός (moral tutor) of Christian souls; II–III provide concrete moral instruction on foo"
work_didaskalikos_alcinous_2nd_ce_q7r8s9t0,work,Didaskalikos (Handbook of Platonism),,Middle Platonist,1,1,"The Didaskalikos (Διδασκαλικός, 'Handbook of Platonism' or 'Teacher's Handbook') is the most important surviving Middle Platonist systematic exposition of Platonic philosophy.","The Didaskalikos (Διδασκαλικός, 'Handbook of Platonism' or 'Teacher's Handbook') is the most important surviving Middle Platonist systematic exposition of Platonic philosophy. In 36 short chapters, it covers epistemology"
work_diodore_tarsus_commentary_romans,work,"Diodore de Tarse, Commentaire sur l'epitre aux Romains",,Christian (patristic),1,1,no textual anchor,"Exegetical commentary by Diodore of Tarsus on the Pauline Epistle to the Romans, lost in the direct tradition but reconstructed from substantial fragments (some thirty pages) discovered by K. Staab in exegetical catenae "
sc_origenes_contra_celsum,work,"Origenes, Contra Celsum",,Christian (patristic),1,1,Origen of Alexandria (c.,"Origen of Alexandria (c. 185–253 CE), Contra Celsum (Κατὰ Κέλσου), eight books composed c. 248 CE at Caesarea at the request of his patron Ambrose. The longest surviving apologetic work from antiquity, it is a systematic"
text_aspasius_in_en,work,Aspasius - In Ethica Nicomachea,,Peripatetic,1,1,"The earliest extant commentary on Aristotle's Nicomachean Ethics, written by the Peripatetic philosopher Aspasius (fl.","The earliest extant commentary on Aristotle's Nicomachean Ethics, written by the Peripatetic philosopher Aspasius (fl. first half 2nd c. CE). Preserved in CAG XIX.1 (Heylbut, 1889). According to Bobzien (1998, pp. 145-14"
work_alexander_mantissa,work,Mantissa (Supplement to De Anima),,Peripatetic,1,1,no textual anchor,"Collection of short treatises appended to Alexander's De Anima, including the crucial section De Fato (Mantissa ch. 22-24 = Bruns pp. 169-186), which contains Alexander's positive account of what is 'up to us' (to eph he"
work_epicurus_letter_menoeceus,work,Letter to Menoeceus (Epistula ad Menoeceum),,Epicurean,1,1,"Epicurus's summary of his ethics, preserved in Diogenes Laertius X.122-135.","Epicurus's summary of his ethics, preserved in Diogenes Laertius X.122-135. Contains the passage on fate and chance: it were better to follow the myths about the gods than to become a slave to the destiny (heimarmene) of"
work_epicurus_on_nature_xxv,work,"Epicurus, On Nature Book XXV",,Epicurean,1,1,"Epicurus, On Nature (Περὶ φύσεως) Book XXV.","Epicurus, On Nature (Περὶ φύσεως) Book XXV. Preserved on PHerc. 1056/1191. Key text on the swerve (clinamen/parenklisis) and voluntary action. Editions: Laursen 1995/1997 (CErc 25, 27); cf. Sedley 1983 for the refutation"
work_epiphanius_ancoratus,work,"Epiphane, Ancoratus (L'Ancre de la foi)",,Christian (patristic),1,1,"Ancoratus (L'Homme bien ancre, ou L'Ancre de la foi), a dogmatic treatise by Epiphanius of Salamis composed in 374 CE at the request of the Christians of Suedres (Pamphylia).","Ancoratus (L'Homme bien ancre, ou L'Ancre de la foi), a dogmatic treatise by Epiphanius of Salamis composed in 374 CE at the request of the Christians of Suedres (Pamphylia). A concise exposition of Nicene orthodox faith"
work_dss_hodayot_i1j2k3l4,work,"Thanksgiving Hymns (Hodayot, 1QH)",,Jewish,1,1,no textual anchor,"Collection of thanksgiving psalms from Qumran emphasizing divine election, human sinfulness, and salvation by God's grace alone. Reflects predestinarian theology similar to Community Rule."
work_epictetus_discourses,work,Discourses (Διατριβαί) - Epictetus,,Stoic,1,1,"The Discourses (Ἀρριανοῦ τῶν Ἐπικτήτου Διατριβῶν, “Arrian’s [Record of] the Discourses of Epictetus”) preserve the classroom exchanges of Epictetus at Nicopolis in Epirus, recorded by his student Arrian of Nicomedia c.","The Discourses (Ἀρριανοῦ τῶν Ἐπικτήτου Διατριβῶν, “Arrian’s [Record of] the Discourses of Epictetus”) preserve the classroom exchanges of Epictetus at Nicopolis in Epirus, recorded by his student Arrian of Nicomedia c. 1"
work_epictetus_enchiridion,work,Enchiridion (Ἐγχειρίδιον) - Epictetus,,Stoic,1,1,"The Enchiridion (Ἐγχειρίδιον, ""Handbook"") is a condensed manual of Stoic ethical practice compiled by Arrian of Nicomedia from the oral teachings of Epictetus, composed c.","The Enchiridion (Ἐγχειρίδιον, ""Handbook"") is a condensed manual of Stoic ethical practice compiled by Arrian of Nicomedia from the oral teachings of Epictetus, composed c. 125 CE. Organized in 53 short chapters, it disti"
work_epicurus_letter_herodotus,work,Letter to Herodotus (Epistula ad Herodotum),,Epicurean,1,1,"Epicurus's summary of his physics, preserved in Diogenes Laertius X.35-83.","Epicurus's summary of his physics, preserved in Diogenes Laertius X.35-83. Contains the core atomic theory including the fundamental postulates: atoms and void are the only existents, atoms are infinite in number, and th"
work_gregory_de_hom_opif,work,"Gregory of Nyssa, De Hominis Opificio",,Christian (patristic),1,0.99,"Gregory of Nyssa, De Hominis Opificio (On the Making of Man).","Gregory of Nyssa, De Hominis Opificio (On the Making of Man). Anthropological treatise drawing on Genesis to argue for human free will as part of the image of God. Edition: PG 44, Forbes 1855."
work_hierocles_peri_pronoias,work,"Hiéroclès d'Alexandrie, Περὶ προνοίας καὶ εἱμαρμένης",,Neoplatonist,1,0.99,Περὶ προνοίας καὶ εἱμαρμένης καὶ τῆς τοῦ ἐφ' ἡμῖν πρὸς τὴν θείαν ἡγεμονίαν συντάξεως — a major Neoplatonic treatise in seven books by Hierocles of Alexandria (composed shortly after 412 CE).,"Περὶ προνοίας καὶ εἱμαρμένης καὶ τῆς τοῦ ἐφ' ἡμῖν πρὸς τὴν θείαν ἡγεμονίαν συντάξεως — a major Neoplatonic treatise in seven books by Hierocles of Alexandria (composed shortly after 412 CE). Lost in its entirety, but Pho"
work_iamblichus_de_anima,work,"Iamblichus, De anima (On the Soul)",,Neoplatonist,1,1,no textual anchor,"Treatise on the soul preserved in fragments and testimonia. Discusses the soul's nature, its descent into bodies, and its capacity for return to the divine through philosophical and theurgic practice."
work_irenaeus_adversus_haereses_book5,work,"Irenaeus, Adversus Haereses Book 5",,Christian (patristic),1,1,no textual anchor,Fifth book on resurrection and eschatology. Develops pneumatological themes of matter's capacity for transformation and flesh's participation in salvation.
work_irenaeus_epideixis,work,"Irenaeus, Epideixis (Demonstration of Apostolic Preaching)",,Christian (patristic),1,0.99,no textual anchor,Catechetical work presenting apostolic teaching systematically. Contains crucial passages on Adam's infantile state and underdeveloped deliberative capacity (βουλή).
work_jeremiah_k7l8m9n0,work,Jeremiah (Yirmiyahu),,Jewish,1,1,no textual anchor,Major prophetic book containing the 'new covenant' passage (Jeremiah 31:31-34) promising inner transformation ('I will put my law within them'). Raises tension between divine transformation and human agency.
work_john_damascus_de_fide,work,"John of Damascus, De Fide Orthodoxa",,Christian (patristic),1,1,no textual anchor,"John of Damascus, De Fide Orthodoxa. Systematic theology with chapters on free will and providence. Edition: Kotter, PTS 12 (1973)."
work_marcus_aurelius_meditations,work,Meditations (Τὰ εἰς ἑαυτόν),,Stoic,1,1,"The Meditations (Τὰ εἰς ἑαυτόν, Ta eis heauton, literally ""Things to Himself"") is a collection of personal philosophical reflections by Roman Emperor Marcus Aurelius, written in Greek during his military campaigns in the 170s CE.","The Meditations (Τὰ εἰς ἑαυτόν, Ta eis heauton, literally ""Things to Himself"") is a collection of personal philosophical reflections by Roman Emperor Marcus Aurelius, written in Greek during his military campaigns in the"
work_maximus_ambigua_iohannem,work,"Maximus the Confessor, Ambigua ad Iohannem",,Christian (patristic),1,0.99,"Addressed to John, bishop of Cyzicus, the work resolves passages of Gregory of Nazianzus that had been deployed by Origenist readers.","Maximus the Confessor's Ambigua ad Iohannem ('Difficulties for John', composed c. 628 — 630 CE while Maximus was in North Africa), 71 sections (counting Ambigua 6–71 in the traditional numbering; preceded by Ambigua ad T"
work_maximus_opuscula,work,"Maximus the Confessor, Opuscula theologica et polemica",,Christian (patristic),1,1,no textual anchor,"Maximus the Confessor's Opuscula theologica et polemica (PG 91, 9–286), a collection of 27 short dogmatic and polemical pieces composed between c. 633 and c. 650 CE addressing the monothelite and monenergist controversie"
work_maximus_quaestiones_thalassium,work,"Maxime le Confesseur, Quaestiones ad Thalassium",,Christian (patristic),1,1,no textual anchor,"Maximus the Confessor, *Quaestiones ad Thalassium* (Πρὸς Θαλάσσιον περὶ διαφόρων ἀπόρων τῆς Θείας Γραφῆς, « Questions à Thalassios sur divers points difficiles de l'Écriture sainte »). A collection of 65 exegetical quest"
work_metaphysics_theta_aristotle_c350bce_f5g7h9i1,work,Metaphysics Book Theta (Potentiality and Actuality),,Peripatetic,1,1,"Metaphysics Book Theta (Θ) is Aristotle's systematic treatment of potentiality (δύναμις, dynamis) and actuality (ἐνέργεια, energeia / ἐντελέχεια, entelecheia), providing the crucial metaphysical infrastructure for his theory of contingency and real possibilities.","Metaphysics Book Theta (Θ) is Aristotle's systematic treatment of potentiality (δύναμις, dynamis) and actuality (ἐνέργεια, energeia / ἐντελέχεια, entelecheia), providing the crucial metaphysical infrastructure for his th"
work_methodius_de_resurrectione_bb76b99d,work,De resurrectione (On the Resurrection),,Christian (patristic),1,0.99,Dialogue defending bodily resurrection against Origenist spiritualization.,Dialogue defending bodily resurrection against Origenist spiritualization. Establishes Adam's pre-lapsarian ignorance of evil through exegesis of Romans 7:7-9. Develops theodicy of death as therapeutic remedy (πρὸς ἐπιστ
work_methodius_symposium_144841d0,work,Symposium (The Banquet of the Ten Virgins),,Christian (patristic),1,1,Demonstrates Methodius's synthesis of Christian doctrine with classical literary forms.,Ten virgins discourse on virginity and eschatology in Platonic symposium format. Thecla's discourse (Logos VIII) provides anti-fatalistic arguments defending human free choice. Integrates ascetic theology with philosophi
work_nicomachean_ethics_aristotle_c350bce_d3e5f7b9,work,Nicomachean Ethics (Ἠθικὰ Νικομάχεια),,Peripatetic,1,1,"The Nicomachean Ethics is Aristotle's major work on ethics and the good life, named either after his son Nicomachus or his father of the same name.","The Nicomachean Ethics is Aristotle's major work on ethics and the good life, named either after his son Nicomachus or his father of the same name. Book III, chapters 1-5 constitute the foundational ancient text on volun"
work_origen_commentary_john,work,"Origène, Commentaire sur Jean",,Christian (patristic),1,0.98,"Origen's Commentary on the Gospel of John in 32 books, a major exegetical work begun around 230 in Alexandria and continued for several years in Caesarea.","Origen's Commentary on the Gospel of John in 32 books, a major exegetical work begun around 230 in Alexandria and continued for several years in Caesarea. Partially preserved: books I, II, VI, X, XIII, XIX, XX, XXVIII, X"
work_justin_dialogue_trypho,work,Dialogue with Trypho (Διάλογος πρὸς Τρύφωνα),,Christian (patristic),1,0.99,"160 CE) is the longest extant second-century Christian text, presenting a dialogue with a Jewish interlocutor on Christology and Old Testament interpretation.","Justin Martyr's Dialogue with Trypho (c. 160 CE) is the longest extant second-century Christian text, presenting a dialogue with a Jewish interlocutor on Christology and Old Testament interpretation. Key free will passag"
work_justin_second_apology_sc507,work,Second Apology (SC 507),,Christian (patristic),1,1,155-161 CE Edition: Sources Chrétiennes 507 (Munier 2006) Contents relevant to free will: Chapter 7: autexousion for angels and humans (God made the race of angels and men with free will) - first EXPLICIT Christian usage.,Title: Second Apology (Ἀπολογία δευτέρα ὑπὲρ Χριστιανῶν) Author: Justin Martyr Date: c. 155-161 CE Edition: Sources Chrétiennes 507 (Munier 2006) Contents relevant to free will: Chapter 7: autexousion for angels and huma
work_laws_plato_c350bce_d4e5f6g7,work,Laws (Νόμοι),,Academic/Platonist,1,0.99,"Plato's Laws is his longest work and his final statement on politics, ethics, and law.","Plato's Laws is his longest work and his final statement on politics, ethics, and law. For the free will debate, Book IX is absolutely crucial: it contains Plato's most detailed discussion of voluntary (ἑκούσιον) and inv"
work_origen_commentary_matthew,work,"Origène, Commentaire sur Matthieu",,Christian (patristic),1,1,"Origen's Commentary on the Gospel of Matthew in 25 books, composed at Caesarea in 248-249 CE — a late work contemporary with the Contra Celsum.","Origen's Commentary on the Gospel of Matthew in 25 books, composed at Caesarea in 248-249 CE — a late work contemporary with the Contra Celsum. Partially preserved: books X-XVII in Greek + an anonymous Latin translation "
work_origen_commentary_romans,work,Commentary on Romans (Commentarii in Epistulam ad Romanos),,Christian (patristic),1,1,Origen's Commentary on Romans (c.,"Origen's Commentary on Romans (c. 246 CE) is the oldest extant Romans commentary, surviving in Rufinus's substantially abridged Latin translation (c. 405 CE; the original 15 books were reduced to 10). Book VII addresses "
work_origen_contra_celsum_sc132,work,"Contra Celsum (SC 132, 136, 147, 150)",,Christian (patristic),1,1,Title: Against Celsus (Κατὰ Κέλσου) Author: Origen of Alexandria Date: c.,"Title: Against Celsus (Κατὰ Κέλσου) Author: Origen of Alexandria Date: c. 248 CE Edition: Sources Chrétiennes 132, 136, 147, 150 (Borret) Contents relevant to free will: Books III-IV: Extended defense of autexousion and "
work_origen_de_oratione,work,On Prayer (Περὶ εὐχῆς),,Christian (patristic),1,1,Origen's De Oratione (c.,Origen's De Oratione (c. 233-234 CE) defends the efficacy of prayer against fatalist objections. Chapters 5-6 contain the crucial distinction between prescience and causality: God's foreknowledge is not the cause of the 
work_origen_exhortation_martyrdom,work,Exhortation to Martyrdom (Εἰς μαρτύριον προτρεπτικός),,Christian (patristic),1,0.99,Origen's Exhortation to Martyrdom (c.,"Origen's Exhortation to Martyrdom (c. 235 CE), written during the persecution under Maximinus Thrax, addressed to his patron Ambrose and the presbyter Protoctetus. Relevant to free will because Origen grounds the martyr'"
work_origen_homilies_jeremiah,work,"Origène, Homélies sur Jérémie",,Christian (patristic),1,1,"Collection of Origen’s homilies on the prophet Jeremiah, delivered at Caesarea probably between 240 and 245 CE.","Collection of Origen’s homilies on the prophet Jeremiah, delivered at Caesarea probably between 240 and 245 CE. Preserved partly in Greek (Homilies 1-20 in the manuscript tradition) and partly in Jerome’s Latin translati"
work_origen_philocalia,work,Philocalia (Φιλοκαλία Ὠριγένους),,Christian (patristic),1,0.99,"Anthology of excerpts from Origen's works, compiled c.","Anthology of excerpts from Origen's works, compiled c. 358-359 CE by Basil of Caesarea and Gregory of Nazianzus. Critically important for preserving Greek text of De Principiis III.1 (On Free Will), which otherwise survi"
work_philo_de_opificio,work,"Philo, De Opificio Mundi",,Jewish,1,1,"Περὶ τῆς κατὰ Μωυσέα κοσμοποιίας (De Opificio Mundi), opening treatise of Philo of Alexandria's Exposition of the Law (mid-1st century CE).","Περὶ τῆς κατὰ Μωυσέα κοσμοποιίας (De Opificio Mundi), opening treatise of Philo of Alexandria's Exposition of the Law (mid-1st century CE). The work argues that Moses surpassed all legislators by opening his law-code wit"
work_plato_phaedo,work,"Plato, Phaedo",,Academic/Platonist,1,1,no textual anchor,"Middle dialogue set on the day of Socrates's execution (399 BCE), narrated by Phaedo of Elis to Echecrates at Phlius. Alongside eschatological myth, the dialogue contains four arguments for the immortality of the soul — "
work_plato_phaedrus,work,"Plato, Phaedrus",,Academic/Platonist,1,1,"370 BCE, in Plato’s middle period, the Phaedrus takes place outside Athens along the Ilissus, where Socrates and the young Phaedrus sit beneath a plane-tree.","Composed c. 370 BCE, in Plato’s middle period, the Phaedrus takes place outside Athens along the Ilissus, where Socrates and the young Phaedrus sit beneath a plane-tree. Its occasion is three speeches on erōs: Lysias’s p"
work_plotinus_enn_iii_1,work,"Plotinus, Ennead III.1 - Peri Heimarmenes (On Fate)",,Neoplatonist,1,1,"The third tractate of the third Ennead (Porphyry's chronological order: 3rd treatise written), Περὶ εἱμαρμένης (On Fate) is Plotinus's systematic examination of causal determination and the soul's place within it.","The third tractate of the third Ennead (Porphyry's chronological order: 3rd treatise written), Περὶ εἱμαρμένης (On Fate) is Plotinus's systematic examination of causal determination and the soul's place within it. Writte"
work_proclus_de_providentia_fato_in_nobis,work,"Proclus, Sur la Providence, le Destin et ce qui dépend de nous (De Providentia, Fato et eo quod in nobis)",,Neoplatonist,1,1,"Second opusculum of Proclus' Tria Opuscula, lost in Greek but preserved in William of Moerbeke's literal Latin translation (13th c.).","Second opusculum of Proclus' Tria Opuscula, lost in Greek but preserved in William of Moerbeke's literal Latin translation (13th c.). Here Proclus responds to the objections of Theodore the engineer (an old friend of the"
work_proclus_tria_opuscula_c9a8e4b3,work,Tria Opuscula (Three Essays) - Proclus,,Neoplatonist,1,1,no textual anchor,"Three monographs on providence, fate, free will, and evil: De Decem Dubitationibus circa Providentiam (Ten Doubts Concerning Providence), De Providentia et Fato (On Providence and Fate), and De Malorum Subsistentia (On t"
work_republic_plato_c380bce_c3d4e5f6,work,Republic (Πολιτεία),,Academic/Platonist,1,0.99,"Plato's Republic is his most famous work, presenting a comprehensive political and ethical philosophy.","Plato's Republic is his most famous work, presenting a comprehensive political and ethical philosophy. For the free will debate, the Republic is foundational for its tripartite psychology and theory of moral responsibili"
work_plotinus_ennead_vi_8_d8b9c5a4,work,Ennead VI.8 - On the Voluntary and Free Will of the One,,Neoplatonist,1,1,"Plotinus, *Ennéade* VI.8 [39] *Περὶ τοῦ ἑκουσίου καὶ θελήματος τοῦ ἑνός* (""On the Voluntary and the Will of the One"").","Plotinus, *Ennéade* VI.8 [39] *Περὶ τοῦ ἑκουσίου καὶ θελήματος τοῦ ἑνός* (""On the Voluntary and the Will of the One""). A pivotal work composed c. 268 CE in Rome, the 39th treatise according to the chronological order of "
work_plotinus_enneads_iv_8,work,"Plotinus, Enneads IV.8 - On the Descent of the Soul into Bodies",,Neoplatonist,1,1,IV.8 in Porphyry’s arrangement;,"Περὶ τῆς εἰς τὰ σώματα καθόδου τῆς ψυχῆς (On the Descent of the Soul into Bodies). IV.8 in Porphyry’s arrangement; chronological treatise [6], one of Plotinus’s earliest compositions. Opens with the famous first-person p"
work_porphyry_ad_marcellam,work,Ad Marcellam (Πρὸς Μαρκέλλαν),,Neoplatonist,1,0.99,"Porphyry's Ad Marcellam (Πρὸς Μαρκέλλαν, ""Letter to Marcella""), a protreptic letter addressed to his wife Marcella, preserved (incompletely — the ending is lost) in 35 sections.","Porphyry's Ad Marcellam (Πρὸς Μαρκέλλαν, ""Letter to Marcella""), a protreptic letter addressed to his wife Marcella, preserved (incompletely — the ending is lost) in 35 sections. Written during an absence from home, the l"
work_porphyry_vita_plotini,work,"Porphyry, Vita Plotini (Life of Plotinus)",,Neoplatonist,1,1,"Porphyry's Vita Plotini (Βίος Πλωτίνου, ""Life of Plotinus"") is a biographical memoir and editorial preface composed by Porphyry of Tyre as the opening to his systematic edition of Plotinus's Enneads, completed c.","Porphyry's Vita Plotini (Βίος Πλωτίνου, ""Life of Plotinus"") is a biographical memoir and editorial preface composed by Porphyry of Tyre as the opening to his systematic edition of Plotinus's Enneads, completed c. 301 CE."
work_tertullian_de_anima,work,"Tertullian, De Anima",,Christian (patristic),1,1,Tertullian's De Anima (c.,"Tertullian's De Anima (c. 210–213 CE; ed. Waszink, CCSL 2) is a treatise in 58 chapters and the earliest systematic Latin work on the soul. It addresses the soul's origin (traducianism vs. creationism), nature, and desti"
work_tertullian_de_monogamia,work,"Tertullian, De monogamia",,Christian (patristic),1,1,Treatise by Tertullian (c.,"Treatise by Tertullian (c. 213 CE), written during his Montanist period, arguing that remarriage after the death of a spouse is impermissible for Christians. The work draws on both scriptural exegesis and natural-law rea"
work_theophilus_ad_autolycum_sc20,work,Ad Autolycum (SC 20),,Christian (patristic),1,1,no textual anchor,Title: To Autolycus (Πρὸς Αὐτόλυκον) Author: Theophilus of Antioch Date: c. 180 CE Edition: Sources Chrétiennes 20 (Bardy) Contents relevant to free will: Book II.27: Creation and Adamic freedom. Interpretation of Genesi
work_ammonius_in_de_interpretatione,work,"Ammonius, In Aristotelis De Interpretatione commentarius",,Neoplatonist,1,1,"Ammonius' commentary on Aristotle's De Interpretatione (Περὶ Ἑρμηνείας), the central late-Neoplatonist treatment of the logic of future contingents.","Ammonius' commentary on Aristotle's De Interpretatione (Περὶ Ἑρμηνείας), the central late-Neoplatonist treatment of the logic of future contingents. The commentary on chapter 9 (CAG pages ~128-155) discusses the sea-batt"
work_alexander_ethica_problemata,work,Ethica problemata (Ἠθικὰ προβλήματα),,Peripatetic,1,0.99,"Collection of short ethical discussions transmitted under Alexander of Aphrodisias' name (school material, authenticity debated — hence [Sp.] in the TLG canon).","Collection of short ethical discussions transmitted under Alexander of Aphrodisias' name (school material, authenticity debated — hence [Sp.] in the TLG canon). Several problems treat the voluntary, choice, and what is u"
work_sirach_a3b4c5d6,work,Wisdom of Sirach (Ecclesiasticus),,Jewish,1,1,"The Hebrew term yetzer (יֵצֶר) — rendered διαβούλιον in Greek — denotes the innate deliberative capacity, not yet the dual yetzer (good/evil) of later rabbinic theology.","Wisdom of Jesus ben Sira (Σοφία Σιράχ / Ecclesiasticus), composed in Hebrew c. 190–175 BCE in Jerusalem and translated into Greek by the author's grandson c. 132 BCE in Alexandria. The prologue — unique in the Septuagint"
person_evodius_uzalis_d424,person,Evodius of Uzalis,,Christian (patristic),1,1,Friend and correspondent of Augustine;,"Evodius, bishop of Uzalis in proconsular Africa (died c. 424). Friend and correspondent of Augustine; he is the interlocutor of Augustine's De libero arbitrio and De quantitate animae, and several letters between them su"
work_augustine_de_natura_boni,work,"Augustine, De Natura Boni (On the Nature of the Good)",,Christian (patristic),1,1,"Augustine, De natura boni contra Manichaeos.","Augustine, De natura boni contra Manichaeos. Anti-Manichaean treatise arguing that every nature is good in so far as it is a nature, and that evil is not a substance but a privation of good. 39 passages in this corpus."
work_augustine_adversus_fulgentium,work,"Augustine, Libellus Adversus Fulgentium Donatistam",,Christian (patristic),1,1,no textual anchor,"Libellus adversus Fulgentium Donatistam, transmitted in the Augustinian corpus (CPL 351; its authenticity is debated). Anti-Donatist polemic. 26 passages in this corpus."
work_gregory_naz_oratio_29,work,"Gregory of Nazianzus, De Filio (Oratio 29)",,Christian (patristic),1,0.99,no textual anchor,"Third Theological Oration, on the Son. Delivered at Constantinople, 380 CE."
work_gregory_naz_oratio_30,work,"Gregory of Nazianzus, De Filio (Oratio 30)",,Christian (patristic),1,1,no textual anchor,"Fourth Theological Oration, on the Son, continued. Delivered at Constantinople, 380 CE."
person_hegesippus_2c_ce,person,Hegesippus,,Christian (patristic),1,0.99,"160-180 CE), Christian chronicler of the sub-apostolic period.","Hegesippus (fl. c. 160-180 CE), Christian chronicler of the sub-apostolic period. His five books of Hypomnemata (Memoirs) are lost; what survives is transmitted as quotations by Eusebius in the Historia ecclesiastica (II"
work_tertullian_de_exhortatione_castitatis,work,"Tertullian, De exhortatione castitatis",,Christian (patristic),1,1,"Tertullian's exhortation to a recently widowed correspondent not to remarry (13 chapters, c.","Tertullian's exhortation to a recently widowed correspondent not to remarry (13 chapters, c. 208-212 CE). One of the three treatises in which Tertullian argues against second marriage, alongside *Ad uxorem* and *De monog"
person_cyril_alexandria,person,Cyril of Alexandria,,Christian (patristic),1,1,no textual anchor,"Patriarch of Alexandria (412-444), champion of Christological orthodoxy. Developed what modern scholars characterize as a compatibilist theodicy: divine prescience ≠ predetermination. Unique formula: τῶν ἰδίων θελημάτων "
person_cyril_jerusalem_315_386,person,Cyrille de Jérusalem,,Christian (patristic),1,1,"Author of the Catecheses (pre-baptismal Catecheses + mystagogical Catecheses), foundational pedagogical documents for Christian initiation.","Bishop of Jerusalem c. 350-386. Author of the Catecheses (pre-baptismal Catecheses + mystagogical Catecheses), foundational pedagogical documents for Christian initiation. On free will: Catechesis IV explicitly addresses"
person_democritus_460_370bce_g7h8i9j0,person,Democritus of Abdera,,Presocratic,1,1,Democritus of Abdera was a Presocratic philosopher and founder (with Leucippus) of ancient atomism.,"Democritus of Abdera was a Presocratic philosopher and founder (with Leucippus) of ancient atomism. For the free will debate, Democritus is crucial as the originator of mechanistic determinism: all events, including huma"
person_pyrrhus_constantinople_d654,person,Pyrrhus de Constantinople,,Christian (patristic),1,1,no textual anchor,"Patriarch of Constantinople 638-641 (succeeding Sergius I), then briefly reinstated in 654; he died the same year. The principal defender of Monothelitism after Sergius. He is known above all for his public debate at Car"
person_theophilus_antioch_c183,person,Theophilus of Antioch,,Christian (patristic),1,1,180 CE) and one of the most significant Greek-language Christian apologists of the second century.,"Sixth bishop of Antioch (fl. c. 180 CE) and one of the most significant Greek-language Christian apologists of the second century. His sole surviving work, Ad Autolycum (Πρὸς Αὐτόλυκον), a three-book apologetic addressed"
person_valentinus_gnostic_2c_ce,person,Valentinus,,Gnostic,1,1,Valentinus (fl.,"Valentinus (fl. c. 130 — 165 CE), Alexandrian-born Christian teacher and founder of the Valentinian school, the most philosophically sophisticated Gnostic system of the 2nd century. Settled in Rome c. 136 — 165 CE; per T"
work_exodus_c9d0e1f2,work,Exodus (Shemot),,Jewish,1,0.99,a Pentateuchal composition for which Second Temple Judaism is the reception context rather than the period of composition.,"Second book of the Torah, narrating Israel's liberation from Egypt; a Pentateuchal composition for which Second Temple Judaism is the reception context rather than the period of composition. Contains problematic hardenin"
work_de_gen_corr_aristotle,work,"Aristotle, De Generatione et Corruptione",,Peripatetic,1,1,"Aristotle, Περὶ γενέσεως καὶ φθορᾶς (De Generatione et Corruptione), two books composed c.","Aristotle, Περὶ γενέσεως καὶ φθορᾶς (De Generatione et Corruptione), two books composed c. 350–340 BCE, investigates the natural processes of coming-to-be and passing-away, growth, alteration, and elemental transformatio"
work_de_interpretatione_aristotle_c350bce_e4f6g8h0,work,De Interpretatione (Περὶ Ἑρμηνείας),,Peripatetic,1,1,"De Interpretatione (Περὶ Ἑρμηνείας, Latin: De Interpretatione) is Aristotle's second work in the Organon, dealing with propositions, statements, and their truth conditions.","De Interpretatione (Περὶ Ἑρμηνείας, Latin: De Interpretatione) is Aristotle's second work in the Organon, dealing with propositions, statements, and their truth conditions. Chapter 9 contains one of the most discussed pa"
work_de_libero_arbitrio,work,De Libero Arbitrio Voluntatis (On Free Choice of the Will),,Christian (patristic),1,1,"388 CE, Books II–III completed after Augustine’s ordination as presbyter in Hippo Regius, c.","Dialogic treatise in three books composed in two phases: Book I begun in Rome c. 388 CE, Books II–III completed after Augustine’s ordination as presbyter in Hippo Regius, c. 391–395 CE. Conducted with Evodius of Uzalis, "
work_de_principiis_origen_230s_v2w3x4y5,work,De Principiis (Περὶ Ἀρχῶν) - Origen,,Christian (patristic),1,1,"De Principiis (Περὶ Ἀρχῶν, 'On First Principles') is Origen's great systematic theology - one of the first comprehensive Christian doctrinal syntheses.","De Principiis (Περὶ Ἀρχῶν, 'On First Principles') is Origen's great systematic theology - one of the first comprehensive Christian doctrinal syntheses. In four books, it covers: I. God, Christ, Holy Spirit; II. Corporeal"
work_de_rerum_natura_lucretius_50sbce_l2m3n4o5,work,De Rerum Natura (On the Nature of Things),,Epicurean,1,1,De Rerum Natura (On the Nature of Things) is Lucretius' monumental didactic poem presenting Epicurean philosophy in Latin hexameter verse.,"De Rerum Natura (On the Nature of Things) is Lucretius' monumental didactic poem presenting Epicurean philosophy in Latin hexameter verse. The poem's six books cover Epicurean atomism, cosmology, psychology, epistemology"
work_deuteronomy_y5z6a7b8,work,Deuteronomy (Devarim),,Jewish,1,1,no textual anchor,"Fifth book of Torah featuring Moses' farewell discourse. Contains famous text affirming human moral agency and the capacity for choice: 'I have set before you life and death, blessing and curse. Therefore choose life' (D"
work_responsibility_and_control_fischer_ravizza_2j3k4l5m,work,Responsibility and Control,,Modern scholarship,1,0.99,no textual anchor,"Systematic defense of semicompatibilism and reasons-responsiveness account of moral responsibility. Argues that guidance control (acting from reasons-responsive mechanism) is sufficient for responsibility, even without r"
work_simplicius_in_enchiridion,work,"Simplicius, In Epicteti Enchiridion Commentarius",,Neoplatonist,1,1,Commentary on Epictetus's Enchiridion by Simplicius of Cilicia (c.,"Commentary on Epictetus's Enchiridion by Simplicius of Cilicia (c. 490–560 CE), composed probably after 529 CE during the period following the closure of the Athenian Neoplatonic school under Justinian. The work survives"
person_plato_428_348bce_a1b2c3d4,person,Plato of Athens,,Academic/Platonist,1,1,"Plato of Athens is one of the most influential philosophers in Western history, founder of the Academy and student of Socrates.","Plato of Athens is one of the most influential philosophers in Western history, founder of the Academy and student of Socrates. His complex philosophy of soul, virtue, and moral responsibility profoundly shaped all subse"
person_plotinus_d270,person,Plotinus,,Neoplatonist,1,1,Plotinus (c.,"Plotinus (c. 204/5–270 CE), born in Lycopolis (Eunapius, Vitae Sophistarum 456), studied under Ammonius Saccas in Alexandria (232–243) before establishing his school in Rome (244). His Enneads, edited posthumously by Por"
person_porphyry,person,Porphyry of Tyre,,Neoplatonist,1,1,Porphyry of Tyre (c.,"Porphyry of Tyre (c. 234-c. 305 CE), Phoenician-born Neoplatonist philosopher, student and literary executor of Plotinus, whose Enneads he edited and prefaced with the biographical Vita Plotini. A prolific polymath with "
person_posidonius_apameia_135_51bce,person,Posidonius of Apamea,,Stoic,1,1,"Posidonius of Apamea was one of the most influential and intellectually diverse philosophers of the Hellenistic period, representing Middle Stoicism—the transitional phase between early Stoic orthodoxy (Chrysippus) and later Roman Stoicism (Seneca, Epictetus).","Posidonius of Apamea was one of the most influential and intellectually diverse philosophers of the Hellenistic period, representing Middle Stoicism—the transitional phase between early Stoic orthodoxy (Chrysippus) and l"
argument_chrysostom_anti_hellenism_amand1945,argument,Chrysostome — anti-philosophie hellénique (triobolimaios),,Christian (patristic),0.99,0.99,"Paradoxically, this anti-philosophical stance does not prevent him from transmitting Carneades’ argumentation with the greatest precision found in the patristic corpus.","A recurrent framing argument by which Chrysostom disparages Greek philosophy as a whole: triobolimaios (worth only three obols), fables, words, ostentation, vainglory (Hom. 21 Eph 3, PG 62, 153; Hom. 9 Jean 1, PG 59, 70-"
argument_civilization_alex,argument,Civilization Argument (Alexander),,Peripatetic,0.99,0.98,no textual anchor,"Premise 1: All human institutions (cities, laws, arts, sciences) presuppose choice (prohairesis)
Premise 2: These institutions exist and function effectively
Conclusion: Therefore choice exists, and not everything is by "
argument_jeremiah_new_covenant_u5v6w7x8,argument,Jeremiah 31:31-34 - New Covenant and Divine Transformation,,Jewish,0.99,0.98,no textual anchor,"Jeremiah's new covenant prophecy: 'I will put my law within them, and I will write it on their hearts' (Jer 31:33). Raises theological tension: Is inner transformation divine monergism (God alone acts) or synergism (God "
argument_moral_assessment_alex,argument,Legacy reconstruction (discovery only): Moral Assessment Argument (Alexander),,Peripatetic,0.99,0.99,no textual anchor,"Moral-assessment reconstruction, discovery only. De fato 19-20 and 26-29 connect assessment with choice and character, but Sharples finds a regress concerning responsibility for character and no completed causal explanat"
argument_tatian_above_fate,argument,Tatian on demonic fate and being above fate (Orat. 8.1; 9.3),,Christian (patristic),0.99,0.98,"DIRECT: Tatian says demons introduced an unjust astral fate (8.1), and Christians are above fate after recognizing the one unwandering master and rejecting fate's legislators (9.3).","DIRECT: Tatian says demons introduced an unjust astral fate (8.1), and Christians are above fate after recognizing the one unwandering master and rejecting fate's legislators (9.3). ATTRIBUTED READING: Timotin argues tha"
argument_tatian_freewill_paradox,argument,"Tatian on self-determination, loss, and rejecting evil (Orat. 11.4)",,Christian (patristic),0.99,0.99,no textual anchor,"DIRECT: Tatian says humans were not made for death, die through themselves, were lost through self-determination, and those who manifested evil can reject it again (11.4). ATTRIBUTED READING: Strutwolf and Lakmann interp"
argument_augustines_early_antimanichean_argument_de_libero_arbitrio_debb866c,argument,Augustine's Early Anti-Manichean Argument (De Libero Arbitrio),,Christian (patristic),0.99,0.99,"391/395 in Hippo), Augustine develops a comprehensive response to the Manichean challenge unde malum — whence evil? — which had tormented him since his youth as a Manichean auditor (1.2.4).","In De Libero Arbitrio (begun c. 387/388 in Rome, completed c. 391/395 in Hippo), Augustine develops a comprehensive response to the Manichean challenge unde malum — whence evil? — which had tormented him since his youth "
argument_arts_efficacy_alex,argument,Arts Efficacy Argument (Alexander),,Peripatetic,0.99,0.99,no textual anchor,"Premise 1: If everything is by necessity, all arts (technai) are superfluous
Premise 2: For art contributes nothing if outcomes are predetermined
Premise 3: But arts evidently do contribute (medicine heals, navigation sa"
argument_augustine_deficient_cause,argument,Augustine's Deficient Cause Argument: Evil Has No Efficient Cause,,Christian (patristic),0.99,0.99,"Augustine's argument in De Civitate Dei XII.6-9 that evil will has no efficient cause (causa efficiens), only a deficient cause (causa deficiens).","Augustine's argument in De Civitate Dei XII.6-9 that evil will has no efficient cause (causa efficiens), only a deficient cause (causa deficiens). Evil is privation, not positive being. Argument structure: Premise: God i"
argument_augustine_donum_perseverantiae,argument,Augustine's Donum Perseverantiae (Gift of Perseverance),,Christian (patristic),0.99,0.98,"**Primary source**: Augustine, *De Dono Perseverantiae* (PL 45.993-1034).","**Primary source**: Augustine, *De Dono Perseverantiae* (PL 45.993-1034).
**Premise 1**: Perseverance until the end (perseverantia finalis) is not a natural capacity of fallen humanity.
**Premise 2**: Even authentic fait"
argument_augustines_antipelagian_argument_grace_necessity_0b29401f,argument,Augustine's Anti-Pelagian Argument (Grace Necessity),,Christian (patristic),0.99,0.99,Augustine's theology shifts dramatically from early optimism about free choice (characterized retrospectively as libertarianism) to pessimistic compatibilism emphasizing grace necessity and human depravity.,"Developed during Pelagian controversy (411-430 CE) against Pelagius, Caelestius, and Julian of Eclanum. Augustine's theology shifts dramatically from early optimism about free choice (characterized retrospectively as lib"
argument_democritean_atomistic_determinism_c52067ec,argument,Democritean Atomistic Determinism,,Presocratic,0.99,0.98,Developed as a materialist response to Parmenides that preserves necessity while allowing plurality and motion.,Developed as a materialist response to Parmenides that preserves necessity while allowing plurality and motion. Often considered the first systematic mechanistic determinism in Western philosophy. Eliminates teleology en
argument_gregory_contrafatum_heimarmene_no_being_amand1945,argument,Gregory of Nyssa CF — l'heimarmene est le non-être (7e argument),,Christian (patristic),0.99,0.98,"Gregory's seventh argument in the Contre le Destin (PG 45, 160 AB).","Gregory's seventh argument in the Contre le Destin (PG 45, 160 AB). Heimarmene is neither a person nor a Providence. If, as is claimed, it is devoid of soul and lacks will, it is not a substance. It is ridiculous to attr"
argument_gregory_contrafatum_pagan_philosopher_thesis_amand1945,argument,Gregory of Nyssa CF — the pagan philosopher’s thesis on universal sympatheia,,Stoic,0.99,0.99,"Thesis advanced by the Stoicizing pagan philosopher who is Gregory’s interlocutor in Against Fate (PG 45, 148B-153C).","Thesis advanced by the Stoicizing pagan philosopher who is Gregory’s interlocutor in Against Fate (PG 45, 148B-153C). Integral astrological fatalism rests on the Posidonian doctrine of universal sympatheia (mia tis estin"
argument_alexander_of_aphrodisias_freedom_argument_8058a30c,argument,Alexander of Aphrodisias' Freedom Argument,,Peripatetic,0.99,0.98,Most sustained ancient critique of Stoic determinism from an Aristotelian perspective.,"Most sustained ancient critique of Stoic determinism from an Aristotelian perspective. Alexander argues that determinism is incompatible with moral responsibility, deliberation, and agency. Often cited as the first clear"
argument_maimonides_divine_knowledge_different_kind_o5p6q7r8,argument,Maimonides' Argument: Divine Knowledge as Sui Generis,,Jewish,0.99,0.99,no textual anchor,Maimonides' solution to foreknowledge problem: God's knowledge is of completely different kind (sui generis) than human knowledge. We cannot project human knowledge categories onto divine knowledge. God can know continge
argument_maximus_natural_vs_gnomic_will,argument,"Maximus the Confessor: Natural Will vs. Gnomic Will (Disp. Pyrrh.; Opusc. 1, 3)",,Christian (patristic),0.99,0.98,no textual anchor,"Maximus the Confessor's distinction between the natural will (φυσικὸν θέλημα) and the gnomic will (γνωμικὸν θέλημα), articulated at the Disputatio cum Pyrrho (645 CE, PG 91, 287–354) and in Opuscula theologica et polemic"
argument_maximus_natural_will_freedom,argument,"Maximus: natural will is intrinsically free (θέλημα φυσικόν; ""intrinsically free"" = modern paraphrase)",,Christian (patristic),0.99,0.99,no textual anchor,"**Primary source**: Maximus the Confessor, *Opuscula theologica et polemica* 1, 3, 16 (PG 91, 9-37; 45-56; 184-212).
**Premise 1**: To be free is to be in conformity with one's own nature (κατὰ φύσιν) — freedom is not an"
argument_maximus_proairesis_baptismal_repair,argument,Maximus: baptism restores προαίρεσις (post-baptismal gnomic restoration),,Christian (patristic),0.99,0.98,no textual anchor,"**Primary source**: Maximus the Confessor, *Quaestiones ad Thalassium* 6 (ed. Laga–Steel, CCSG 7; PG 90, 280-285): « Διττὸς ἐν ἡμῖν τῆς ἐκ θεοῦ γεννήσεως ὁ τρόπος· ὁ μὲν πᾶσαν δυνάμει παροῦσαν τοῖς γεννωμένοις διδοὺς τὴν"
argument_gersonides_limited_omniscience_s9t0u1v2,argument,Gersonides' Argument: Limited Divine Omniscience,,Jewish,0.99,0.98,no textual anchor,"Gersonides' radical solution: God's omniscience doesn't extend to knowing which contingent particular will occur before it occurs. God knows all universal truths, all possibilities, the natures and dispositions of all th"
argument_the_lazy_argument_argos_logos_702a77ed,argument,The Lazy Argument (Argos Logos),,Stoic,0.99,0.98,"Its canonical form, transmitted by Cicero in De Fato 28–30, runs as a dilemma against Stoic universal fate: (1) if it is fated that you will recover from illness, you will recover whether or not you call the doctor;","The Lazy Argument (ἀργὸς λόγος / ignava ratio) is one of the most durable anti-fatalist objections in ancient philosophy. Its canonical form, transmitted by Cicero in De Fato 28–30, runs as a dilemma against Stoic univer"
argument_pelagiuss_argument_for_human_capacity_006c0a58,argument,Pelagius's Argument for Human Capacity,,Christian (patristic),0.99,0.99,no textual anchor,Developed in Rome and North Africa against emerging Augustinian pessimism about human nature. Pelagius reacted against moral laxity justified by claims of human weakness. Emphasized moral responsibility and perfectionism
scholarly_position_kane_libertarian_self_forming,argument,Modern libertarian free will,,Modern scholarship,0.99,0.99,no textual anchor,"Modern libertarian free will — Libertarian incompatibilism — that the existence of alternative possibilities is necessary for free agency, and determinism is incompatible with it — can be defended without appeal to obscu"
argument_origens_de_principiis_argument_for_free_will_93d043fc,argument,Origen's De Principiis Argument for Free Will,,Christian (patristic),0.99,0.98,Origen's De Principiis III.1 presents one of the first sustained Christian philosophical arguments for free will (αὐτεξούσιον).,"Origen's De Principiis III.1 presents one of the first sustained Christian philosophical arguments for free will (αὐτεξούσιον). Against Gnostic determinism (Valentinian threefold anthropology, Marcionite dualism) and Sto"
scholarly_argument_barclay_2020_undeserved_but_obliging,argument,The gift is undeserved but strongly obliging — circular only by remaking the agent who responds (Barclay 2020),,Modern scholarship,0.99,0.99,no textual anchor,"Barclay's summative agency formula, closing Ch. 8. The Christ-gift is entirely undeserved but strongly obliging, unconditioned but not unconditional; it is circular only by remaking the human agent who responds to it. Th"
scholarly_argument_barclay_divine_and_human_agency_in_pau_0,argument,Barclay: Paul's statements on agency are paradoxical but not incoherent; they require com,,Modern scholarship,0.99,0.98,no textual anchor,"Barclay (Introduction, pp. 1-2): Paul's statements on the relation of divine to human agency 'strike us as paradoxical, if not downright incoherent' (e.g. Phil 2:12-13, where the human imperative is grounded on the divin"
scholarly_argument_bonaiuti_ambrosiaster_s_influence_on_au_1,argument,Bonaiuti: Augustine depends 'closely and in a decisive way' upon Ambrosiaster for: (1) the,,Christian (patristic),0.99,0.99,"Ambrosiaster's influence on Augustine's doctrine of original sin — Augustine depends 'closely and in a decisive way' upon Ambrosiaster for: (1) the formula embodying responsibility in Adam's sin, (2) interpretation of Pauline passages especially Romans 5:12, (3) the fundamental n","Ambrosiaster's influence on Augustine's doctrine of original sin — Augustine depends 'closely and in a decisive way' upon Ambrosiaster for: (1) the formula embodying responsibility in Adam's sin, (2) interpretation of Pa"
scholarly_argument_bonaiuti_augustine_s_doctrine_of_origin_0,argument,"Bonaiuti: Augustine's early view (De libero Arbitrio, 394-395) held that Adam and Eve had ",,Christian (patristic),0.99,0.99,"Augustine's doctrine of original sin and free will — Augustine's early view (De libero Arbitrio, 394-395) held that Adam and Eve had ethereal bodies transformed into fleshly bodies through sin, but this left room for spiritual rehabilitation;","Augustine's doctrine of original sin and free will — Augustine's early view (De libero Arbitrio, 394-395) held that Adam and Eve had ethereal bodies transformed into fleshly bodies through sin, but this left room for spi"
scholarly_argument_cary_distinction_between_metaphysic_2,argument,Cary: Courts do not need to settle the metaphysical problem of free will and determini,,Modern scholarship,0.99,0.98,no textual anchor,"Distinction between metaphysical and legal-practical issues about free will — Courts do not need to settle the metaphysical problem of free will and determinism, but do need workable ideas of when human freedom and respo"
scholarly_argument_cary_augustine_and_the_concept_of_w_5,argument,"Cary: The concept of will itself has a history, being first conceived as a distinct po",,Christian (patristic),0.99,0.98,"Augustine and the concept of will — The concept of will itself has a history, being first conceived as a distinct power by Augustine.","Augustine and the concept of will — The concept of will itself has a history, being first conceived as a distinct power by Augustine. This marks a crucial development in the pre-history and history of the concept of free"
scholarly_argument_destr_e_stoic_fate_and_moral_responsib_1,argument,Destrée: The Stoics preserved moral responsibility within causal determinism by reinterpr,,Stoic,0.99,0.99,Stoic fate and moral responsibility — The Stoics preserved moral responsibility within causal determinism by reinterpreting eph' hêmin;,Stoic fate and moral responsibility — The Stoics preserved moral responsibility within causal determinism by reinterpreting eph' hêmin; assent is up to the agent in the sense that one assents as the cognizer one is and c
scholarly_argument_fischer_moral_responsibility_without_a_1,argument,"Fischer: Moral responsibility requires only 'guidance control,' not 'regulative control' ",,Modern scholarship,0.99,0.99,no textual anchor,"moral responsibility without alternative possibilities — Moral responsibility requires only 'guidance control,' not 'regulative control' (the ability to do otherwise). Guidance control involves the action issuing from th"
scholarly_argument_fischer_response_to_manipulation_argum_3,argument,Fischer: Responds to Pereboom's four-case manipulation argument by arguing that in the fi,,Modern scholarship,0.99,0.98,no textual anchor,"Replying to Pereboom's four-case argument, Fischer holds that Professor Plum meets the minimal conditions for guidance control, and so for moral responsibility, in all four cases; he does not distinguish the cases with r"
scholarly_argument_gaventa_faith_as_condition_for_liberat_2,argument,"Gaventa: Gaventa notes that in Romans 8:1, 'nothing is said here about faith as a qualify",,Modern scholarship,0.99,0.98,no textual anchor,"faith as condition for liberation — Gaventa notes that in Romans 8:1, 'nothing is said here about faith as a qualifying factor' and 'the language of faith has slipped off the screen.' However, she qualifies that pistis a"
scholarly_argument_hall_justin_martyr_s_place_in_auton_8,argument,Hall: Justin Martyr belongs to the early Christian landscape that used autonomy langua,,Christian (patristic),0.99,0.98,"Justin Martyr's place in autonomy discourse — Justin Martyr belongs to the early Christian landscape that used autonomy language, and Origen built upon the philosophical changes initiated by Justin and other predecessors","Justin Martyr's place in autonomy discourse — Justin Martyr belongs to the early Christian landscape that used autonomy language, and Origen built upon the philosophical changes initiated by Justin and other predecessors"
scholarly_argument_hall_prophetic_ecstasy_and_moral_re_3,argument,Hall: Origen maintains that prophets exercise virtue and maintain their rational facul,,Christian (patristic),0.99,0.98,Prophetic ecstasy and moral responsibility — Origen maintains that prophets exercise virtue and maintain their rational faculties during prophecy;,Prophetic ecstasy and moral responsibility — Origen maintains that prophets exercise virtue and maintain their rational faculties during prophecy; true prophecy requires the prophet's moral disposition and cooperation wi
scholarly_argument_hausmann_methodology_of_free_will_studi_0,argument,Hausmann: Advances combining historical and analytic perspectives on free will to bridge t,,Modern scholarship,0.99,0.99,no textual anchor,methodology of free will studies — Advances combining historical and analytic perspectives on free will to bridge the divide between analytically and historically oriented approaches; rejects merely surveying history in 
scholarly_argument_hall_balaam_as_case_study_in_prophe_4,argument,Hall: Origen interprets Balaam as demonstrating that even a wicked prophet can utter t,,Christian (patristic),0.99,0.99,"Balaam as case study in prophetic freedom — Origen interprets Balaam as demonstrating that even a wicked prophet can utter true prophecy, but this does not negate the general principle that prophetic authority requires virtuous disposition;","Balaam as case study in prophetic freedom — Origen interprets Balaam as demonstrating that even a wicked prophet can utter true prophecy, but this does not negate the general principle that prophetic authority requires v"
scholarly_argument_koch_middle_platonic_conditional_fa_5,argument,Koch: Middle Platonists developed a theory of conditional fate (destin conditionnel) f,,Middle Platonist,0.99,0.99,"35): the Platonists 'ont actualisé leur platonisme' by rereading founding texts to develop 'la théorie originale du destin conditionnel', found in Alcinous Did.","Koch (p. 35): the Platonists 'ont actualisé leur platonisme' by rereading founding texts to develop 'la théorie originale du destin conditionnel', found in Alcinous Did. 26, Calcidius In Tim. 142-144, Nemesius Nat. hom. "
scholarly_argument_salles_epictetus_on_responsibility_fo_4,argument,Salles: Epictetus developed a normative argument extending responsibility to unreflectiv,,Stoic,0.99,0.99,Epictetus on responsibility for unreflective action — Epictetus developed a normative argument extending responsibility to unreflective actions through a distinctive psychology and therapeutic approach involving 'ought implies can',Epictetus on responsibility for unreflective action — Epictetus developed a normative argument extending responsibility to unreflective actions through a distinctive psychology and therapeutic approach involving 'ought i
scholarly_argument_natali_scientistic_presuppositions_in_1,argument,Natali: Contemporary philosophy influenced by scientistic presuppositions tends to view ,,Modern scholarship,0.99,0.98,no textual anchor,"scientistic presuppositions in contemporary philosophy and historiography — Contemporary philosophy influenced by scientistic presuppositions tends to view causal/nomological explanation as the standard of rationality, r"
scholarly_argument_vicchio_determinism_and_predestination_1,argument,Vicchio: Weber's category of 'Predestination' is presented as one of three responses to t,,Modern scholarship,0.99,0.97,no textual anchor,"determinism and predestination — Weber's category of 'Predestination' is presented as one of three responses to the problem of evil, corresponding to what Vicchio calls the 'Free Will Defense.' Weber's view that the prob"
scholarly_argument_xie_kant_s_metaphysical_division_o_3,argument,"Xie: Kant's solution depends on grounding phenomenal causality in noumenal causality,",,Modern scholarship,0.99,0.98,no textual anchor,"Xie accepts Wood's 'key point' that for Kant phenomenal causality is grounded in noumenal causality, which seemingly reduces natural causality to a red herring. He raises two problems for Wood's answer: if every human ac"
scholarly_argument_xie_success_of_kant_s_solution_to__1,argument,Xie: Kant's solution is not a success because making the effects of freedom part of t,,Modern scholarship,0.99,0.98,no textual anchor,"Success of Kant's solution to the free will problem — Kant's solution is not a success because making the effects of freedom part of the field of appearance renders his solution incoherent and ambiguous; however, his att"
scholarly_argument_xie_wood_s_interpretation_of_kant__2,argument,Xie: Wood's interpretation contains contradictions: Wood acknowledges Kant believes f,,Modern scholarship,0.99,0.98,no textual anchor,"Wood's interpretation of Kant as compatibilist — Wood's interpretation contains contradictions: Wood acknowledges Kant believes freedom is incompatible with natural causation (which makes Kant an incompatibilist), yet st"
person_athenagoras,person,Athenagoras of Athens,,Christian (patristic),0.99,0.98,"Christian apologist and philosopher, fl.","Christian apologist and philosopher, fl. c. 177 CE, traditionally identified as Athenian. Two works survive: the Legatio pro Christianis (Πρεσβεία περὶ Χριστιανῶν, c. 177 CE), an apologetic address to Marcus Aurelius and"
person_epiphanius_salamis_d403,person,Epiphane de Salamine,,Christian (patristic),0.99,0.98,"440-460), Epiphanius is the archetype of the fanatical champion of Nicene orthodoxy and the implacable enemy of Origenism.","Epiphanius (c. 315–403 CE), Palestinian by origin, monk and then metropolitan of the island of Cyprus and bishop of Constantia (ancient Salamis) from 367 to 403. For Amand 1945 (Book II ch. X, p. 440-460), Epiphanius is "
person_jerome_stridon_347_420,person,Jérôme de Stridon,,Christian (patristic),0.99,0.99,"Translator of the Vulgate, ascetic, anti-Origenist polemicist (from 393) and subsequently anti-Pelagian (from 411).","Translator of the Vulgate, ascetic, anti-Origenist polemicist (from 393) and subsequently anti-Pelagian (from 411). With regard to free will, his Dialogus adversus Pelagianos (CCSL 80 (ed. Moreschini, Brepols, 1990)) con"
person_john_cassian_d435,person,John Cassian,,Christian (patristic),0.99,0.99,"Opposed Augustine's predestinarianism, taught God's universal will to save, and that predestination is divine foreknowledge of who will choose God","Founder of monasteries in Gaul, regarded as originator of Semi-Pelagianism. Opposed Augustine's predestinarianism, taught God's universal will to save, and that predestination is divine foreknowledge of who will choose G"
person_john_damascene_d749,person,John of Damascus (John Damascene),,Christian (patristic),0.99,0.98,"Last of the Greek Fathers, produced comprehensive synthesis of Eastern patristic tradition in 'The Fount of Knowledge' including 'Exact Exposition of the Orthodox Faith' - became principal resource for Trinitarian and Christological doctrines in both East and West","Last of the Greek Fathers, produced comprehensive synthesis of Eastern patristic tradition in 'The Fount of Knowledge' including 'Exact Exposition of the Orthodox Faith' - became principal resource for Trinitarian and Ch"
person_celsus_platonist_2c_ce,person,Celsus (the Platonist),,Middle Platonist,0.99,0.98,"A witness to Middle Platonist views on providence, fate, and exact cyclical recurrence;","2nd-c. CE Platonist philosopher, author of the anti-Christian polemic Alēthēs Logos (Ἀληθὴς Λόγος, 'True Doctrine', c. 175-180 CE), known almost entirely through Origen's refutation Contra Celsum (c. 248 CE). A witness t"
person_vincent_lerins_d450,person,Vincent of Lérins,,Christian (patristic),0.99,0.98,"Monk of Lérins who shared Cassian's misgivings about Augustine's innovations, developed Vincentian Canon for determining orthodoxy.","Monk of Lérins who shared Cassian's misgivings about Augustine's innovations, developed Vincentian Canon for determining orthodoxy. Notably omitted Augustine from his 'honor roll' of orthodox theologians"
scholar_ryle_g,person,Gilbert Ryle,,Modern scholarship,0.99,0.99,Cited by Frede as influential in changing modern scholarly opinion about ancient free will.,"Gilbert Ryle (1900-1976), British philosopher, Waynflete Professor of Metaphysical Philosophy at Oxford (1945-1968), editor of *Mind*. Author of *The Concept of Mind* (Hutchinson, 1949), in which he attacks Cartesian dua"
work_aristides_apology_sc470,work,Apology of Aristides (SC 470),,Christian (patristic),0.99,0.99,This silence is significant for tracing the emergence of libertarian vocabulary in Christianity.,Title: Apology (Ἀπολογία) Author: Aristides of Athens Date: c. 125 CE Edition: Sources Chrétiennes 470 (Pouderon) Contents relevant to free will: Chapter XV.1: Contains ἑκουσίᾳ βουλῇ (voluntary will) but NO αὐτεξούσιος. 
work_chrysostom_de_babylas_contra_julianum,work,"John Chrysostom, Liber in S. Babylam contra Iulianum et gentiles",,Christian (patristic),0.99,0.99,no textual anchor,"Discours de Jean Chrysostome en l'honneur de saint Babylas, contre Julien et contre les Grecs (PG 50, 533-572). For Amand 1945 (Book II ch. XII p. 485, 488-489), Amand cites ch. 2 (PG 50, 536 l.56-60) and ch. 9 (PG 50, 5"
work_chrysostom_hom_ephesians,work,"John Chrysostom, Homiliae in Epistulam ad Ephesios",,Christian (patristic),0.99,0.98,no textual anchor,"Homélies de Jean Chrysostome sur la lettre aux Éphésiens (PG 62, 9-176). For Amand 1945 (Book II ch. XII p. 485), the twenty-first homily (PG 62, 153 l.1-4) contains the famous formula describing Hellenic philosophy and "
work_chrysostom_hom_john,work,"John Chrysostom, Homiliae in Iohannem",,Christian (patristic),0.99,0.99,"IX, XLIII, LXVI) for their anti-Hellenic polemics: 'It is a great good that philosophy is—I mean our philosophy, that of us Christians.","Homélies de Jean Chrysostome sur l'Évangile de Jean (PG 59). For Amand 1945 (Book II ch. XII p. 486, 488), Amand cites several homilies (Hom. IX, XLIII, LXVI) for their anti-Hellenic polemics: 'It is a great good that ph"
work_confessions,work,Confessiones (Confessions),,Christian (patristic),0.99,0.98,Augustine's spiritual autobiography culminating in his conversion.,"Augustine's spiritual autobiography culminating in his conversion. Books VII-VIII particularly important for understanding his views on will, grace, and conversion through Neoplatonism and Paul's epistles"
work_diodore_tarsus_contra_astronomos_heimarmenen,work,"Diodore de Tarse, Contre les astronomes, les astrologues et le Destin",,Christian (patristic),0.99,0.98,"Kata astronomōn kai astrologōn kai heimarmenēs, the most extensive anti-fatalist treatise produced by Christian apologetics, in 8 books and 53 chapters.","Kata astronomōn kai astrologōn kai heimarmenēs, the most extensive anti-fatalist treatise produced by Christian apologetics, in 8 books and 53 chapters. Composed around 370-390 CE by Diodorus of Tarsus, first as a priest"
work_diogenes_oinoanda_inscription,work,"Diogénès d'Oinoanda, Inscription philosophique",,Epicurean,0.99,0.99,"Immense Epicurean philosophical inscription engraved on the wall of a portico at Oinoanda in Lycia, around 200 CE, by the elderly philosopher Diogenes.","Immense Epicurean philosophical inscription engraved on the wall of a portico at Oinoanda in Lycia, around 200 CE, by the elderly philosopher Diogenes. According to Amand 1945 (Book I ch. III Note suppl. §II, p. 117-120)"
work_diogenianus_peri_heimarmenes,work,"Diogénianos, Περὶ εἱμαρμένης",,Epicurean,0.99,0.98,"Περὶ εἱμαρμένης by Diogenianus the Epicurean, a treatise lost in its entirety but preserved in several long fragments by Eusebius of Caesarea in the Preparation évangélique IV.3.1-13 and VI.8.1-38.","Περὶ εἱμαρμένης by Diogenianus the Epicurean, a treatise lost in its entirety but preserved in several long fragments by Eusebius of Caesarea in the Preparation évangélique IV.3.1-13 and VI.8.1-38. According to Amand 194"
text_anonymous_in_en,work,Anonymous - In Ethica Nicomachea,,Peripatetic,0.99,0.98,An anonymous commentary on Aristotle's Nicomachean Ethics (fl.,"An anonymous commentary on Aristotle's Nicomachean Ethics (fl. second half 2nd c. CE?), preserved in CAG XX (Heylbut, 1892). According to Bobzien (1998, pp. 145-146), this commentary represents a second early engagement "
work_ad_simplicianum,work,Ad Simplicianum (To Simplician),,Christian (patristic),0.99,0.98,"Turning point work where Augustine radically developed his understanding of grace and predestination while wrestling with Paul's Epistle to the Romans, especially 1 Corinthians 4:7 'What have you that you did not receive?'","Turning point work where Augustine radically developed his understanding of grace and predestination while wrestling with Paul's Epistle to the Romans, especially 1 Corinthians 4:7 'What have you that you did not receive"
work_eusebius_demonstratio_evangelica,work,Demonstratio Evangelica (Εὐαγγελικὴ Ἀπόδειξις),,Christian (patristic),0.99,0.98,"354-355), Eusebius repeatedly affirms human free will there, in terms closely derived from Origen.","Eusebius' Demonstratio evangelica (c. 320 CE), a positive complement to the Praeparatio evangelica. 20 books composed, 10 preserved (Books I-X). According to Amand 1945 (p. 354-355), Eusebius repeatedly affirms human fre"
work_epicurus_kuriai_doxai,work,Principal Doctrines (Kuriai Doxai / Ratae Sententiae),,Epicurean,0.99,0.98,"Collection of 40 key doctrines of Epicurus, preserved in Diogenes Laertius X.139-154.","Collection of 40 key doctrines of Epicurus, preserved in Diogenes Laertius X.139-154. These succinct maxims summarize Epicurean physics, ethics, and political philosophy. Several doctrines bear on the free will question "
work_gellius_na_vii_2,work,"Aulus Gellius, Noctes Atticae VII.2 (De Fato et Chrysippo)",,Stoic,0.99,0.99,Noctes Atticae VII.2 is a chapter of Aulus Gellius' miscellany (2nd century CE) devoted to Chrysippus' doctrine of fate (De fato et Chrysippo).,"Noctes Atticae VII.2 is a chapter of Aulus Gellius' miscellany (2nd century CE) devoted to Chrysippus' doctrine of fate (De fato et Chrysippo). Gellius opens by quoting Chrysippus' definition of fate as ""a certain eterna"
work_gregory_contra_eunomium,work,"Gregory of Nyssa, Contra Eunomium",,Christian (patristic),0.99,0.99,"Gregory of Nyssa, Contra Eunomium (Πρὸς Εὐνόμιον ἀντιρρητικός, c.","Gregory of Nyssa, Contra Eunomium (Πρὸς Εὐνόμιον ἀντιρρητικός, c. 380 — 383 CE) in three books (with multiple sub-divisions), the central anti-Eunomian work of the Cappadocian response to the radical Anomoian theology of"
work_gregory_oratio_catechetica,work,"Gregory of Nyssa, Oratio Catechetica Magna",,Christian (patristic),0.99,0.99,"PG 45, 9-105), a systematic exposition of Christian dogmas for the use of catechists responsible for instructing educated catechumens.","Discours catéchétique de Grégoire de Nysse (Oratio Catechetica Magna, ed. Srawley 1903; PG 45, 9-105), a systematic exposition of Christian dogmas for the use of catechists responsible for instructing educated catechumen"
work_irenaeus_adversus_haereses_book4,work,"Irenaeus, Adversus Haereses Book 4",,Christian (patristic),0.99,0.98,"His formulation anticipates Origen's more philosophically elaborate defense of autexousion in De Principiis III.1, though Origen will extend the doctrine into a pre-cosmic fall scenario foreign to Irenae",Book IV of Adversus Haereses (c. 180-185 CE) contains the most sustained and philosophically developed articulation of Irenaeus's doctrine of human αὐτεξουσία (autexousion — self-determination). Chapters 37-39 constitute
work_irenaeus_demonstratio_apostolic,work,"Irenee de Lyon, Demonstration de la predication apostolique (Epideixis)",,Christian (patristic),0.99,0.99,no textual anchor,"Epideixis tou apostolikou kerygmatos, a short catechetical treatise by Irenaeus of Lyons. Known only through an Armenian translation discovered in 1904. For Amand 1945 (Book II ch. II, p. 213, 215), the work complements "
work_melito_peri_pascha,work,On the Pascha (Περὶ Πάσχα),,Christian (patristic),0.99,0.99,no textual anchor,"Melito of Sardis' Paschal Homily (c. 160-170 CE) is the most Pauline of second-century texts on sin and freedom. Pasch. 47-49 presents anthropology of original capability: humans were ""by nature capable of receiving good"
work_porphyry_peri_tou_eph_hemin,work,"Porphyre, Sur ce qui dépend de nous (Περὶ τοῦ ἐφ' ἡμῖν)",,Neoplatonist,0.99,0.98,"Treatise (or commentary) by Porphyry on τὸ ἐφ' ἡμῖν, lost in the direct tradition but preserved in fragments in Stobaeus’ Anthologion (II 8 39-42 pp.","Treatise (or commentary) by Porphyry on τὸ ἐφ' ἡμῖν, lost in the direct tradition but preserved in fragments in Stobaeus’ Anthologion (II 8 39-42 pp. 163.16-173.2 Wachsmuth) — frr. 268-271 in Smith’s edition (1993). Hist"
person_honorius_i_pope_d638,person,Pope Honorius I (d. 638),,Christian (patristic),0.99,0.98,no textual anchor,Bishop of Rome (625–638). His correspondence with Sergius of Constantinople was read as endorsing a single will in Christ; he was posthumously anathematized at the Third Council of Constantinople (680–681) — a key figure
work_tertullian_adv_marcionem,work,"Tertullian, Adversus Marcionem",,Christian (patristic),0.99,0.98,"85–160 CE), composed by Tertullian in successive redactions between c.","Five-book refutation of Marcion of Sinope (c. 85–160 CE), composed by Tertullian in successive redactions between c. 207 and 212 CE, making it one of the longest and most doctrinally consequential anti-heretical treatise"
work_tertullian_adversus_praxean,work,"Tertullian, Adversus Praxean",,Christian (patristic),0.99,0.98,Tertullian's Adversus Praxean (c.,"Tertullian's Adversus Praxean (c. 213 CE) is a polemical treatise in 31 chapters directed against the Monarchian theologian Praxeas, who taught that the Father himself suffered on the cross (patripassianism). The work is"
work_evodius_de_fide_contra_manichaeos,work,"Evodius of Uzalis, De fide contra Manichaeos",,Christian (patristic),0.99,0.99,"De fide contra Manichaeos, attributed to Evodius of Uzalis, a correspondent and associate of Augustine.","De fide contra Manichaeos, attributed to Evodius of Uzalis, a correspondent and associate of Augustine. Transmitted within the Augustinian corpus (CPL 386). 36 passages in this corpus."
work_gregory_naz_oratio_27,work,"Gregory of Nazianzus, Adversus Eunomianos (Oratio 27)",,Christian (patristic),0.99,0.97,no textual anchor,"First Theological Oration, against the Eunomians: on who may do theology and under what conditions. Delivered at Constantinople, 380 CE."
work_gregory_naz_oratio_31,work,"Gregory of Nazianzus, De Spiritu Sancto (Oratio 31)",,Christian (patristic),0.99,0.98,no textual anchor,"Fifth Theological Oration, on the Holy Spirit. Delivered at Constantinople, 380 CE."
work_pauline_epistle_romans,work,Epistle to the Romans,,Christian (patristic),0.99,0.99,no textual anchor,Paul’s Epistle to the Romans. The corpus contains chapter 9 from the Westcott–Hort Greek text in the Perseus Digital Library; coverage is explicitly partial.
work_plutarch_epitome_animae_procreatione_timaeo,work,"Plutarch, Epitome libri de animae procreatione in Timaeo",,Middle Platonist,0.99,0.98,"Plutarch, Epitome libri de animae procreatione in Timaeo (Ἐπιτομὴ τοῦ περὶ τῆς ἐν τῷ Τιμαίῳ ψυχογονίας), Moralia 1030d-1032f.","Plutarch, Epitome libri de animae procreatione in Timaeo (Ἐπιτομὴ τοῦ περὶ τῆς ἐν τῷ Τιμαίῳ ψυχογονίας), Moralia 1030d-1032f. The six sections epitomize the preceding De animae procreatione in Timaeo and treat Plato's ac"
scholarly_argument_sommers_relevance_of_experimental_phil_0,argument,Sommers: Experimental philosophy is relevant and complementary to traditional armchair an,,Modern scholarship,0.99,0.99,no textual anchor,relevance of experimental philosophy to free will debate — Experimental philosophy is relevant and complementary to traditional armchair analysis because contemporary theories of free will and moral responsibility essent
person_cyrus_alexandria_d641,person,Cyrus d'Alexandrie,,Christian (patristic),0.99,0.99,no textual anchor,"Melkite Patriarch of Alexandria, 631-641. Architect of the *Pact of Union* (*Satisfactio* / *Plérophorie*) in 633, a pseudo-conciliatory formula devised to rally the Coptic miaphysites to Chalcedon by conceding the expre"
person_saadia_gaon_g3h4i5j6,person,Saadia Gaon (Saʿadya ben Yōsēf),,Jewish,0.99,0.98,Pioneering medieval Jewish philosopher who synthesized Jewish tradition with Arabic Kalam philosophy.,Pioneering medieval Jewish philosopher who synthesized Jewish tradition with Arabic Kalam philosophy. Defended human free will as necessary for divine justice and commandments. Argued God's omniscience doesn't necessitat
argument_origen_witness_diss_problem1_prescience_amand1945,argument,Origène — Premier théologien à résoudre prescience vs libre arbitre (Amand 1945),,Christian (patristic),0.99,0.99,309-311): “Origen was the first Christian theologian to envisage in its full extent the formidable difficulty that divine foreknowledge raised against the free determination of the human will.” Proposed solution (Phil.,Amand (p. 309-311): “Origen was the first Christian theologian to envisage in its full extent the formidable difficulty that divine foreknowledge raised against the free determination of the human will.” Proposed solutio
argument_origen_witness_diss_problem3_human_ignorance_amand1945,argument,Origène — Problème 3 : ignorance humaine des signes (4 arguments) (Amand 1945),,Christian (patristic),0.99,0.98,Amand: « Origen is the first or one of the first » to invoke this astronomy.,"Amand (p. 313-315): Problem 3 — Man cannot acquire exact knowledge of the events and human actions foretold by astral configurations. Four arguments (Phil. 23.17-19, Robinson p. 205-208): (1) Imprecision of the moment of"
scholarly_argument_bobzien_later_stoic_compatibilism_phil_6,argument,Bobzien: A later Stoic theory attributed to 'PHILOPATOR' refines compatibilism by introdu,,Stoic,0.99,0.98,"later Stoic compatibilism (PHILOPATOR) — A later Stoic theory attributed to 'PHILOPATOR' refines compatibilism by introducing a more sophisticated causal principle (same cause, same circumstances, same effect) and further developing the conception of 'what depends on us'","later Stoic compatibilism (PHILOPATOR) — A later Stoic theory attributed to 'PHILOPATOR' refines compatibilism by introducing a more sophisticated causal principle (same cause, same circumstances, same effect) and furthe"
work_sextus_adversus_mathematicos,work,"Sextus Empiricus, Adversus Mathematicos",,Pyrrhonist/Sceptic,0.99,0.98,"Sextus Empiricus, Adversus Mathematicos (Against the Mathematicians, books I-XI incl.","Sextus Empiricus, Adversus Mathematicos (Against the Mathematicians, books I-XI incl. Against the Logicians/Physicists/Ethicists)."
person_plutarch_45_120ce_b9c2a8f3,person,Plutarch of Chaeronea,,Middle Platonist,0.99,0.98,Plutarch of Chaeronea (c.,"Plutarch of Chaeronea (c. 46–120 CE), Boeotian philosopher, biographer, and Delphic priest, and the leading figure of what modern scholars term Middle Platonism. A Roman citizen (Mestrius Plutarchus), he studied at Athen"
scholarly_argument_jewett_adam_s_sin_and_universal_death_0,argument,Jewett: The passage's primary goal is not to set forth a doctrine of Adam's sin but to d,,Modern scholarship,0.99,0.99,no textual anchor,Adam's sin and universal death — The passage's primary goal is not to set forth a doctrine of Adam's sin but to demonstrate the scope of Christ's overflowing grace; death 'reigned' from Adam to Moses even over those who 
scholarly_argument_wells_faith_works_antithesis_4,argument,"Wells: The Pauline faith/works antithesis is not about divine vs. human agency as such,",,Modern scholarship,0.99,0.98,no textual anchor,"Paul's denials of human agency (Rom 7:17, 20; 1 Cor 15:10; Gal 2:20) are 'not absolute denials' but highlight human entanglement with higher powers; the antithesis 'lies more along the axis of world-powers than between d"
scholarly_argument_wells_moral_responsibility_and_the_s_2,argument,Wells: The agency of the Spirit reinforces rather than negates human responsibility bec,,Modern scholarship,0.99,0.98,no textual anchor,1 Cor 15:10 and Gal 2:19-20 do not deny human agency but 'rule out the notion of autonomy' and secure God's agency as the foundation of Christian lives; the Spirit's agency 'reinforces rather than negates human responsib
argument_chrysostom_libre_arbitre_pastoral_amand1945,argument,Chrysostome — libre arbitre comme ressort de l'apostolat oratoire,,Christian (patristic),0.98,0.98,no textual anchor,"For Amand 1945 (Book II ch. XII §II, p. 491-499), Chrysostom accords human free will a crucial importance as the driving force of his rhetorical and reforming apostolate. The very efficacy of preaching presupposes that t"
argument_cylinder_analogy_chrysippus_k1l2m3n4,argument,Cylinder Analogy (Internal vs. External Causation),,Stoic,0.98,0.97,He does not treat any one reading as established and concludes that the Stoic retreats fail to escape commitment to necessity.,"The cylinder analogy distinguishes an external push or impression from the cylinder's or agent's internal nature. Sorabji 1980, pp. 80-83, separates Augustine, Donini and Frede readings of the argument. He does not treat"
argument_methodius_theodicy_autexousion,argument,"Methodius's Free Will Theodicy: Evil from Human Choice, Not Matter",,Christian (patristic),0.98,0.98,Significance: First full Christian treatise dedicated to free will defense.,Methodius's central argument in De Libero Arbitrio: Evil cannot derive from matter (ὕλη) because God transformed matter's qualities; evil cannot derive from God because God is good. Therefore evil must derive from human 
argument_origen_witness_antiastrological_dissertation_envelope_amand1945,argument,Origène — Polémique antiastrologique + dissertation Comm. Gen. III (Amand 1945 Livre II Ch. V §III),,Christian (patristic),0.98,0.97,"Argumentative framework bringing together Amand's claims concerning Origen's anti-astrological polemic (§III, p.","Argumentative framework bringing together Amand's claims concerning Origen's anti-astrological polemic (§III, p. 304-318). Amand devotes 11 pages to this dissertation, which he regards as Origen's anti-astrological monum"
argument_origen_witness_antiastrology_moral_attack_amand1945,argument,Origen — Moral (not physical) critique of astrological fatalism (Amand 1945),,Christian (patristic),0.98,0.97,"305-306): ""If Origen also fought contemporary astrology so vigorously, it was not so much because he judged it absurd as because he believed that it undermined morality by denying human freedom."" Origen concentrates almost all his attacks on this central charge: genethlialogy enc","Amand (p. 305-306): ""If Origen also fought contemporary astrology so vigorously, it was not so much because he judged it absurd as because he believed that it undermined morality by denying human freedom."" Origen concent"
argument_future_contingents_alex,argument,Future Contingents and Divine Foreknowledge (Alexander),,Peripatetic,0.98,0.98,"The truth and necessity of the sea-battle proposition are analysed at De Fato 10, where Alexander argues that on Stoic premises a fated future truth collapses into necessity

Invoking Aristotle De Int.","Greek terminology:
• προγιγνώσκει (progiginōskei) - foreknows
• τὸ ἐνδεχόμενον ὡς ἐνδεχόμενον (to endechomenon hōs endechomenon) - contingent as contingent
• ναυμαχία (naumachia) - sea battle

Argument structure:
Alexand"
argument_origen_argos_logos,argument,Origen's Refutation of the Argos Logos (Lazy Argument),,Christian (patristic),0.98,0.98,"Origen refutes the argos logos (ἀργὸς λόγος, 'lazy argument') — the fatalist inference that if everything is fated, effort is pointless.","**Source primaire** : Origène, *Contra Celsum* II.20 (SC 132, Borret, 1967) ; transmis aussi dans *Philocalie* 23.
**Prémisse 1** : Si tout est fatalement déterminé, l'effort humain (πρᾶξις) est superflu (argos logos).
*"
argument_origen_witness_diss_problem4_angelic_knowledge_amand1945,argument,Origen — Problem 4: Knowledge of Signs Reserved for Angels (Amand 1945),,Christian (patristic),0.98,0.98,"Origen's text states: δυνάμεσι θείαις τὰ σημεῖα ἔκκειται (""it is to the divine Powers that the signs are exposed"", Philocalia 23, argument of Book III of the Commentary on Genesis).","Amand (p. 315-316): Problem 4 — Exact knowledge of the stars and of the events signified is accessible only to Powers superior to humankind, to angels. God created the luminaries as signs for the benefit of his angels. F"
argument_sextus_equipollence_argument_7d4b9e2a,argument,Sextus Empiricus's Equipollence Argument for Suspension,,Pyrrhonist/Sceptic,0.98,0.99,no textual anchor,"Developed to show that on the question of fate and free will (as on all philosophical questions), equally strong arguments can be constructed on both sides, leading to suspension of judgment. Critiques both Stoic determi"
argument_pyrrhus_one_will,argument,Pyrrhus : une seule volonté en Christ (monothélisme),,Christian (patristic),0.98,0.97,no textual anchor,"**Primary source**: Pyrrhus of Constantinople, position reported by Maximus the Confessor, *Disputatio cum Pyrrho* §13-28 (PG 91, 308-336) — Carthage, July 645; imperial doctrine codified in the Ekthesis 638 (Heraclius) "
argument_gregory_contrafatum_diversity_destinies_amand1945,argument,Gregory of Nyssa CF — diversity of destinies contradicts the omnipotence of heimarmene,,Christian (patristic),0.98,0.98,"Gregory's argument in the Contre le Destin (PG 45, 157 AC + 157 C — 160 A).","Gregory's argument in the Contre le Destin (PG 45, 157 AC + 157 C — 160 A). If every astral influence is endowed with an unbreakable power, all human beings should equally be kings, happy, rich, and abundantly provided w"
argument_irenaeuss_antignostic_argument_for_free_will_f54fe920,argument,Irenaeus's Anti-Gnostic Argument for Free Will,,Christian (patristic),0.98,0.97,One of the first major Christian systematic theologies of freedom.,"Written against Valentinian and other Gnostic systems that divided humanity into predetermined spiritual types (pneumatikoi, psychikoi, hylikoi). Irenaeus argues that Gnostic determinism destroys genuine humanity and mor"
argument_agent_causation_alex,argument,"Alexander, De fato 12 & 20: two-way control and the human as cause/origin",,Peripatetic,0.98,0.97,no textual anchor,"Direct text. In De fato 12 (Bruns 180.3-181.7), Alexander connects what depends on us with deliberation, control of doing and not doing, choice, regret and the assumed availability of opposites. In De fato 20 (Bruns 190."
argument_genesis_cain_choice_i3j4k5l6,argument,Genesis 4:7 - Cain's Free Choice Argument,,Jewish,0.98,0.97,no textual anchor,"God's warning to Cain: 'Sin is crouching at the door; its desire is for you, but you can master it' (Genesis 4:7). Presupposes a genuine capacity for moral choice whether to commit murder. Classic biblical text affirming"
argument_wager_alex,argument,Wager Argument for Free Will (Alexander),,Peripatetic,0.98,0.97,no textual anchor,"Alexander presents a pragmatic-prudential argument for accepting free will (De Fato 20-21, Bruns 190-191).

Argument structure:
Premise 1: If determinism is true and we believe in free will, we lose nothing (our actions "
scholarly_position_frankfurt_pap_false,argument,Principle of Alternate Possibilities,,Modern scholarship,0.98,0.97,no textual anchor,Principle of Alternate Possibilities — Moral responsibility does not require the ability to do otherwise. 'Frankfurt cases' (counterfactual interveners) show that an agent may be morally responsible even when she could n
scholarly_position_karamanolis_early_christian_engagement,argument,Early Christian philosophical engagement with Greek thought,,Christian (patristic),0.98,0.97,"Early Christian philosophical engagement with Greek thought — Early Christian thinkers of 2nd-4th centuries (Justin, Origen, Cappadocians) engage substantively with ancient philosophical debates on cosmogony, free will (autexousion / prohairesis), concept formation, and body-soul","Early Christian philosophical engagement with Greek thought — Early Christian thinkers of 2nd-4th centuries (Justin, Origen, Cappadocians) engage substantively with ancient philosophical debates on cosmogony, free will ("
scholarly_position_strawson_basic_argument,argument,Free will skepticism (modern),,Modern scholarship,0.98,0.97,no textual anchor,"Free will skepticism (modern) — Basic Argument: to be truly responsible for what one does, one must be responsible for the way one is; but ultimate self-creation (causa sui) is impossible, so no one is ultimately morally"
scholarly_argument_barclay_divine_grace_and_human_works_3,argument,"Barclay: The antithesis between divine grace and human 'works' in Paul (e.g., Rom. 4.4-6;",,Modern scholarship,0.98,0.97,no textual anchor,"divine grace and human works — The antithesis between divine grace and human 'works' in Paul (e.g., Rom. 4.4-6; 9.6-13; 11.6) has made Paul the key spokesman for unconditionality of divine initiative in salvation, but th"
scholarly_argument_cary_plato_on_rational_governance_o_0,argument,"Cary: Plato developed the concept of a rational part of the soul that governs lower, p",,Academic/Platonist,0.98,0.98,"Plato on rational governance of the soul and freedom — Plato developed the concept of a rational part of the soul that governs lower, passionate parts;","Plato on rational governance of the soul and freedom — Plato developed the concept of a rational part of the soul that governs lower, passionate parts; this capacity for rational judgment over passion is foundational to "
scholarly_argument_currado_hippolytus_on_human_self_deter_4,argument,Currado: Hippolytus presents a Christian anthropology where humans possess 'capacity of s,,Christian (patristic),0.98,0.97,no textual anchor,"Currado reproduces, without comment, the ANF translation of Hippolytus, Refutatio X (his 'Chapter 28-29'): man was created 'endued with a capacity of self-determination' though 'a slave to his passions'; evil arises 'fro"
scholarly_argument_double_definition_of_free_will_free_c_2,argument,Double: Double endorses a third approach: defining 'free choice' in a placeholder fashio,,Modern scholarship,0.98,0.98,no textual anchor,"definition of 'free will'/'free choice' — Double endorses a third approach: defining 'free choice' in a placeholder fashion neutral between competing theories, specifically as 'choices that, unless some excusing conditio"
scholarly_argument_fee_free_will_and_the_spirit_s_rol_0,argument,"Fee: Fee emphasizes that the Spirit empowers believers for ethical living, but the te",,Modern scholarship,0.98,0.98,no textual anchor,"free will and the Spirit's role in Pauline ethics — Fee emphasizes that the Spirit empowers believers for ethical living, but the text provided does not contain explicit discussion of free will versus determinism; the fo"
scholarly_argument_fischer_sourcehood_and_reasons_respons_2,argument,Fischer: The kind of control relevant to moral responsibility is 'sourcehood'—the action ,,Modern scholarship,0.98,0.97,no textual anchor,"Fischer's account of guidance control has two chief elements: the mechanism issuing in action must be the agent's own, and it must be appropriately reasons-responsive; 'mechanism' means only the process or way things go,"
scholarly_argument_fitzmyer_freedom_and_determinism_in_pau_0,argument,"Fitzmyer: Paul presents Christians as liberated from enslavement to sin, death, and law th",,Modern scholarship,0.98,0.97,no textual anchor,"freedom and determinism in Pauline theology — Paul presents Christians as liberated from enslavement to sin, death, and law through Christ, empowered to live 'according to the Spirit' rather than 'according to the flesh'"
scholarly_argument_gaventa_determinism_and_moral_responsi_1,argument,Gaventa: The idiosyncratic history of Israel's creation in Romans 9:6-13 insists on God's,,Modern scholarship,0.98,0.97,no textual anchor,"determinism and moral responsibility — The idiosyncratic history of Israel's creation in Romans 9:6-13 insists on God's creation 'without reference to Israel's goodness, faith, obedience, or even potential,' setting a to"
scholarly_argument_gerson_plotinus_s_philosophical_signi_1,argument,Gerson: Gerson presents Plotinus as 'the greatest philosopher in the 700-year period bet,,Neoplatonist,0.98,0.97,"The publisher's blurb (unsigned front matter) calls Plotinus 'the greatest philosopher in the 700-year period between Aristotle and Augustine' who produced 'a reinvigorated version of Platonism' later called 'Neoplatonism', and says the essays show 'how he was a founder of mediev",The publisher's blurb (unsigned front matter) calls Plotinus 'the greatest philosopher in the 700-year period between Aristotle and Augustine' who produced 'a reinvigorated version of Platonism' later called 'Neoplatonis
scholarly_argument_goodrich_free_will_and_moral_agency_in__0,argument,Goodrich: The speaker in Rom 7.14-25 is depicted as powerless and captive under sin's domi,,Modern scholarship,0.98,0.96,no textual anchor,"free will and moral agency in Romans 7 — The speaker in Rom 7.14-25 is depicted as powerless and captive under sin's dominion, with the phrase 'sold under sin' (πεπραμένος ὑπὸ τὴν ἁμαρτίαν) intensifying the speaker's des"
scholarly_argument_gorday_john_chrysostom_s_view_of_free_2,argument,Gorday: Chrysostom maintains a strong emphasis on human free will and moral responsibili,,Christian (patristic),0.98,0.97,no textual anchor,"John Chrysostom's view of free will and divine sovereignty — Chrysostom maintains a strong emphasis on human free will and moral responsibility in Romans 9-11, with a more rhetorical and pastoral concern for exhortation "
scholarly_argument_hall_stoic_determinism_and_prophecy_2,argument,Hall: Stoic thinkers saw divination as a deductive science relying on an interconnecte,,Stoic,0.98,0.98,Stoic determinism and prophecy — Stoic thinkers saw divination as a deductive science relying on an interconnected web of causes;,"Stoic determinism and prophecy — Stoic thinkers saw divination as a deductive science relying on an interconnected web of causes; true predictions require that the future is already settled, and this framework shaped phi"
scholarly_argument_havrda_clement_s_concept_of_divine_pe_2,argument,"Havrda: Clement presents creation, the Law, and the Gospel as coming from the same sourc",,Christian (patristic),0.98,0.97,no textual anchor,"Clement's concept of divine pedagogy (oikonomia) — Clement presents creation, the Law, and the Gospel as coming from the same source with the same goal, against Marcionite dualism. The divine Logos operates through three"
scholarly_argument_hall_alexander_of_aphrodisias_on_ep_3,argument,Hall: Alexander formulated the principle that 'what depends on us' (eph' hemin) applie,,Peripatetic,0.98,0.98,"Alexander of Aphrodisias on eph' hemin — Alexander formulated the principle that 'what depends on us' (eph' hemin) applies to things over which we have the power of choosing the opposite, and argued that divine foreknowledge of contingent events can only be probabilistic","Alexander of Aphrodisias on eph' hemin — Alexander formulated the principle that 'what depends on us' (eph' hemin) applies to things over which we have the power of choosing the opposite, and argued that divine foreknowl"
scholarly_argument_jewett_divine_sovereignty_and_human_a_0,argument,Jewett: Paul's argument in Romans 9:19-29 employs diatribe and midrashic techniques to d,,Modern scholarship,0.98,0.96,no textual anchor,"divine sovereignty and human accountability — Paul's argument in Romans 9:19-29 employs diatribe and midrashic techniques to defend divine election against objections about fairness, but does not resolve the tension betw"
scholarly_argument_pouderon_adam_s_sin_as_disobedience_not_9,argument,Pouderon: Most Apologists make Adam's sin essentially a sin of disobedience—violation of a,,Christian (patristic),0.98,0.97,"Adam's sin as disobedience, not concupiscence or pride — Most Apologists make Adam's sin essentially a sin of disobedience—violation of a benevolent Creator's prohibition.","Adam's sin as disobedience, not concupiscence or pride — Most Apologists make Adam's sin essentially a sin of disobedience—violation of a benevolent Creator's prohibition. It is not associated with sexual concupiscence, "
scholarly_argument_nystr_m_demonic_influence_and_human_ag_2,argument,Nyström: Justin attributes corruption of truth and persecution of Christians to demonic a,,Christian (patristic),0.98,0.97,"demonic influence and human agency — Justin attributes corruption of truth and persecution of Christians to demonic activity, suggesting external forces can negatively influence human actions, though this is not framed as a denial of human agency","demonic influence and human agency — Justin attributes corruption of truth and persecution of Christians to demonic activity, suggesting external forces can negatively influence human actions, though this is not framed a"
scholarly_argument_sommers_critique_of_experimental_appro_2,argument,"Sommers: The experimental work on the compatibility question, while producing valuable in",,Modern scholarship,0.98,0.96,no textual anchor,"Sommers holds that experimental work on the compatibility question has yielded important insights (doubts about the folk's pretheoretic incompatibilism, the role of emotion, effects of personality and of how determinism "
scholarly_argument_vicchio_fate_karma_and_retributive_jus_2,argument,"Vicchio: Weber's three types of theodicy—Predestination, Dualism, and Karma—are presented",,Modern scholarship,0.98,0.97,no textual anchor,"fate, karma, and retributive justice — Weber's three types of theodicy—Predestination, Dualism, and Karma—are presented as underlying 'the inner need for meaning.' These correspond to Vicchio's categories of 'Free Will D"
scholarly_argument_telfer_basil_the_great_on_autexousia_5,argument,"Telfer: Basil the Great identifies autexousia with 'the image of God' in humanity, rathe",,Christian (patristic),0.98,0.98,no textual anchor,"Basil the Great on autexousia — Basil the Great identifies autexousia with 'the image of God' in humanity, rather than identifying the image of God with reason"
person_maimonides_k7l8m9n0,person,"Moses Maimonides (Mōšeh bēn Maymōn, Rambam)",,Jewish,0.98,0.97,Greatest medieval Jewish philosopher.,Greatest medieval Jewish philosopher. Synthesized Aristotelian philosophy with Judaism. Defended strong free will position: humans have complete freedom over voluntary actions; this is foundation of Torah and prophecy. O
person_pseudodionysius_the_areopagite_anonymous_c_500_ce_4ea569e3,person,"Pseudo-Dionysius the Areopagite (anonymous, c. 500 CE)",,Neoplatonist,0.98,0.97,"500 CE), anonymous Syrian Christian Neoplatonist writing under the pseudonym of Paul's Athenian convert (Acts 17:34), profoundly influenced medieval theology.","Pseudo-Dionysius the Areopagite (c. 500 CE), anonymous Syrian Christian Neoplatonist writing under the pseudonym of Paul's Athenian convert (Acts 17:34), profoundly influenced medieval theology. His *Corpus Areopagiticum"
person_shammai_q7r8s9t0,person,Shammai,,Jewish,0.98,0.96,no textual anchor,Contemporary and counterpart of Hillel the Elder. Represented stricter Pharisaic interpretive tradition. Shared Pharisaic position (characterized in modern scholarship as compatibilist) on divine providence and human fre
scholar_tomberlin_j,person,James E. Tomberlin,,Modern scholarship,0.98,0.98,no textual anchor,"James E. Tomberlin — philosophy of religion, free-will defence. Co-author, with F. McGuinness, of 'God, Evil, and the Free Will Defence', Religious Studies 13 (1977), 455-475 (esp. pp. 456-458, engaging Plantinga's God a"
work_damascus_document_q9r0s1t2,work,Damascus Document (CD),,Jewish,0.98,0.97,no textual anchor,"Qumran sectarian text (also found in Cairo Geniza) combining historical narrative, halakhah, and exhortation. Presents sectarian self-understanding as 'chosen by God' and emphasizes dual predestination: children of light"
work_clement_stromateis,work,"Clement of Alexandria, Stromateis (Στρωματεῖς)",,Christian (patristic),0.98,0.97,"Clement of Alexandria's Stromateis ('Miscellanies', c.","Clement of Alexandria's Stromateis ('Miscellanies', c. 198–215 CE) in eight books, the third and largest work of his trilogy, intended for the more advanced 'gnostic' Christian reader. Of greatest relevance to debates on"
work_lucian_vita_demonactis,work,"Lucien, Vie de Démonax (Vita Demonactis)",,Cynic,0.98,0.98,"Life of Demonax (Δημώνακτος Βίος) by Lucian of Samosata, a sympathetic biography of the Cypriot Cynic philosopher Demonax.","Life of Demonax (Δημώνακτος Βίος) by Lucian of Samosata, a sympathetic biography of the Cypriot Cynic philosopher Demonax. For Amand 1945 (Book I ch. IV §I, p. 128-129), the sole source of information on this well-bred C"
work_oinomaos_goeton_phora,work,"Oinomaos, Les Charlatans démasqués (Γοήτων φώρα)",,Cynic,0.98,0.98,"Γοήτων φώρα (The charlatans unmasked) by Oenomaus of Gadara, a Cynic pamphlet lost in its entirety but transmitted through extensive quotations in Eusebius of Caesarea's Préparation évangélique (V, ch.","Γοήτων φώρα (The charlatans unmasked) by Oenomaus of Gadara, a Cynic pamphlet lost in its entirety but transmitted through extensive quotations in Eusebius of Caesarea's Préparation évangélique (V, ch. 19-36, and VI, ch."
work_justin_syntagma,work,Syntagma (Against All Heresies),,Christian (patristic),0.98,0.97,"Scholars (Hilgenfeld, Lipsius, Harnack) have attempted partial reconstruction from Irenaeus's use of Justin and from Pseudo-Tertullian's Adversus omnes haereses.","Justin's lost anti-heretical work, mentioned by Justin himself in 1 Apol. 26.8: 'a syntagma against all the heresies that have arisen.' Irenaeus appears to have drawn on Justin's anti-heretical writing. The Syntagma appa"
work_lactantius_divinarum_institutionum,work,"Lactance, Divinarum Institutionum libri VII",,Christian (patristic),0.98,0.97,"Lactantius, *Divinarum Institutionum libri VII* (303-313 CE), the first Latin Christian apologetic synthesis in seven books: I.","Lactantius, *Divinarum Institutionum libri VII* (303-313 CE), the first Latin Christian apologetic synthesis in seven books: I. *De falsa religione*; II. *De origine erroris*; III. *De falsa sapientia philosophorum*; IV."
work_proverbs_s5t6u7v8,work,Proverbs (Mishlei),,Jewish,0.98,0.97,no textual anchor,"Collection of wisdom sayings emphasizing moral formation, choice, and consequences. Presupposes moral agency: 'The fear of the LORD is the beginning of knowledge' (Prov 1:7)."
work_ps_clement_recognitiones,work,"Pseudo-Clement, Recognitiones (Latin translation by Rufinus of Aquileia)",,Christian (patristic),0.98,0.97,"IX.19–29 — in which a 'Christian philosopher' (Niceta, Aquila, or a barbarian sage) deploys the Bardaisanian nomima barbarika argument against the genesis (planetary destiny) of Simon.","Pseudo-Clementine Recognitiones, ten books, transmitted in the Latin translation of Rufinus of Aquileia (c. 406 CE). Original Greek lost (apart from quotations and Syriac fragments). Composed c. 220 — 260 CE in Greek-spe"
work_tertullian_de_praescriptione,work,"Tertullian, De Praescriptione Haereticorum",,Christian (patristic),0.98,0.97,"Tertullian, De Praescriptione Haereticorum ('The Prescription against Heretics', c.","Tertullian, De Praescriptione Haereticorum ('The Prescription against Heretics', c. 200 CE), a juridical-rhetorical treatise applying Roman legal language of praescriptio (a procedural bar) to debarrring heretics from ap"
work_tertullian_de_resurrectione,work,"Tertullian, De Resurrectione Carnis",,Christian (patristic),0.98,0.97,"Tertullian, De Resurrectione Carnis ('On the Resurrection of the Flesh', c.","Tertullian, De Resurrectione Carnis ('On the Resurrection of the Flesh', c. 210 — 213 CE) in 63 chapters, addressed against Marcionite and Gnostic dualism that denied bodily resurrection. The argument grounds Christian e"
work_gregory_naz_oratio_28,work,"Gregory of Nazianzus, De Theologia (Oratio 28)",,Christian (patristic),0.98,0.97,no textual anchor,"Second Theological Oration, on theology proper: the incomprehensibility of the divine essence. Delivered at Constantinople, 380 CE."
scholarly_argument_irwin_1992_question_needs_criteria,argument,Irwin: the 'who discovered the will?' question is undecidable without explicit criteria,,Modern scholarship,0.98,0.98,no textual anchor,Irwin opens by noting that different candidates have been proposed as discoverer of the will (the Romans; Augustine 'under Hebraic and Christian influence'; Maximus the Confessor) and that a proper discussion 'requires a
scholar_whitmarsh_tim,person,Tim Whitmarsh,,Modern scholarship,0.98,0.97,Modern scholar identified from the local PDF for rank 17 of reading wave C.,Modern scholar identified from the local PDF for rank 17 of reading wave C.
scholarly_argument_loehr_action_will,argument,Löhr: Paul's language shows an emerging concept of action-directed willing,,Modern scholarship,0.98,0.97,no textual anchor,"No unified technical vocabulary exists, but absolute uses of willing abstract from ordinary contexts; Romans 7 distinguishes willing from acting."
scholarly_argument_dettwiler_relationship_between_colossian_2,argument,Dettwiler: Colossians' radical presentism raises the question of whether its author has cro,,Modern scholarship,0.98,0.97,no textual anchor,"Colossians' radical presentism (believers already raised, Col 2,12-13; 3,1-4, against Paul's asymmetry in Rom 6,3-11) raises the question whether its author 'a dépassé une limite théologique chère à la pensée de Paul'. D"
scholarly_argument_hendriksen_divine_foreordination_and_huma_0,argument,"Hendriksen: Paul teaches a sequential divine decree: foreknowledge leads to foreordination, ",,Modern scholarship,0.98,0.97,no textual anchor,"divine foreordination and human calling — Paul teaches a sequential divine decree: foreknowledge leads to foreordination, which leads to calling, justification, and glorification; this golden chain (Rom 8:29-30) demonstr"
work_seneca_epistulae_morales,work,"Seneca, Epistulae Morales ad Lucilium",,Stoic,0.98,0.97,"Seneca, Epistulae Morales ad Lucilium.","Seneca, Epistulae Morales ad Lucilium. Work shell created from the live corpus so DB passages can be represented in the KG at passage level."
work_sextus_outlines_pyrrhonism_f9a7c8e4,work,Outlines of Pyrrhonism (Πυρρώνειοι Ὑποτυπώσεις) - Sextus Empiricus,,Pyrrhonist/Sceptic,0.98,0.97,Πυρρώνειοι ὑποτυπώσεις (Pyrrhonian Sketches).,Πυρρώνειοι ὑποτυπώσεις (Pyrrhonian Sketches). The fullest extant systematic account of Pyrrhonian skepticism in three books. PH I (general theory) introduces the skeptical ability — finding for every argument an equipoll
scholarly_argument_banner_2017_indeterminate_transformational_self,argument,Banner: the Plotinian self is transformational and indeterminate,,Neoplatonist,0.98,0.98,"Banner proposes a model of Plotinus's theory of the self as transformational — its nature is best expressed not in a static ontological scheme but in terms of the transformations of realities into one another, the philosopher becoming each of the higher realities in turn without ","Banner proposes a model of Plotinus's theory of the self as transformational — its nature is best expressed not in a static ontological scheme but in terms of the transformations of realities into one another, the philos"
scholarly_argument_jewett_christ_as_telos_of_the_law_2,argument,Jewett: Christ is the goal (τέλος) of the law as a means to righteousness for all who ha,,Modern scholarship,0.98,0.97,no textual anchor,"Christ as telos of the law — Christ is the goal (τέλος) of the law as a means to righteousness for all who have faith. Israel's failure stems from not recognizing Christ as this goal, seeking instead to validate their ow"
scholarly_argument_jewett_determinism_vs_human_agency_in_2,argument,Jewett: The passive voice of δικαιωθέντες ('having been set right') indicates righteousn,,Modern scholarship,0.98,0.97,no textual anchor,"determinism vs. human agency in salvation — The passive voice of δικαιωθέντες ('having been set right') indicates righteousness as divine gift, yet this does not eliminate human agency. The aorist passive participle refe"
scholarly_argument_wells_pauline_integration_of_grace_a_0,argument,Wells: Paul does not present an absolute contrast between divine and human agency; rath,,Modern scholarship,0.98,0.97,no textual anchor,"In the Introduction Wells frames the problem through Martyn (no autonomy, only enslavement or God-incited obedience) versus Engberg-Pedersen (no competitive concept of agency), asking what becomes of the harmonious state"
argument_chrysostom_antiastrological_demonic_amand1945,argument,Chrysostome — argument démonique contre l'astrologie populaire,,Christian (patristic),0.97,0.96,"Chrysostom’s recurrent argument against Christians’ belief in heimarmene and astrological genesis, testifying to the persistence of fatalistic superstition among his Antiochene and subsequently Constantinopolitan audience.","Chrysostom’s recurrent argument against Christians’ belief in heimarmene and astrological genesis, testifying to the persistence of fatalistic superstition among his Antiochene and subsequently Constantinopolitan audienc"
argument_dihle_1982_greek_intellectualism_thesis,argument,Dihle 1982 — These centrale : les Grecs n'ont pas developpe de concept de volonte,,Modern scholarship,0.97,0.96,no textual anchor,"Central argument of Dihle 1982 (p. 20 / md ll. 3054-3057): 'the Greeks, in their attempts to analyze and to evaluate human action, never developed a distinct concept of will'. Sub-arguments: (1) Greek moral psychology ex"
argument_causal_asymmetry_alex,argument,Causal Asymmetry Argument (Alexander),,Peripatetic,0.97,0.96,no textual anchor,Greek terminology: • ἀναγκαῖον ἐξ ὑποθέσεως (anankaion ex hypotheseōs) - hypothetically necessary • ἀναγκαῖον ἁπλῶς (anankaion haplōs) - absolutely necessary • ἐνδεχόμενον (endechomenon) - contingent Argument structure: 
argument_human_dignity_alex,argument,Human Dignity Argument (Alexander),,Peripatetic,0.97,0.96,no textual anchor,"Premise 1: Human dignity (axiōma) consists in being self-determining (autexousioi)
Premise 2: This distinguishes us from irrational animals who are not blamed
Premise 3: We are blamed because we are capable of doing othe"
argument_nemesius_nat_hom_35_blasphemy_amand1945,argument,Nemesius Nat. Hom. 35 — theological proof of 'blasphemy' against the stars,,Christian (patristic),0.97,0.96,"563), this argument, 'rather theological, drummed into Christian apologetics', is not demonstrably Carneadean—it represents the specifically Christian-apologetic contribution to the inherited framework.","Theological argument added by Nemesius to the Carneadean moral argumentation in Nat. Hom. 35 (PG 40, 741 C, l. 33 — 744 A, l. 9). The stars themselves are unjust, since they produce adulteries and homicides. More serious"
argument_plutarch_providence_cooperation_8c5a9d3f,argument,Pseudo-Plutarch's Divine-Human Cooperation Argument (De Fato),,Middle Platonist,0.97,0.96,"Developed in the pseudonymous De Fato, whose author is conventionally designated Pseudo-Plutarch rather than Plutarch, to reconcile divine providence with human freedom.","Developed in the pseudonymous De Fato, whose author is conventionally designated Pseudo-Plutarch rather than Plutarch, to reconcile divine providence with human freedom. Divine providence (pronoia) operates through coope"
argument_praise_blame_alex,argument,Legacy reconstruction (discovery only): Praise and Blame Presupposition Argument (Alexander),,Peripatetic,0.97,0.96,no textual anchor,"Praise-and-blame argument cluster, discovery only. Alexander appeals to ordinary practices in De fato 16-20 and later character arguments. Sharples classifies these as standard anti-determinist moves whose force depends "
argument_providence_fate_hierarchy_plut,argument,Providence-Fate Hierarchy Argument (Pseudo-Plutarch),,Middle Platonist,0.97,0.97,no textual anchor,"Premise 1: First providence (Demiurge's thought/will) GENERATES fate
Premise 2: What generates X is prior to X
Premise 3: Second providence (celestial gods) is co-generated with fate
Premise 4: Third providence (daimones"
argument_qumran_predestination_c3d4e5f6,argument,Qumran Predestinarian Argument (Two Spirits),,Jewish,0.97,0.96,The Treatise of the Two Spirits (1QS III.13–IV.26) constitutes the most sustained and philosophically explicit predestinarian text in Second Temple Judaism.,"The Treatise of the Two Spirits (1QS III.13–IV.26) constitutes the most sustained and philosophically explicit predestinarian text in Second Temple Judaism. Embedded within the Community Rule (Serek HaYahad), the Treatis"
argument_furst_2022_irenaeus_against_gnostic_natures,argument,Irénée défend la libre Selbstbestimmung contre les natures gnostiques fixes (Fürst 2022 Kap. IV 4-5),,Christian (patristic),0.97,0.97,"According to Fürst, this anti-Gnostic polemic was the principal historical driving force behind the Christian Freiheitspathos: opposition to the Marcionites, Valentinians, Basilideans, and other schools advocating predestinarian doctrine led the apologists (Justin, Theophilus of ","Fürst 2022's thesis (Kap. IV 4-5, p. 178-186 ; Adv. Haer. IV 37,6-7 = FC 8/4, 328-330): Irenaeus of Lyons proclaims human free self-determination against the Gnostic conception of fixed ""natures"" (choïque/hylique/sarkiqu"
argument_frede_2011_plotinus_hierarchized_freedom,argument,Plotin hiérarchise la liberté en quatre niveaux (Frede 2011),,Neoplatonist,0.97,0.97,Plotinus (Enn.,Argument Frede 2011 Ch. 8 (p. 130-149). Plotinus (Enn. VI.8) constructs an ontological hierarchy of freedom that reverses modern intuitions: (N1) embodied human being — freedom highly qualified by the body and necessity;
argument_irenaeus_recapitulation_theodicy,argument,Irenaeus' Recapitulation Theodicy (AH III.18-20),,Christian (patristic),0.97,0.96,More Pauline than other Apologists.,"Christ's recapitulation as solution to human incapacity. Structure: (1) Problem: After the fall, humans ""fell under the power of sin"" (AH III.18.2; Book III is preserved in Latin translation). (2) Human INCAPACITY: ""Thos"
argument_theodicy_alex,argument,Theodicy Argument Against Stoic Determinism (Alexander),,Peripatetic,0.97,0.97,no textual anchor,"Greek terminology:
• πρόνοια (pronoia) - providence
• ""god as cause of vice"" - the consequence Alexander presses against the Stoics
• ""fate is god"" - the Stoic identification Alexander targets

Argument structure:
Alexan"
scholarly_position_furley_epicurus_swerve_indirect,argument,Function of the Epicurean swerve,,Epicurean,0.97,0.97,Function of the Epicurean swerve — The atomic swerve plays no direct role in voluntary action — its effect in the soul's atomic pattern is no more than a slight declination breaking rigid determination;,Function of the Epicurean swerve — The atomic swerve plays no direct role in voluntary action — its effect in the soul's atomic pattern is no more than a slight declination breaking rigid determination; voluntary action 
scholarly_position_inwood_stoic_action_theory,argument,Stoic theory of action and psychology,,Stoic,0.97,0.97,"Stoic theory of action and psychology — Reconstructs the older Stoic theory of the psychology of action — impulse (hormē), assent (synkatathesis), and impression (phantasia) — as a coherent intellectualist theory distinct from Aristotelian, Epicurean, and Platonic accounts.","Stoic theory of action and psychology — Reconstructs the older Stoic theory of the psychology of action — impulse (hormē), assent (synkatathesis), and impression (phantasia) — as a coherent intellectualist theory distinc"
scholarly_position_van_inwagen_consequence_argument,argument,Incompatibilism (modern),,Modern scholarship,0.97,0.97,no textual anchor,"Incompatibilism (modern) — The Consequence Argument: if determinism is true, our acts are consequences of the laws of nature and remote past events; since neither is up to us, our acts are not up to us. Incompatibilism +"
scholarly_argument_boulnois_cyril_s_technical_vocabulary_a_3,argument,Boulnois: Cyril employs a rich vocabulary for free will spanning decisional power (prohair,,Christian (patristic),0.97,0.96,no textual anchor,"Cyril's technical vocabulary and originality of free will concept — Cyril employs a rich vocabulary for free will spanning decisional power (prohairesis, hairesis, rhopē, thelēma, boulēma, exousia, gnōmē) and subject aut"
scholarly_argument_boulnois_free_will_and_the_origin_of_ev_0,argument,"Boulnois: Cyril of Alexandria defends human free will (autexousion, autoprohaireton) prima",,Christian (patristic),0.97,0.97,no textual anchor,"free will and the origin of evil — Cyril of Alexandria defends human free will (autexousion, autoprohaireton) primarily to absolve God of responsibility for evil; human beings hold 'the reins of their own wills' (tas hēn"
scholarly_argument_craig_backward_causation_1,argument,Craig: Craig argues that backward causation is logically possible but metaphysically im,,Modern scholarship,0.97,0.96,no textual anchor,backward causation — Craig argues that backward causation is logically possible but metaphysically impossible on the A-theory of time. He rejects appeals to backward causation as a solution to problems of foreknowledge a
scholarly_argument_craig_newcomb_s_paradox_4,argument,"Craig: Craig examines Newcomb's paradox and its theological implications, arguing that ",,Modern scholarship,0.97,0.96,no textual anchor,"Craig (ch. X): in Nozick's original conditions the predictor does not use precognition, but once the Being is God, whose prediction rests on foreknowledge, a logically demonstrative argument (Plantinga) shows that the on"
scholarly_argument_dettwiler_free_will_and_baptismal_transf_0,argument,Dettwiler: Pauline baptism effects a profound religious transformation of the human being u,,Modern scholarship,0.97,0.96,no textual anchor,"Dettwiler reads Rom 6,1-14 as witnessing Paul's conviction of a profound religious transformation of the human being through baptism understood as an initiation rite (van Gennep/Turner), with a complex temporality he exa"
scholarly_argument_dihle_paul_s_concept_of_will_1,argument,Dihle: St. Paul implicitly but revolutionarily introduced a notion of will distinct fro,,Christian (patristic),0.97,0.96,Dihle adds that its impact on the next two or three centuries of Christian theology 'was not too heavy'.,"For Dihle, Paul's teaching implies a will of man distinguished both from all intellectual achievements (even knowledge of the divine Law) and from unconscious, spontaneous emotions: a will that responds to God's commandm"
scholarly_argument_faure_g_del_s_relativity_based_chall_2,argument,"Faure: Gödel's argument from Einsteinian relativity—that if simultaneity is relative, s",,Modern scholarship,0.97,0.96,no textual anchor,"Faure and Valli (Introduction): whereas Sorabji finds no Greek 'radical thesis' that time itself is cyclical, and cyclical stances are extremely rare (Winand), Gödel's rationale based on Einstein's relativity 'may lead t"
scholarly_argument_f_rst_free_will_terminology_and_conc_0,argument,"Fürst: Argues that ancient concepts of freedom (eleutheria, autexousion) differ fundame",,Modern scholarship,0.97,0.96,no textual anchor,"Fürst's terminological caution: no concept of 'Wille' existed before Augustine, so he largely avoids the word and stays close to the ancient terms — προαίρεσις (Aristotle's 'überlegtes Streben', not 'freie Wahl'), τὸ ἐφ᾽"
scholarly_argument_fee_pauline_freedom_and_human_agen_0,argument,Fee: Paul's concept of 'freedom' (eleutheria) is entirely relational and pneumatologi,,Modern scholarship,0.97,0.96,no textual anchor,"On 2 Cor 3:17-18 Fee argues that the whole argument 'from beginning to end has to do with the activity of the Spirit'. The Spirit 'has to do with freedom': freedom from the letter and death of the old covenant, and freed"
scholarly_argument_fischer_compatibilism_0,argument,Fischer: Defends compatibilism: free will and moral responsibility are compatible with ca,,Modern scholarship,0.97,0.97,no textual anchor,compatibilism — Defends compatibilism: free will and moral responsibility are compatible with causal determinism. Develops a 'semicompatibilist' position that moral responsibility does not require alternative possibiliti
scholarly_argument_fitzmyer_predestination_and_divine_fore_3,argument,Fitzmyer: Fitzmyer notes that 8:28-30 (not fully treated in this excerpt) will address 'th,,Modern scholarship,0.97,0.96,no textual anchor,"predestination and divine foreordination — Fitzmyer notes that 8:28-30 (not fully treated in this excerpt) will address 'the destiny of the Christian called to glory,' suggesting awareness of predestinarian themes in Rom"
scholarly_argument_gibbons_origen_s_theory_of_autonomy_an_0,argument,Gibbons: Origen's autonomy does not require alternative possibilities (the ability to do ,,Christian (patristic),0.97,0.96,Origen's theory of autonomy and free will — Origen's autonomy does not require alternative possibilities (the ability to do otherwise);,"Origen's theory of autonomy and free will — Origen's autonomy does not require alternative possibilities (the ability to do otherwise); rather, it requires that every human being have available the motivation to revise r"
scholarly_argument_gorday_origen_s_view_of_free_will_and_0,argument,Gorday: Origen presents a compatibilist position where divine foreknowledge and human fr,,Christian (patristic),0.97,0.96,"Gorday reads Origen's Romans commentary as holding that a real human response is necessary to realize the divine intention, which cannot be accused of injustice.","Gorday reads Origen's Romans commentary as holding that a real human response is necessary to realize the divine intention, which cannot be accused of injustice. Those whom God has predestined and foreknown obtain their "
scholarly_argument_gerson_plotinus_on_free_will_and_dete_0,argument,Gerson: The volume contains a dedicated chapter by Georges Leroux on 'Human freedom in t,,Neoplatonist,0.97,0.97,"Plotinus on free will and determinism — The volume contains a dedicated chapter by Georges Leroux on 'Human freedom in the thought of Plotinus' (Chapter 12, pp.","Plotinus on free will and determinism — The volume contains a dedicated chapter by Georges Leroux on 'Human freedom in the thought of Plotinus' (Chapter 12, pp. 292), indicating that free will is treated as a significant"
scholarly_argument_havrda_clement_s_model_of_divine_huma_0,argument,Havrda: Clement distinguishes two modes of divine activity: universal exhortation (προτρ,,Christian (patristic),0.97,0.96,no textual anchor,"Clement's model of divine-human cooperation in salvation — Clement distinguishes two modes of divine activity: universal exhortation (προτρέπων) to all human beings, and special help (συλλαμβανόμενος) for those who becom"
scholarly_argument_havrda_human_freedom_and_moral_respon_3,argument,Havrda: Clement stresses the decisive role of human freedom in realizing salvation. Huma,,Christian (patristic),0.97,0.97,no textual anchor,Human freedom (αὐτεξούσιον) and moral responsibility in Clement — Clement stresses the decisive role of human freedom in realizing salvation. Humans cooperate with God's will to create humankind 'according to God's image
scholarly_argument_jewett_law_s_role_in_increasing_trans_3,argument,Jewett: Law 'slipped in' (παρεισῆλθεν) in order that trespass might increase; this is no,,Modern scholarship,0.97,0.96,no textual anchor,"Law's role in increasing transgression — Law 'slipped in' (παρεισῆλθεν) in order that trespass might increase; this is not a deterministic mechanism but a rhetorical demonstration that where sin increased, grace increase"
scholarly_argument_koch_posidonius_s_exceptional_statu_4,argument,Koch: Posidonius developed a scientific approach to psycho-physiology and meteorologic,,Stoic,0.97,0.97,"Posidonius's exceptional status in Stoic etiology — Posidonius developed a scientific approach to psycho-physiology and meteorological phenomena, emphasizing causal explanation, but this approach was marginalized by mainstream Stoics who viewed the identification of exact causes ","Posidonius's exceptional status in Stoic etiology — Posidonius developed a scientific approach to psycho-physiology and meteorological phenomena, emphasizing causal explanation, but this approach was marginalized by main"
scholarly_argument_kowalski_epictetus_on_free_will_and_pro_1,argument,"Kowalski: Epictetus's idea of freedom is constructed around the notion of proairesis, unde",,Stoic,0.97,0.97,"Epictetus, per Kowalski, speaks of freedom 'in an inner, psychological and attitudinal sense' and explains it through proairesis, translatable as 'volition', which 'constitutes our true self, a rational particle of divinity within us';","Epictetus, per Kowalski, speaks of freedom 'in an inner, psychological and attitudinal sense' and explains it through proairesis, translatable as 'volition', which 'constitutes our true self, a rational particle of divin"
scholarly_argument_labarri_re_eph_hemin_what_depends_on_us_i_0,argument,Labarrière: The concept of eph' hemin in Aristotle's Nicomachean Ethics III and in Alexander,,Peripatetic,0.97,0.96,"eph' hemin (what depends on us) in Aristotle and Alexander of Aphrodisias — The concept of eph' hemin in Aristotle's Nicomachean Ethics III and in Alexander of Aphrodisias has been neglected in recent scholarship on the self in antiquity, which has focused disproportionately on H",eph' hemin (what depends on us) in Aristotle and Alexander of Aphrodisias — The concept of eph' hemin in Aristotle's Nicomachean Ethics III and in Alexander of Aphrodisias has been neglected in recent scholarship on the 
scholarly_argument_salles_chrysippus_theory_of_action_an_3,argument,Salles: Chrysippus developed an account of human nature and the psychology of action inv,,Stoic,0.97,0.96,Chrysippus' theory of action and responsibility — Chrysippus developed an account of human nature and the psychology of action involving 'internal causes' that grounds compatibilist moral responsibility;,Chrysippus' theory of action and responsibility — Chrysippus developed an account of human nature and the psychology of action involving 'internal causes' that grounds compatibilist moral responsibility; reflection plays
scholarly_argument_salles_everlasting_recurrence_and_det_5,argument,Salles: The orthodox Stoic doctrine of everlasting recurrence (transcyclical indiscernib,,Stoic,0.97,0.96,Everlasting recurrence and determinism — The orthodox Stoic doctrine of everlasting recurrence (transcyclical indiscernibility and identity) provides a basis for necessitating causation and thus for determinism,Everlasting recurrence and determinism — The orthodox Stoic doctrine of everlasting recurrence (transcyclical indiscernibility and identity) provides a basis for necessitating causation and thus for determinism
scholarly_argument_sapolsky_determinism_vs_indeterminism_1,argument,"Sapolsky: Indeterministic phenomena (chaos, quantum mechanics, emergent complexity) cannot",,Modern scholarship,0.97,0.97,no textual anchor,"Sapolsky reviews three scientific 'revolutions' — chaos theory, emergent complexity, quantum indeterminacy — in whose 'crevices' 'numerous thinkers believe that you can find free will', and concludes 'they are not where "
scholarly_argument_schneider_free_will_and_determinism_in_p_0,argument,Schneider: Proclus addresses freedom on two hierarchical levels: (1) moral responsibility f,,Neoplatonist,0.97,0.97,"free will and determinism in Proclus — Proclus addresses freedom on two hierarchical levels: (1) moral responsibility for concrete human choices that guide action in this life and beyond, and (2) metaphysical salvation of the soul determined by the Good, which Schneider terms 'li","free will and determinism in Proclus — Proclus addresses freedom on two hierarchical levels: (1) moral responsibility for concrete human choices that guide action in this life and beyond, and (2) metaphysical salvation o"
scholarly_argument_schneider_heimarmene_fate_and_providence_2,argument,Schneider: The hierarchical distinction between fate (heimarmene) and divine providence in ,,Neoplatonist,0.97,0.97,"heimarmene (fate) and providence — The hierarchical distinction between fate (heimarmene) and divine providence in Neoplatonism ensures that teleology is determined by the Good, preventing a deterministic Stoic reading of the sensible world","heimarmene (fate) and providence — The hierarchical distinction between fate (heimarmene) and divine providence in Neoplatonism ensures that teleology is determined by the Good, preventing a deterministic Stoic reading o"
scholarly_argument_sharples_stoic_providence_and_determini_1,argument,Sharples: Orthodox Chrysippean Stoicism holds every event is both predetermined and part o,,Stoic,0.97,0.97,"Stoic providence and determinism — Orthodox Chrysippean Stoicism holds every event is both predetermined and part of providential plan, but apparent exceptions (Cicero ND 2.166-7;","Stoic providence and determinism — Orthodox Chrysippean Stoicism holds every event is both predetermined and part of providential plan, but apparent exceptions (Cicero ND 2.166-7; Chrysippus in Plutarch Stoic. Rep. 37) m"
person_eusebius_caesarea_d339,person,Eusebius of Caesarea,,Christian (patristic),0.97,0.96,"260–339 CE), bishop of Caesarea in Palestine, ecclesiastical historian and Christian apologist.","Eusebius of Caesarea (c. 260–339 CE), bishop of Caesarea in Palestine, ecclesiastical historian and Christian apologist. For Amand 1945 (Book II ch. VII, p. 342-381), Eusebius constitutes witness no. 4 in the anti-fatali"
person_faustus_riez_d495,person,Faustus of Riez,,Christian (patristic),0.97,0.96,"Greatest of the Semi-Pelagians who argued both Pelagius and Augustine erred - Pelagius excluded grace, but Augustine's predestination jeopardizes God's justice and mercy","Greatest of the Semi-Pelagians who argued both Pelagius and Augustine erred - Pelagius excluded grace, but Augustine's predestination jeopardizes God's justice and mercy"
person_julian_eclanum_d454,person,Julian of Eclanum,,Christian (patristic),0.97,0.96,"Most formidable intellectual opponent of Augustine, developed Pelagian views into coherent theological system.","Most formidable intellectual opponent of Augustine, developed Pelagian views into coherent theological system. Engaged Augustine in literary polemic from 419 until Augustine's death in 430, arguing that baptism of infant"
work_aristotle_de_anima,work,"Aristotle, De anima",,Peripatetic,0.97,0.96,"Aristotle, De anima.","Aristotle, De anima. Work shell created from the live corpus so DB passages can be represented in the KG at passage level."
work_aristotle_de_motu,work,"Aristotle, De Motu Animalium",,Peripatetic,0.97,0.97,"Aristotle, De Motu Animalium.","Aristotle, De Motu Animalium. On the movement of animals, including the practical syllogism and animal self-motion. Edition: Nussbaum 1978."
work_aristotle_eudemian_ethics,work,"Aristote, Éthique à Eudème (Ethica Eudemia)",,Peripatetic,0.97,0.97,"Eudemian Ethics (Ἠθικά Εὐδήμεια), Aristotle's ethical treatise in eight books (three of which are shared with the Nicomachean Ethics: EE IV-V-VI = EN V-VI-VII), long held to be older than the EN but now regarded as broadly contemporary with it by the majority of scholars (Kenny, ","Eudemian Ethics (Ἠθικά Εὐδήμεια), Aristotle's ethical treatise in eight books (three of which are shared with the Nicomachean Ethics: EE IV-V-VI = EN V-VI-VII), long held to be older than the EN but now regarded as broad"
work_genesis_u1v2w3x4,work,Genesis (Bereshit),,Jewish,0.97,0.97,no textual anchor,"First book of Torah containing foundational narratives relevant to free will: God's command to Cain ('sin is crouching at the door, but you can master it', Genesis 4:7), and the hardening of Pharaoh's heart (Exodus, but "
work_living_without_free_will_pereboom_0h1i2j3k,work,Living Without Free Will,,Modern scholarship,0.97,0.96,no textual anchor,Groundbreaking defense of hard incompatibilism using four-case manipulation argument. Argues that free will in sense required for basic desert moral responsibility is incompatible with both determinism and indeterminism.
work_new_testament,work,New Testament (Novum Testamentum),,Christian (patristic),0.97,0.95,"50 and 120 CE, is the primary scriptural archive from which Patristic authors drew when constructing doctrines of grace, free will, and predestination.","Corpus node grouping the 119 New Testament passage nodes indexed in this knowledge graph. The New Testament, composed in Koine Greek between c. 50 and 120 CE, is the primary scriptural archive from which Patristic author"
work_adamantius_dialogue_true_faith,work,"Dialogue on the True Faith in God (Adamantius, Ps.-Origen)",,Christian (patristic),0.97,0.96,"Greek dialogue transmitted under the name of Origen (Adamantius), in which orthodox speakers debate Marcionites, Valentinians and a bardesanite named Marinus.","Greek dialogue transmitted under the name of Origen (Adamantius), in which orthodox speakers debate Marcionites, Valentinians and a bardesanite named Marinus. Jurasz reads Marinus' interventions as evidence for a fourth-"
scholarly_argument_barclay_2020_efficacy_spectrum_agency,argument,The 'efficacy' perfection scales from grace-as-aid to grace-replacing-agency (Barclay 2020),,Modern scholarship,0.97,0.96,no textual anchor,"Barclay's taxonomy of the agency question. The 'efficacy' perfection of grace can be pushed to varying extremes: grace may create the capacity to receive virtue, or aid its development by instruction and example, or — at"
scholarly_argument_barclay_2020_six_perfections,argument,Six independent perfections of grace; disputes arise from perfecting it differently (Barclay 2020),,Modern scholarship,0.97,0.96,no textual anchor,"Barclay's analytic core, drawn from Kenneth Burke's notion of 'perfecting' a concept to its extreme. Gift/grace has at least six possible perfections — superabundance, singularity, priority, incongruity, efficacy, noncir"
scholarly_argument_dettwiler_free_will_and_human_agency_in__3,argument,Dettwiler: The text implies that faith involves human initiative and response—Peter activel,,Modern scholarship,0.97,0.96,no textual anchor,"Dettwiler reads Peter's request ('Seigneur, si c'est toi...') as a faith-filled response, not an initiative: his walk 'ne saurait résulter d'une initiative propre à Pierre' and is made possible 'exclusivement' by Jesus' "
scholarly_argument_grant_tradition_and_memory_as_founda_2,argument,Grant: Irenaeus grounded Christian doctrine and moral teaching in personal and communal me,,Christian (patristic),0.97,0.96,no textual anchor,"Grant notes that Irenaeus tells of his early life in Heresies and in two letters preserved by Eusebius; writing to Florinus to dissuade him from heresy, he recalls his youth in Smyrna with Polycarp and 'insists that earl"
scholarly_argument_irwin_augustine_s_concept_of_will_2,argument,"Irwin: Augustine developed a distinctive, pervasive concept of will as the unforced mov",,Christian (patristic),0.97,0.96,"Irwin presents Augustine's moral psychology as the locus where a conception of the will as a third element beyond belief and desire is 'prominent': the will is 'the unforced movement of the mind towards getting or keeping something', the cause of both sin and turning to virtue;",Irwin presents Augustine's moral psychology as the locus where a conception of the will as a third element beyond belief and desire is 'prominent': the will is 'the unforced movement of the mind towards getting or keepin
scholar_nadelhoffer_t,person,Thomas Nadelhoffer,,Modern scholarship,0.97,0.96,no textual anchor,Experimental philosophy of free will and moral responsibility
scholarly_argument_voelke_will_of_nature,argument,Voelke: Stoic nature itself wills — the 'volonté de la nature' is clearest in the imperial Stoa,,Stoic,0.97,0.96,"Diverse Stoic texts present nature as an agent exercising voluntary activity: identified with the omnipresent logos, Destiny and Providence, nature is a self-moving generative fire proceeding methodically (Galen, Defin.","Chapter VII, 'La volonté de la Nature'. Diverse Stoic texts present nature as an agent exercising voluntary activity: identified with the omnipresent logos, Destiny and Providence, nature is a self-moving generative fire"
scholarly_argument_tomberlin_divine_omniscience_and_counter_1,argument,"Tomberlin: If God is omniscient, he knows for every free possible person whether that perso",,Modern scholarship,0.97,0.96,no textual anchor,"Tomberlin and McGuinness set out an objection to the free will defence: if God is omniscient he knows, for any free possible person, whether that person would, if created, perform morally evil actions; with omnipotence a"
scholarly_argument_jewett_creation_s_eschatological_libe_3,argument,Jewett: Creation was subjected to futility 'not voluntarily but on account of the one wh,,Modern scholarship,0.97,0.95,no textual anchor,creation's eschatological liberation — Creation was subjected to futility 'not voluntarily but on account of the one who subjected it—in hope' (8:20); it will be 'set free from its enslavement to corruption' and particip
scholarly_argument_wells_pauline_anthropology_and_free__0,argument,Wells: Paul does not operate with a concept of autonomous human agency or libertarian f,,Modern scholarship,0.97,0.96,no textual anchor,Wells never uses 'libertarian' or 'self-determining'. His claim: Paul 'is not an occasionalist' — human agency is genuine and competent — but 1 Cor 15:10 and Gal 2:19-20 'rule out the notion of autonomy'; the newly creat
argument_justin_antifatalism,argument,Justin's Antifatalist Argument (1 Apol. 43),,Christian (patristic),0.96,0.94,The first surviving systematic Christian argument against fate (1 Apol.,"**Source primaire** : Justin Martyr, *Apologie I* 43-44 (SC 507, Munier, 2006).
**Prémisse 1** : Si tout advient par le destin (εἱμαρμένη), alors ce qui dépend de nous (ἐφ' ἡμῖν) n'est absolument rien.
**Prémisse 2** : O"
argument_origen_witness_freewill_dogma_status_amand1945,argument,Origène — Libre arbitre comme dogme apostolique-ecclésiastique (Amand 1945),,Christian (patristic),0.96,0.95,297-298): Origen mentions in the preface to the Traité des Principes free will as one of the doctrines defined by the rule of faith and contained in ecclesiastical preaching.,Amand (p. 297-298): Origen mentions in the preface to the Traité des Principes free will as one of the doctrines defined by the rule of faith and contained in ecclesiastical preaching. The passage cited by Amand (Princ. 
argument_providentia_fatum_boethius_m8n9o0p1,argument,Providence/Fate Argument (Boethius),,Christian (patristic),0.96,0.95,no textual anchor,"Problem: If fate governs all, how can there be freedom and divine justice?

BOETHIUS'S solution:
1. Providence (providentia) is the divine plan seen as unified whole
2. Fate (fatum) is that same plan as it unfolds tempor"
argument_voluntary_vs_eph_hemin,argument,Voluntary vs Up To Us Distinction,,Peripatetic,0.96,0.96,no textual anchor,"Argument: voluntary (hekousion) ≠ UP TO US (EPH' HĒMIN) Alexander separates two concepts the Stoics conflate: TO hekousion (τὸ ἑκούσιον) - THE voluntary. Acting from internal principle. Shared with animals. Fire ""volunta"
argument_carneadean_antiastrological_twins_amand1945,argument,Argument antiastrologique carnéadien II — Destins différents de ceux nés sous les mêmes constellations (jumeaux),,Pyrrhonist/Sceptic,0.96,0.95,"Second of the five distinct anti-astrological arguments reconstructed by Amand in Carneades (1945, p.","Second of the five distinct anti-astrological arguments reconstructed by Amand in Carneades (1945, p. 51-53, Intro §II ch. II §V.2). Amand formulates the argument as the first limb of a dilemma: if a man's destiny is fix"
argument_aquinass_primary_and_secondary_causation_12f1649a,argument,Aquinas's Primary and Secondary Causation,,Christian (patristic),0.96,0.96,no textual anchor,"Aquinas's solution (often characterized in modern terms as compatibilist): God as primary cause acts through secondary causes (including free will) without destroying their causal nature (Summa Theologiae I, Q. 19, 105; "
argument_lazy_argument_alex,argument,"Consequences-for-Motivation Argument (Alexander, De Fato 11 — not the argos logos)",,Peripatetic,0.96,0.94,no textual anchor,"Argument: Alexander's practical argument against determinism based on its consequences for human motivation. Premise: If determinism is true, outcomes are fixed regardless of our effort. Premise: If outcomes are fixed, e"
scholarly_position_edwards_origen_anti_platonist,argument,Origen's relation to Platonism,,Christian (patristic),0.96,0.95,Origen's relation to Platonism — Origen set out to construct a Christian philosophy with the explicit intention of preserving theology from pagan-Platonist infiltration;,"Origen's relation to Platonism — Origen set out to construct a Christian philosophy with the explicit intention of preserving theology from pagan-Platonist infiltration; his hermeneutics, eschatology, cosmology, and Trin"
scholarly_position_salles_chrysippus_frankfurt_style,argument,Stoic compatibilism + ancient anticipation of contemporary debates,,Stoic,0.96,0.95,Stoic compatibilism + ancient anticipation of contemporary debates — Chrysippus advanced a 'Frankfurt-style' argument against the claim that responsibility requires the capacity to do otherwise.,Stoic compatibilism + ancient anticipation of contemporary debates — Chrysippus advanced a 'Frankfurt-style' argument against the claim that responsibility requires the capacity to do otherwise. Three distinct compatibil
scholarly_argument_barclay_methodology_of_mirror_reading__0,argument,Barclay: Mirror-reading is essential but extremely problematic; scholars must account for,,Modern scholarship,0.96,0.95,no textual anchor,"methodology of mirror-reading polemical texts — Mirror-reading is essential but extremely problematic; scholars must account for Paul's indirect address to opponents through the Galatians, the distorting effects of polem"
scholarly_argument_bonaiuti_augustine_s_predestination_and_2,argument,Bonaiuti: Augustine's system of grace and predestination prevailed for centuries with oppo,,Christian (patristic),0.96,0.95,"Augustine's predestination and grace system — Augustine's system of grace and predestination prevailed for centuries with opposition, underwent scholastic changes to save freedom of the will, and reappeared in Luther and the Reformation;","Augustine's predestination and grace system — Augustine's system of grace and predestination prevailed for centuries with opposition, underwent scholastic changes to save freedom of the will, and reappeared in Luther and"
scholarly_argument_de_monneron_source_incompatibilism_vs_pap_3,argument,DE MONNERON: The author takes an intermediate position: rejects Stump and Widerker's argument,,Modern scholarship,0.96,0.95,no textual anchor,"De Monneron distinguishes two incompatibilist conditions: (1) a free act is one the agent could have refrained from (the principle of alternative possibilities), and (2) a free act has no sufficient cause (the 'source in"
scholarly_argument_dettwiler_moral_responsibility_and_commu_2,argument,Dettwiler: The exhortations in 1 Th 5:12-22 are directed toward concrete communal life and ,,Modern scholarship,0.96,0.95,no textual anchor,"Dettwiler reads 1 Th 5:12-22 as a conclusive exhortation to a very young community, exposed to outside pressure, spiritually inexperienced and deprived of its founder (p. 11). Ecclesial unity is experienced not only in p"
scholarly_argument_denzey_lewis_gnostic_cosmic_pessimism_as_sc_0,argument,Denzey Lewis: The category of 'cosmic pessimism' as applied to Gnostics is a constructed world,,Modern scholarship,0.96,0.95,Chapter 1 argues that key modern scholarship invokes the tropes of 'cosmic pessimism' and 'enslavement to fate' to characterize a movement that was 'a historiographical invention';,"Denzey Lewis credits Bob Lamberton with setting her on the path to the book by raising the specter of 'cosmic pessimism' as a wholly constructed worldview, and by setting aside the conventional classicist's biases limite"
scholarly_argument_denzey_lewis_lucretian_critique_of_divine_d_7,argument,Denzey Lewis: The epigraph from Lucretius (De rerum natura 5.198-199) frames the book's themat,,Epicurean,0.96,0.95,"The book's dedication page carries, without comment, the epigraph Lucretius, De rerum natura 5.198-199 ('Nequaquam nobis divinitus esse paratam.","The book's dedication page carries, without comment, the epigraph Lucretius, De rerum natura 5.198-199 ('Nequaquam nobis divinitus esse paratam. Naturam rerum; tanta stat praedita culpa') with the English rendering 'Had "
scholarly_argument_double_free_will_as_pseudo_problem_0,argument,Double: The free will problem is a pseudo-problem because 'free will' in the sense conne,,Modern scholarship,0.96,0.95,no textual anchor,"free will as pseudo-problem — The free will problem is a pseudo-problem because 'free will' in the sense connected with desert, moral responsibility, and reactive attitudes is an unprincipled, subjective term that cannot"
scholarly_argument_f_rst_origen_s_metaphysics_of_freedo_5,argument,Fürst: Argues Origen develops a 'theology of freedom' (Theologie der Freiheit) where Go,,Christian (patristic),0.96,0.96,"Fürst reads Origen's Freiheitsmetaphysik as a 'Theologie der Freiheit': God is 'ungezeugte Freiheit', pure 'Eigenbewegung', origin of the whole moved world;","Fürst reads Origen's Freiheitsmetaphysik as a 'Theologie der Freiheit': God is 'ungezeugte Freiheit', pure 'Eigenbewegung', origin of the whole moved world; creation is a 'Welt in Bewegung' of self-moving rational beings"
scholarly_argument_f_rst_stoic_compatibilism_chrysippus_2,argument,Fürst: Interprets Chrysippus as developing a 'causal determinism and self-responsibilit,,Stoic,0.96,0.95,Stoic compatibilism (Chrysippus) — Interprets Chrysippus as developing a 'causal determinism and self-responsibility' (Kausaldeterminismus und Eigenverantwortung) — a compatibilist position where fate (heimarmenē) operates through causes but human assent (sunkatathesis) preserves,Stoic compatibilism (Chrysippus) — Interprets Chrysippus as developing a 'causal determinism and self-responsibility' (Kausaldeterminismus und Eigenverantwortung) — a compatibilist position where fate (heimarmenē) operat
scholarly_argument_fitzmyer_moral_responsibility_and_agenc_1,argument,Fitzmyer: Christians retain a participatory role in their new life: they must 'put to deat,,Modern scholarship,0.96,0.95,no textual anchor,"moral responsibility and agency — Christians retain a participatory role in their new life: they must 'put to death the deeds of the body' through the Spirit (8:13), indicating cooperative agency rather than passive dete"
scholarly_argument_fitzmyer_the_scope_of_israel_and_ethnic_2,argument,Fitzmyer: Fitzmyer argues that 'Israel' in the second instance in Romans 9:6 refers to 'Je,,Modern scholarship,0.96,0.95,no textual anchor,"the scope of 'Israel' and ethnic vs. spiritual election — Fitzmyer argues that 'Israel' in the second instance in Romans 9:6 refers to 'Jewish Christians, to those of ethnic Israel who have put faith in Christ', not to a"
scholarly_argument_goodrich_determinism_and_sin_as_power_1,argument,Goodrich: Sin operates as a power that renders the speaker powerless while he remains unde,,Modern scholarship,0.96,0.95,no textual anchor,determinism and sin as power — Sin operates as a power that renders the speaker powerless while he remains under sin's dominion. The conflict described in vv. 15-20 illustrates moral failures that necessarily arise from 
scholarly_argument_hall_tripartite_hermeneutic_and_pro_5,argument,"Hall: Origen's three-level reading of Scripture (literal, moral, spiritual/allegorical",,Christian (patristic),0.96,0.95,"Tripartite hermeneutic and prophetic meaning — Origen's three-level reading of Scripture (literal, moral, spiritual/allegorical) preserves multiple levels of prophetic meaning without collapsing into determinism;","Tripartite hermeneutic and prophetic meaning — Origen's three-level reading of Scripture (literal, moral, spiritual/allegorical) preserves multiple levels of prophetic meaning without collapsing into determinism; the all"
scholarly_argument_helm_free_will_and_moral_responsibi_2,argument,Helm: Holds that if non-theistic determinism is compatible with freedom and responsibi,,Modern scholarship,0.96,0.95,no textual anchor,"free will and moral responsibility — Holds that if non-theistic determinism is compatible with freedom and responsibility, then theistic creation/ordination is equally compatible. The comparison is between God's ordainin"
scholarly_argument_hendriksen_justification_by_faith_vs_work_1,argument,"Hendriksen: Emphasizes that salvation is entirely by faith apart from works of the law, with",,Modern scholarship,0.96,0.94,no textual anchor,"justification by faith vs. works/merit — Emphasizes that salvation is entirely by faith apart from works of the law, with no room for human boasting. The Jews misunderstood God's promises as conditioned on human merit an"
scholarly_argument_jewett_moral_responsibility_and_congr_1,argument,Jewett: The peace Paul enjoins has significant social implications; the house and teneme,,Modern scholarship,0.96,0.95,no textual anchor,"moral responsibility and congregational behavior — The peace Paul enjoins has significant social implications; the house and tenement churches in Rome are acting in combative manners against one another, showing they hav"
scholarly_argument_jourdan_theodicy_and_divine_providence_1,argument,Jourdan: Clement develops a theodicy showing that God transforms evil into good through P,,Christian (patristic),0.96,0.96,"the 'theft of the Greeks' (philosophy's origin in stolen truth) exemplifies how God brings good from evil, making philosophy a propaedeutic to Christian teaching despite its blameworthy origin",theodicy and divine providence — Clement develops a theodicy showing that God transforms evil into good through Providence; the 'theft of the Greeks' (philosophy's origin in stolen truth) exemplifies how God brings good 
scholarly_argument_jewett_election_and_israel_s_destiny_2,argument,Jewett: The tragic riddle of Israel's unbelief poses a challenge to Paul's theology: if ,,Modern scholarship,0.96,0.95,no textual anchor,"election and Israel's destiny — The tragic riddle of Israel's unbelief poses a challenge to Paul's theology: if believers are the true heirs of Abraham and adopted children of God, what becomes of Israel's status as a ch"
scholarly_argument_koch_stoic_causal_theory_and_human__0,argument,Koch: Chrysippus developed specific causal distinctions (including auxiliary and proxi,,Stoic,0.96,0.96,"Koch: Cicero's De fato is valuable because it attributes precise causal distinctions unambiguously to Chrysippus and indicates their context, which confirms that these distinctions become useful, and are then drawn, within the problematic of responsibility: when it is a question ","Koch: Cicero's De fato is valuable because it attributes precise causal distinctions unambiguously to Chrysippus and indicates their context, which confirms that these distinctions become useful, and are then drawn, with"
scholarly_argument_meyer_stoic_passions_and_freedom_5,argument,Meyer: The Stoics held that passions are false judgments and that freedom consists in t,,Stoic,0.96,0.95,"Meyer: for the Stoics a passion 'is a judgment or belief', irrational 'in virtue of being false' — a false judgment about the good — and also an impulse;","Meyer: for the Stoics a passion 'is a judgment or belief', irrational 'in virtue of being false' — a false judgment about the good — and also an impulse; virtue requires the extirpation of all passions ('the wise man wil"
scholarly_argument_narbonne_contemplative_demiurgy_and_cau_5,argument,Narbonne: Develops 'Plotinian contemplative demiurgy' as 'new type of causality' where pro,,Neoplatonist,0.96,0.96,no textual anchor,"Study Five presents Plotinian 'contemplative demiurgy' (Enn. III.8) as 'a new type of causality': things 'naturally flow from one to another in a continuous flux', so generation 'is not based on reflection or calculation"
scholarly_argument_olive_translation_and_interpretation_1,argument,Olive: Against Frede's radical suggestion that aition/aitia should not be translated as,,Modern scholarship,0.96,0.95,no textual anchor,"Olive reports Frede's suggestion that aition/aitia were perhaps wrongly translated 'cause', grants this 'option radicale' the merit of dissolving some pseudo-problems (e.g. final causes), but holds that a 'strictly lexic"
scholarly_argument_salles_stoic_compatibilism_1,argument,Salles: The Stoics were compatibilists who contended that prior necessitation does not p,,Stoic,0.96,0.96,Stoic compatibilism — The Stoics were compatibilists who contended that prior necessitation does not preclude genuine moral responsibility;,"Stoic compatibilism — The Stoics were compatibilists who contended that prior necessitation does not preclude genuine moral responsibility; they argued that despite determinism, we genuinely deserve praise or blame for a"
scholarly_argument_sharples_alexander_of_aphrodisias_on_pr_2,argument,Sharples: Alexander adopts position [D]: providence concerns only preservation of natural ,,Peripatetic,0.96,0.96,"Alexander of Aphrodisias on providence and fate — Alexander adopts position [D]: providence concerns only preservation of natural kinds/species, not fortunes of individuals;","Alexander of Aphrodisias on providence and fate — Alexander adopts position [D]: providence concerns only preservation of natural kinds/species, not fortunes of individuals; this represents his distinctive contribution w"
scholarly_argument_xie_kant_s_position_on_compatibili_0,argument,"Xie: Neither 'compatibilist' nor 'incompatibilist' adequately describes Kant, but inc",,Modern scholarship,0.96,0.95,no textual anchor,"Kant's position on compatibilism vs incompatibilism — Neither 'compatibilist' nor 'incompatibilist' adequately describes Kant, but incompatibilist is the more accurate term; Kant's view is unique because he separates fre"
person_athanasius_alexandria_298_373,person,Athanase d'Alexandrie,,Christian (patristic),0.96,0.95,"(3) Vita Antonii, the foundational source for the ascetic model of Christian προαίρεσις.","Bishop of Alexandria 328-373 (with five exiles under Constantius II, Julian, and Valens), Doctor of the Church and the principal Nicene theorist in opposition to Arianism. With regard to the problem of free will, three w"
person_john_scotus_eriugena_a1b2c3d4,person,John Scotus Eriugena,,Neoplatonist,0.96,0.95,Developed radical Neoplatonic theology in which evil is non-being and freedom is natural to rational creatures.,Irish theologian and philosopher at Carolingian court. Translated Pseudo-Dionysius and Greek Fathers into Latin. Developed radical Neoplatonic theology in which evil is non-being and freedom is natural to rational creatu
person_favorinus_of_arles_9n4o6q32,person,Favorinus of Arles,,Pyrrhonist/Sceptic,0.96,0.96,"A sceptical philosopher of the Neo-Academic tradition, he developed a systematic series of arguments against astrology, whose Carneadean inspiration is evident.","Favorinus was above all a specialist in anti-astrological criticism. His relevance to debates on free will is peripheral: astrology bears upon fatalism and determinism, but Favorinus did not directly engage in the philos"
person_pelagius_d420,person,Pelagius,,Christian (patristic),0.96,0.95,"His central contribution to the free-will debate is a tripartite distinction preserved by Augustine (De Gratia Christi 4.5): posse (the capacity to act rightly, divinely implanted in human nature as the naturale bonum), velle (the will to act, a human exercise), and esse (the act",Britanno-Roman ascetic theologian (fl. 390–418 CE) who arrived in Rome c. 380 CE and taught moral reform to aristocratic circles. His central contribution to the free-will debate is a tripartite distinction preserved by 
person_celestius_d430s,person,Celestius (Caelestius),,Christian (patristic),0.96,0.94,no textual anchor,"Disciple of Pelagius who denied original sin and necessity of infant baptism for salvation. Condemned at Council of Carthage (412) by Bishop Aurelius, later excommunicated with Pelagius (418)"
work_chrysostom_hom_colossians,work,"John Chrysostom, Homiliae in Epistulam ad Colossenses",,Christian (patristic),0.96,0.95,"503-504), the second homily (PG 62, 318 l.16-27) denounces Christians' belief in necessity and heimarmene as a tactic of the devil to lead them to neglect virtue and worship demons.","Homélies de Jean Chrysostome sur la lettre aux Colossiens (PG 62, 299-392). For Amand 1945 (Book II ch. XII p. 503-504), the second homily (PG 62, 318 l.16-27) denounces Christians' belief in necessity and heimarmene as "
work_basil_hexaemeron,work,Homiliae in Hexaemeron (Ὁμιλίαι εἰς τὴν Ἑξαήμερον),,Christian (patristic),0.96,0.95,(b) the destruction of Christian hopes.,"Nine homilies by Basil of Caesarea, preached around 378 CE, on the six days of creation (Gen. 1). For Amand 1945 (p. 393-400), chapters 5, 6, and 7 of the sixth homily constitute the starting point of his entire study of"
work_bayle_rorarius_1702,work,"Dictionnaire historique et critique, article ""Rorarius""",,Modern scholarship,0.96,0.95,no textual anchor,"Article ""Rorarius"" in Pierre Bayle's Dictionnaire historique et critique. ARTFL documents the Dictionnaire's first edition (1697) and second edition (1702); recent scholarship identifies note L of the 'Rorarius' article "
work_epiphanius_panarion,work,"Epiphane, Panarion (Refutation de toutes les heresies, ou Coffre a remedes)",,Christian (patristic),0.96,0.95,"440-460), the Panarion is the principal instrument of Epiphanius' anti-Origenist polemic: Heresy 64 against the Origenists (with a tendentious compilation of texts from De Principiis), Heresies 69-76 against the Arians and the Anomoeans-Eunomians.","Panarion (Coffre a remedes, ou Refutation de toutes les heresies), the great heresiological compendium of Epiphanius of Salamis, composed between 374 and 377 CE. It catalogues 80 heresies, from 'barbarism' (Adamic) to th"
work_job_o1p2q3r4,work,Job (Iyov),,Jewish,0.96,0.95,no textual anchor,"Wisdom dialogue addressing suffering and divine justice. While not primarily about free will, raises questions about divine sovereignty, human innocence, and the limits of moral responsibility."
work_josephus_antiquitates,work,"Josephus, Antiquitates Judaicae",,Jewish,0.96,0.96,"Flavius Josephus, Antiquitates Judaicae (Jewish Antiquities).","Flavius Josephus, Antiquitates Judaicae (Jewish Antiquities). Book XVIII contains the famous passage on the three Jewish sects and their views on fate. Edition: Niese 1885-95."
work_ps_clement_homiliae,work,"Pseudo-Clement, Homiliae",,Christian (patristic),0.96,0.96,"The homilies frame Clement of Rome as the narrator of theological disputations between Peter and Simon Magus, with substantial 'Jewish-Christian' theological positions (rejection of much of the Hebrew Bible's anthropomorphic accounts of God under the rubric of 'false pericopes', ","Pseudo-Clementine Homiliae, 20 homilies, preserved entire in Greek, redacted in Greek-speaking Syria in the first half of the fourth century (c. 300–320) out of a lost Grundschrift of c. 220–260 CE shared with the Recogn"
work_pseudo_origenes_in_iob_arian_commentary,work,"Pseudo-Origene, Commentaire arien sur le livre de Job",,Christian (patristic),0.96,0.96,"Greek commentary on the book of Job, falsely attributed to Origen by the late manuscript tradition (Parisinus gr.","Greek commentary on the book of Job, falsely attributed to Origen by the late manuscript tradition (Parisinus gr. 454 of 1448, Berolinensis Phillip. 1406 of 1542, Vaticanus gr. 1518). H. Usener (1897, 1900) proposed attr"
work_didache,work,Didache (Διδαχὴ τῶν δώδεκα ἀποστόλων),,Christian (patristic),0.96,0.95,"Anonymous early Christian church order, opening with the Two Ways (Δύο ὁδοί) material.","Didache, or Teaching of the Twelve Apostles. Anonymous early Christian church order, opening with the Two Ways (Δύο ὁδοί) material. 6 passages in this corpus."
scholarly_argument_brennan_shrinking_self,argument,"Brennan: the ancient/modern shift in moral responsibility is a shrinking of the self, not a change of criterion",,Modern scholarship,0.96,0.95,no textual anchor,"Brennan accepts Bobzien's demonstration that the ancient debate over moral responsibility ran on autonomy (the agent, not something external, caused the action) while the modern debate runs on the ability to do otherwise"
scholarly_argument_dettwiler_free_will_and_prayer_0,argument,Dettwiler: The exhortation to pray continually (1 Th 5:17) is embedded in a framework of di,,Modern scholarship,0.96,0.95,no textual anchor,"free will and prayer — The exhortation to pray continually (1 Th 5:17) is embedded in a framework of divine grace that precedes and enables human response; moralizing readings are excluded, suggesting that prayer is not "
scholarly_argument_grant_irenaeus_on_free_will_and_mora_0,argument,Grant: Irenaeus held that humans have free will and are morally responsible for their c,,Christian (patristic),0.96,0.95,no textual anchor,"In Grant's translation, Irenaeus (Heresies IV.15.2) says that God 'has always preserved both human free will and his own exhortation, so that those who disobey may be justly judged for having disobeyed, and those who obe"
scholarly_argument_jaubert_free_will_and_moral_responsibi_0,argument,"Jaubert: The epistle emphasizes voluntary submission, humility, and interior conversion a",,Christian (patristic),0.96,0.95,no textual anchor,"free will and moral responsibility in 1 Clement — The epistle emphasizes voluntary submission, humility, and interior conversion as conditions for peace; the crisis at Corinth stems from human choices (rivalries, revolts"
work_ezekiel_g3h4i5j6,work,Ezekiel (Yechezkel),,Jewish,0.96,0.95,no textual anchor,Major prophetic book of the exilic period (6th c. BCE) emphasizing individual moral responsibility. Ezekiel 18 explicitly rejects inter-generational guilt and affirms that each person is responsible for their own choices
scholarly_argument_voelke_consent_to_destiny_voluntary_act,argument,"Voelke: consent to Destiny is the voluntary act par excellence, not passive resignation",,Stoic,0.96,0.96,"Epictetus, Man.","Chapter VI, 'Le consentement au Destin'. Only the willing that consents to Destiny is safe from failure and can greet every event as the realisation of its own aspiration; its best expression is Cleanthes' prayer (ap. Ep"
scholarly_argument_jewett_determinism_and_election_1,argument,Jewett: The passage presents a strong doctrine of divine selectivity—God hardens whom Go,,Modern scholarship,0.96,0.94,no textual anchor,determinism and election — The passage presents a strong doctrine of divine selectivity—God hardens whom God wills and shows mercy to whom God wills—with the potter having absolute power over the clay; this is framed as 
argument_carneadean_virtue_vice_amand1945,argument,"Argument carnéadien III — Vertu et vice, louange et blâme sont sans objet (collapse of moral evaluation)",,Pyrrhonist/Sceptic,0.95,0.96,no textual anchor,"Third of the six argumentative headings reconstructed by Amand (1945, p. 576-577). Amand's formulation: ""Under the hypothesis of absolute fatalism, virtue and vice, praise and blame are useless, because they no longer ha"
argument_boethius_foreknowledge_problem,argument,Boethius's Formulation of the Foreknowledge Problem (Consolation V.pr.3),,Christian (patristic),0.95,0.93,no textual anchor,"**Source primaire** : Boèce, *Consolation de la Philosophie* V.pr.3 (CCSL 94, Bieler, 1957/1984 ; ed. Moreschini, Bibliotheca Teubneriana, 2000/2005).
**Prémisse 1** : Si Dieu préconnaît avec certitude que X adviendra, a"
argument_jansenist_denial_of_liberty_of_indifference_73aa8ce2,argument,Jansenist Denial of Liberty of Indifference,,Christian (patristic),0.95,0.94,"Jansenism, rooted in Cornelius Jansen's reading of Augustine, denies liberty of indifference and argues that the will is always determined—either by concupiscence (corrupt desire) or by efficacious grace.","Jansenism, rooted in Cornelius Jansen's reading of Augustine, denies liberty of indifference and argues that the will is always determined—either by concupiscence (corrupt desire) or by efficacious grace. True freedom co"
argument_origen_witness_middle_platonism_amand1945,argument,Origène — Influence médio-platonicienne + école d'Ammonios Saccas (Amand 1945),,Middle Platonist,0.95,0.94,"294-296): Middle Platonism (Plutarch, Albinus, Atticus, Celsus) exerted a direct and important influence on all the essential points of Origen's system.","Amand (p. 294-296): Middle Platonism (Plutarch, Albinus, Atticus, Celsus) exerted a direct and important influence on all the essential points of Origen's system. The same eclecticism, the same predominance of religious "
argument_providence_freedom_alex,argument,Legacy reconstruction (discovery only): Providence-Freedom Harmony Argument (Alexander),,Peripatetic,0.95,0.93,no textual anchor,"Providence and foreknowledge cluster, discovery only. De fato II-VI presents fate as individual nature, while chapter XXX allows only the hypothesis that a god knows an agent can choose either way, not the future choice "
argument_regret_alex,argument,Regret Argument (Alexander),,Peripatetic,0.95,0.93,no textual anchor,"Premise 1: We REGRET (μεταμέλεια) our bad choices.
Premise 2: Regret is rational only if we could HAVE DONE otherwise.
Premise 3: If everything is fated, we could NOT have done otherwise.
Conclusion: Therefore, if everyt"
argument_pyrrhus_one_energy,argument,Pyrrhus : une seule énergie en Christ (mono-énergisme),,Christian (patristic),0.95,0.94,no textual anchor,"**Primary source**: Pyrrhus of Constantinople, position reported by Maximus the Confessor, *Disputatio cum Pyrrho* §1-12 (PG 91, 287-308) — Carthage, July 645; prepared by Pseudo-Dionysius, *Lettre* 4, which nevertheless"
argument_carneadean_antiastrological_collective_death_amand1945,argument,Carneadean Anti-Astrological Argument III — Collective Death of Those Born Neither at the Same Moment nor under the Same Constellations,,Pyrrhonist/Sceptic,0.95,0.94,"Third of the five distinct anti-astrological arguments reconstructed by Amand in Carneades (1945, p.","Third of the five distinct anti-astrological arguments reconstructed by Amand in Carneades (1945, p. 53-55, Intro §II ch. II §V.3). Amand identifies this argument as the second limb of the dilemma formulated in argument "
argument_deliberation_alex,argument,Legacy reconstruction (discovery only): Deliberation Argument (Alexander),,Peripatetic,0.95,0.95,no textual anchor,"Dialectical deliberation cluster, discovery only. De fato 11-12 appeals to deliberation and what depends on us. Sharples treats the surrounding argument as polemical and does not infer an ultimate or uncaused agent. The "
argument_aquinass_natural_inclination_to_happiness_7a145771,argument,Aquinas's Natural Inclination to Happiness,,Christian (patristic),0.95,0.94,no textual anchor,"Aquinas argues that the will has a natural and necessary inclination (inclinatio naturalis) toward happiness as the ultimate good, but this natural necessity is compatible with freedom because it operates at a different "
argument_in_vs_according_fate_plut,argument,In Fate vs According to Fate Argument (Pseudo-Plutarch),,Middle Platonist,0.95,0.94,no textual anchor,"Premise 1: Law encompasses crimes (treason, adultery) but does not command them
Premise 2: What is ""in"" the law is not the same as what is ""according to"" the law
Premise 3: Similarly, fate encompasses eph' hēmin, conting"
argument_agent_causation_two_way_powers_alexander_q8r9s0t1,argument,Legacy reconstruction (discovery only): Alexander's Agent Causation via Two-Way Powers Argument,,Peripatetic,0.95,0.94,no textual anchor,"Legacy reconstruction, discovery only. Alexander's De fato 12 links deliberation with control of doing and not doing. Sharples classifies the broader conception as libertarian, but stresses that Alexander does not explai"
scholarly_position_gill_structured_self_stoicism,argument,Stoic theory of self and agency,,Stoic,0.95,0.94,Stoic theory of self and agency — Hellenistic theories of self and ethical development are best read as naturalistic and 'structured' (not 'subjective' in the modern post-Cartesian sense).,Stoic theory of self and agency — Hellenistic theories of self and ethical development are best read as naturalistic and 'structured' (not 'subjective' in the modern post-Cartesian sense). Stoic agency is grounded in the
scholarly_position_rist_augustine_platonized_christian,argument,Augustine and Platonism,,Christian (patristic),0.95,0.93,"Augustine and Platonism — Augustine adapted a deeply Platonic outlook to Christianity, constructing a vision in which Platonism and Christianity point in the same direction;","Augustine and Platonism — Augustine adapted a deeply Platonic outlook to Christianity, constructing a vision in which Platonism and Christianity point in the same direction; his doctrine of will, love, and right action g"
scholarly_argument_dihle_greek_concept_of_will_0,argument,Dihle: The Greeks never developed a distinct concept of will; human action was explaine,,Modern scholarship,0.95,0.95,no textual anchor,"Dihle states that the Greeks never developed a distinct concept of will (The Theory of Will in Classical Antiquity, 1982, p. 68)."
scholarly_argument_dihle_historical_development_of_the__3,argument,"Dihle: The concept of will as a distinct, arbitrary faculty separate from reason was no",,Modern scholarship,0.95,0.93,no textual anchor,"Dihle closes ch. I by stating that the 'clear-cut notion of will' — will as a factor separate from both reason and emotion or instinct — was always implied in the Biblical image of God, man and the universe, yet utterly "
scholarly_argument_double_methodological_reframing_of_fr_1,argument,Double: The traditional trichotomy of Hard Determinism/Soft Determinism/Libertarianism a,,Modern scholarship,0.95,0.95,no textual anchor,methodological reframing of free will debate — The traditional trichotomy of Hard Determinism/Soft Determinism/Libertarianism and the dichotomy of Incompatibilism vs. Compatibilism should be replaced by a framework with 
scholarly_argument_eskola_law_and_justification_4,argument,Eskola: The law has a 'paradoxical function' in Paul: it brings knowledge of sin and dea,,Modern scholarship,0.95,0.94,no textual anchor,"Predestinarian theology explains the law's 'paradoxical function': God's good law kills instead of giving life (§10, p. 190). The 'works of the law' are the Avodat Israel, Jewish service to God — in Judaism a positive te"
scholarly_argument_fitzmyer_divine_election_and_human_mora_1,argument,Fitzmyer: Paul's argument emphasizes God's gratuitous election that is 'not because of dee,,Modern scholarship,0.95,0.94,no textual anchor,"divine election and human moral responsibility — Paul's argument emphasizes God's gratuitous election that is 'not because of deeds but because of his call' (Rom 9:11); Fitzmyer notes that 'it may seem that God, in so de"
scholarly_argument_fitzmyer_free_will_and_predestination_i_0,argument,Fitzmyer: The passage has been subject to extensive interpretation regarding free will and,,Modern scholarship,0.95,0.95,no textual anchor,"free will and predestination in Romans 9 — The passage has been subject to extensive interpretation regarding free will and predestination throughout history, but Fitzmyer himself does not take a firm theological stance "
scholarly_argument_frede_plotinus_on_free_will_6,argument,"Frede: Plotinus reacts to the Stoic notion of free will, particularly in Ennead VI.8, d",,Neoplatonist,0.95,0.94,"Plotinus on free will — Plotinus reacts to the Stoic notion of free will, particularly in Ennead VI.8, developing a Neoplatonist account that distinguishes different levels of freedom and relates freedom to the intelligible realm and the One","Plotinus on free will — Plotinus reacts to the Stoic notion of free will, particularly in Ennead VI.8, developing a Neoplatonist account that distinguishes different levels of freedom and relates freedom to the intelligi"
scholarly_argument_gaventa_divine_election_and_human_agen_0,argument,Gaventa: Paul's argument in Romans 9 emphasizes God's sovereign creative action in electi,,Modern scholarship,0.95,0.94,no textual anchor,"divine election and human agency — Paul's argument in Romans 9 emphasizes God's sovereign creative action in electing Israel without reference to Israel's goodness, faith, obedience, or even potential—election is 'not fr"
scholarly_argument_gourinat_eph_hemin_in_stoicism_before_e_3,argument,Gourinat: the distinction between what depends on us (prohairesis) and what does not (exte,,Stoic,0.95,0.94,eph' hemin in Stoicism before Epictetus — the distinction between what depends on us (prohairesis) and what does not (external things) is largely absent from Stoicism before Epictetus and represents his personal contribution;,eph' hemin in Stoicism before Epictetus — the distinction between what depends on us (prohairesis) and what does not (external things) is largely absent from Stoicism before Epictetus and represents his personal contribu
scholarly_argument_hall_origen_on_free_will_and_autono_0,argument,Hall: Origen develops a robust account of human autonomy (αὐτεξούσιον) that is compati,,Christian (patristic),0.95,0.95,"Origen on free will and autonomy — Origen develops a robust account of human autonomy (αὐτεξούσιον) that is compatible with divine foreknowledge, rejecting deterministic fate while maintaining that God knows future events without causing them","Origen on free will and autonomy — Origen develops a robust account of human autonomy (αὐτεξούσιον) that is compatible with divine foreknowledge, rejecting deterministic fate while maintaining that God knows future event"
scholarly_argument_guillon_state_of_contemporary_free_wil_4,argument,Guillon: The contemporary discussion on free will does not offer the homogeneity or conse,,Modern scholarship,0.95,0.93,no textual anchor,state of contemporary free will debate — The contemporary discussion on free will does not offer the homogeneity or consensus of a single 'epoch' but presents itself as a mosaic of positions that derive their dialectical
scholarly_argument_helm_divine_authorship_of_sin_1,argument,Helm: Denies that theistic compatibilism entails God is the author of sin. Distinguish,,Modern scholarship,0.95,0.94,no textual anchor,divine authorship of sin — Denies that theistic compatibilism entails God is the author of sin. Distinguishes God's 'willing permission' from direct causation; God's governance through permission is not transitive like i
scholarly_argument_jewett_human_moral_agency_and_conscie_1,argument,"Jewett: For Paul, conscience is not the voice of God or a guiding moral agency but rathe",,Modern scholarship,0.95,0.94,no textual anchor,"human moral agency and conscience — For Paul, conscience is not the voice of God or a guiding moral agency but rather the irrepressible knowledge one has 'with oneself' that an action is consistent or inconsistent with o"
scholarly_argument_jewett_moral_responsibility_under_div_2,argument,"Jewett: The interlocutor's objection in 9:19 presupposes that if God hardens someone, th",,Modern scholarship,0.95,0.94,no textual anchor,"moral responsibility under divine hardening — The interlocutor's objection in 9:19 presupposes that if God hardens someone, they cannot be held accountable (βούλημα αὐτοῦ / 'his purpose' implies irresistible divine inten"
scholarly_argument_jewett_divine_sovereignty_and_human_e_0,argument,Jewett: Divine mercy is sovereign; the achievement of righteousness cannot result entire,,Modern scholarship,0.95,0.93,no textual anchor,divine sovereignty and human effort in righteousness — Divine mercy is sovereign; the achievement of righteousness cannot result entirely from human effort. God's selection of a remnant as 'vessels of mercy' means that o
scholarly_argument_laato_free_will_defense_0,argument,"Laato: The free-will defense has lost its power in modernity because it is ahistorical,",,Modern scholarship,0.95,0.95,no textual anchor,"In their introduction Laato and de Moor quote, without further comment, a closing note of J. L. Crenshaw's ABD article: modern calamities (Lisbon, the Holocaust) have raised theodicy 'to new heights', and 'traditional fr"
scholarly_argument_nadelhoffer_folk_jurisprudence_and_free_wi_1,argument,Nadelhoffer: Folk judgments about free will and responsibility are influenced by legal framew,,Modern scholarship,0.95,0.95,no textual anchor,"Folk jurisprudence and free will judgments — Folk judgments about free will and responsibility are influenced by legal frameworks and jurisprudential concepts, suggesting that experimental designs should attend to folk l"
scholarly_argument_oviedo_rahner_s_theological_anthropol_1,argument,Oviedo: Rahner's transcendental neo-Kantian anthropology represents a valuable but dated,,Modern scholarship,0.95,0.94,no textual anchor,"Oviedo reads Rahner's 1965 'Theology of freedom', framed by 'transcendental neo-Kantian anthropology', as the most updated Catholic attempt for its time, asking 'which points require some updating, complement or even dee"
scholarly_argument_pironet_freedom_and_intentionality_in__2,argument,"Pironet: Strict akrasia requires that the akratic action be free and intentional, not com",,Modern scholarship,0.95,0.95,no textual anchor,"Reporting the post-Davidson debate, Pironet and Tappolet note that most now hold 'strict akrasia' (Mele) possible: the agent judges y better than x, is or believes himself free and able to do y, yet does x 'librement et "
scholarly_argument_mansfeld_epicurus_and_atomic_swerve_2,argument,Mansfeld: Reports Frede's position that Epicurus' atomic swerve should not be seen as pert,,Epicurean,0.95,0.94,"Epicurus and atomic swerve — Reports Frede's position that Epicurus' atomic swerve should not be seen as pertaining to mental events entailing free actions, but as demonstrating that causal chains are constantly interrupted so that some actions will be independent","Epicurus and atomic swerve — Reports Frede's position that Epicurus' atomic swerve should not be seen as pertaining to mental events entailing free actions, but as demonstrating that causal chains are constantly interrup"
scholarly_argument_maston_ben_sira_and_human_agency_1,argument,Maston: Ben Sira prioritizes human agency through the two-ways tradition derived from De,,Jewish,0.95,0.94,no textual anchor,"Ben Sira builds the divine-human relationship on the two-ways model he finds in Deuteronomy 30.15-20 (Sir 15.14-17): the individual human is the primary actor, possesses the moral capacity to obey, and Torah observance l"
scholarly_argument_sagnard_free_will_and_moral_responsibi_0,argument,Sagnard: Sagnard presents Irenaeus as holding that human beings have free will and moral ,,Christian (patristic),0.95,0.94,no textual anchor,"Sagnard's Introduction to SC 34 (Book III) treats Irenaeus and martyrdom, the plan and sources of Book III, and Irenaeus's vocabulary of newness — a 'new economy of liberty' opened by the coming of the Son — and the Eve/"
scholarly_argument_sapolsky_free_will_existence_0,argument,Sapolsky: Free will does not exist; all human behavior is fully determined by prior biolog,,Modern scholarship,0.95,0.94,no textual anchor,free will existence — Free will does not exist; all human behavior is fully determined by prior biological and environmental causes stretching back indefinitely ('turtles all the way down')
scholarly_argument_pouderon_bath_of_sin_and_baptismal_clea_11,argument,"Pouderon: Justin insists on the 'bath' of sin into which humans are plunged from birth, wh",,Christian (patristic),0.95,0.95,no textual anchor,"bath of sin and baptismal cleansing — Justin insists on the 'bath' of sin into which humans are plunged from birth, which can only be erased through baptismal bath. It remains unclear whether this refers to the child's m"
scholarly_argument_still_pauline_reception_in_early_chr_1,argument,Still: The volume as a whole examines how second- to early-fourth-century Christian apologists (Ar,,Christian (patristic),0.95,0.94,"15 contributors) on Paul's reception among writers grouped, pragmatically, as apologists: Aristides, Justin, Tatian, Athenagoras and Pseudo-Athenagoras, Melito, Aristo of Pella and Hegesippus, Theophilus, Clement of Alexandria, Tertullian, Minucius Felix, Hippolytus, Novatian, Di","Edited volume (Still & Wilhite, 2024; 15 contributors) on Paul's reception among writers grouped, pragmatically, as apologists: Aristides, Justin, Tatian, Athenagoras and Pseudo-Athenagoras, Melito, Aristo of Pella and H"
scholarly_argument_telfer_gnostic_rejection_of_free_will_1,argument,"Telfer: Basilides and Valentinus rejected autexousia, holding that Gnostics incline to g",,Gnostic,0.95,0.95,"Gnostic rejection of free will — Basilides and Valentinus rejected autexousia, holding that Gnostics incline to good by nature while others incline to evil by nature and are incapable of faith;","Gnostic rejection of free will — Basilides and Valentinus rejected autexousia, holding that Gnostics incline to good by nature while others incline to evil by nature and are incapable of faith; this dualism was the chall"
scholarly_argument_telfer_nemesius_of_emesa_and_conditio_6,argument,"Telfer: The Antiochene school, culminating in Nemesius of Emesa, developed the most soph",,Christian (patristic),0.95,0.95,"Telfer presents the Antiochene anthropology of man as 'a partner-union of soul and body' and Nemesius of Emesa, author of 'the first formal work of Christian anthropology', as showing that the soul's autexousia 'is only exercised under manifold limitations arising from its union ","Telfer presents the Antiochene anthropology of man as 'a partner-union of soul and body' and Nemesius of Emesa, author of 'the first formal work of Christian anthropology', as showing that the soul's autexousia 'is only "
scholarly_argument_telfer_origen_s_systematization_and_i_4,argument,"Telfer: Origen included autexousia among his First Principles (De Principiis III.1), but",,Christian (patristic),0.95,0.94,Telfer: Origen 'includes human autexousia among his First Principles' (iii.,"Telfer: Origen 'includes human autexousia among his First Principles' (iii. 1), but his argument 'drives him back upon his theory of prenatal sin', from which, via the Christian tradition of angelology, he built a redemp"
scholarly_argument_wolter_faith_as_human_response_and_di_1,argument,Wolter: Wolter examines faith (pistis) as both human response to the gospel and as somet,,Modern scholarship,0.95,0.94,no textual anchor,"Wolter treats πίστις as the addressees' agreement with the proclaimed gospel — the response the message is designed to find (p. 71). On whether faith is a free 'decision' or a 'gift' given in a 'predestinarian' way, he h"
scholarly_argument_wolter_free_will_and_divine_predestin_0,argument,Wolter: Wolter addresses Paul's theology of election and the relationship between divine,,Modern scholarship,0.95,0.93,no textual anchor,"In §51 Wolter argues that Romans 9-11 ends in a 'theological aporia': Paul cannot reconcile 'gospel' and 'election'. He holds both that 'there is no distinction' between Israel and the nations, all being justified solely"
person_bardesanes_the_syrian_3r8s0u76,person,Bardaisan of Edessa (Bar-Daisan),,Christian (patristic),0.95,0.94,"222 CE), Syriac Christian philosopher and court-figure at the Abgarid court of Osrhoene (Edessa).","Bardaisan of Edessa (Bar-Daiṣan, c. 154 — c. 222 CE), Syriac Christian philosopher and court-figure at the Abgarid court of Osrhoene (Edessa). Known almost exclusively through the dialogue Book of the Laws of the Countri"
person_hillel_elder_m3n4o5p6,person,Hillel the Elder,,Jewish,0.95,0.93,no textual anchor,"Leading Pharisaic sage (1st c. BCE–1st c. CE), founder of the House of Hillel. (NB: the maxim 'All is foreseen, yet free will is given', Mishnah Avot 3:15, belongs to R. Akiva, not Hillel.) Emphasized human responsibilit"
person_john_chrysostom_d407,person,John Chrysostom,,Christian (patristic),0.95,0.94,"His Hellenism is purely formal—oratorical technique, precepts of composition and style learned from rhetoricians and sophists—and his eloquence draws its soul from Christian faith and apostolic zeal, not from the Second Sophistic.","John Chrysostom (c. 349–407 CE), preacher at Antioch and subsequently patriarch of Constantinople (398–404), was a pupil of Libanius (according to a tradition reported by Socrates HE VI.3) and of Diodore of Tarsus in the"
person_philo_alexandria_a1b2c3d4,person,Philo of Alexandria,,Jewish,0.95,0.94,"Hellenistic Jewish philosopher, c.","Hellenistic Jewish philosopher, c. 20 BCE – c. 50 CE, Alexandria. Synthesizing Middle Platonist transcendence, Stoic ethics, and Torah exegesis — with Scripture always primary (Nikiprowetzky 1977) — Philo grounds human m"
person_broad_charlie_dunbar_0j1k2l3m,person,C.D. Broad,,Modern scholarship,0.95,0.94,no textual anchor,"British philosopher who analyzed libertarian and compatibilist positions. Argued that libertarian free will would require a peculiar 'non-occurrent' causation by the self as substance, which he found close to unintelligi"
scholar_vargas_m,person,Manuel Vargas,,Modern scholarship,0.95,0.94,no textual anchor,"American philosopher (born 1971), professor of philosophy at UC San Diego. Author of Building Better Beings: A Theory of Moral Responsibility (Oxford University Press 2013), which defends a revisionist approach to free w"
work_josephus_bellum_jud,work,"Josephus, Bellum Judaicum",,Jewish,0.95,0.95,"Flavius Josephus, Bellum Judaicum (The Jewish War).","Flavius Josephus, Bellum Judaicum (The Jewish War). Book II (BJ 2.119-166) contains the account of the three Jewish sects — Pharisees, Sadducees, and Essenes — on fate and free will. (The parallel sect accounts at AJ 13."
work_methodius_de_libero_arbitrio,work,"Methodius, De Libero Arbitrio (Περὶ τοῦ αὐτεξουσίου)",,Christian (patristic),0.95,0.94,The earliest extant Christian treatise specifically dedicated to the defense of human free will (αὐτεξούσιον).,The earliest extant Christian treatise specifically dedicated to the defense of human free will (αὐτεξούσιον). Written c. 270-300 CE by Methodius of Olympus. The work takes the form of a philosophical dialogue (following
person_eusebius_emesa_300_360,person,Eusebius of Emesa,,Christian (patristic),0.95,0.93,no textual anchor,"Eusebius of Emesa (c. 300-360), Syrian-born exegete writing in Greek, associated with the Antiochene tradition of literal interpretation. His Commentary on the Octateuch and Kings survives only in fragments, transmitted "
scholarly_argument_meyer_1998_no_greek_term_moral_responsibility,argument,"Meyer: no Greek expression corresponds to 'moral responsibility', yet the topic was debated",,Modern scholarship,0.95,0.94,no textual anchor,"Meyer argues that although there is no expression in Classical or Hellenistic Greek corresponding to the English 'moral responsibility', the topic was the subject of lively discussion: all major figures and schools agree"
scholarly_argument_holz_dynamic_core,argument,Holz: will and freedom are a dynamic systematic core in Origen,,Christian (patristic),0.95,0.94,no textual anchor,Will and freedom organize a moral dynamism centered on acting individuals rather than a static cosmology.
scholarly_argument_loehr_not_autonomous_faculty,argument,Löhr: Paul implies liberated willing without an autonomous faculty,,Modern scholarship,0.95,0.93,no textual anchor,"Romans leads toward liberated capacity, but Paul never names free will; divine Spirit, not an independent self-core, grounds exhortation."
scholarly_argument_dettwiler_free_will_and_moral_responsibi_2,argument,Dettwiler: Notes that recipients can verify the falsehood of presentist eschatology by reco,,Modern scholarship,0.95,0.94,no textual anchor,"Dettwiler, describing the argumentative strategy of 2 Th 2,1-12: the recipients, 'en recourant à leur propre expérience de vie', can easily convince themselves that the announced events have not yet happened, so the adve"
scholarly_argument_dettwiler_relationship_between_eschatolo_3,argument,Dettwiler: Leaves open whether the exhortation about 'disorderly' persons in chapter 3 shou,,Modern scholarship,0.95,0.96,no textual anchor,relationship between eschatology and ethics (disorderly conduct) — Leaves open whether the exhortation about 'disorderly' persons in chapter 3 should be directly connected to the eschatological theme of chapter 2; the do
scholarly_argument_sorabji_epictetus_on_freedom_1,argument,Sorabji: Epictetus offers a rare kind of freedom from inner and outer compulsions through,,Stoic,0.95,0.95,"49-50) Epictetus' eleutheria is 'a genuine freedom, but rare': through 'careful adjudication of desires' one is 'enslaved to nothing', and the resulting 'rare kind of invulnerability' is why the person is called free.","For Sorabji (pp. 49-50) Epictetus' eleutheria is 'a genuine freedom, but rare': through 'careful adjudication of desires' one is 'enslaved to nothing', and the resulting 'rare kind of invulnerability' is why the person i"
work_firmicus_de_errore_profanarum_religionum,work,"Iulius Firmicus Maternus, De errore profanarum religionum",,Christian (patristic),0.95,0.94,"Christian apologetic pamphlet composed by Iulius Firmicus Maternus after his conversion to Christianity, around 343-350 CE—approximately ten years after his astrological Mathesis.","Christian apologetic pamphlet composed by Iulius Firmicus Maternus after his conversion to Christianity, around 343-350 CE—approximately ten years after his astrological Mathesis. According to Amand 1945 (Book I ch. VII "
scholarly_argument_kirwan_1984_dihle_fails_to_identify_issues,argument,Kirwan: Dihle's book fails to identify the philosophical issues on which the question of the will turns,,Modern scholarship,0.95,0.95,no textual anchor,"In his Classical Review notice of Dihle's The Theory of Will in Classical Antiquity, Kirwan objects that Dihle does not identify the issues relevant to deciding whether a philosopher has a concept of the will. Irwin adop"
scholarly_argument_voelke_will_as_immanent_tension,argument,"Voelke: the primordial Stoic will is immanent tension (tonos) of the pneuma, not effort against resistance",,Stoic,0.95,0.95,"Against philosophers who define will by effort against a resisting object (a conception implying exteriority, as in Maine de Biran), Voelke argues that in the old Stoa effort in its primordial form supposes no exteriority of agent to patient: it is the tension of a corporeal pneu","Against philosophers who define will by effort against a resisting object (a conception implying exteriority, as in Maine de Biran), Voelke argues that in the old Stoa effort in its primordial form supposes no exteriorit"
scholarly_argument_hendriksen_free_will_and_human_responsibi_2,argument,"Hendriksen: While affirming divine sovereign grace as the source of salvation, Hendriksen no",,Modern scholarship,0.95,0.94,no textual anchor,"free will and human responsibility in salvation — While affirming divine sovereign grace as the source of salvation, Hendriksen notes that Israel's rejection was 'because of its unbelief' (9:27, 31, 32; 10:21), suggestin"
argument_origen_witness_carneades_transposition_theological_consequences_amand1945,argument,"Origène (transposant Carnéade) — Conséquences théologiques : vanité du Christ, des Apôtres, de l'Économie (Amand 1945)",,Christian (patristic),0.95,0.94,"321): Origen then develops the series of theological, impious, and blasphemous consequences of astrological fatalism (Phil.","Amand (p. 321): Origen then develops the series of theological, impious, and blasphemous consequences of astrological fatalism (Phil. 23.1, Robinson p. 188,5-16). Text cited by Amand: “Christian faith becomes vain, Chris"
argument_origen_witness_diss_part3_pseudo_clementine_amand1945,argument,Origène — Citation pseudo-clémentine du ch. 14 (Amand 1945),,Christian (patristic),0.95,0.94,"Amand notes the twofold dependence: Origen and the redactor of the Recognitions depend on a common, earlier Christian anti-astrological polemic (cf.","Amand (p. 316-317): Third part of the anti-astrological dissertation: lengthy quotation taken from the pseudo-Clementine novel entitled Περίοδοι. This extract reproduces Clement's reply to his father Faustus, at Laodicea"
argument_origen_witness_diss_precession_equinoxes_amand1945,argument,Origène — Précession des équinoxes mobilisée contre l'astrologie scientifique (Amand 1945),,Christian (patristic),0.95,0.94,314) [specific sub-theme drawn from Problem 3]: Amand emphasizes the exceptional scientific-philological significance of Origen's argument.,"Amand (p. 314) [specific sub-theme drawn from Problem 3]: Amand emphasizes the exceptional scientific-philological significance of Origen's argument. Origen distinguishes (Phil. 23.18, Robinson p. 206,29 — 207,6) the νοη"
scholarly_argument_wells_new_creation_as_reconstitution_6,argument,"Wells: In Paul's theology, 'new creation' (2 Cor 5:17; Gal 6:15) represents the eschato",,Modern scholarship,0.95,0.94,no textual anchor,For Adamic agents to become competent 'it would take nothing short of an act of new creation'; by the call that raises the dead (Rom 4:17-18) God is 'eschatologically recreating moral agents'. The rebellious 'I' dies in 
argument_carneadean_assent_chain_via_cicero_amand1945,argument,"Argument carnéadien de la chaîne fatale (assentiment-tendance-action) — De fato 17, 40 (témoin cicéronien)",,Pyrrhonist/Sceptic,0.95,0.94,Amand characterizes it as a «brief indication» that «schematically summarizes a proof from Carneades’ moral argumentation» and indirectly confirms the substance of the argument reconstructed through comparison of the six witnesses (material B1 §III virtue/vice and §IV incentives),"Carneadean anti-fatalist argument, transmitted in abbreviated form by Cicero De fato 17, 40 (according to Amand p. 79-80, ll. 5169-5206): If everything is fated, everything is the effect of a prior cause; if impulse (ὁρμ"
argument_clement_alex_carneadean_glissement_faith_unbelief,argument,"Clement, Strom. II, 11, 1-2 - glissement chretien faith/unbelief (Amand 1945)",,Christian (patristic),0.9400000000000001,0.93,"Anti-fatalist argument of Clement of Alexandria in the Stromateis II, 11, 1-2 against Basilides and Valentinus.","Anti-fatalist argument of Clement of Alexandria in the Stromateis II, 11, 1-2 against Basilides and Valentinus. Clement transposes an originally Carneadean argument: 'if faith is a prerogative of nature, it is no longer "
argument_dihle_1982_indian_parallel_dharma_intellectualism,argument,Dihle 1982 — Indian parallel: Indian thought on dharma is also intellectualist,,Modern scholarship,0.9400000000000001,0.92,no textual anchor,"Comparative argument of Dihle 1982 (Lect. I and passim, p. 13-15 / md ll. 312, 404, 6639). As an Indologist, Dihle notes that classical Indian thought (vedanta, buddhisme, jainisme) develops a psychology of action ground"
argument_ensouled_soulless_alex,argument,Ensouled vs Soulless Distinction (Alexander),,Peripatetic,0.9400000000000001,0.93,no textual anchor,"Premise 1: Stones and fire act by natural necessity - given their nature + circumstances, only ONE outcome is possible. Premise 2: Animals (especially rational animals) have a different kind of nature. Premise 3: The Sto"
argument_four_categories_alex,argument,Four Categories of Being (Alexander),,Peripatetic,0.9400000000000001,0.93,no textual anchor,"Greek terminology:
• ἐξ ἀνάγκης (ex anankēs) - by necessity
• ὡς ἐπὶ τὸ πολύ (hōs epi to poly) - for the most part
• ἀπὸ τύχης (apo tychēs) - from chance
• τὸ ἐφ᾽ ἡμῖν (to eph' hēmin) - what is up to us

Argument structu"
argument_augustine_de_lib_arb_anti_manichean,argument,Augustine: Anti-Manichean Argument in De Libero Arbitrio (Books I–III),,Christian (patristic),0.9400000000000001,0.93,"Augustine of Hippo's foundational anti-Manichean argument in De Libero Arbitrio (Books I–III, c.","Augustine of Hippo's foundational anti-Manichean argument in De Libero Arbitrio (Books I–III, c. 388 — 395 CE; ed. Green CCSL 29, Thonnard BA 6) that moral evil originates not in matter or in a co-eternal evil principle,"
argument_dihle_1982_critique_anachronism_in_attribution_will_to_greeks,argument,Dihle 1982 — Critique de l'attribution anachronique de 'volonte' a la pensee grecque,,Modern scholarship,0.9400000000000001,0.93,no textual anchor,"Metahistorical argument of Dihle 1982 (Lect. II-III, methodological discussion p. 27-30, 49-55 / md ll. 3110-3130, 7799-7950). Twentieth-century philosophical literature (especially Anglophone: Kenny, Hardie) tends to *a"
scholarly_argument_belcastro_prescience_as_prevision_of_pos_3,argument,Belcastro: Origen specifically reworks the problem of prescience (prescienza) as prevision ,,Christian (patristic),0.9400000000000001,0.93,"Prescience as prevision of possibilities — Origen specifically reworks the problem of prescience (prescienza) as prevision of possibilities, rather than as determining foreknowledge;","Prescience as prevision of possibilities — Origen specifically reworks the problem of prescience (prescienza) as prevision of possibilities, rather than as determining foreknowledge; this is central to his normalization "
scholarly_argument_dettwiler_christological_foundation_of_f_1,argument,"Dettwiler: The act of faith, understood as trust/confidence (confiance), is fundamentally d",,Modern scholarship,0.9400000000000001,0.93,no textual anchor,"christological foundation of faith — The act of faith, understood as trust/confidence (confiance), is fundamentally determined by Matthew's christology of 'Emmanuel' (God-with-us); the christological dimension is the fou"
scholarly_argument_fee_spirit_flesh_dualism_and_moral_1,argument,Fee: Paul's Spirit-flesh contrast is not anthropological (higher vs. lower nature) bu,,Modern scholarship,0.9400000000000001,0.93,no textual anchor,"Fee reads Paul's flesh/Spirit contrast as eschatological rather than anthropological: 'flesh', which began as a term for humanity and creatureliness, has taken on the connotations of humanity in its fallenness, so the ul"
scholarly_argument_fitzmyer_paul_s_view_of_law_and_human_f_0,argument,"Fitzmyer: Paul presents the Christian as freed from the law through death with Christ, not",,Modern scholarship,0.9400000000000001,0.93,no textual anchor,"Paul's view of law and human freedom — Paul presents the Christian as freed from the law through death with Christ, not through the law's abolition but through the believer's death to it; the law remains in effect but no"
scholarly_argument_gaventa_divine_liberation_and_human_ag_1,argument,Gaventa: God's action in Christ Jesus liberates humanity from enslavement to Sin and Deat,,Modern scholarship,0.9400000000000001,0.93,no textual anchor,"divine liberation and human agency — God's action in Christ Jesus liberates humanity from enslavement to Sin and Death through the Spirit; this liberation is an event initiated by God's power, not human action. The Spiri"
scholarly_argument_hall_tripartite_structure_of_prophe_7,argument,Hall: Origen's concept of prophecy maps onto his tripartite hermeneutic of scripture: ,,Christian (patristic),0.9400000000000001,0.93,"Tripartite structure of prophecy — Origen's concept of prophecy maps onto his tripartite hermeneutic of scripture: somatic (literal future-telling), psychic (moral authority), and pneumatic (mystical revelation), with the free will-foreknowledge problem arising primarily in the s","Tripartite structure of prophecy — Origen's concept of prophecy maps onto his tripartite hermeneutic of scripture: somatic (literal future-telling), psychic (moral authority), and pneumatic (mystical revelation), with th"
scholarly_argument_jewett_free_will_and_human_response_t_0,argument,Jewett: Paul's use of the subjunctive 'let us have peace' (εἰρήνην ἔχωμεν) constitutes a,,Modern scholarship,0.9400000000000001,0.92,no textual anchor,"free will and human response to divine grace — Paul's use of the subjunctive 'let us have peace' (εἰρήνην ἔχωμεν) constitutes an admonition requiring active human response to God's offer of righteousness, rather than a t"
person_hasdai_crescas_s5t6u7v8,person,Hasdai Crescas,,Jewish,0.9400000000000001,0.93,Late medieval Jewish philosopher who critiqued Aristotelian philosophy and Maimonidean rationalism.,Late medieval Jewish philosopher who critiqued Aristotelian philosophy and Maimonidean rationalism. Developed deterministic position: divine omniscience entails all events are causally determined. Argued moral responsibi
scholar_striker_gisela,person,Gisela Striker,,Modern scholarship,0.9400000000000001,0.92,no textual anchor,"German-American philosopher. Walter C. Klein Professor of Philosophy and of the Classics, Emerita, at Harvard University. Leading authority on Hellenistic epistemology and ethics. Her essays collected in ""Essays on Helle"
work_de_causa_dei_bradwardine_g7h8i9j0,work,De Causa Dei contra Pelagium (On God's Cause Against Pelagius),,Christian (patristic),0.9400000000000001,0.92,no textual anchor,Massive theological summa defending extreme Augustinian predestination against 'new Pelagians' (Ockham and nominalists). Argues all causation ultimately divine; human will always determined by God's will. Mathematical pr
work_clement_protrepticus,work,"Clement of Alexandria, Protrepticus (Λόγος προτρεπτικὸς πρὸς Ἕλληνας)",,Christian (patristic),0.9400000000000001,0.93,"Clement of Alexandria's Protrepticus ('Exhortation to the Greeks', c.","Clement of Alexandria's Protrepticus ('Exhortation to the Greeks', c. 195 CE), the first of his three-part programmatic trilogy (Protrepticus → Paedagogus → Stromateis), summons pagan readers from polytheism, mystery cul"
work_methodius_de_autexusio_4c37c892,work,De autexusio (On Free Will),,Christian (patristic),0.9400000000000001,0.92,no textual anchor,Lost Greek dialogue preserved in Old Church Slavonic translation. Systematic defense of free will (αὐτεξούσιον) against Gnostic determinism. Employs Aristotelian ontological categories to demonstrate evil as quality/acci
work_plato_sophist,work,"Platon, Sophiste (Σοφιστής)",,Academic/Platonist,0.9400000000000001,0.93,"Plato, *Sophiste* (Σοφιστής), late dialogue (c.","Plato, *Sophiste* (Σοφιστής), late dialogue (c. 360-347 BC), formal sequel to the *Théétète* and prefiguring the *Politique*. A conversation led by the Eleatic Stranger (rather than Socrates, who appears only in the prol"
work_theophilus_ad_autolycum_book2,work,"Theophilus, Ad Autolycum Book 2",,Christian (patristic),0.9400000000000001,0.92,no textual anchor,"Second book of Theophilus's three-book apologetic work addressed to pagan Autolycus. Contains pioneering articulation of νήπιος doctrine in chapters 25-28, arguing Adam existed as literal infant at creation and Fall."
scholarly_argument_sorabji_epicurus_on_freedom_and_respon_2,argument,"Sorabji: Epicurus, under Platonic influence, associates freedom with responsibility, dist",,Epicurean,0.9400000000000001,0.92,"Epicurus on freedom and responsibility — Epicurus, under Platonic influence, associates freedom with responsibility, distinguishing necessity (which cannot be called to account) from what occurs because of us (which is without a master and so can be blamed)","Epicurus on freedom and responsibility — Epicurus, under Platonic influence, associates freedom with responsibility, distinguishing necessity (which cannot be called to account) from what occurs because of us (which is w"
scholarly_argument_jewett_divine_faithfulness_and_israel_0,argument,Jewett: Paul's sorrow over Jewish unbelief raises questions about God's faithfulness and,,Modern scholarship,0.9400000000000001,0.93,no textual anchor,"divine faithfulness and Israel's unbelief — Paul's sorrow over Jewish unbelief raises questions about God's faithfulness and the power of the gospel, but the third proof (Romans 9-11) ultimately demonstrates God's triump"
argument_anselms_necessity_of_the_past_f7947dab,argument,Anselm's Necessity of the Past,,Christian (patristic),0.94,0.93,no textual anchor,"Anselm's distinction between types of necessity to defend compatibility of divine foreknowledge with freedom (De Concordia, Quaestio I (cc. 2-3)): The Distinction: Antecedent necessity (necessitas praecedens): A cause th"
argument_bobzien_2001_b1_philopator_late_compatibilism,argument,Bobzien 2001 — PHILOPATOR : compatibilisme stoicien tardif raffine (Ch. 8),,Stoic,0.94,0.94,358-412): reconstruction of a late Stoic compatibilist theory (1st-2nd century CE) conventionally attributed to 'PHILOPATOR'.,Bobzien 2001 ch. 8 (p. 358-412): reconstruction of a late Stoic compatibilist theory (1st-2nd century CE) conventionally attributed to 'PHILOPATOR'. Innovations: (1) refined causal principle — same causes + same circumst
argument_carneadean_anti_mantike_amand1945,argument,"Argument carnéadien anti-mantique général (refutation de la μαντική, ch. II §IV)",,Pyrrhonist/Sceptic,0.94,0.93,"General anti-divinatory argument reconstructed by Amand in Carneades (1945, p.","General anti-divinatory argument reconstructed by Amand in Carneades (1945, p. 46-49, Intro §II ch. II §IV). In accordance with Amand's polemical plan, this argument constitutes the general framework within which the spe"
argument_carneadean_antiastrological_animals_amand1945,argument,Carneadean Anti-Astrological Argument V — Animals Too Are Subject to Astrological Fate,,Pyrrhonist/Sceptic,0.94,0.94,"Fifth and final of the five distinct anti-astrological arguments reconstructed by Amand in Carneades (1945, p.","Fifth and final of the five distinct anti-astrological arguments reconstructed by Amand in Carneades (1945, p. 60-61, Intro §II ch. II §V.5). Amand’s formulation: « If the state of the heavens and the arrangement of the "
scholarly_argument_boys_stones_human_autonomy_and_moral_respo_2,argument,Boys-Stones: Middle Platonists vindicated human autonomy not by abandoning the General Causal,,Middle Platonist,0.94,0.94,"Human autonomy and moral responsibility in Middle Platonism — Middle Platonists vindicated human autonomy not by abandoning the General Causal Principle or by making some events exempt from fate, but by distinguishing between events as fated conditionally (as consequences) versus","Human autonomy and moral responsibility in Middle Platonism — Middle Platonists vindicated human autonomy not by abandoning the General Causal Principle or by making some events exempt from fate, but by distinguishing be"
scholarly_argument_chamberlain_prohairesis_and_aristotelian_p_1,argument,Chamberlain: Aristotle's ethical system is grounded in a bipartite division of the soul into ,,Peripatetic,0.94,0.94,prohairesis and Aristotelian psychology — Aristotle's ethical system is grounded in a bipartite division of the soul into rational and irrational parts;,prohairesis and Aristotelian psychology — Aristotle's ethical system is grounded in a bipartite division of the soul into rational and irrational parts; understanding prohairesis requires situating it within this framewo
scholarly_argument_de_monneron_epicurean_indeterminism_and_fr_1,argument,DE MONNERON: Epicurus already conceived an idea similar to event-causal libertarianism by ass,,Epicurean,0.94,0.94,no textual anchor,"Faithful as written; the quote_verbatim belongs to p. 343 (chapter on chance and indeterminism), the description to pp. 7-8."
scholarly_argument_de_monneron_free_will_and_determinism_in_a_0,argument,"DE MONNERON: The Stoics, due to their necessitarian doctrine, had to confront theoretical and",,Stoic,0.94,0.93,"free will and determinism in antiquity — The Stoics, due to their necessitarian doctrine, had to confront theoretical and practical difficulties regarding promises, deliberation, and effort in a world governed by fate;","free will and determinism in antiquity — The Stoics, due to their necessitarian doctrine, had to confront theoretical and practical difficulties regarding promises, deliberation, and effort in a world governed by fate; E"
scholarly_argument_eliasson_plotinus_s_notion_of_reconside_5,argument,Eliasson: Plotinus's notion of ἐφ' ἡμῖν outside Ennead VI.8 must be understood in light of,,Neoplatonist,0.94,0.93,"In chapter 6 Eliasson re-reads every occurrence of eph' hemin and of epi + dative of person in the Enneads — first outside VI.8 (III.1, I.4, III.2), then within VI.8 — in the light of his study of the Aristotelian, Stoic and Middle-Platonist background, in order to state what Plo","In chapter 6 Eliasson re-reads every occurrence of eph' hemin and of epi + dative of person in the Enneads — first outside VI.8 (III.1, I.4, III.2), then within VI.8 — in the light of his study of the Aristotelian, Stoic"
scholarly_argument_everson_ancient_vs_modern_ethics_0,argument,Everson: Ancient ethics is primarily concerned with virtue and eudaimonia (the evaluation,,Modern scholarship,0.94,0.94,no textual anchor,"Everson: twenty years earlier one could easily contrast ancient ethics (virtue and eudaimonia, the evaluation of a person's life as a whole, character) with modern moral philosophy (utilitarian vs deontological accounts "
scholarly_argument_frick_human_freedom_and_moral_evil_1,argument,"Frick: For Philo, moral evil originates when the rational part of the soul (the mind, w",,Jewish,0.94,0.93,no textual anchor,"human freedom and moral evil — For Philo, moral evil originates when the rational part of the soul (the mind, which is inherently free and knows good from evil) cannot resist assault by the senses and passions; both orig"
scholarly_argument_grgi_event_causal_libertarianism_an_3,argument,Grgić: Reports John Lemos's position that Kane's theory of dual efforts in self-forming,,Modern scholarship,0.94,0.93,no textual anchor,"event-causal libertarianism and the luck objection — Reports John Lemos's position that Kane's theory of dual efforts in self-forming acts is superior to Balaguer's torn decision theory in addressing the luck objection, "
scholarly_argument_djeranian_epictetus_s_original_contribut_1,argument,D'Jeranian: Epictetus developed new theoretical elements that allow for an original articula,,Stoic,0.94,0.94,"Epictetus's original contribution to fate and responsibility — Epictetus developed new theoretical elements that allow for an original articulation of moral responsibility and determinism, distinct from the 'compatibilist' interpretation imposed on Chrysippus;","Epictetus's original contribution to fate and responsibility — Epictetus developed new theoretical elements that allow for an original articulation of moral responsibility and determinism, distinct from the 'compatibilis"
scholarly_argument_koch_alexander_s_aristotelian_sourc_5,argument,"Koch: Alexander draws on Aristotelian discussions of τὸ ἐφ’ ἡμῖν and ἐνδεχόμενον, but ",,Peripatetic,0.94,0.93,Aristotle elaborated no doctrine of fate;,"Aristotle elaborated no doctrine of fate; the attribution of one rests on Mantissa XXV (a collection whose authenticity is discussed case by case) and a thin, hard-to-reconstruct Peripatetic tradition (Polyzelos' On Fate"
scholarly_argument_hildebrandt_chrysippus_cofated_response,argument,Hildebrandt: Chrysippus rebuts traditional Lazy Arguments via co-fatedness (confatalia),,Stoic,0.94,0.94,"Cicero, Origen, Seneca and Eusebius are transmitters or parallels;","Hildebrandt reports the transmitted Chrysippean co-fatedness response to the traditional Lazy Argument: actions and deliberations belong to the causal nexus with their outcomes. Cicero, Origen, Seneca and Eusebius are tr"
scholarly_argument_jourdan_free_will_and_moral_responsibi_0,argument,Jourdan: Clement of Alexandria distinguishes between the instance that permits evil (God),,Christian (patristic),0.94,0.93,"free will and moral responsibility — Clement of Alexandria distinguishes between the instance that permits evil (God) and the instance that freely commits evil (the Devil, fallen angels, or human beings themselves);","free will and moral responsibility — Clement of Alexandria distinguishes between the instance that permits evil (God) and the instance that freely commits evil (the Devil, fallen angels, or human beings themselves); mora"
scholarly_argument_labarri_re_anachronism_of_self_in_ancient_2,argument,Labarrière: The use of 'Self' as a substantive category for studying ancient philosophy is p,,Modern scholarship,0.94,0.93,no textual anchor,"Labarrière opens by asking what Self/Soi can mean in ancient philosophy, recalling that 'Soi, employé substantivement' is an innovation of Locke's French translator Pierre Coste (1700), coined to render Self and to disti"
scholarly_argument_olive_ancient_causality_vs_modern_ef_0,argument,Olive: The ancient conception of causality was modeled on the logical pattern of essent,,Modern scholarship,0.94,0.94,no textual anchor,"ancient causality vs. modern efficient causality — The ancient conception of causality was modeled on the logical pattern of essential inherence of the predicate in its subject, whereas the modern notion of efficient cau"
scholarly_argument_sommers_compatibilist_folk_intuitions__1,argument,Sommers: Nahmias et al.'s experimental results showing majority compatibilist responses c,,Modern scholarship,0.94,0.93,no textual anchor,"Sommers reports that Nahmias, Morris, Nadelhoffer and Turner (NMNT) obtained largely compatibilist answers (76% free will, 83% blameworthy in the supercomputer scenario) and that, according to NMNT, these results cast do"
person_hippolytus_rome_d235,person,Hippolyte de Rome,,Christian (patristic),0.94,0.93,no textual anchor,"Hippolytus of Rome (martyred in 235 CE), a Greek-speaking Roman heresiologist, disciple of Irenaeus and theologian of the Logos. According to Amand 1945 (Book II ch. II Supplementary Note, p. 224-227), Hippolytus vainly "
person_clement_alexandria,person,Clement of Alexandria,,Christian (patristic),0.94,0.93,"215 CE), head of the Alexandrian catechetical school before Origen, is a key transitional figure in the integration of Greek philosophical psychology with Christian theology.","Titus Flavius Clemens (c. 150 – c. 215 CE), head of the Alexandrian catechetical school before Origen, is a key transitional figure in the integration of Greek philosophical psychology with Christian theology. His three "
work_dss_4qmmt_m5n6o7p8,work,Miqsat Ma'ase ha-Torah (4QMMT),,Jewish,0.94,0.95,"Concluding exhortation mentions David's righteousness and God's reckoning it to him, with phrase 'it will be reckoned to you as righteousness' - possibly influencing later Jewish and Christian debates on justification.","Halakhic (legal) letter from Qumran addressing ritual purity disputes. Concluding exhortation mentions David's righteousness and God's reckoning it to him, with phrase 'it will be reckoned to you as righteousness' - poss"
work_dss_community_rule_e7f8g9h0,work,"Community Rule (Serek HaYahad, 1QS)",,Jewish,0.94,0.94,no textual anchor,Qumran sectarian text containing theological 'Treatise on the Two Spirits' (1QS 3:13-4:26). Presents strong predestinarian theology: God created two spirits (truth and deceit) and assigned humans to one or the other befo
scholar_steel_carlos,person,Carlos Steel,,Neoplatonist,0.94,0.93,"Specialist in Proclus, Damascius, Olympiodorus, and late Neoplatonism.","Carlos Steel, Belgian philologist and emeritus professor at KU Leuven (De Wulf-Mansion Centre for Ancient, Medieval and Renaissance Philosophy). Specialist in Proclus, Damascius, Olympiodorus, and late Neoplatonism. Tran"
work_origen_commentary_genesis,work,"Origène, Commentaire sur la Genèse",,Christian (patristic),0.94,0.93,"Origen's Commentary on Genesis in 13 books, composed around 230 in Alexandria.","Origen's Commentary on Genesis in 13 books, composed around 230 in Alexandria. A work lost in the direct tradition. A substantial fragment of Book III is preserved in Greek in the Philocalia ch. 23 (Junod, SC 226, 130-20"
work_favorinus_pyrrhoneioi_tropoi,work,"Favorinus, Pyrrhoneioi tropoi (Πυρρώνειοι τρόποι)",,Pyrrhonist/Sceptic,0.94,0.93,"Lost work of Favorinus of Arles, Greek title Πυρρώνειοι τρόποι (Pyrrhonian Tropes), mentioned by Aulus Gellius (NA XI, 5) and by Diogenes Laertius (IX, 78, 87).","Lost work of Favorinus of Arles, Greek title Πυρρώνειοι τρόποι (Pyrrhonian Tropes), mentioned by Aulus Gellius (NA XI, 5) and by Diogenes Laertius (IX, 78, 87). According to Amand 1945 (p. 96-100, who associates Favorinu"
scholarly_argument_voelke_sympathy_grounds_consent,argument,Voelke: universal sympathy is the ontological foundation of consent to Destiny,,Stoic,0.94,0.94,It does not suffice to characterise Stoic consent to Destiny psychologically;,It does not suffice to characterise Stoic consent to Destiny psychologically; seized in its foundation it reveals the very structure of the universe. That foundation is the universal sympathy that assures the unity of th
scholarly_argument_hendriksen_divine_predestination_and_elec_0,argument,"Hendriksen: Affirms that divine predestination is a central doctrine in Romans 9–11, foresha",,Modern scholarship,0.94,0.94,no textual anchor,"divine predestination and election — Affirms that divine predestination is a central doctrine in Romans 9–11, foreshadowed in 8:29–30 and developed in 9:10–24 and 11:5–8, 29. God's election operates on the basis of sover"
scholarly_argument_bobzien_epictetus_on_freedom_5,argument,Bobzien: Only the wise person is truly free; freedom requires reason and absence of inapp,,Stoic,0.94,0.94,"For Epictetus, as for the early Stoa, freedom is 'a moral quality which only wise people possess', opposed to slavery and linked to persons and their states of mind rather than to actions.","For Epictetus, as for the early Stoa, freedom is 'a moral quality which only wise people possess', opposed to slavery and linked to persons and their states of mind rather than to actions. Unlike the early Stoics, Epicte"
work_sentences_peter_lombard_q1r2s3t4,work,Sentences (Libri Quattuor Sententiarum),,Christian (patristic),0.94,0.94,"Composed in Paris, it served as the standard university textbook from the mid-twelfth century through the sixteenth, and every major scholastic theologian — Aquinas, Bonaventure, Scotus, Ockham, Gregory of Rimini — was required to lecture on it, making the Sentences commentary ge","Peter Lombard's Libri Quattuor Sententiarum (c. 1150–1158 CE) is the central transmission vehicle for free-will debate in medieval Latin theology. Composed in Paris, it served as the standard university textbook from the"
scholarly_argument_jewett_determinism_and_the_true_israe_2,argument,Jewett: The distinction between 'children of flesh' and 'children of promise' (9:8) esta,,Modern scholarship,0.94,0.94,no textual anchor,"determinism and the true Israel — The distinction between 'children of flesh' and 'children of promise' (9:8) establishes that divine election operates through selective calling rather than biological descent, with Isaac"
argument_dihle_1982_plotinus_remains_intellectualist,argument,Dihle 1982 — Plotin n'echappe pas a l'intellectualisme grec,,Neoplatonist,0.93,0.92,Plotinus (Enneades III.1;,"Argument of Dihle 1982 (Lect. V, p. 101-122 / md ll. 4607-4671, 2170-2790). Plotinus (Enneades III.1; IV.8; VI.8 *Sur le libre arbitre et la volonte de l'Un*) introduces a terminology that might be judged voluntarist (au"
argument_boeri_2014_marcus_present_indifferents_eph_hemin,argument,Boeri 2014 — Marcus's eph' hêmin via the conjunction of present-time and indifferents,,Stoic,0.93,0.93,12): the conjunction of the *present* and *indifferents* (adiaphora) is the key to understanding the function of τὸ ἐφ' ἡμῖν in Marcus Aurelius.,de Boeri’s scholarly argument (Destrée 2014 ch. 12): the conjunction of the *present* and *indifferents* (adiaphora) is the key to understanding the function of τὸ ἐφ' ἡμῖν in Marcus Aurelius. Three stages: (1) for Marcu
argument_chain_causation_critique_alex,argument,Critique of Chain Causation Model (Alexander),,Peripatetic,0.93,0.92,no textual anchor,"Greek terminology: • αἰτία προηγουμένη (aitia proēgoumenē) - antecedent cause • chain-like causation — Alexander's actual wording is εἱρμὸς αἰτίων / καθ' εἱρμὸν αἰτίων, 'a connected series of causes' (De Fato ch. 22–25, "
argument_chrysippus_causal_taxonomy,argument,Chrysippus's Causal Taxonomy (Causes Perfect/Auxiliary),,Stoic,0.93,0.92,no textual anchor,"Sorabji presents the Cicero and Gellius reports as distinguishing external conditions and internal causes of assent. External impressions are necessary conditions, not sufficient causes; character is internal. Sorabji di"
argument_divine_hardening_problem_y9z0a1b2,argument,Divine Hardening Problem (Pharaoh's Heart),,Jewish,0.93,0.93,no textual anchor,"Theological problem raised by Exodus texts: God declares 'I will harden Pharaoh's heart' (Ex 4:21, 7:3), yet also judges Pharaoh for his obstinacy. Does divine hardening negate Pharaoh's moral responsibility? Does it vio"
argument_origen_diatribe_inversion,argument,Origen's Diatribe Inversion (Com. Rm VII.16),,Christian (patristic),0.93,0.93,no textual anchor,"Exegetical technique to neutralize Rom 9:14-19. Structure: (1) Rom 9:14-19 APPEARS to teach determinism: ""not of him who wills... but of God who shows mercy"" (9:16); ""he hardens whom he wills"" (9:18). (2) BUT Paul uses P"
argument_pseudo_chrysostom_de_fato_v_apologetic_amand1945,argument,Pseudo-Chrysostom De Fato V — heimarmene comme barbarie injuste,,Christian (patristic),0.93,0.92,no textual anchor,"Pseudo-Chrysostom’s argument in Discourse V (8th argument according to Amand, PG 50, 767-768): heimarmene is doubly absurd and barbarous—it compels human beings towards vice, then demands their punishment for the faults "
scholarly_position_hankinson_stoic_causation_compatibilist,argument,Stoic causation and moral responsibility,,Stoic,0.93,0.93,"Stoic causation and moral responsibility — The Stoics develop a sophisticated causal theory that grounds moral responsibility in agent-internal causes (cohesive cause, perfect cause) rather than necessitating external chains;","Stoic causation and moral responsibility — The Stoics develop a sophisticated causal theory that grounds moral responsibility in agent-internal causes (cohesive cause, perfect cause) rather than necessitating external ch"
scholarly_position_sharples_chrysippus_early_compatibilist,argument,Stoic compatibilism,,Stoic,0.93,0.92,"Stoic compatibilism — Chrysippus developed early compatibilist arguments reconciling causal determinism with moral responsibility, especially via the distinction between perfect/principal and proximate/auxiliary causes, and via the cylinder analogy;","Stoic compatibilism — Chrysippus developed early compatibilist arguments reconciling causal determinism with moral responsibility, especially via the distinction between perfect/principal and proximate/auxiliary causes, "
scholarly_argument_barclay_pauline_paradox_of_divine_and__0,argument,"Barclay: Paul's statements on agency appear paradoxical or incoherent to careful readers,",,Modern scholarship,0.93,0.92,no textual anchor,"Pauline paradox of divine and human agency — Paul's statements on agency appear paradoxical or incoherent to careful readers, with divine and human agency not simply juxtaposed as independent contributors but brought int"
scholarly_argument_boulnois_free_will_and_divine_prescienc_2,argument,Boulnois: Cyril addresses human autonomy in the face of divine foreknowledge and predestin,,Christian (patristic),0.93,0.92,no textual anchor,free will and divine prescience/predestination — Cyril addresses human autonomy in the face of divine foreknowledge and predestination; the problem of Judas is frequently invoked as the test case for whether divine presc
scholarly_argument_boys_stones_2018_autonomy_as_external_independence,argument,"Autonomy = independence from external agency, not indeterminacy (Boys-Stones 2018)",,Modern scholarship,0.93,0.91,no textual anchor,Boys-Stones argues that the ancient debate over moral responsibility was not about whether choice is causally inevitable but about the SOURCE of the constraints: a decision fully determined by my own nature still counts 
scholarly_argument_crouzel_christ_s_redemption_of_free_wi_2,argument,Crouzel: Christ must deliver human libre arbitre from the slavery where sin held it; huma,,Christian (patristic),0.93,0.93,Crouzel: Origen's conversion is Platonic in form but Christian in substance because of the stress on Christ's action and grace.,"Crouzel: Origen's conversion is Platonic in form but Christian in substance because of the stress on Christ's action and grace. 'Ce n'est pas nous qui nous convertissons, mais le Christ qui nous convertit'; man's collabo"
scholarly_argument_craig_middle_knowledge_molinism_2,argument,Craig: Craig defends the doctrine of middle knowledge as the key to reconciling divine ,,Modern scholarship,0.93,0.92,no textual anchor,"Craig (ch. XIII): middle knowledge — God's knowledge of counterfactuals of creaturely freedom — is possible, which suffices to show that God's knowledge of future contingents is not impossible; but as an explanation of p"
scholarly_argument_crouzel_synthesis_of_patristic_attitud_3,argument,Crouzel: Origen achieves an original synthesis of two opposing patristic attitudes: the n,,Christian (patristic),0.93,0.93,Crouzel: before Origen two contrary currents.,"Crouzel: before Origen two contrary currents. Tatian, Hermias, Irenaeus, Tertullian and the author of the Elenchos show a negative attitude, a will to rupture (violent except in the 'pacifique' bishop of Lyons), judging "
scholarly_argument_crouzel_the_selon_l_image_and_its_rela_1,argument,Crouzel: The 'selon-l'image' (according to the image) is not merely free will (libre arbi,,Christian (patristic),0.93,0.92,the essence of the human person for Origen is not free will,The 'selon-l'image' and its relation to free will — The 'selon-l'image' (according to the image) is not merely free will (libre arbitre) but something deeper: a constitutive relation to God that corresponds to what later
scholarly_argument_currado_irenaeus_on_pharaoh_s_hardenin_3,argument,Currado: Irenaeus explicitly rejects the interpretation that God arbitrarily hardens Phar,,Christian (patristic),0.93,0.92,no textual anchor,"Irenaeus on Pharaoh's hardening — Irenaeus explicitly rejects the interpretation that God arbitrarily hardens Pharaoh's heart, identifying this view as heretical"
scholarly_argument_byerly_compatibilist_character_format_1,argument,Byerly: A theological determinist can affirm that inculcating virtuous character by perf,,Modern scholarship,0.93,0.92,no textual anchor,compatibilist character formation theodicy — A theological determinist can affirm that inculcating virtuous character by performing free acts productive of virtue is a great freedom good achievable only through God's per
scholarly_argument_dettwiler_eschatology_and_determinism_in_1,argument,Dettwiler: Describes 2 Thessalonians 2:1-12 as using apocalyptic concepts to present a dete,,Modern scholarship,0.93,0.93,no textual anchor,"Dettwiler: 2 Th 2,1-12 is the letter's thematic centre. Against an adverse 'eschatologie présentéiste' (2,2), the author describes a series of eschatological events that must occur before Christ's coming (2,3-12), in ima"
scholarly_argument_dettwiler_reception_of_pauline_theology_3,argument,DETTWILER: The deutero-Pauline character of Colossians is not a deficit but a positive and ,,Modern scholarship,0.93,0.92,no textual anchor,"reception of Pauline theology — The deutero-Pauline character of Colossians is not a deficit but a positive and interesting fact, allowing us to discover how a theological tradition was reformulated for a later situation"
scholarly_argument_dihle_absence_of_will_as_arbitrary_i_2,argument,Dihle: Greek philosophical cosmology did not require assuming a will with unpredictable,,Modern scholarship,0.93,0.92,no textual anchor,"Absence of 'will' as arbitrary impulse in Greek cosmology — Greek philosophical cosmology did not require assuming a will with unpredictable impulse behind rational programming of reality; concepts like nature, cosmos, o"
scholarly_argument_eliasson_middle_platonist_notions_of_4,argument,Eliasson: Middle Platonists developed a standard notion of ἐφ' ἡμῖν that drew on Platonic ,,Middle Platonist,0.93,0.93,"Eliasson discerns a standard Middle-Platonist notion of eph' hemin, found in Alcinous, Ps.-Plutarch, Nemesius, Calcidius, Apuleius (with reservations) and Maximus of Tyre: all things are included in fate, but what depends on us is included hypothetically, neither fated nor necess","Eliasson discerns a standard Middle-Platonist notion of eph' hemin, found in Alcinous, Ps.-Plutarch, Nemesius, Calcidius, Apuleius (with reservations) and Maximus of Tyre: all things are included in fate, but what depend"
scholarly_argument_dettwiler_determinism_and_divine_will_1,argument,Dettwiler: The phrase 'for this is the will of God in Christ Jesus for you' (1 Th 5:18b) in,,Modern scholarship,0.93,0.93,no textual anchor,Dettwiler notes that 1 Th 5:18b is the one break in the rhythmic sequence of eight present imperatives (5:16-22) and then reads vv. 16-18 as a triad 'joy - prayer - thanksgiving'. What he says is not a 'human performance
scholarly_argument_faure_cyclical_vs_linear_time_in_gre_0,argument,"Faure: The cyclical conception of Greek time, popularized by Nietzsche's eternal return",,Modern scholarship,0.93,0.93,no textual anchor,"Faure and Valli (Introduction): the view that Greeks conceived time as cyclical, popularised since Nietzsche's eternal return, has been challenged in two respects. First, following Aristotle (Ph. 223b28-224a2) and Sorabj"
scholarly_argument_frankfurt_the_will_as_a_technical_concep_3,argument,"Frankfurt: The will is not coextensive with all of an agent's first-order desires, but is i",,Modern scholarship,0.93,0.92,no textual anchor,"the will as a technical concept — The will is not coextensive with all of an agent's first-order desires, but is identified with the desire(s) by which an agent is actually motivated in action or would be motivated when "
scholarly_argument_fitzmyer_eschatological_hope_and_presen_2,argument,"Fitzmyer: Christian hope is grounded objectively in the death and resurrection of Christ, ",,Modern scholarship,0.93,0.92,no textual anchor,"eschatological hope and present assurance — Christian hope is grounded objectively in the death and resurrection of Christ, not in human experience or effort; salvation is 'assured' for the justified, with the present st"
scholarly_argument_fitzmyer_identity_of_nomos_in_romans_2,argument,"Fitzmyer: Argues that nomos throughout Romans 7, including 7:1a, refers to the Mosaic law,",,Modern scholarship,0.93,0.92,no textual anchor,"Identity of nomos in Romans 7 — Argues that nomos throughout Romans 7, including 7:1a, refers to the Mosaic law, not to natural law, Roman law, or a commandment given to Adam; the anarthrous use does not indicate a diffe"
scholarly_argument_gaventa_cosmic_scope_of_salvation_and__1,argument,Gaventa: The human situation involves enslavement to cosmic powers of Sin and Death that ,,Modern scholarship,0.93,0.92,no textual anchor,cosmic scope of salvation and human enslavement to powers — The human situation involves enslavement to cosmic powers of Sin and Death that have invaded the entire human cosmos; peace with God results not simply from rec
scholarly_argument_eskola_double_predestination_3,argument,"Eskola: Paul's theology contains a 'problem of double predestination' (election of some,",,Modern scholarship,0.93,0.92,no textual anchor,Eskola's 'problem of double predestination' (§9.3) is a problem of exegesis: Calvin's deterministic doctrine has coloured readings of both Second Temple Judaism and Paul. His own conclusion is that Second Temple predesti
scholarly_argument_eskola_human_moral_agency_and_sin_2,argument,Eskola: Paul's anthropology involves 'total domination of sin' and radical imprisonment ,,Modern scholarship,0.93,0.92,no textual anchor,"Paul's anthropology rests on 'universal sinfulness': since Adam all humankind lives under the power of sin ('total domination of sin', §7.1), which produces a 'paradoxical polarization' — no difference between Jew and Gr"
scholarly_argument_honderich_determinism_and_freedom_as_a_p_0,argument,Honderich: The problem of determinism and freedom is not a simple or solved problem; contra,,Modern scholarship,0.93,0.93,no textual anchor,"determinism and freedom as a philosophical problem — The problem of determinism and freedom is not a simple or solved problem; contrary to Hume, Hobbes, Schlick, and others who claim it is merely verbal or easily resolve"
scholarly_argument_jewett_human_agency_and_suffering_in__1,argument,Jewett: Believers participate in creation's groaning and suffering while awaiting redemp,,Modern scholarship,0.93,0.91,no textual anchor,human agency and suffering in eschatological hope — Believers participate in creation's groaning and suffering while awaiting redemption; hope is defined by what is unseen and requires perseverance. The Spirit assists hu
scholarly_argument_koch_peripatetic_definitions_of_fat_1,argument,Koch: The Peripatetic definitions of providence and fate in Alexander's two treatises ,,Peripatetic,0.93,0.92,"34) holds that the Peripatetic definitions of providence and of fate in the two treatises 'sont très proches et cherchent visiblement à répondre à des préoccupations identiques', so close 'qu'on pourrait se demander en quoi les deux concepts diffèrent'.","Koch (p. 34) holds that the Peripatetic definitions of providence and of fate in the two treatises 'sont très proches et cherchent visiblement à répondre à des préoccupations identiques', so close 'qu'on pourrait se dema"
scholarly_argument_jewett_fate_and_moral_responsibility_1,argument,Jewett: The hardening of Pharaoh (Romans 9:17-18) demonstrates God's sovereign purpose i,,Modern scholarship,0.93,0.93,no textual anchor,"fate and moral responsibility — The hardening of Pharaoh (Romans 9:17-18) demonstrates God's sovereign purpose in using even resistant figures to manifest divine power, yet this does not constitute injustice (9:14) becau"
scholarly_argument_l_hr_origen_s_expansion_of_the_dete_4,argument,Löhr: Origen took up Clement's work at its weakest point and expanded the charge of Gn,,Christian (patristic),0.93,0.93,"Löhr: Origen takes up Gnostic determinism 'at precisely that point where Clement had left it' — where Clement amalgamated Basilides and the Valentinians as teaching salvation by nature, Origen adds Marcion, so that the trio Valentinus/Basilides/Marcion recurs 'time and again'.","Löhr: Origen takes up Gnostic determinism 'at precisely that point where Clement had left it' — where Clement amalgamated Basilides and the Valentinians as teaching salvation by nature, Origen adds Marcion, so that the t"
scholarly_argument_maston_moral_responsibility_despite_d_4,argument,"Maston: Acknowledges that even in more deterministic texts like the Hodayot, some form o",,Modern scholarship,0.93,0.91,no textual anchor,"All three texts make obedience necessary for salvation; in the Hodayot and Paul, which prioritise divine action, the human is 'not portrayed as merely a passive recipient of grace' — the Spirit transforms and empowers th"
scholarly_argument_meyer_stoic_determinism_and_moral_re_3,argument,Meyer: The Stoics maintained determinism (fate) while preserving moral accountability t,,Stoic,0.93,0.92,She reports only that the Stoics disputed with contemporaries whether their thesis of fate ('a determinist thesis') undermined what is up to us;,Meyer deliberately does not discuss whether fated actions can be 'up to us' — 'an issue in their metaphysics and philosophy of nature'. She reports only that the Stoics disputed with contemporaries whether their thesis o
scholarly_argument_nadelhoffer_experimental_philosophy_method_0,argument,Nadelhoffer: Experimental philosophy provides essential empirical data for understanding folk,,Modern scholarship,0.93,0.93,no textual anchor,"Experimental philosophy methodology for free will and responsibility — Experimental philosophy provides essential empirical data for understanding folk intuitions about free will and moral responsibility, moving beyond t"
scholarly_argument_sytsma_anti_determinism_idle_argument_deprinc_iii,argument,"Sytsma: Origen's lifelong anti-determinism (gnostic 'natures', astral fate, the Idle Argument) culminates in De Principiis III.1",,Christian (patristic),0.93,0.91,"Sytsma traces Origen's sustained polemic against deterministic theologies: against 'gnostic' fixed natures (which he says destroy prohairesis and autexousion), against astral/heimarmenē determinism (Commentary on Genesis, preserved in Philocalia 23), and against the Idle/Lazy Arg","Sytsma traces Origen's sustained polemic against deterministic theologies: against 'gnostic' fixed natures (which he says destroy prohairesis and autexousion), against astral/heimarmenē determinism (Commentary on Genesis"
person_annas_julia_contemporary,person,Julia Annas,,Modern scholarship,0.93,0.92,no textual anchor,"Scholar reviving ancient virtue ethics in contemporary philosophy. Author of ""The Morality of Happiness"" showing how ancient eudaimonism relates to modern ethics."
person_anonymous_arian_job_commentator_4c_ce,person,Commentateur arien anonyme du livre de Job,,Christian (patristic),0.93,0.92,Anonymous Arian author (probably Homoian) of the Greek commentary on the book of Job falsely attributed to Origen in the late manuscript tradition (Parisinus gr.,"Anonymous Arian author (probably Homoian) of the Greek commentary on the book of Job falsely attributed to Origen in the late manuscript tradition (Parisinus gr. 454, Berolinensis Phillip. 1406, Vaticanus gr. 1518). For "
person_bonaventure_e7f8g9h0,person,Bonaventure (Giovanni di Fidanza),,Christian (patristic),0.93,0.92,no textual anchor,Franciscan theologian contemporary with Aquinas. Emphasized Augustinian illumination theory and affective dimension of will. Argued will has liberty of indifference (can choose between goods) and liberty from necessity. 
scholar_brass_m,person,Marcel Brass,,Modern scholarship,0.93,0.93,no textual anchor,"German social and cognitive neuroscientist. PhD 2000 at the Max Planck Institute for Psychological Research (LMU München). Research professor at Ghent (2006-2020), Einstein Professor for 'Social Intelligence' at Humboldt"
scholar_helm_p,person,Paul Helm,,Modern scholarship,0.93,0.93,no textual anchor,"philosophy of religion, theological compatibilism, Reformed theology"
scholar_minns_d,person,Denis Minns,,Christian (patristic),0.93,0.92,"Early Christian texts, patristics, Justin Martyr","Early Christian texts, patristics, Justin Martyr"
scholar_kobusch_theo,person,Theo Kobusch,,Modern scholarship,0.93,0.92,no textual anchor,"German philosopher specializing in ancient and medieval philosophy, particularly freedom and personhood."
work_aristotle_magna_moralia,work,"Aristotle, Magna Moralia",,Peripatetic,0.93,0.93,"Aristotle, Magna Moralia.","Aristotle, Magna Moralia. Work shell created from the live corpus so DB passages can be represented in the KG at passage level."
work_eusebius_praeparatio_evangelica,work,Praeparatio Evangelica (Εὐαγγελικὴ Προπαρασκευή),,Christian (patristic),0.93,0.92,"Henry (1935), 'a florilegium of pagan and sacred texts, selected and commented upon for an apologetic purpose': its inestimable value lies in its preservation of lost excerpts from Carneades (via an intermediate source), Diogenianus (PE VI.8), Alexander of Aphrodisias (PE VI.9), ","Praeparatio Evangelica of Eusebius of Caesarea (c. 315-321 CE), a monumental apology in 15 books. For Amand 1945, Book VI is devoted to the refutation of integral fatalism, and its chapter 6 (sections 4-21), together wit"
work_justin_against_marcion,work,Against Marcion (Πρὸς Μαρκίωνα),,Christian (patristic),0.93,0.92,"The work is significant as the earliest known Christian anti-Marcionite treatise, predating Tertullian's Adversus Marcionem by decades.","Justin's lost treatise against Marcion, referenced by Irenaeus (Adv. Haer. IV.6.2). May have been part of or closely related to the Syntagma. Marcion's radical dualism — distinguishing a just but wrathful Creator God fro"
work_wisdom_of_solomon,work,Sagesse de Salomon (Σοφία Σαλωμῶνος),,Jewish,0.93,0.92,"A canonical text for the Greek Fathers (unlike the rabbinic tradition, which rejects it from the Hebrew canon).","*Wisdom of Solomon* (Σοφία Σαλωμῶνος ; Liber Sapientiae), a deuterocanonical book in Greek composed in Alexandria in the second–first century BCE, a pseudepigraph attributed to Solomon. Three major sections for the free "
work_tatian_oratio,work,Oration to the Greeks (Λόγος πρὸς Ἕλληνας),,Christian (patristic),0.93,0.92,no textual anchor,"Tatian's Oratio ad Graecos is preserved here through a pinned Otto 1851 Perseus Greek manifestation. Direct loci relevant to agency are SAPERE 7.2, 7.3, 8.1, 9.3, 11.4, and 15.9. Modern claims about post-lapsarian freedo"
scholarly_argument_coope_2020_two_routes_responsibility,argument,Coope: two Neoplatonist routes from perfectionist freedom to responsibility,,Neoplatonist,0.93,0.92,"Since freedom in the perfectionist sense is not the same as accountability, Coope distinguishes the ways Neoplatonists connect the two.","Since freedom in the perfectionist sense is not the same as accountability, Coope distinguishes the ways Neoplatonists connect the two. On one route (Plotinus, and differently Proclus), we are responsible because we have"
scholarly_argument_mueller_irenaeus_recapitulation_coordinates_choice_and_grace,argument,"Müller: Irenaeus uses recapitulation to coordinate free choice, grace, and salvation history",,Christian (patristic),0.93,0.92,no textual anchor,"Müller argues that Irenaeus embeds enduring free choice within recapitulation: the Fall educates human discernment, the Incarnation supplies indispensable help, and the new covenant raises moral capacity. Human autonomy "
scholarly_argument_vandenbeld_intentional_actor,argument,Beld: the Romans 7 self remains an intentional actor,,Modern scholarship,0.93,0.92,no textual anchor,"Personified sin and flesh are rhetorical hyperbole, not elimination of agency; the self knows and disapproves its act and remains accountable."
scholarly_argument_grgi_compatibilism_and_moral_respon_4,argument,Grgić: Notes that many compatibilist philosophers ground intuitions about freedom and r,,Modern scholarship,0.93,0.92,no textual anchor,compatibilism and moral responsibility — Notes that many compatibilist philosophers ground intuitions about freedom and responsibility in everyday practical commitments rather than metaphysical theories
scholarly_argument_hendriksen_human_agency_and_divine_action_1,argument,"Hendriksen: Perseverance, while basically the result of the Holy Spirit's operation, 'implie",,Modern scholarship,0.93,0.92,no textual anchor,"human agency and divine action in perseverance — Perseverance, while basically the result of the Holy Spirit's operation, 'implies human action' and 'is by no means a passive quality'; the person who perseveres actively "
argument_origen_witness_diss_argos_logos_refutation_amand1945,argument,Origène — Réfutation de l'Argos Logos via prophéties Judas/Œdipe (Amand 1945),,Christian (patristic),0.93,0.92,There Origen shows how divine foreknowledge does no harm to free will.,"Amand (p. 311): The compilers of the Philocalia appended to the discussion of foreknowledge a copious quotation from Contra Celsum II.20 (sections 12-13 of Philocalia 23, Robinson p. 199-201). There Origen shows how divi"
scholarly_argument_bobzien_epictetus_on_freedom_and_what__3,argument,Bobzien: Epictetus developed a conception of freedom (ἐλευθερία) and 'what depends on us',,Stoic,0.93,0.92,"Epictetus places in the class of things that depend on us 'primarily — or perhaps even exclusively — the ""use of impressions""', i.e.","Epictetus places in the class of things that depend on us 'primarily — or perhaps even exclusively — the ""use of impressions""', i.e. our assents and the impulses and beliefs that follow from assenting; everything else (a"
scholarly_argument_bobzien_justin_martyr_on_fate_9,argument,Bobzien: Justin's phrase 'necessity of fate' (kath' heimarmenes anagken panta ginesthai) ,,Christian (patristic),0.93,0.93,no textual anchor,"Justin Martyr on fate — Justin's phrase 'necessity of fate' (kath' heimarmenes anagken panta ginesthai) represents a late modification of the Fate Principle, not early Stoic doctrine"
scholarly_argument_koch_2011_individual_nature_complete_cause,argument,Koch: the complete cause of assent is the individual pneumatic nature of each hegemonikon — a determinist Chrysippus,,Stoic,0.93,0.91,"Two readings of the 'nature' that causes assent completely and principally: generic (the rational soul of every human, grounding a general power of saying yes or no — which would make Chrysippus indeterminist) or individual (the actual tension of one's pneuma, by which one person","Two readings of the 'nature' that causes assent completely and principally: generic (the rational soul of every human, grounding a general power of saying yes or no — which would make Chrysippus indeterminist) or individ"
scholarly_argument_jewett_divine_election_and_human_will_0,argument,Jewett: Paul's argument in Romans 9:16 emphasizes that election depends not on human wil,,Modern scholarship,0.93,0.93,no textual anchor,"divine election and human will — Paul's argument in Romans 9:16 emphasizes that election depends not on human willing or running but on God's mercy, indicating a strong divine sovereignty position where human volition is"
scholarly_argument_wells_philo_on_deuteronomy_and_heart_4,argument,Wells: Philo interprets Deuteronomy 30 and the circumcision of the heart in ways that e,,Jewish,0.93,0.92,no textual anchor,"Philo's reading of Deuteronomy 30 serves his concern with the soul's ascent to God. It is 'unusual for him to deny humanity's moral competence', which Deut 30:11-14 warrants; the few who forfeit their potential fall unde"
argument_origen_anti_astrological,argument,Origen's Anti-Astrological Argument for Free Will,,Christian (patristic),0.9299999999999999,0.93,Origen argues against astrological determinism in the Commentary on Genesis III (fragments in Philocalia ch.,"Origen argues against astrological determinism in the Commentary on Genesis III (fragments in Philocalia ch. 23): (1) Stars are signs (σημεῖα), not causes (αἰτίαι) — Genesis 1:14 says God made luminaries 'for signs,' not"
argument_dihle_1982_paul_romans_7_split_will,argument,Dihle 1982 — Romains 7 manifeste la scission volonte/non-volonte chez Paul,,Christian (patristic),0.92,0.9,no textual anchor,"Argument de Dihle 1982 (Lect. IV §II-III, p. 84-87 / md ll. 3480-3609, 3719-3734). Le passage cle est Rom 7,15-24 : 'je ne fais pas ce que je veux, mais je fais ce que je hais' (thelo / poio / miso). Dihle conteste que c"
argument_oinomaos_carneadean_libre_adaptation,argument,Free adaptation of the Carneadean topos in Oenomaus (PE VI.7.35-42),,Cynic,0.92,0.9,"Oenomaus of Gadara’s anti-fatalist Cynic argument in Γοήτων φώρα (cited by Eusebius PE VI.7.35-42, Dindorf I, p.","Oenomaus of Gadara’s anti-fatalist Cynic argument in Γοήτων φώρα (cited by Eusebius PE VI.7.35-42, Dindorf I, p. 298.1—299.8; Vallette p. 78-80). Form: a pamphleteering apostrophe to Apollo and Zeus, accused of imposing "
argument_scotuss_two_affections_of_the_will_bb060e3d,argument,Scotus's Two Affections of the Will,,Christian (patristic),0.92,0.91,no textual anchor,Duns Scotus's doctrine of the two affections (duae affectiones) of the will holds that the will has two natural inclinations that can come into conflict: an affection for the advantageous (affectio commodi) oriented towa
scholarly_argument_bardy_free_will_in_athenagoras_0,argument,"Bardy: The introduction does not directly address Athenagoras's position on free will, ",,Christian (patristic),0.92,0.91,no textual anchor,"Bardy's introduction does address freedom, in its doctrinal chapters. On providence he expounds Athenagoras's distinction between general and particular providence (Leg. XXIV-XXV), Schwartz's three-level scheme and Puech"
argument_frede_2011_epictetus_first_free_will,argument,Épictète articule la première notion effective de libre arbitre (Frede 2011),,Stoic,0.92,0.91,Premises: (P1) the term autexousion appears twice in Musonius and then frequently in Epictetus and denotes freedom;,Central thesis of the book. Frede 2011 ch. 5 §2 (p. 76-85). Premises: (P1) the term autexousion appears twice in Musonius and then frequently in Epictetus and denotes freedom; (P2) Epictetus places prohairesis at the cen
argument_bradwardines_de_causa_dei_2c360b77,argument,Bradwardine's De Causa Dei,,Christian (patristic),0.92,0.9,no textual anchor,"Thomas Bradwardine's De Causa Dei contra Pelagium (On God's Cause Against Pelagius, 1344) presents a radical Augustinian determinism that denies any efficacious free will independent of divine grace, arguing that God is "
argument_zeno_paradox_analogy_alex,argument,Zeno's Paradox Analogy (Alexander),,Peripatetic,0.92,0.9,"Scholarly context: This reflects the Aristotelian method of ""saving the phenomena"" - philosophical theories must accommodate, not deny, evident experience.","Greek terminology: • τὰ φαινόμενα (ta phainomena) - the evident facts • σοφίσματα (sophismata) - sophisms/fallacies • ἐνάργεια (enargeia) - clarity/evidence [De Fato XXVI, Bruns 196.19-21: «οὐδὲ γὰρ τῷ μὴ δυναμένῳ λύειν "
scholarly_position_brennan_stoic_emotions_beliefs,argument,Stoic emotions and fate,,Stoic,0.92,0.91,Stoic emotions and fate — Stoics regarded emotions as beliefs leading to action rather than as feelings;,Stoic emotions and fate — Stoics regarded emotions as beliefs leading to action rather than as feelings; responsibility under necessity is preserved because actions still flow from the agent's rational assent to impressi
scholarly_argument_blackson_epictetus_s_place_in_history_o_1,argument,"Blackson: Epictetus had a notion of will, but he and the late Stoics were not the first; t",,Stoic,0.92,0.91,"Epictetus's place in history of the notion of will — Epictetus had a notion of will, but he and the late Stoics were not the first;","Epictetus's place in history of the notion of will — Epictetus had a notion of will, but he and the late Stoics were not the first; the early Stoics probably also had a notion of will"
scholarly_argument_blackson_minimum_belief_for_having_a_no_0,argument,"Blackson: Against Frede, the minimum belief is not that adult humans choose to assent to i",,Stoic,0.92,0.91,"minimum belief for having a notion of will in Stoicism — Against Frede, the minimum belief is not that adult humans choose to assent to impulsive impressions, but rather that they choose to exercise their ability to use their impressions (e.g., scrutinizing impressions)","minimum belief for having a notion of will in Stoicism — Against Frede, the minimum belief is not that adult humans choose to assent to impulsive impressions, but rather that they choose to exercise their ability to use "
scholarly_argument_bobzien_chrysippus_s_arguments_for_cau_1,argument,Bobzien: Chrysippus developed two arguments: one based on the Principle of Bivalence and ,,Stoic,0.92,0.91,Chrysippus's arguments for causal determinism — Chrysippus developed two arguments: one based on the Principle of Bivalence and one based on the existence of divination/prediction,Chrysippus's arguments for causal determinism — Chrysippus developed two arguments: one based on the Principle of Bivalence and one based on the existence of divination/prediction
scholarly_argument_cary_modern_physics_and_motivation_7,argument,"Cary: Modern physics raised new problems about free will, as human motivations began t",,Modern scholarship,0.92,0.9,no textual anchor,"Modern physics and motivation — Modern physics raised new problems about free will, as human motivations began to look less like rational perceptions of the good and more like mechanistic causes. This represents a shift "
scholarly_argument_craig_tensed_theory_of_time_a_theory_5,argument,"Craig: Craig defends the A-theory of time (tensed, presentist or growing-block theory) ",,Modern scholarship,0.92,0.9,no textual anchor,"Craig favours the A-theory of time over the B-theory, giving only 'a few cursory remarks' (the A-theory captures our intuitions about the sequential nature and transience of time; the B-theory 'spatializes' time) and def"
scholarly_argument_de_monneron_compatibilism_and_incompatibil_2,argument,"DE MONNERON: The Anglo-American debate distinguishes hard determinists, soft determinists (co",,Modern scholarship,0.92,0.9,no textual anchor,"compatibilism and incompatibilism taxonomy — The Anglo-American debate distinguishes hard determinists, soft determinists (compatibilists), hard incompatibilists, and libertarians; compatibilists hold that free will or m"
scholarly_argument_dettwiler_free_will_and_determinism_in_p_0,argument,DETTWILER: The author does not directly address free will or determinism as philosophical-t,,Modern scholarship,0.92,0.91,no textual anchor,free will and determinism in Pauline reception — The author does not directly address free will or determinism as philosophical-theological problems; his focus is on the socio-historical and literary phenomenon of the 'P
scholarly_argument_dettwiler_human_moral_agency_and_ethical_1,argument,Dettwiler: The letter develops an ethics of contrast emphasizing necessary distance from th,,Modern scholarship,0.92,0.9,no textual anchor,"Dettwiler: Ephesians insists on an 'éthique du contraste' (4,17-5,20), stressing the necessary distance of the Pauline communities from the surrounding world and warning against excessive acculturation. This ethic is gro"
scholarly_argument_eliasson_alexander_of_aphrodisias_on_2,argument,Eliasson: Alexander developed a distinctive notion of ἐφ' ἡμῖν in the context of defending,,Peripatetic,0.92,0.91,"Eliasson finds in Alexander's De fato one clear development of the Aristotelian notion of eph' hemin: where Aristotle is vague between an inclusive and an exclusive notion, Alexander explicitly opts for the exclusive one, defining what depends on us as what comes about with an un","Eliasson finds in Alexander's De fato one clear development of the Aristotelian notion of eph' hemin: where Aristotle is vague between an inclusive and an exclusive notion, Alexander explicitly opts for the exclusive one"
scholarly_argument_f_rst_terminology_of_will_and_freedo_1,argument,Fürst: The work will address both the concept of will (Willensbegriff) and the concept ,,Modern scholarship,0.92,0.9,no textual anchor,"In 'Thematische Eingrenzungen' Fürst delimits his terms negatively: the Willensbegriff is discussed only to be excluded — antiquity before Augustine had no concept of will, so he avoids the word and stays close to the an"
scholarly_argument_fitzmyer_human_agency_and_justification_0,argument,"Fitzmyer: Justification is a once-for-all action of Christ Jesus on behalf of humanity, no",,Modern scholarship,0.92,0.91,no textual anchor,"human agency and justification — Justification is a once-for-all action of Christ Jesus on behalf of humanity, not achieved through human merit; human beings are passive recipients of grace, with their status of rectitud"
scholarly_argument_frankfurt_concept_of_a_person_0,argument,Frankfurt: The concept of a person should not be defined merely by the coexistence of menta,,Modern scholarship,0.92,0.91,no textual anchor,"Frankfurt rejects Strawson's and Ayer's use of 'person' for any entity bearing both psychological and corporeal predicates, since that misappropriates a valuable philosophical term. He locates 'one essential difference b"
scholarly_argument_frankfurt_free_will_and_the_structure_of_1,argument,Frankfurt: The essential difference between persons and other creatures lies in the structu,,Modern scholarship,0.92,0.9,no textual anchor,"Frankfurt holds that 'one essential difference between persons and other creatures' lies in 'the structure of a person's will': besides first-order desires, which many animals share, it 'seems to be peculiarly characteri"
scholarly_argument_gaventa_fate_and_eschatological_promis_2,argument,Gaventa: The overarching question of Romans 9-11 is 'where Israel belongs in God's eschat,,Modern scholarship,0.92,0.91,no textual anchor,"fate and eschatological promise — The overarching question of Romans 9-11 is 'where Israel belongs in God's eschatological victory,' with the conclusion insisting on God's provision for 'all Israel' (11:26) and warning a"
scholarly_argument_gaventa_human_agency_and_divine_action_0,argument,Gaventa: Paul's 'rectification by faith' (ek pisteōs) refers primarily to God's faithful ,,Modern scholarship,0.92,0.9,no textual anchor,"human agency and divine action in justification — Paul's 'rectification by faith' (ek pisteōs) refers primarily to God's faithful action that generates human trust, not to an individual virtue or intellectual conviction;"
scholarly_argument_guillon_anglo_american_revival_of_inco_2,argument,"Guillon: In Anglo-American philosophy, the free will debate seemed definitively closed by",,Modern scholarship,0.92,0.91,no textual anchor,"Anglo-American revival of incompatibilism — In Anglo-American philosophy, the free will debate seemed definitively closed by a broad compatibilist consensus since Hobbes and Hume, but the 1970s-1980s saw the reappearance"
scholarly_argument_gourinat_early_stoic_prohairesis_as_min_4,argument,"Gourinat: in early Stoicism, prohairesis had a minor place as a kind of impulse consisting",,Stoic,0.92,0.91,"early Stoic prohairesis as minor concept — in early Stoicism, prohairesis had a minor place as a kind of impulse consisting in a 'choice before a choice' (temporal sense);","early Stoic prohairesis as minor concept — in early Stoicism, prohairesis had a minor place as a kind of impulse consisting in a 'choice before a choice' (temporal sense); it rarely had a broader meaning, with the notewo"
scholarly_argument_helm_libertarian_free_will_3,argument,Helm: Argues that compatibilist theism is in no better or worse moral case than free-w,,Modern scholarship,0.92,0.9,no textual anchor,"libertarian free will — Argues that compatibilist theism is in no better or worse moral case than free-will theism (libertarian varieties). If God is compromised as author of evil under compatibilism, He is equally compr"
scholarly_argument_helm_theological_compatibilism_0,argument,Helm: Defends 'theistic compatibilism' or 'Creatorly compatibilism' as distinct from p,,Modern scholarship,0.92,0.91,no textual anchor,theological compatibilism — Defends 'theistic compatibilism' or 'Creatorly compatibilism' as distinct from philosophical determinism. God's ordination and sustaining of all things is not identical to creaturely determini
scholarly_argument_jewett_rationality_and_faith_reasonin_2,argument,Jewett: Paul's use of λογίζομαι in 8:18 represents 'judgment of faith'—a firm conviction,,Modern scholarship,0.92,0.91,no textual anchor,"rationality and faith reasoning — Paul's use of λογίζομαι in 8:18 represents 'judgment of faith'—a firm conviction reached by rational thought on the basis of the gospel, operating from 'restored rationality provided by "
scholarly_argument_l_hr_clement_of_alexandria_s_adapta_2,argument,"Löhr: Clement, despite having first-hand knowledge of Valentinian sources and understa",,Christian (patristic),0.92,0.92,"Clement of Alexandria's adaptation of heresiological determinism — Clement, despite having first-hand knowledge of Valentinian sources and understanding that 'saved by nature' referred to the pneumatic element, nevertheless adopted and intensified Irenaeus's heresiological pictur","Clement of Alexandria's adaptation of heresiological determinism — Clement, despite having first-hand knowledge of Valentinian sources and understanding that 'saved by nature' referred to the pneumatic element, neverthel"
scholarly_argument_maston_paul_and_libertarian_free_will_0,argument,Maston: Paul does not use libertarian free will vocabulary or framework; his model is no,,Modern scholarship,0.92,0.91,no textual anchor,"Maston does not discuss Paul's vocabulary; 'libertarian' appears only in a footnote on VanLandingham, whom he faults for setting human action against God's. His claim: under the law the human 'has no ""free will""' to choo"
scholarly_argument_meyer_epicurean_freedom_from_determi_4,argument,"Meyer: Epicurus rejects fate as a 'mistress' (Men. 133), not as the modern compatibility question",,Epicurean,0.92,0.92,Epicurus on fate — what Meyer actually argues.,"Epicurus on fate — what Meyer actually argues. Epicurus does say (Letter to Menoeceus 133) that the wise person will reject fate, but — on Meyer's reading — he is NOT addressing the modern question whether the 'ability t"
scholarly_argument_meyer_plato_on_knowledge_virtue_and__6,argument,Meyer: Plato's Socrates holds that virtue is knowledge and that no one does wrong willi,,Academic/Platonist,0.92,0.91,"Meyer: on 'the view that emerges across Plato's dialogues', knowing or even believing that something is good requires desiring or taking pleasure in it;","Meyer: on 'the view that emerges across Plato's dialogues', knowing or even believing that something is good requires desiring or taking pleasure in it; hence 'there is no such thing, on this view, as knowingly doing wro"
scholarly_argument_munier_human_nature_and_salvation_in__1,argument,Munier: Munier discusses Justin's anthropology and soteriology in chapter IX.4 'L'homme ,,Christian (patristic),0.92,0.91,no textual anchor,"Ch. IX.4 'L'homme et son salut' (pp. 114-127) opens with Justin's optimism about creation and, on the soul (immortal by grace, not by nature), quotes Puech: the soul must be rewarded according to its merits because it ha"
scholarly_argument_pironet_akrasia_as_central_problem_for_0,argument,Pironet: Akrasia (weakness of will) poses the fundamental question of whether one can be ,,Modern scholarship,0.92,0.9,no textual anchor,akrasia as central problem for free will — Akrasia (weakness of will) poses the fundamental question of whether one can be freely and deliberately irrational; it is the form of practical irrationality that most directly 
scholarly_argument_salles_hard_determinism_vs_stoic_comp_2,argument,Salles: The Stoics explicitly rejected the eliminative determinist ('hard-determinist') ,,Stoic,0.92,0.91,"Stoic compatibilism — The Stoics explicitly rejected the eliminative determinist ('hard-determinist') position that because everything is necessitated, we cannot be responsible for anything morally or legally","Hard determinism vs. Stoic compatibilism — The Stoics explicitly rejected the eliminative determinist ('hard-determinist') position that because everything is necessitated, we cannot be responsible for anything morally o"
scholarly_argument_sorabji_lucretius_on_voluntas_and_the__3,argument,"Sorabji: Lucretius attributes voluntas to the animus within the anima, a capacity made po",,Epicurean,0.92,0.91,52-53): Lucretius 'bases freedom on a swerve of the atoms';,"Sorabji (pp. 52-53): Lucretius 'bases freedom on a swerve of the atoms'; voluntas 'is not an agent in its own right, but a capacity or act of animus', the central part, seated in the heart, of the physical soul anima. So"
person_alexander_aphrodisias_fl200ce_n5o6p7q8,person,Alexander of Aphrodisias,,Peripatetic,0.92,0.91,"Alexander of Aphrodisias is widely regarded as the most important Aristotelian commentator of antiquity and the foremost ancient critic of determinism, defending what modern scholars widely characterize as libertarian incompatibilism — the first explicit indeterminist notion of f","Alexander of Aphrodisias is widely regarded as the most important Aristotelian commentator of antiquity and the foremost ancient critic of determinism, defending what modern scholars widely characterize as libertarian in"
person_ambrose_milan_339_397,person,Ambroise de Milan,,Christian (patristic),0.92,0.92,"Bishop of Milan 374-397, the principal mediator of Latin Stoicism to Augustine (whom he baptised in 387) and a major figure in Latin moral theology.","Bishop of Milan 374-397, the principal mediator of Latin Stoicism to Augustine (whom he baptised in 387) and a major figure in Latin moral theology. With regard to free will, three works are important: (1) De Officiis mi"
scholar_bonaiuti_e,person,Ernesto Bonaiuti,,Christian (patristic),0.92,0.9,"Augustinian theology, history of Christian dogma","Augustinian theology, history of Christian dogma"
scholar_fantino_j,person,Jacques Fantino,,Christian (patristic),0.92,0.9,"Patristics, Irenaeus of Lyon","Patristics, Irenaeus of Lyon"
scholar_haggard_p,person,Patrick Haggard,,Modern scholarship,0.92,0.91,no textual anchor,British cognitive neuroscientist. Professor at UCL Institute of Cognitive Neuroscience. PhD 1991. His research investigates the brain activity that precedes voluntary actions and its relation to conscious experience of i
work_epicurus_letters_fragments,work,"Epicurus, Letters and Fragments",,Epicurean,0.92,0.91,"Epicurus, Letters and Fragments.","Epicurus, Letters and Fragments. Work shell created from the live corpus so DB passages can be represented in the KG at passage level."
work_gregory_contra_fatum,work,"Gregory of Nyssa, Contra Fatum",,Christian (patristic),0.92,0.91,"Against Fate (Kata heimarmenes) by Gregory of Nyssa (PG 45, 145C-173D), a polemical antifatalist opusculum in the form of a letter recounting a debate held in Constantinople with a Stoicizing pagan philosopher who defended integral astrological fatalism.","Against Fate (Kata heimarmenes) by Gregory of Nyssa (PG 45, 145C-173D), a polemical antifatalist opusculum in the form of a letter recounting a debate held in Constantinople with a Stoicizing pagan philosopher who defend"
work_maximus_disp_pyrrho,work,"Maximus the Confessor, Disputatio cum Pyrrho",,Christian (patristic),0.92,0.91,no textual anchor,"Maximus the Confessor, Disputatio cum Pyrrho. Theological dialogue on the will of Christ. Edition: PG 91, Doucet 1972."
work_theodoret_graecarum_affectionum_curatio,work,"Théodoret, Graecarum Affectionum Curatio",,Christian (patristic),0.92,0.91,"A Christian apologetic work in 12 books, structured as an antithetical response to Greek philosophical 'diseases'.","Theodoret of Cyrrhus, *Graecarum Affectionum Curatio* (Ἑλληνικῶν θεραπευτικὴ παθημάτων, Therapeutic of Greek Affections), c. 437 CE. A Christian apologetic work in 12 books, structured as an antithetical response to Gree"
scholarly_argument_macintyre_1990_no_precristian_concept_of_will,argument,MacIntyre: no ancient pre-Christian author had a concept of the will,,Modern scholarship,0.92,0.91,no textual anchor,"Quoted verbatim by Irwin 1992, 453: 'Aristotle, like every other ancient pre-Christian author, had no concept of the will and there is no conceptual space in his scheme for such an alien notion in the explanations of def"
scholarly_argument_koch_2019_freewill_grid_reservations,argument,Koch: three reservations against reading the De fato through the modern free-will-problem grid,,Modern scholarship,0.92,0.91,no textual anchor,"Koch declines to make the free-will-problem questionnaire her own frame for reading Alexander. Three reservations: (1) the battery of categories (compatibilism, incompatibilism, non-predeterminism, soft and hard determin"
scholarly_argument_fazzo_2005_alexander_antideterminism_context,argument,Fazzo: Alexander's antideterminism belongs to an anti-Stoic treatise programme and a Severan astrological context,,Peripatetic,0.92,0.92,"His antideterminism also reacts against the totalising astrological fatalism of Severan culture, while making real concessions to astral influence, grounded in an enlarged Aristotelian physics of celestial-sublunary interaction;","De mixtione 12, 227.1-10 — reducing the major Stoic doctrines (mixture, soul, fate, providence, principles and god, unity and sympathy of the universe) to the 'stupefying' thesis of body passing through body — reads as a"
scholarly_argument_coope_2020_freedom_as_perfection,argument,Coope: Neoplatonist freedom is a perfection — being fully in control of oneself,,Neoplatonist,0.92,0.91,"Coope's central thesis about freedom in Plotinus, Porphyry, Iamblichus, Proclus and the Damascian school: freedom as these authors understand it is a kind of perfection.","Coope's central thesis about freedom in Plotinus, Porphyry, Iamblichus, Proclus and the Damascian school: freedom as these authors understand it is a kind of perfection. To be free is to be fully in control of oneself, o"
scholarly_argument_coope_2020_no_ability_to_do_otherwise,argument,Coope: no Neoplatonist takes the ability to do otherwise as a mark of freedom,,Neoplatonist,0.92,0.91,Coope argues that for the Neoplatonist authors she discusses the contrast between what is free and what is subject to fate is certainly not between things that have the power to be otherwise and things that are necessarily as they are: none of them takes the ability to do otherwi,Coope argues that for the Neoplatonist authors she discusses the contrast between what is free and what is subject to fate is certainly not between things that have the power to be otherwise and things that are necessari
scholarly_argument_furst_2019_modern_scholarship_recenters_freedom_with_caution,argument,"Fürst: modern scholarship has begun to recenter freedom, but the inherited image will continue to sway",,Modern scholarship,0.92,0.91,Fürst observes that modern scholarship has only relatively recently restored self-agency and freedom to the center of Origen's thought.,"Fürst observes that modern scholarship has only relatively recently restored self-agency and freedom to the center of Origen's thought. He openly favors that perspective, while cautiously predicting that the older image "
scholarly_argument_loehr_choice_and_aporia,argument,Löhr: Galatians presents choice while Romans stages an aporia,,Modern scholarship,0.92,0.9,no textual anchor,"Galatians places hearers before alternatives, whereas Romans depicts enslavement until external liberation makes good action possible."
scholarly_argument_hodges_zodiac_rotation,argument,Hodges: Gnostic texts imagine zodiac rotation as scrambling fate,,Gnostic,0.92,0.91,no textual anchor,"Hodges reads a short, obscure passage of the Trimorphic Protennoia (a heavenly voice disturbing the thrones of the powers and the planets that 'run courses after fate') together with the explicit Pistis Sophia account, w"
scholarly_argument_bobzien_stoic_causal_determinism_vs_fa_0,argument,Bobzien: Chrysippus developed a theory of universal causal determinism that is distinct f,,Stoic,0.92,0.92,Stoic causal determinism vs.,Stoic causal determinism vs. fatalism — Chrysippus developed a theory of universal causal determinism that is distinct from fatalism and logical determinism; the Stoics defended causal determinism while rejecting the 'Id
scholarly_argument_sorabji_freedom_and_the_will_in_ancien_0,argument,Sorabji: The idea of the will is not fully formed in ancient philosophy but requires asse,,Modern scholarship,0.92,0.9,no textual anchor,"Sorabji distinguishes four strands in the idea of will — rationality, freedom, will power, will perverted by pride — each arising separately (Plato, Aristotle, Posidonius, Lucretius, Plotinus) and 'first (in Augustine) a"
scholar_nagasawa_m,person,Mako A. Nagasawa,,Christian (patristic),0.92,0.91,"Patristics, early Christian theology, free will and grace in church fathers","Patristics, early Christian theology, free will and grace in church fathers"
scholarly_argument_hendriksen_hope_as_anchored_in_divine_lov_2,argument,Hendriksen: The hope that does not disappoint is firmly anchored in God's redeeming love pou,,Modern scholarship,0.92,0.9,no textual anchor,"hope as anchored in divine love rather than human capacity — The hope that does not disappoint is firmly anchored in God's redeeming love poured out by the Holy Spirit, not in human love for God; this hope is 'moored to "
argument_clement_grace_synergy_assent,argument,Clement of Alexandria: Grace–Freedom Synergy via Stoic Assent (Strom. II.6–15),,Christian (patristic),0.91,0.9,Clement of Alexandria's argument in Stromateis II.6–15 (and re-affirmed in Strom.,"Clement of Alexandria's argument in Stromateis II.6–15 (and re-affirmed in Strom. IV.23–24) that Christian salvation involves the cooperation (συνέργεια) of divine grace and human αὐτεξούσιον, mediated by the Stoic theor"
argument_augustine_foreknowledge_freewill,argument,Augustine's Foreknowledge-Free Will Compatibility Argument,,Christian (patristic),0.91,0.9,"Augustine's argument in De Civitate Dei V.9-10 that divine foreknowledge (praescientia) and human free will (liberum arbitrium) are compatible, contra Cicero who sacrificed foreknowledge to preserve freedom.","**Source primaire** : Augustin, *De Civitate Dei* V.9-10 (CCSL 47, Dombart & Kalb, 1955).
**Prémisse 1** : Dieu préconnaît (praescit) toutes les volontés humaines futures, y compris les volontés libres.
**Prémisse 2** : "
argument_furst_2022_christian_philosophers_freedom_innovation,argument,Early Christian Platonists as neglected innovators of the concept of freedom (Fürst 2022),,Christian (patristic),0.91,0.9,"139-141): the early Christian philosophers (Justin, Theophilus of Antioch, Irenaeus, Clement, Tertullian, Tatian) made a decisive and largely unrecognized contribution to the debate on freedom.","Fürst 2022's thesis (Kap. IV introduction, p. 139-141): the early Christian philosophers (Justin, Theophilus of Antioch, Irenaeus, Clement, Tertullian, Tatian) made a decisive and largely unrecognized contribution to the"
argument_origen_witness_possibilitas_utriusque_amand1945,argument,Origène — Possibilitas utriusque partis (laudis et culpae capax) (Amand 1945),,Christian (patristic),0.91,0.89,Origen (Princ.,"Amand (p. 299): The *possibilitas utriusque partis* constitutes the essential and active property of the rational created being (λογικὸν ζῷον). Origen (Princ. I.5,2 ed. Koetschau p. 70,4-7): « every intellectual creature"
argument_origen_witness_preexistence_souls_amand1945,argument,Origen — Pre-existence of νόες and cooling through negligence (Amand 1945),,Christian (patristic),0.91,0.89,no textual anchor,"Amand (p. 299-301): The present inequality among intellectual creatures is not a primitive fact. In the beginning, all were created alike and equal (Princ. II.9,6 Koetschau p. 169,22—170,17). The exercise of free will le"
scholarly_argument_blackson_early_stoics_on_will_and_choic_2,argument,Blackson: The early Stoics probably believed that adult humans choose to exercise their ab,,Stoic,0.91,0.9,"Blackson argues that Epictetus believed E (adults choose to exercise their ability to use impressions), not D (adults choose to assent to impulsive impressions);","Blackson argues that Epictetus believed E (adults choose to exercise their ability to use impressions), not D (adults choose to assent to impulsive impressions); since E is the minimum belief a Stoic must have for a noti"
scholarly_argument_bobzien_teleological_vs_mechanical_det_4,argument,Bobzien: Stoic determinism combines both teleological and mechanical aspects: fate as pro,,Stoic,0.91,0.9,"mechanical determinism — Stoic determinism combines both teleological and mechanical aspects: fate as providential, rational, and goal-directed (teleological) while also involving universal causal regularity and antecedent causes (mechanical);","Teleological vs. mechanical determinism — Stoic determinism combines both teleological and mechanical aspects: fate as providential, rational, and goal-directed (teleological) while also involving universal causal regula"
scholarly_argument_boys_stones_middle_platonist_theory_of_fat_0,argument,Boys-Stones: The traditional interpretation of 'hypothetical fate' as restricting fate's scop,,Middle Platonist,0.91,0.9,Middle Platonist theory of fate — The traditional interpretation of 'hypothetical fate' as restricting fate's scope to certain events while leaving human choices unfated is a misreading.,"Middle Platonist theory of fate — The traditional interpretation of 'hypothetical fate' as restricting fate's scope to certain events while leaving human choices unfated is a misreading. Instead, Middle Platonists held t"
scholarly_argument_crouzel_spiritual_progress_from_image__3,argument,Crouzel: Sin covers the selon-l'image with diabolic or bestial images; through redemption,,Christian (patristic),0.91,0.91,no textual anchor,"Spiritual progress from image to likeness and moral agency — Sin covers the selon-l'image with diabolic or bestial images; through redemption, penance, imitation of God, contemplation, and reception of the Holy Spirit, h"
scholarly_argument_dettwiler_faith_and_doubt_in_matthew_0,argument,Dettwiler: Matthew's conception of faith does not simply distinguish between faith and unbe,,Modern scholarship,0.91,0.89,no textual anchor,"faith and doubt in Matthew — Matthew's conception of faith does not simply distinguish between faith and unbelief, but also reflects on aspects such as doubt and fear within faith itself, accounting for the ambiguity of "
scholarly_argument_denzey_lewis_baptism_as_cosmic_freedom_and__6,argument,"Denzey Lewis: Baptism functions as a ritual mechanism for achieving cosmic freedom, representi",,Christian (patristic),0.91,0.89,"Second-century Christians, 'Gnostic' and 'proto-orthodox' alike, agreed that baptism had resounding cosmological ramifications: they were 'enslaved to fate' only until baptism.","For Theodotus, Justin Martyr and Tatian, baptism provided a deeply spiritual experience — 'illumination', a spiritual transport out of the cosmos onto a new plane — amounting to a new birth, a new 'genesis' (a word also "
scholarly_argument_eliasson_plato_s_concept_of_fate_1,argument,Eliasson: Plato did not have a fully developed technical theory of fate; his texts provide,,Academic/Platonist,0.91,0.9,Plato's concept of fate — Plato did not have a fully developed technical theory of fate;,"Plato's concept of fate — Plato did not have a fully developed technical theory of fate; his texts provide pre-technical sources, intuitions, and main elements for later Platonic theories"
scholarly_argument_fitzmyer_flesh_vs_spirit_as_determinati_2,argument,Fitzmyer: Paul presents two mutually exclusive modes of existence: 'flesh' (sarx) as the r,,Modern scholarship,0.91,0.89,no textual anchor,"flesh vs. Spirit as determinative frameworks — Paul presents two mutually exclusive modes of existence: 'flesh' (sarx) as the realm of sin, death, and hostility to God from which humans cannot free themselves; 'Spirit' ("
scholarly_argument_fitzmyer_reconciliation_and_divine_init_1,argument,"Fitzmyer: Reconciliation is entirely God's initiative; human beings were 'helpless,' 'godl",,Modern scholarship,0.91,0.9,no textual anchor,"reconciliation and divine initiative — Reconciliation is entirely God's initiative; human beings were 'helpless,' 'godless,' 'sinners,' and 'God's enemies' when Christ died for them, emphasizing complete human passivity "
scholarly_argument_frede_stoic_origin_of_the_will_2,argument,Frede: The Stoics developed the first notion of a will through their theory of assent (,,Stoic,0.91,0.9,Stoic origin of the will — The Stoics developed the first notion of a will through their theory of assent (synkatathesis) to impressions (phantasiai);,Stoic origin of the will — The Stoics developed the first notion of a will through their theory of assent (synkatathesis) to impressions (phantasiai); Epictetus's prohairesis becomes the locus of moral agency
scholarly_argument_grant_eusebius_s_suppression_of_evid_3,argument,Grant: Grant argues that Eusebius deliberately suppressed information about voluntary c,,Christian (patristic),0.91,0.9,"Eusebius's suppression of evidence about criticism of Origen's doctrines — Grant argues that Eusebius deliberately suppressed information about criticism of Origen's doctrines by Demetrius, Peter, Methodius, and Eustathius, in order to present Origen as an unproblematic figure;","Eusebius's suppression of evidence about criticism of Origen's doctrines — Grant argues that Eusebius deliberately suppressed information about criticism of Origen's doctrines by Demetrius, Peter, Methodius, and Eustathi"
scholarly_argument_gourinat_multiple_senses_of_prohairesis_1,argument,"Gourinat: prohairesis in Epictetus has three main senses: (1) a punctual decision, (2) the",,Stoic,0.91,0.9,"multiple senses of prohairesis in Epictetus — prohairesis in Epictetus has three main senses: (1) a punctual decision, (2) the faculty of making decisions (also called 'faculté prohairetique'), and (3) in a more restricted sense, the preliminary choice of a way of life or charact","multiple senses of prohairesis in Epictetus — prohairesis in Epictetus has three main senses: (1) a punctual decision, (2) the faculty of making decisions (also called 'faculté prohairetique'), and (3) in a more restrict"
scholarly_argument_gourinat_prohairesis_and_moral_personho_2,argument,Gourinat: prohairesis is not strictly speaking a 'moral person' (as often assumed by trans,,Stoic,0.91,0.9,no textual anchor,"prohairesis and moral personhood — prohairesis is not strictly speaking a 'moral person' (as often assumed by translators and scholars), but it contributes to constituting moral personhood because it constitutes the esse"
scholarly_argument_hall_fate_vs_free_will_in_greek_phi_1,argument,Hall: The Stoic Chrysippus attempted to reconcile fate with human responsibility throu,,Stoic,0.91,0.89,"free will in Greek philosophy — The Stoic Chrysippus attempted to reconcile fate with human responsibility through compatibilism, while Alexander of Aphrodisias defended a stronger libertarian free will against Stoic determinism;","Fate (εἱμαρμένη) vs. free will in Greek philosophy — The Stoic Chrysippus attempted to reconcile fate with human responsibility through compatibilism, while Alexander of Aphrodisias defended a stronger libertarian free w"
scholarly_argument_koch_development_of_causal_distinct_3,argument,Koch: It is difficult to determine whether the concern to distinguish types of causes ,,Stoic,0.91,0.9,Development of causal distinctions in early Stoicism — It is difficult to determine whether the concern to distinguish types of causes developed from the beginning of the Stoa;,Development of causal distinctions in early Stoicism — It is difficult to determine whether the concern to distinguish types of causes developed from the beginning of the Stoa; texts reporting such distinctions at best a
scholarly_argument_jewett_free_will_and_moral_agency_in__0,argument,Jewett: The 'I' in Romans 7:13-25 is a speech-in-character (προσωποποιία) depicting Paul,,Modern scholarship,0.91,0.9,no textual anchor,"free will and moral agency in Romans 7 — The 'I' in Romans 7:13-25 is a speech-in-character (προσωποποιία) depicting Paul's preconversion zealotism, not a description of the normal Christian life or universal human moral"
scholarly_argument_linjamaa_cosmos_as_school_and_community_4,argument,Linjamaa: The Tripartite Tractate presents the cosmos as a 'school' (scholē) that imperfec,,Gnostic,0.91,0.89,no textual anchor,Linjamaa: the Aeons' 'school of conduct' in the Pleroma and the cosmos as a place of learning show that both heavenly and earthly life follow a pedagogical structure. The social context reflected in TriTrac is 'a dual on
scholarly_argument_moon_origen_s_influence_on_subseque_1,argument,Moon: Origen's interpretation of Romans 9:6-13 had significant influence on subsequent,,Christian (patristic),0.91,0.89,Moon (thesis point 3): Origen's interpretation of Rom 9:6-13 'had a significant influence on subsequent readings in the Greek and Latin traditions';,"Moon (thesis point 3): Origen's interpretation of Rom 9:6-13 'had a significant influence on subsequent readings in the Greek and Latin traditions'; late fourth-century Latin Nicene exegetes, 'consciously contending agai"
scholarly_argument_o_keefe_lucretius_on_swerve_and_volunt_4,argument,O'Keefe: Lucretius' account of the swerve and 'free volition' (libera voluntas) in De rer,,Epicurean,0.91,0.9,Chapter 2 examines Lucretius DRN 2.251-293 and 4.877-896.,Chapter 2 examines Lucretius DRN 2.251-293 and 4.877-896. O'Keefe's conclusion on the swerve is 'mostly negative': Lucretius 'tells us remarkably little about the role it is supposed to play'. But the passages show 'what
scholarly_argument_long_2002_what_is_up_to_us_principal_project,argument,"Long: Epictetus's principal project is that only judgements, desires, and goals are 'up to us'",,Stoic,0.91,0.9,Long opens the book by stating that Epictetus's whole programme rests on the claim that nothing lies completely in our power except our own mental acts.,Long opens the book by stating that Epictetus's whole programme rests on the claim that nothing lies completely in our power except our own mental acts. Even our body and its movements are not fully ours; the corollary i
scholarly_argument_maso_human_agency_and_self_determin_3,argument,Maso: The volume aims to examine how fate and chance interfere with deliberative proce,,Modern scholarship,0.91,0.9,no textual anchor,"Masi and Maso (Introduzione), fourth question: how and to what extent fate and chance 'interfere with deliberative processes', since admitting them raises a compatibility problem with the capacity of the 'human agent' to"
scholarly_argument_rousseau_free_will_in_irenaeus_0,argument,Rousseau: This is a critical edition with French translation of Irenaeus' Adversus Haerese,,Christian (patristic),0.91,0.9,no textual anchor,"free will in Irenaeus — This is a critical edition with French translation of Irenaeus' Adversus Haereses Book V, not a secondary study; the editor Rousseau does not explicitly advance interpretive positions on free will"
scholarly_argument_telfer_grace_and_free_will_in_clement_4,argument,Telfer: Clement saw divine philanthropy as wooing men to choose good through impulses to,,Christian (patristic),0.91,0.9,no textual anchor,"grace and free will in Clement — Clement saw divine philanthropy as wooing men to choose good through impulses to repentance fed into moral autexousia, with divine Wisdom prompting faith leading to election and salvation"
scholarly_argument_wolter_gospel_as_divine_power_and_hum_2,argument,"Wolter: Wolter analyzes the gospel as both divine event and human message, examining how",,Modern scholarship,0.91,0.89,no textual anchor,"Wolter: the gospel is 'God's gospel' and 'Christ's gospel' by its content, independent 'of the person of its preacher' (p. 59). Heard as God's word, it does what God's word always does — it has an effect. 'It is first of"
scholar_pouderon_b,person,Bernard Pouderon,,Christian (patristic),0.91,0.9,"Greek patristics, early Christian apologists, Athénagore","Greek patristics, early Christian apologists, Athénagore"
scholar_taormina_daniela,person,Daniela Patrizia Taormina,,Neoplatonist,0.91,0.9,"14 du volume Destrée 2014, « Choice (hairesis), self-determination (to autexousion) and what is in our power (to eph' hêmin) in Porphyry's interpretation of the myth of Er », étudiant les fragments 268-271 Smith (= Stobée Anth.","Daniela Patrizia Taormina, philologue italienne, professeure à l'Université de Rome Tor Vergata. Spécialiste de Plotin, Porphyre et Jamblique. Auteure du ch. 14 du volume Destrée 2014, « Choice (hairesis), self-determina"
person_ephrem_syrus_d373,person,Ephrem the Syrian,,Christian (patristic),0.91,0.9,no textual anchor,"Ephrem the Syrian (c. 306-373), deacon and hymnographer of Nisibis and Edessa. His Memrā against Bardaisan and the Hymns against Heresies are the principal Syriac witnesses to Bardaisan's teaching and to the bardesanite "
scholar_ter_haar_romeny_rb,person,Robert B. ter Haar Romeny,,Modern scholarship,0.91,0.9,no textual anchor,"Syriac and biblical scholar; editor of the sixty-one surviving fragments of Eusebius of Emesa's Commentary on Genesis in *A Syrian in Greek Dress* (TEG 6, Peeters, 1997). He holds that Eusebius' ascription of the two-spe"
scholarly_argument_irwin_1992_voluntarism_intellectualism_share_concept,argument,Irwin: denying Greeks a concept of will because they are not voluntarists is a historical and philosophical mistake,,Modern scholarship,0.91,0.9,no textual anchor,"Irwin's closing diagnosis of the whole debate: critics who claim that Greek philosophers have no concept of the will may really mean only that the Greeks do not hold a voluntarist conception of the will, on which the wil"
scholarly_argument_boyd_agrees_on_freedoms_telos_but_rejects_exhaustive_control,argument,"Boyd: grace enables freedom's telos, but exhaustively controlled love would not be chosen love",,Modern scholarship,0.91,0.9,no textual anchor,"Boyd agrees with Highfield that the God-appointed end of freedom of choice is the freedom to love God and be conformed to Christ, and that no one enters this 'fullness of freedom' by their own power of choice. He parts w"
scholarly_argument_boyd_control_by_liberating_foundational_incoherence,argument,Boyd: comprehensive control and control-by-liberating form a foundational incoherence,,Modern scholarship,0.91,0.9,no textual anchor,"Boyd finds a 'foundational incoherence' in Highfield's thesis: providence 'controls by liberating' while God also exercises 'comprehensive sovereignty'. If God controls by liberating while controlling everything, everyth"
scholarly_argument_mueller_clement_defines_choice_between_opposites,argument,Müller: Clement defines free choice as equal power over opposed possibilities,,Christian (patristic),0.91,0.89,no textual anchor,"Müller highlights Clement's unusually sharp definition of free choice as the rational power to choose between opposed possibilities. This capacity grounds commands, repentance, faith, and responsibility and blocks Gnosti"
scholarly_argument_barclay_2020_grace_creates_worth,argument,God's love does not find but creates worth: grace confers value rather than rewarding it (Barclay 2020),,Modern scholarship,0.91,0.89,no textual anchor,"Barclay (ch. 13), via Luther's Heidelberg Disputation thesis 28: against the dominant philosophical tradition in which love is drawn to a good already present in its object, the love of God 'does not find, but creates wh"
scholarly_argument_barclay_2020_incongruous_gift,argument,"The Christ-gift is incongruous: given in the absence of worth, it creates worth (Barclay 2020)",,Modern scholarship,0.91,0.89,no textual anchor,"Barclay's organizing thesis. Whereas gifts in Paul's Greco-Roman world were normally distributed discriminately to worthy recipients, Paul takes the Christ-gift to be given without regard to worth, and in the absence of "
scholarly_argument_barclay_2020_unconditioned_not_unconditional,argument,"Grace is unconditioned (no prior worth) but not unconditional (it transforms): free, not cheap (Barclay 2020)",,Modern scholarship,0.91,0.9,no textual anchor,"Barclay's pivotal distinction, applied to Romans. Paul perfects the incongruity of grace but not its noncircularity: grace is 'unconditioned' (given in the absence of merit or worth) yet not 'unconditional' if that means"
scholarly_argument_dettwiler_hellenistic_influence_on_pauli_4,argument,"Dettwiler: Despite Hebrew monistic tendencies, Paul's literature is also permeated by speci",,Modern scholarship,0.91,0.9,no textual anchor,"Because Paul's Judaism, like any minority culture of the time, is influenced by Hellenistic culture, Pauline literature is also 'imprégnée' by specifically Greco-Roman anthropological elements: Paul's extensive use of ty"
scholarly_argument_dettwiler_soteriology_and_divine_initiat_2,argument,Dettwiler: Salvation is entirely God's creative activity through Christ; the letter emphasi,,Modern scholarship,0.91,0.91,no textual anchor,"soteriology and divine initiative — Salvation is entirely God's creative activity through Christ; the letter emphasizes God's 'great love' (2:4) that gives life to those who were dead in their past pagan existence, descr"
scholarly_argument_irwin_method_in_history_of_ethics_2,argument,Irwin: Aims to expound views fully enough to show what can be said for and against them,,Modern scholarship,0.91,0.9,no textual anchor,"method in history of ethics — Aims to expound views fully enough to show what can be said for and against them, not merely neutral exposition; actively defends, objects, and revises where appropriate; allocates space acc"
scholarly_argument_junod_origen_critiques_church_through_knowledge_and_holiness,argument,Junod: Origen relativizes external hierarchy by the internal hierarchy of knowledge and holiness,,Christian (patristic),0.91,0.89,"Junod connects Origen's theology to a critique of ecclesial complacency: an intellectual elite could escape clerical control, clergy are judged by knowledge and holiness rather than office alone, and ordinary Christians are urged from faith toward inquiry.","Junod connects Origen's theology to a critique of ecclesial complacency: an intellectual elite could escape clerical control, clergy are judged by knowledge and holiness rather than office alone, and ordinary Christians "
argument_dihle_1982_synkatathesis_is_cognitive_not_volitional,argument,"Dihle 1982 — La synkatathesis stoicienne reste cognitive, non volitionnelle",,Stoic,0.9,0.88,The strongest objection to Dihle's thesis comes from Stoic psychology: synkatathesis (assent to an impression) seems to constitute a voluntary act distinct from pure cognition.,"Important argument of Dihle 1982 (Lect. III, p. 60-64 / md ll. 2549-2580). The strongest objection to Dihle's thesis comes from Stoic psychology: synkatathesis (assent to an impression) seems to constitute a voluntary ac"
argument_eastman_2017_no_freestanding_self_vs_autonomy,argument,Eastman: no freestanding autonomous self in Paul's cosmos,,Modern scholarship,0.9,0.89,no textual anchor,"Eastman argues Paul leaves no room for the autonomous individual who stands apart and chooses among identities. The only relational loci are personal ('I-Thou', Paul and Christ) or depersonalizing ('I-It', the self and '"
argument_frede_2011_ancient_notion_not_basically_flawed,argument,The Ancient Notion of Free Will (Except in Alexander) Is NOT Fundamentally Flawed (Frede 2011),,Modern scholarship,0.9,0.89,no textual anchor,"Argument Frede 2011 Ch. 10 (p. 177-178). Frede answers his fourth initial question (was the notion fatally flawed?). Answer: NO, except in Alexander. All the other ancient formulations (Stoic, Plotinian, Origenian, Augus"
argument_origen_free_will_theodicy_6f9d8a3c,argument,Origen's Free Will Theodicy Against Gnosticism,,Christian (patristic),0.9,0.89,Developed to defend Christian theology against Gnostic predestinarianism.,"Developed to defend Christian theology against Gnostic predestinarianism. All rational beings, including angels and demons, possess genuine free will (autexousion). Evil exists because free beings can misuse their freedo"
argument_origen_witness_double_freedom_amand1945,argument,Origène — Liberté formelle / liberté réelle (Amand 1945),,Christian (patristic),0.9,0.88,304 + note 2): Origen distinguishes (Princ.,"Amand (p. 304 + note 2): Origen distinguishes (Princ. III.6,1 ed. Koetschau p. 280,6-17) two orders of freedom: (1) Formal freedom = the freedom to choose between good and evil, the faculty of deciding for one or the oth"
argument_bardesanes_triple_delimitation_physis_heimarmene_autexousion,argument,Bardesane LLR - triple delimitation physis / heimarmene / autexousion,,Christian (patristic),0.9,0.88,no textual anchor,"Bardaisan’s structural argument in the LLR §15-22: a tripartite delimitation of the spheres of causality. (1) Physis (nature, physical necessity) = the principle of actions common to humans and animals; it cannot bind hu"
argument_bobzien_2001_b1_pneumatic_causation_model,argument,Bobzien 2001 — Modele pneumatique de la causation stoicienne (body-to-body),,Stoic,0.9,0.89,"18-27): Stoic causation is fundamentally body-to-body (body to body), not event-to-event (event to event).","Argument Bobzien 2001 §1.1.2 (p. 18-27): Stoic causation is fundamentally body-to-body (body to body), not event-to-event (event to event). Pneuma penetrates all bodies and transmits causation through tension (tonos). Th"
argument_fire_reductio_alex,argument,Fire Reductio Against Stoics,,Peripatetic,0.9,0.88,no textual anchor,"Argument: Fire reductio AD ABSURDUM Stoics say ""up to us"" means acting from our own nature/character, following impressions. Premise: Stoics define ""up to us"" as acting from one's nature. Premise: Fire acts from its natu"
argument_boethius_modes_cognition,argument,Boethius's Modes of Cognition Argument (Consolation V.pr.4-5),,Neoplatonist,0.9,0.89,**Type of reasoning**: deductive (Neoplatonic epistemology serving as a premise for the solution of V.pr.6).,"**Primary source**: Boethius, *Consolation of Philosophy* V.pr.4-5 (CCSL 94, Bieler, 1957/1984; ed. Moreschini, Bibliotheca Teubneriana, 2000/2005).
**Premise 1**: Knowledge is determined by the mode (modus) of the knowi"
argument_the_dog_and_cart_argument_9ba60714,argument,The Dog and Cart Argument,,Stoic,0.9,0.88,no textual anchor,"The dog tied to a moving cart follows willingly or is dragged, while the outcome remains necessary. The analogy contrasts consent with resistance; it does not by itself establish a power to choose an alternative outcome."
scholarly_argument_barclay_human_moral_responsibility_in__1,argument,Barclay: Paul presupposes that human beings are capable and effective agents responsible ,,Modern scholarship,0.9,0.88,no textual anchor,"Human moral responsibility in Paul — Paul presupposes that human beings are capable and effective agents responsible for their own actions, bemoaning sin as 'disobedience' and speaking of God's judgment in ways that pres"
scholarly_argument_blackwell_deification_and_free_will_mora_0,argument,Blackwell: The work focuses on soteriological deification (christosis) rather than directly,,Christian (patristic),0.9,0.89,no textual anchor,"Blackwell's subject is deification (christosis) in Pauline soteriology read through Irenaeus and Cyril, not free will as such. Yet in the Irenaeus chapter he states explicitly that rationality and free will play a centra"
scholarly_argument_bobzien_the_idle_argument_argos_logos__4,argument,Bobzien: The Idle Argument poses a serious challenge to Stoic compatibilism by suggesting,,Stoic,0.9,0.89,"The Stoics treated it as a sophism, and Bobzien finds that it 'contains various sophistic elements'.","The Idle Argument is 'levelled against fate-determinism': if everything is fated, making an effort is futile. The Stoics treated it as a sophism, and Bobzien finds that it 'contains various sophistic elements'. Chrysippu"
scholarly_argument_crouzel_free_will_and_determinism_in_o_0,argument,Crouzel: Origen was not a philosopher in the modern sense and did not seek to create a 'C,,Christian (patristic),0.9,0.89,free will and determinism in Origen — Origen was not a philosopher in the modern sense and did not seek to create a 'Christian philosophy' based on reason rather than revelation;,free will and determinism in Origen — Origen was not a philosopher in the modern sense and did not seek to create a 'Christian philosophy' based on reason rather than revelation; his theology must be understood as insepa
scholarly_argument_cary_historical_threats_to_free_wil_3,argument,Cary: What is meant by freedom has depended on what threatens to undermine it: origina,,Modern scholarship,0.9,0.89,no textual anchor,"Historical threats to free will — What is meant by freedom has depended on what threatens to undermine it: originally fate, later force of circumstances, coercion, causal nexus of physical world, providence, grace of God"
scholarly_argument_craig_principle_of_bivalence_6,argument,Craig: Craig examines arguments for and against denying bivalence for future contingent,,Modern scholarship,0.9,0.88,no textual anchor,"principle of bivalence — Craig examines arguments for and against denying bivalence for future contingent propositions as an escape from fatalism, ultimately finding such denials unsuccessful or unnecessary for resolving"
scholarly_argument_dettwiler_moral_responsibility_and_ethic_2,argument,Dettwiler: The ethical exhortation invites believers to pass from the 'old man' to the 'new,,Modern scholarship,0.9,0.89,no textual anchor,"Dettwiler: the ethical exhortation has two parts — 3,5-17 invites the passage 'du «vieil homme» à «l'homme nouveau»' (with catalogues of vices and virtues), a new existence culminating in mutual love; 3,18-4,1 contains t"
scholarly_argument_double_terminology_free_will_vs_free__2,argument,Double: The label 'free will' or 'free choice' should be preferred over 'free action' be,,Modern scholarship,0.9,0.89,no textual anchor,"terminology: 'free will' vs. 'free action' — The label 'free will' or 'free choice' should be preferred over 'free action' because the central concern is moral responsibility, which depends on whether choices are free. '"
scholarly_argument_dunn_grace_and_human_initiative_2,argument,"Dunn: Salvation is entirely God's initiative through grace; human response is faith, w",,Modern scholarship,0.9,0.88,no textual anchor,"Justification by faith alone is, for Dunn, 'a relation of utter dependence, of unconditional trust': dependence on grace must be unqualified, which is why Paul opposed works of the law as an accompaniment or addition to "
scholarly_argument_f_rst_early_christian_freedom_theory_6,argument,Fürst: Contends that early Christianity developed a distinctive 'freedom pathos' (Freih,,Christian (patristic),0.9,0.89,"Fürst: from the mid-2nd century Christian Platonists shared the Platonic critique of Stoic Kompatibilismus but, with unprecedented 'Vehemenz', called τὸ ἐφ᾽ ἡμῖν and τὸ αὐτεξούσιον 'frei' and ascribed freedom of self-determination to every human as natural endowment — a 'Freiheit","Fürst: from the mid-2nd century Christian Platonists shared the Platonic critique of Stoic Kompatibilismus but, with unprecedented 'Vehemenz', called τὸ ἐφ᾽ ἡμῖν and τὸ αὐτεξούσιον 'frei' and ascribed freedom of self-det"
scholarly_argument_frede_autexousion_terminology_4,argument,"Frede: The term autexousion originates in Stoic contexts, found in fragments of Musoniu",,Stoic,0.9,0.89,Frede: the term to autexousion 'seems to be of Stoic origin' and refers to the ability to act of one's own initiative (like autopragia).,"Frede: the term to autexousion 'seems to be of Stoic origin' and refers to the ability to act of one's own initiative (like autopragia). It is found twice in the fragments of Musonius, more often in Epictetus, then among"
scholarly_argument_frede_epictetus_and_free_will_3,argument,"Frede: Epictetus is the key figure in whom the earlier Stoic theory of assent, enriched",,Stoic,0.9,0.89,Frede locates in Epictetus 'the first time that we have any notion of a will' (p.,"Frede locates in Epictetus 'the first time that we have any notion of a will' (p. 46): what is up to us is how we deal with our impressions, assent being only one such thing; prohairesis, which defines us as the person w"
scholarly_argument_fitzmyer_law_sin_and_death_as_tyrannica_1,argument,Fitzmyer: Paul draws law into a threesome with sin and death that tyrannize human existenc,,Modern scholarship,0.9,0.89,no textual anchor,"Law, sin, and death as tyrannical powers — Paul draws law into a threesome with sin and death that tyrannize human existence apart from Christ; the law contributes to the situation of human bondage rather than liberating"
scholarly_argument_guillon_compatibilism_vs_incompatibili_0,argument,Guillon: The contemporary debate on free will is best understood through the traditional ,,Modern scholarship,0.9,0.89,no textual anchor,"To sort the contemporary 'mosaïque de positions', Guillon finds it convenient ('commode') to use the traditional opposition between 'conceptions compatibilistes' and 'conceptions incompatibilistes'. Compatibilist concept"
scholarly_argument_djeranian_chrysippus_s_compatibilism_0,argument,D'Jeranian: Chrysippus's attempt to reconcile fate and moral responsibility through the cyli,,Stoic,0.9,0.89,"D'Jeranian: as reported by Cicero (De fato 41-43), Chrysippus's strategy (cylinder analogy;","D'Jeranian: as reported by Cicero (De fato 41-43), Chrysippus's strategy (cylinder analogy; fate as antecedent and auxiliary cause, assent as principal cause) guarantees 'a minima' man's causal autonomy within the determ"
scholarly_argument_hick_fate_necessity_and_cosmic_dete_3,argument,Hick: Hick rejects metaphysical necessitarianism and the 'principle of plenitude' as t,,Modern scholarship,0.9,0.89,no textual anchor,"Hick rejects the Neo-Platonic principle of plenitude, the great chain of being and the aesthetic theme, and both Thomist and Leibnizian answers to 'the best possible world', because they conceive God's relation to creati"
scholarly_argument_jourdan_determinism_and_fate_vs_free_w_2,argument,Jourdan: Clement opposes dualist doctrines that posit evil powers equal to God and Marcio,,Christian (patristic),0.9,0.89,no textual anchor,determinism and fate vs. free will — Clement opposes dualist doctrines that posit evil powers equal to God and Marcionite positions that question God's justice; he defends human free will as the true cause of evil agains
scholarly_argument_meyer_stoic_freedom_and_what_is_up_t_2,argument,Meyer: The Stoics developed a compatibilist account of freedom: true freedom consists i,,Stoic,0.9,0.89,"Meyer's Appendix 1 separates two notions: the freedom (eleutheria) the Stoics attribute to the sage, contrasted with slavery and not with determinism, and 'what is up to us' (eph' hemin), disputed in the fate debate.","Meyer's Appendix 1 separates two notions: the freedom (eleutheria) the Stoics attribute to the sage, contrasted with slavery and not with determinism, and 'what is up to us' (eph' hemin), disputed in the fate debate. Sag"
scholarly_argument_nagasawa_foreknowledge_and_determinism_2,argument,Nagasawa: Justin Martyr and other early fathers held that God's foreknowledge is intuitive,,Christian (patristic),0.9,0.89,no textual anchor,"Nagasawa presents, as quotations from Justin Martyr, the statement that 'God's foreknowledge is intuitive, not active, and is caused by man's choices' (unreferenced) together with 1 Apology 43: rewards and punishments fo"
scholarly_argument_mansfeld_aristotle_on_choice_and_will_1,argument,Mansfeld: Endorses Frede's argument that Aristotle does not have a concept of will but doe,,Peripatetic,0.9,0.89,Mansfeld reports Frede's chapter 'Aristotle on Choice without a Will': Aristotle has no concept of will but one of 'willing';,"Mansfeld reports Frede's chapter 'Aristotle on Choice without a Will': Aristotle has no concept of will but one of 'willing'; prohairesis is choosing as a special 'form of willing', 'not between alternatives' but electin"
scholarly_argument_sapolsky_moral_responsibility_and_blame_2,argument,Sapolsky: Blame is indefensible and punishment as retribution is unjustified; dangerous in,,Modern scholarship,0.9,0.88,no textual anchor,"moral responsibility and blame — Blame is indefensible and punishment as retribution is unjustified; dangerous individuals should be restrained non-judgmentally, like faulty cars kept off the road"
scholarly_argument_schneider_the_soul_as_intermediate_ontol_3,argument,Schneider: The soul's status as an intermediate substance between the intelligible and sens,,Neoplatonist,0.9,0.88,no textual anchor,"the soul as intermediate ontological status — The soul's status as an intermediate substance between the intelligible and sensible realms makes it a mobile, 'amphibious' reality; this ontological mobility is the proper l"
scholarly_argument_uster_the_structure_of_stoic_action__2,argument,"Šuster: Moral responsibility requires assent, which is situated between impression and f",,Stoic,0.9,0.89,"The structure of Stoic action theory and moral responsibility — Moral responsibility requires assent, which is situated between impression and final reaction;","The structure of Stoic action theory and moral responsibility — Moral responsibility requires assent, which is situated between impression and final reaction; the power of confirming or withholding assent is the locus of"
scholarly_argument_vicens_responses_to_the_free_will_puz_1,argument,"Vicens: Proposes to evaluate three possible responses to this puzzle: libertarian, soft ",,Modern scholarship,0.9,0.89,no textual anchor,"Vicens sets out three types of response to the puzzle of sin and free will — a libertarian stance (Section 2), a soft determinist one (Section 3), and free will skepticism (Section 4) — intending to show that none is wit"
person_haynes_john_dylan_2f3g4h5i,person,John-Dylan Haynes,,Modern scholarship,0.9,0.88,no textual anchor,"German neuroscientist whose fMRI experiments (2008) extended Libet's findings. Using pattern classification of brain activity, claimed to predict subjects' decisions up to 7-10 seconds before conscious awareness. These f"
scholar_boulnois_m,person,Marie-Odile Boulnois,,Christian (patristic),0.9,0.89,"Patristics, Cyril of Alexandria, free will and divine prescience","Patristics, Cyril of Alexandria, free will and divine prescience"
work_aristotle_physics,work,"Aristotle, Physica",,Peripatetic,0.9,0.89,"Aristotle, Physica.","Aristotle, Physica. Work shell created from the live corpus so DB passages can be represented in the KG at passage level."
work_irenaeus_adversus_haereses_book3,work,"Irenaeus, Adversus Haereses Book 3",,Christian (patristic),0.9,0.88,no textual anchor,Third book developing recapitulation Christology and Eve-Mary typology. Chapters 22-23 connect virginal state of Adam/Eve to their infancy and recent creation.
scholar_snell_bruno,person,Bruno Snell,,Modern scholarship,0.9,0.9,no textual anchor,"German classical philologist (1896-1986). Professor at University of Hamburg. Director of the Lexikon des frühgriechischen Epos (LfgrE) project at Hamburg. His seminal work ""Die Entdeckung des Geistes"" (1946, trans. ""The"
work_philo_de_providentia,work,"Philo, De Providentia",,Jewish,0.9,0.88,"Philo of Alexandria, De providentia (Περὶ προνοίας), an early treatise in two books, preserved almost in its entirety in the Armenian translation by the Mekhitarist J.-B.","Philo of Alexandria, De providentia (Περὶ προνοίας), an early treatise in two books, preserved almost in its entirety in the Armenian translation by the Mekhitarist J.-B. Aucher (Venice, Saint-Lazare, 1822, vol. I, p. 1-"
work_eusebius_emesa_commentary_genesis,work,"Eusebius of Emesa, Commentary on Genesis (fragments)",,Christian (patristic),0.9,0.89,no textual anchor,"Lost commentary, the first part of Eusebius of Emesa's Commentary on the Octateuch and Kings, surviving in sixty-one fragments edited by ter Haar Romeny (1997). Fragment 22, transmitted in Greek, Armenian and Syriac, dis"
scholarly_argument_furst_2019_freedom_is_origenian_systematic_center,argument,Fürst: self-determination is the systematic center of Origen's anthropology and metaphysics,,Christian (patristic),0.9,0.89,Fürst identifies freedom and self-agency as a central principle of Origen's thought: De principiis contains the first sustained Christian treatise on self-determination and develops a metaphysics in which rational reality is structured by will and motion.,Fürst identifies freedom and self-agency as a central principle of Origen's thought: De principiis contains the first sustained Christian treatise on self-determination and develops a metaphysics in which rational realit
scholarly_argument_markschies_romans_persona_preserves_free_will_framework,argument,Markschies: Origen's persona reading of Romans 7 preserves his free-will framework,,Christian (patristic),0.9,0.89,Markschies argues that free will is not the stated intentio of Romans but is a central hermeneutical problem for Origen.,"Markschies argues that free will is not the stated intentio of Romans but is a central hermeneutical problem for Origen. By assigning the speaker who does what he hates and cannot complete the good to a weak persona, Ori"
scholarly_argument_loehr_good_deed,argument,Löhr: Paul describes a will to perform the good deed,,Modern scholarship,0.9,0.89,no textual anchor,Romans 7 and Galatians 5 affirm willing directed to performing good; its failure is not ignorance or merely external circumstance.
scholarly_argument_hodges_redeemer,argument,Hodges: the redeemer descends through hostile spheres and breaks fate,,Gnostic,0.9,0.89,no textual anchor,"The savior enters the cosmic prison, risks its powers, and clears an upward path through planetary spheres for the elect."
scholarly_argument_barclay_2020_spirit_enables_not_overrides,argument,The Spirit enables the believer's agency without overriding it: no puppets (Barclay 2020),,Modern scholarship,0.9,0.88,no textual anchor,"Barclay (ch. 8, on Rom 8:9-13): the Spirit does not take the place of the believer, 'as if one agency overrides the other'; Paul instructs believers, who are 'not merely puppets on a string', yet their agency is 'enabled"
scholarly_argument_dettwiler_stages_of_the_faith_journey_2,argument,Dettwiler: The narrative of Matthew 14 presents a paradigmatic journey of faith with four m,,Modern scholarship,0.9,0.88,no textual anchor,"stages of the faith journey — The narrative of Matthew 14 presents a paradigmatic journey of faith with four main stages: (1) christological foundation, (2) trust/confidence, (3) crisis (doubt/fear), and (4) restructurin"
scholarly_argument_irwin_intellectualism_vs_anti_intell_1,argument,"Irwin: Both intellectualist views (Socratic/Stoic, where belief alone determines choice",,Modern scholarship,0.9,0.89,no textual anchor,"Setting out the case of those who deny the Greeks a concept of the will ('derived from Gauthier', n. 8), Irwin distinguishes intellectualist theories (Socratic, Stoic: only belief about the better option affects choice) "
scholar_munier_c,person,Charles Munier,,Christian (patristic),0.9,0.89,"Patristics, early Christian apologetics, Justin Martyr","Patristics, early Christian apologetics, Justin Martyr"
