pair_id,type,a_id,a_name,b_id,b_name,same_probability,part_of_probability,tier,survivor_suggestion,reasons,a_desc_excerpt,b_desc_excerpt
scholarly_argument_eliasson_middle_platonist_notions_of_4__scholarly_argument_koch_middle_platonic_conditional_fa_5,argument,scholarly_argument_eliasson_middle_platonist_notions_of_4,Eliasson: Middle Platonists developed a standard notion of ἐφ' ἡμῖν that drew on Platonic ,scholarly_argument_koch_middle_platonic_conditional_fa_5,Koch: Middle Platonists developed a theory of conditional fate (destin conditionnel) f,0.29,0.16,<=0.3,scholarly_argument_eliasson_middle_platonist_notions_of_4,description_token_overlap;label_token_overlap,"Eliasson discerns a standard Middle-Platonist notion of eph' hemin, found in Alcinous, Ps.-Plutarch, Nemesius, Calcidius, Apuleius (with reservations) and Maximus of Tyre: all things are included in f","Koch (p. 35): the Platonists 'ont actualisé leur platonisme' by rereading founding texts to develop 'la théorie originale du destin conditionnel', found in Alcinous Did. 26, Calcidius In Tim. 142-144,"
scholarly_argument_linjamaa_cosmos_as_school_and_community_4__scholarly_argument_linjamaa_free_will_and_moral_accountabi_1,argument,scholarly_argument_linjamaa_cosmos_as_school_and_community_4,Linjamaa: The Tripartite Tractate presents the cosmos as a 'school' (scholē) that imperfec,scholarly_argument_linjamaa_free_will_and_moral_accountabi_1,Linjamaa: The Tripartite Tractate employs concepts of will (Greek: thelēma/boulē) and self,0.29,0.14,<=0.3,scholarly_argument_linjamaa_free_will_and_moral_accountabi_1,description_token_overlap;label_token_overlap,Linjamaa: the Aeons' 'school of conduct' in the Pleroma and the cosmos as a place of learning show that both heavenly and earthly life follow a pedagogical structure. The social context reflected in T,"Linjamaa (§3.6): TriTrac's ethical theory, unlike many early Christian systems, 'did not rest on the doctrine of free will'. As long as passion and false impressions rooted in matter are viable there "
scholarly_argument_byerly_compatibilism_and_the_value_of_1__scholarly_argument_byerly_theological_determinism_and_fr_0,argument,scholarly_argument_byerly_compatibilism_and_the_value_of_1,Byerly: The theological determinist can affirm that causally determined free actions pro,scholarly_argument_byerly_theological_determinism_and_fr_0,Byerly: Theological determinists (who affirm compatibilism—that free actions can be caus,0.29,0.2,<=0.3,scholarly_argument_byerly_theological_determinism_and_fr_0,description_token_overlap;label_token_overlap,compatibilism and the value of free action — The theological determinist can affirm that causally determined free actions productive of virtue are genuinely free and may even exhibit the most valuable,theological determinism and free will theodicy — Theological determinists (who affirm compatibilism—that free actions can be causally determined) can adapt the central argumentative strategies of Plan
scholarly_argument_brand_genre_determines_free_will_view__scholarly_argument_brand_hodayot_predestination_physicality,argument,scholarly_argument_brand_genre_determines_free_will_view,"Brand: a Second Temple text's view of free will correlates with its genre, not a single 'Qumran theology'",scholarly_argument_brand_hodayot_predestination_physicality,Brand: the Hodayot bind innate sinfulness to human physicality within a predestinarian system,0.29,0.18,<=0.3,scholarly_argument_brand_genre_determines_free_will_view,description_token_overlap;label_token_overlap,"Brand's organizing thesis. Against the trend to harmonize a single deterministic 'Qumran theology' of sin, she shows that Second Temple texts (including those at Qumran) display unremarked variability","Reading 1QHa VII.25b–27a ('in your hand is the inclination of every spirit … you determined before you created it') and VII.27–30 (predestination of wicked and righteous 'from the womb'), Brand argues"
synthesis_amand1945_epilogue_cultural__synthesis_amand1945_epilogue_theological,synthesis,synthesis_amand1945_epilogue_cultural,Bilan culturel de l'épilogue Amand 1945 — homogénéité de la civilisation gréco-romaine et chrétienne,synthesis_amand1945_epilogue_theological,Theological Assessment of Amand 1945’s Epilogue — The Transmission of a Philosophical Argument in Greek Christian Theology,0.29,0.25,<=0.3,synthesis_amand1945_epilogue_theological,description_token_overlap;label_token_overlap,"Fourth strand of Amand's epilogical assessment (Amand 1945, p. 590-591). Central cultural claim: « The historian of ancient culture will find factual confirmation of a theory dear to him: namely, the ","Third point of Amand's epilogical assessment (Amand 1945, p. 590). Central theological claim: ""The theologian, or rather the historian of theology, will examine, in a privileged case, the persistence "
scholarly_argument_sytsma_permanent_apokatastasis__scholarly_argument_sytsma_preselection_prearrangement_thesis,argument,scholarly_argument_sytsma_permanent_apokatastasis,Sytsma: Origen DID hold a final and permanent restoration of all rational souls (apokatastasis),scholarly_argument_sytsma_preselection_prearrangement_thesis,Sytsma: God preselects and prearranges into history only the set of free choices that infallibly leads to the apokatastasis (the reconciliation),0.29,0.17,<=0.3,scholarly_argument_sytsma_preselection_prearrangement_thesis,description_token_overlap;label_token_overlap,"Against scholars who deny Origen's universalism or read it as merely hypothetical/hopeful, Sytsma argues that despite Origen's deliberately guarded and sometimes conflicting statements (concealed for ","Sytsma's core synthetic claim: armed with counterfactual foreknowledge, God 'manufactures' the external circumstances under which each soul will freely respond as God intends, and in pre-planning salv"
scholarly_argument_gibbons_assent_and_character_ground_embodied_autonomy__scholarly_argument_gibbons_bootstrapping_problem_for_superlative_vice,argument,scholarly_argument_gibbons_assent_and_character_ground_embodied_autonomy,Gibbons: assent and character ground Origenian autonomy without alternative possibilities,scholarly_argument_gibbons_bootstrapping_problem_for_superlative_vice,Gibbons: superlative vice creates a bootstrapping problem for character as the cause of its own revision,0.29,0.15,<=0.3,scholarly_argument_gibbons_assent_and_character_ground_embodied_autonomy,description_token_overlap;label_token_overlap,Gibbons argues that Origen's account of embodied autonomy is substantially Stoic: rational beings are authors of their actions because proairesis can assent or dissent to the propositional content of ,"Gibbons formulates a bootstrapping problem for Origen's account of the superlatively vicious. Ordinary self-improvement can be causally scaffolded by an existing virtue or quasi-virtue, such as concer"
scholarly_argument_jewett_divine_sovereignty_and_human_e_0__scholarly_argument_jewett_faith_versus_works_in_obtainin_1,argument,scholarly_argument_jewett_divine_sovereignty_and_human_e_0,Jewett: Divine mercy is sovereign; the achievement of righteousness cannot result entire,scholarly_argument_jewett_faith_versus_works_in_obtainin_1,Jewett: Righteousness comes through faith in Christ rather than through human achievemen,0.29,0.26,<=0.3,scholarly_argument_jewett_divine_sovereignty_and_human_e_0,description_token_overlap;label_token_overlap,divine sovereignty and human effort in righteousness — Divine mercy is sovereign; the achievement of righteousness cannot result entirely from human effort. God's selection of a remnant as 'vessels of,faith versus works in obtaining righteousness — Righteousness comes through faith in Christ rather than through human achievement or works of the law. The Gentiles obtained righteousness 'through fait
synthesis_dihle1982_lec5_late_antiquity_plotinus_no_will__synthesis_frede2011_ch8_plotinus,synthesis,synthesis_dihle1982_lec5_late_antiquity_plotinus_no_will,Dihle 1982 Lect. V — Antiquite tardive : Plotin et neoplatoniciens restent intellectualistes,synthesis_frede2011_ch8_plotinus,Ch. 8 — Plotin et la liberté divine archétype (Frede 2011),0.29,0.12,<=0.3,synthesis_dihle1982_lec5_late_antiquity_plotinus_no_will,description_token_overlap;label_token_overlap,Synthesis of the fifth lecture (Dihle 1982 p. 101-122 / md ll. 8892-9890). Dihle shows that the transition to late antiquity did not spontaneously produce the concept of the will on the Greek side: Pl,"Summary of Frede 2011 ch. 8 (p. 125-152): Plotinus, in Ennead VI.8 'On Voluntariness and the Will of the One', offers the most complete Platonic reception of the Stoic notion. The central innovation i"
argument_gregory_contrafatum_demonic_origin_amand1945__argument_gregory_image_dei_autexousion,argument,argument_gregory_contrafatum_demonic_origin_amand1945,Gregory of Nyssa CF — argument théologique de l'origine démonique de l'astrologie,argument_gregory_image_dei_autexousion,Gregory of Nyssa: Image-of-God Argument for Autexousion (De Hom. Opif. 16; Cat. Or.),0.29,0.16,<=0.3,argument_gregory_contrafatum_demonic_origin_amand1945,description_token_overlap;label_token_overlap,"Theological argument inserted by Gregory in the Contre le Destin (PG 45, 169 D — 172 C + 173 B), to be distinguished from the Carneadean philosophical arguments. The devil and the demons, out of hatre","Gregory of Nyssa's foundational anthropological argument that human αὐτεξούσιον (self-determination) is the constitutive feature of the imago Dei, articulated in De Hominis Opificio chapters 16 and 24"
scholarly_argument_jewett_creation_s_eschatological_libe_3__scholarly_argument_jewett_election_and_israel_s_destiny_2,argument,scholarly_argument_jewett_creation_s_eschatological_libe_3,Jewett: Creation was subjected to futility 'not voluntarily but on account of the one wh,scholarly_argument_jewett_election_and_israel_s_destiny_2,Jewett: The tragic riddle of Israel's unbelief poses a challenge to Paul's theology: if ,0.29,0.29,<=0.3,scholarly_argument_jewett_creation_s_eschatological_libe_3,description_token_overlap;label_token_overlap,creation's eschatological liberation — Creation was subjected to futility 'not voluntarily but on account of the one who subjected it—in hope' (8:20); it will be 'set free from its enslavement to corr,"election and Israel's destiny — The tragic riddle of Israel's unbelief poses a challenge to Paul's theology: if believers are the true heirs of Abraham and adopted children of God, what becomes of Isr"
scholarly_argument_wells_deuteronomy_and_restoration_ag_1__scholarly_argument_wells_paul_s_reading_of_deuteronomy_3,argument,scholarly_argument_wells_deuteronomy_and_restoration_ag_1,Wells: Deuteronomy 30 presents two competing readings: one emphasizing Israel's priorit,scholarly_argument_wells_paul_s_reading_of_deuteronomy_3,"Wells: Paul reads Deuteronomy 30 as prioritizing divine agency and initiative, represen",0.29,0.22,<=0.3,scholarly_argument_wells_paul_s_reading_of_deuteronomy_3,description_token_overlap;label_token_overlap,"Deuteronomy 30 and restoration agency — Deuteronomy 30 presents two competing readings: one emphasizing Israel's priority in restoration (human agency), the other emphasizing divine priority. The text","Paul reads Deuteronomy 30 in a way that 'prioritises divine agency and initiative' and so, with the author of Baruch, 'represents the minority report' among Second Temple interpreters, most of whom pr"
scholarly_argument_fitzmyer_human_agency_and_justification_0__scholarly_argument_fitzmyer_moral_responsibility_and_agenc_1,argument,scholarly_argument_fitzmyer_human_agency_and_justification_0,"Fitzmyer: Justification is a once-for-all action of Christ Jesus on behalf of humanity, no",scholarly_argument_fitzmyer_moral_responsibility_and_agenc_1,Fitzmyer: Christians retain a participatory role in their new life: they must 'put to deat,0.29,0.18,<=0.3,scholarly_argument_fitzmyer_human_agency_and_justification_0,description_token_overlap;label_token_overlap,"human agency and justification — Justification is a once-for-all action of Christ Jesus on behalf of humanity, not achieved through human merit; human beings are passive recipients of grace, with thei","moral responsibility and agency — Christians retain a participatory role in their new life: they must 'put to death the deeds of the body' through the Spirit (8:13), indicating cooperative agency rath"
argument_aristotles_voluntary_action_argument_eph_hemin_e5dd9188__argument_salles_2014_epictetus_causal_eph_hemin_continuity_chrysippus,argument,argument_aristotles_voluntary_action_argument_eph_hemin_e5dd9188,Aristotle's Voluntary Action Argument (Eph' Hemin),argument_salles_2014_epictetus_causal_eph_hemin_continuity_chrysippus,Salles 2014 — Epictetus's causal conception of eph' hêmin in continuity with Chrysippus,0.29,0.1,<=0.3,argument_salles_2014_epictetus_causal_eph_hemin_continuity_chrysippus,description_token_overlap;label_token_overlap,"In Nicomachean Ethics III.1-5 (1109b30-1115a3), Aristotle provides the foundational ancient analysis of voluntary (ἑκούσιον, hekousion) and involuntary (ἀκούσιον, akousion) action, establishing the co",de Salles’ scholarly argument (Destrée 2014): the Epictetan conception of τὸ ἐφ' ἡμῖν is *causal*—an action is in our power if we are its cause (aition)—and does not depend on the existence of alterna
argument_furst_2022_origen_culmination_autexousion__scholarly_argument_f_rst_free_will_terminology_and_conc_0,argument,argument_furst_2022_origen_culmination_autexousion,Origène = aboutissement du concept d'autexousion (Fürst 2022),scholarly_argument_f_rst_free_will_terminology_and_conc_0,"Fürst: Argues that ancient concepts of freedom (eleutheria, autexousion) differ fundame",0.29,0.24,<=0.3,argument_furst_2022_origen_culmination_autexousion,description_token_overlap;label_token_overlap,"Fürst 2022's thesis (Kap. V 2, p. 195-216): Origen was the first to make τὸ αὐτεξούσιον (""self-determination"") a central technical concept. The term, attested for the first time in Diodorus Siculus XI","Fürst's terminological caution: no concept of 'Wille' existed before Augustine, so he largely avoids the word and stays close to the ancient terms — προαίρεσις (Aristotle's 'überlegtes Streben', not '"
scholarly_argument_meyer_1998_hellenistic_origins_compatibilism__scholarly_argument_meyer_aristotle_on_weakness_of_will__7,argument,scholarly_argument_meyer_1998_hellenistic_origins_compatibilism,"Meyer: compatibilism as an explicit thesis dates to the Stoics, incompatibilism to the Epicureans",scholarly_argument_meyer_aristotle_on_weakness_of_will__7,Meyer: Aristotle rejects the Socratic intellectualist thesis that virtue is simply know,0.29,0.14,<=0.3,scholarly_argument_meyer_1998_hellenistic_origins_compatibilism,description_token_overlap;label_token_overlap,Meyer argues that the two major positions in the present-day debate over moral responsibility and causal determinism were well articulated and developed in the Hellenistic period: compatibilism as an ,"On Meyer's reading Aristotle stands in the tradition of Plato's Socrates in the Protagoras: knowing what one should do is impossible without properly cultivated desires, so in EN VII 1-3 he agrees wit"
scholarly_argument_eliasson_plotinus_s_theory_of_fate_heim_0__scholarly_argument_eliasson_that_which_depends_on_us_in_pl_0,argument,scholarly_argument_eliasson_plotinus_s_theory_of_fate_heim_0,"Eliasson: Plotinus develops a version of Middle Platonic fate theory, not merely refuting ",scholarly_argument_eliasson_that_which_depends_on_us_in_pl_0,"Eliasson: The standard interpretations of ἐφ' ἡμῖν in Plotinus—freedom, free choice, free ",0.29,0.25,<=0.3,scholarly_argument_eliasson_that_which_depends_on_us_in_pl_0,description_token_overlap;label_token_overlap,Eliasson accepts that Ennead III.1 [3] belongs to a long tradition of texts on fate and that recent commentaries rightly stress its anti-Stoic arguments and their source in Alexander's De fato. Withou,"Eliasson sorts previous readings of Plotinus' to eph' hemin into five kinds — the freedom, free choice, free will, free action and self-determination interpretations — and finds that the notion has se"
scholarly_argument_eliasson_plotinus_s_notion_of_reconside_5__scholarly_argument_eliasson_that_which_depends_on_us_in_pl_0,argument,scholarly_argument_eliasson_plotinus_s_notion_of_reconside_5,Eliasson: Plotinus's notion of ἐφ' ἡμῖν outside Ennead VI.8 must be understood in light of,scholarly_argument_eliasson_that_which_depends_on_us_in_pl_0,"Eliasson: The standard interpretations of ἐφ' ἡμῖν in Plotinus—freedom, free choice, free ",0.29,0.22,<=0.3,scholarly_argument_eliasson_that_which_depends_on_us_in_pl_0,description_token_overlap;label_token_overlap,"In chapter 6 Eliasson re-reads every occurrence of eph' hemin and of epi + dative of person in the Enneads — first outside VI.8 (III.1, I.4, III.2), then within VI.8 — in the light of his study of the","Eliasson sorts previous readings of Plotinus' to eph' hemin into five kinds — the freedom, free choice, free will, free action and self-determination interpretations — and finds that the notion has se"
scholarly_argument_brand_demonic_periodization_of_evil__scholarly_argument_crawford_oration_as_logotherapy_against_demonic_disorder,argument,scholarly_argument_brand_demonic_periodization_of_evil,Brand: demonic-source texts absolve God by externalizing sin and periodizing evil to a pre-eschatological 'dominion of Belial',scholarly_argument_crawford_oration_as_logotherapy_against_demonic_disorder,Crawford: Tatian offers the Oration as logotherapy against demonic disorder,0.29,0.09,<=0.3,scholarly_argument_brand_demonic_periodization_of_evil,description_token_overlap;label_token_overlap,Brand argues that narrative texts attributing sin to demonic forces (Watchers in 1 Enoch 1–36; Mastema and Belial in Jubilees and the Dead Sea Scrolls) externalize the source of sin to absolve God: if,"Crawford interprets Tatian's harsh rhetoric through the ancient therapy of speech. In imitation of the creative Logos, Tatian claims that his voice can reorder the confused matter of his hearers; reli"
scholarly_argument_boys_stones_2018_eph_hemin_not_free_will__scholarly_argument_boys_stones_general_causal_principle_and_d_1,argument,scholarly_argument_boys_stones_2018_eph_hemin_not_free_will,"'eph' hēmin' is agent-autonomy, prejudicially translated 'free will' (Boys-Stones 2018)",scholarly_argument_boys_stones_general_causal_principle_and_d_1,Boys-Stones: Middle Platonists accepted that every event has antecedent causes (General Causa,0.29,0.12,<=0.3,scholarly_argument_boys_stones_2018_eph_hemin_not_free_will,description_token_overlap;label_token_overlap,"Methodological/terminological argument in the Notes to Ch. 12: the Greek for agent-autonomy is τὸ ἐφ' ἡμῖν, 'what is up to us,' a phrase Boys-Stones says is 'often prejudicially translated as freedom ","Boys-Stones finds 'no evidence that any Platonist of the period had any desire to deny the General Causal Principle in their efforts to save human autonomy' (p. 440). 'Within the cosmos, at least, the"
scholarly_argument_jewett_determinism_vs_human_agency_in_2__scholarly_argument_jewett_moral_responsibility_and_congr_1,argument,scholarly_argument_jewett_determinism_vs_human_agency_in_2,Jewett: The passive voice of δικαιωθέντες ('having been set right') indicates righteousn,scholarly_argument_jewett_moral_responsibility_and_congr_1,Jewett: The peace Paul enjoins has significant social implications; the house and teneme,0.29,0.27,<=0.3,scholarly_argument_jewett_determinism_vs_human_agency_in_2,description_token_overlap;label_token_overlap,"determinism vs. human agency in salvation — The passive voice of δικαιωθέντες ('having been set right') indicates righteousness as divine gift, yet this does not eliminate human agency. The aorist pas",moral responsibility and congregational behavior — The peace Paul enjoins has significant social implications; the house and tenement churches in Rome are acting in combative manners against one anoth
scholarly_argument_kowalski_comparison_of_paul_and_epictet_2__scholarly_argument_kowalski_epictetus_on_free_will_and_pro_1,argument,scholarly_argument_kowalski_comparison_of_paul_and_epictet_2,"Kowalski: Similarities: both believe free will can exist in a divinely determined world, a",scholarly_argument_kowalski_epictetus_on_free_will_and_pro_1,"Kowalski: Epictetus's idea of freedom is constructed around the notion of proairesis, unde",0.29,0.22,<=0.3,scholarly_argument_kowalski_epictetus_on_free_will_and_pro_1,description_token_overlap;label_token_overlap,"comparison of Paul and Epictetus on free will — Similarities: both believe free will can exist in a divinely determined world, and human volition requires continuous education and subordination to God","Epictetus, per Kowalski, speaks of freedom 'in an inner, psychological and attitudinal sense' and explains it through proairesis, translatable as 'volition', which 'constitutes our true self, a ration"
scholarly_argument_jewett_free_will_and_human_response_t_0__scholarly_argument_jewett_predestination_and_divine_fore_0,argument,scholarly_argument_jewett_free_will_and_human_response_t_0,Jewett: Paul's use of the subjunctive 'let us have peace' (εἰρήνην ἔχωμεν) constitutes a,scholarly_argument_jewett_predestination_and_divine_fore_0,Jewett: Paul's argument in Romans 8:29-30 presents a fivefold climax of divine action (f,0.29,0.05,<=0.3,scholarly_argument_jewett_predestination_and_divine_fore_0,description_token_overlap;label_token_overlap,free will and human response to divine grace — Paul's use of the subjunctive 'let us have peace' (εἰρήνην ἔχωμεν) constitutes an admonition requiring active human response to God's offer of righteousn,"predestination and divine foreknowledge — Paul's argument in Romans 8:29-30 presents a fivefold climax of divine action (foreknew, predestined, called, justified, glorified) that emphasizes God's sove"
scholarly_argument_pouderon_adam_s_sin_as_disobedience_not_9__scholarly_argument_pouderon_jewish_hellenistic_apologetic__1,argument,scholarly_argument_pouderon_adam_s_sin_as_disobedience_not_9,Pouderon: Most Apologists make Adam's sin essentially a sin of disobedience—violation of a,scholarly_argument_pouderon_jewish_hellenistic_apologetic__1,Pouderon: The earliest Christian Apologists were heirs of the Jewish-Hellenistic apologeti,0.29,0.19,<=0.3,scholarly_argument_pouderon_jewish_hellenistic_apologetic__1,description_token_overlap;label_token_overlap,"Adam's sin as disobedience, not concupiscence or pride — Most Apologists make Adam's sin essentially a sin of disobedience—violation of a benevolent Creator's prohibition. It is not associated with se","The volume's back-cover presentation describes the first Apologists as 'héritiers de la tradition apologétique judéo-hellénistique', to whom the first part of the book is devoted; the dedicated treatm"
pub_christensen_2016_journey_back_to_god_origen_on_the_problem_of_evil_by_mark_scott__pub_scott_2012_journey_back_to_god_origen_on_the_problem_of_evil,publication,pub_christensen_2016_journey_back_to_god_origen_on_the_problem_of_evil_by_mark_scott,Maria Munkholt Christensen 2016 — Journey Back to God: Origen on the Problem of Evil by Mark S. M. Scott,pub_scott_2012_journey_back_to_god_origen_on_the_problem_of_evil,Mark S. M Scott 2012 — Journey back to God : Origen on the problem of evil,0.29,0.18,<=0.3,pub_christensen_2016_journey_back_to_god_origen_on_the_problem_of_evil_by_mark_scott,description_token_overlap;label_token_overlap,Reviewed by: Journey Back to God: Origen on the Problem of Evil by Mark S. M. Scott Maria Munkholt Christensen Mark S. M. Scott Journey Back to God: Origen on the Problem of Evil Oxford: Oxford Univer,Journey back to God : Origen on the problem of evil
scholarly_argument_boys_stones_2018_cyclical_recurrence_no_astral_determinism__scholarly_argument_boys_stones_general_causal_principle_and_d_1,argument,scholarly_argument_boys_stones_2018_cyclical_recurrence_no_astral_determinism,"Platonist cyclical recurrence is causal, not astral determinism (Boys-Stones 2018)",scholarly_argument_boys_stones_general_causal_principle_and_d_1,Boys-Stones: Middle Platonists accepted that every event has antecedent causes (General Causa,0.29,0.17,<=0.3,scholarly_argument_boys_stones_2018_cyclical_recurrence_no_astral_determinism,description_token_overlap;label_token_overlap,"Boys-Stones argues that the Platonist (ps.-Plutarch, On Fate 569; Origen, Against Celsus 5.21) belief in exact cyclical recurrence — the same individuals reborn doing the same things, e.g. ps.-Plutarc","Boys-Stones finds 'no evidence that any Platonist of the period had any desire to deny the General Causal Principle in their efforts to save human autonomy' (p. 440). 'Within the cosmos, at least, the"
scholarly_argument_pr_aux_augustine_and_minucius_felix_o_2__scholarly_argument_pr_aux_fate_and_free_will_in_minucius_0,argument,scholarly_argument_pr_aux_augustine_and_minucius_felix_o_2,Préaux: Augustine's treatment of fate and providence shows curious detailed coincidences,scholarly_argument_pr_aux_fate_and_free_will_in_minucius_0,Préaux: Minucius Felix's Octavius contains a sophisticated philosophical treatment of fa,0.29,0.18,<=0.3,scholarly_argument_pr_aux_augustine_and_minucius_felix_o_2,description_token_overlap;label_token_overlap,"Augustine and Minucius Felix on fate — Augustine's treatment of fate and providence shows curious detailed coincidences with Minucius Felix's manner of argumentation, though Augustine defined his posi","Préaux (pp. 395-398) reconsiders an aspect 'jusqu'ici curieusement négligé' of the Octavius: the argument drawn from 'la doctrine du fatalisme philosophique' advanced by the pagan Caecilius (XI, 5-6) "
scholarly_argument_narbonne_soul_s_descent_and_moral_respo_2__scholarly_argument_narbonne_two_modes_of_soul_s_reascent_a_4,argument,scholarly_argument_narbonne_soul_s_descent_and_moral_respo_2,Narbonne: Examines the 'partly undescended soul' (ἀμέθεξις) as a Plotinian concept develop,scholarly_argument_narbonne_two_modes_of_soul_s_reascent_a_4,Narbonne: Identifies two modes of ascent in Plotinus: solitary ascent 'alone to the Alone',0.29,0.18,<=0.3,scholarly_argument_narbonne_two_modes_of_soul_s_reascent_a_4,description_token_overlap;label_token_overlap,"Study Two: the partly undescended soul, which guarantees the incarnate soul 'a direct and uninterrupted link with transcendent realities', is 'a transfer or, more precisely, a reformulation of a teach","Study Four contrasts the solitary ascent of the soul in Treatise 9 (VI.9) with the 'accompanied ascent' of Treatise 38 (VI.7), where the soul 'no longer rises alone' but is borne up by the Intellect, "
scholarly_argument_koenig_active_care__scholarly_argument_koenig_therapy_repentance,argument,scholarly_argument_koenig_active_care,König: care for others ranks above solitary self-perfection,scholarly_argument_koenig_therapy_repentance,König: pedagogy is therapy because free souls can repent,0.29,0.1,<=0.3,scholarly_argument_koenig_therapy_repentance,description_token_overlap;label_token_overlap,Care for another's needs and soul images divine providence and ranks above self-only perfection; care can become reciprocal between rich and poor.,"König reads the Paidagogos as presenting God's Logos as educator whose work is analogous to a physician's: the soul, weakened by passions and sicknesses, needs healing treatment through education, whi"
argument_pseudodionysiuss_hierarchical_causation_argument_e0d73eb9__scholarly_argument_jurasz_marinus_platonising_bardesanism,argument,argument_pseudodionysiuss_hierarchical_causation_argument_e0d73eb9,Pseudo-Dionysius's Hierarchical Causation Argument,scholarly_argument_jurasz_marinus_platonising_bardesanism,"Jurasz: Marinus in the Adamantius Dialogue attests a later, Platonising bardesanism",0.29,0.13,<=0.3,scholarly_argument_jurasz_marinus_platonising_bardesanism,description_token_overlap,"Written c. 500 CE, falsely attributed to Dionysius the Areopagite (Acts 17:34) to give apostolic authority. Represents synthesis of Proclean Neoplatonism and Christian theology. Enormously influential","The bardesanite Marinus in the Adamantius Dialogue represents a later and possibly local version of Bardaisan's teaching: Platonising and hostile to the body, holding the resurrection of souls and not"
scholarly_argument_haacker_paul_s_historical_theology_in__0__scholarly_argument_haacker_theodicy_and_divine_responsibi_1,argument,scholarly_argument_haacker_paul_s_historical_theology_in__0,"Haacker: Paul's interpretation of Israel's fate in Romans 9-11, particularly the theodicy",scholarly_argument_haacker_theodicy_and_divine_responsibi_1,Haacker: Paul in Romans 9-11 develops a historical interpretation that traces Israel's ob,0.29,0.27,<=0.3,scholarly_argument_haacker_theodicy_and_divine_responsibi_1,label_token_overlap,"Paul's historical theology in Romans 9-11 and its relation to Philonic exegesis — Paul's interpretation of Israel's fate in Romans 9-11, particularly the theodicy problem and the relativization of des","Haacker: whereas the rest of early Christianity explained the Jewish majority's rejection of the Jesus movement psychologically, judged it morally, or at most rationalised it as foretold in the OT, Pa"
argument_aquinass_primary_and_secondary_causation_12f1649a__argument_bradwardines_de_causa_dei_2c360b77,argument,argument_aquinass_primary_and_secondary_causation_12f1649a,Aquinas's Primary and Secondary Causation,argument_bradwardines_de_causa_dei_2c360b77,Bradwardine's De Causa Dei,0.29,0.21,<=0.3,argument_bradwardines_de_causa_dei_2c360b77,description_token_overlap,Aquinas's solution (often characterized in modern terms as compatibilist): God as primary cause acts through secondary causes (including free will) without destroying their causal nature (Summa Theolo,"Thomas Bradwardine's De Causa Dei contra Pelagium (On God's Cause Against Pelagius, 1344) presents a radical Augustinian determinism that denies any efficacious free will independent of divine grace, "
concept_diachronic_contingency_w1x2y3z4__concept_synderesis_g5h6i7j8,concept,concept_diachronic_contingency_w1x2y3z4,Diachronic Contingency,concept_synderesis_g5h6i7j8,Synderesis,0.29,0.09,<=0.3,concept_diachronic_contingency_w1x2y3z4,description_token_overlap,"Aquinas' view: will necessarily follows last practical judgment of intellect. At the moment of choice, given that judgment, will necessarily chooses accordingly. But agent was free in earlier moments:","Mysterious medieval concept possibly from Jerome's mistranscription of syneidesis (συνείδησις, moral consciousness). Scholastics debated whether synderesis is habit in intellect (Aquinas) or affective"
pub_bianchi_2024_heterodoxy_and_rational_theology__pub_szram_2004_koscio_jako_rzeczywistosc_wieczna_doktrynie_orygenesa,publication,pub_bianchi_2024_heterodoxy_and_rational_theology,Andrea Bianchi 2024 — Heterodoxy and Rational Theology,pub_szram_2004_koscio_jako_rzeczywistosc_wieczna_doktrynie_orygenesa,Mariusz Szram 2004 — Kościół jako rzeczywistość wieczna w doktrynie Orygenesa,0.29,0.16,<=0.3,pub_szram_2004_koscio_jako_rzeczywistosc_wieczna_doktrynie_orygenesa,description_token_overlap,"Despite his controversial reputation, Origen of Alexandria (185–253) was very much present in 17th- century religious debates. His official condemnation by the Church was a stain on his theological an","In Origens theological research, the term Church has a very wide meaning, which conveys the framework of the earthly religious institution and the community of believers. In its fundamental sense, "
scholarly_argument_brouwer_hellenistic_origins_of_the_deb_2__scholarly_argument_brouwer_influence_on_late_antiquity_an_4,argument,scholarly_argument_brouwer_hellenistic_origins_of_the_deb_2,Brouwer: The Hellenistic debate started with Stoics and Epicureans taking opposite positi,scholarly_argument_brouwer_influence_on_late_antiquity_an_4,Brouwer: The early Imperial debate was influential for late antique Greek and Latin churc,0.29,0.16,<=0.3,scholarly_argument_brouwer_influence_on_late_antiquity_an_4,label_token_overlap,"Hellenistic origins of the debate — The Hellenistic debate started with Stoics and Epicureans taking opposite positions (determinism vs. libertarianism), with Academic Sceptics attacking both dogmatic","influence on late antiquity and medieval period — The early Imperial debate was influential for late antique Greek and Latin church fathers, especially Gregory of Nyssa (Against Fate) and Augustine (O"
scholarly_argument_barclay_methodology_of_mirror_reading__0__scholarly_argument_koch_historical_context_peripatetic_4,argument,scholarly_argument_barclay_methodology_of_mirror_reading__0,Barclay: Mirror-reading is essential but extremely problematic; scholars must account for,scholarly_argument_koch_historical_context_peripatetic_4,Koch: Fate and providence became important in Hellenistic debates through Stoicism; ea,0.29,0.08,<=0.3,scholarly_argument_koch_historical_context_peripatetic_4,description_token_overlap,"methodology of mirror-reading polemical texts — Mirror-reading is essential but extremely problematic; scholars must account for Paul's indirect address to opponents through the Galatians, the distort",Historical context: Peripatetic neglect of fate and providence before Alexander — Fate and providence became important in Hellenistic debates through Stoicism; earlier Peripatetics showed little inter
scholarly_argument_junod_origen_critiques_church_through_knowledge_and_holiness__scholarly_argument_nikolaou_commands_activate_dispositions_and_virtue,argument,scholarly_argument_junod_origen_critiques_church_through_knowledge_and_holiness,Junod: Origen relativizes external hierarchy by the internal hierarchy of knowledge and holiness,scholarly_argument_nikolaou_commands_activate_dispositions_and_virtue,Nikolaou: commands activate created dispositions but virtue still requires self-moved acquisition,0.29,0.09,<=0.3,scholarly_argument_junod_origen_critiques_church_through_knowledge_and_holiness,description_token_overlap,"Junod connects Origen's theology to a critique of ecclesial complacency: an intellectual elite could escape clerical control, clergy are judged by knowledge and holiness rather than office alone, and ","Nikolaou holds that Clement's divine commands educate by activating created dispositions toward community and justice, but neither the dispositions nor the commands alone constitute virtue. Virtue mus"
argument_reactive_attitudes_alex__scholarly_argument_double_free_will_as_pseudo_problem_0,argument,argument_reactive_attitudes_alex,Legacy reconstruction (discovery only): Reactive Attitudes Argument (Alexander),scholarly_argument_double_free_will_as_pseudo_problem_0,Double: The free will problem is a pseudo-problem because 'free will' in the sense conne,0.29,0.16,<=0.3,scholarly_argument_double_free_will_as_pseudo_problem_0,description_token_overlap,"Modern reactive-attitudes comparison, discovery only. Alexander's polemical appeals to anger, gratitude, praise and blame may be compared with later analytic debates, but the Strawsonian taxonomy is n","free will as pseudo-problem — The free will problem is a pseudo-problem because 'free will' in the sense connected with desert, moral responsibility, and reactive attitudes is an unprincipled, subject"
scholarly_argument_dettwiler_authorship_of_colossians_and_p_0__scholarly_argument_dettwiler_freedom_in_christ_vs_ascetic_d_1,argument,scholarly_argument_dettwiler_authorship_of_colossians_and_p_0,Dettwiler: Colossians was not written by Paul himself but by an unknown figure very familia,scholarly_argument_dettwiler_freedom_in_christ_vs_ascetic_d_1,DETTWILER: The Colossian community already possesses the fullness of salvation in Christ (2,0.29,0.08,<=0.3,scholarly_argument_dettwiler_freedom_in_christ_vs_ascetic_d_1,description_token_overlap,"Dettwiler: Colossians presents itself as Paul's, but exegesis has shown — 'avec un degré de probabilité encore à préciser' — that it was written not by Paul but by 'quelqu'un de très familier avec sa ",Dettwiler: the author of Colossians does not attack the adversaries directly nor dismantle their system; his aim is to 'immunise' the community against this alternative current by denouncing the judgm
pub_heinze_2026_origen_on_demonic_executioners_and_the_problem_of_evil__scholarly_work_moore_1929_fate_and_free_will_in_the_jewish_philoso,publication,pub_heinze_2026_origen_on_demonic_executioners_and_the_problem_of_evil,Ky Heinze 2026 — Origen on Demonic Executioners and the Problem of Evil,scholarly_work_moore_1929_fate_and_free_will_in_the_jewish_philoso,Moore 1929 — Fate and Free Will in the Jewish Philosophies according to Josephus,0.29,0.05,<=0.3,scholarly_work_moore_1929_fate_and_free_will_in_the_jewish_philoso,description_token_overlap,"Origen believed that God's providence makes good use of everything, including the actions of wicked demons, which serve to discipline sinners and test the righteous. This Element, which focuses on the",Fate and Free Will in the Jewish Philosophies according to Josephus
synthesis_amand1945_plotinus_non_witness_explanation__synthesis_amand1945_transmission_carneades_to_philo_chain,synthesis,synthesis_amand1945_plotinus_non_witness_explanation,Plotinus never appeals to Carneadean topoi — an e silentio explanation (Amand 1945),synthesis_amand1945_transmission_carneades_to_philo_chain,Amand 1945 — Chaîne de transmission Carnéade → Clitomaque → ὑπόμνημα alexandrin → Philon (1er témoin) et Cicéron De fato (témoin parallèle),0.29,0.07,<=0.3,synthesis_amand1945_transmission_carneades_to_philo_chain,description_token_overlap,"Amand 1945's central thesis for the Neoplatonic chapter (Book I ch. VI §I, p. 157-163): 'a curious thing: Plotinus, this Oriental mystic, who was also the last Greek philosopher of genius, nowhere app",Amand’s reconstruction of the chain of transmission of Carneades’ anti-fatalist moral argumentation to the earliest witnesses (B3): (1) Carneades (214/213-129/128 BCE) — wrote nothing. (2) Clitomachus
synthesis_amand1945_nemesius_witness_decay__synthesis_amand1945_philo_attitude_astrology_signs_not_causes,synthesis,synthesis_amand1945_nemesius_witness_decay,Amand 1945 — Némésios: l'argumentation carnéadienne 'rapetissée et momifiée',synthesis_amand1945_philo_attitude_astrology_signs_not_causes,Amand 1945 — Philo’s attitude towards the stars: signs rather than causes (astrology purged of fatalism),0.29,0.08,<=0.3,synthesis_amand1945_philo_attitude_astrology_signs_not_causes,description_token_overlap,"Amand 1945 synthesis (Book II ch. XIV, p. 549-569) on the role of Nemesius of Emesa in the anti-fatalist Carneadean transmission. Nemesius is a secondary witness of singular status: chapter 35 of his ","Amand’s synthesis of the Philonic position with regard to astrology (p. 87-90, ll. 5518-5656): Philo’s monotheistic Judaism obliges him to proscribe the worship of the stars (astrolatry) and to demote"
concept_principle_alternative_possibilities_5s6t7u8v__concept_prohairesis_gregory_nyssa,concept,concept_principle_alternative_possibilities_5s6t7u8v,Principle of Alternative Possibilities (PAP),concept_prohairesis_gregory_nyssa,Prohairesis (προαίρεσις) — Gregory of Nyssa,0.29,0.05,<=0.3,concept_principle_alternative_possibilities_5s6t7u8v,description_token_overlap,"A principle of modern analytical philosophy, formulated by Harry Frankfurt in ""Alternate Possibilities and Moral Responsibility"" (Journal of Philosophy 66.23, 1969, pp. 829–839): a person is morally r","Concept of prohairesis (προαίρεσις) as defined by Gregory of Nyssa in the Discours catéchétique 30 (ed. Srawley p. 112, l. 9-13 = PG 45, 77 A): 'he who has power over the universe, out of an excess of"
pub_ramelli_2009_origen_bardaisan_and_the_origin_of_universal_salvation__pub_scott_2022_cosmic_theodicy_origen_treatment_of_the_problem_of_evil,publication,pub_ramelli_2009_origen_bardaisan_and_the_origin_of_universal_salvation,"Ilaria Ramelli 2009 — Origen, Bardaiṣan, and the origin of universal salvation",pub_scott_2022_cosmic_theodicy_origen_treatment_of_the_problem_of_evil,Mark S. M. Scott 2022 — Cosmic Theodicy: Origen’s Treatment of the Problem of Evil,0.29,0.11,<=0.3,pub_ramelli_2009_origen_bardaisan_and_the_origin_of_universal_salvation,description_token_overlap,"Is Origen of Alexandria the inventor of the eschatological doctrine of apokatastasis — of the eventual return of all creatures to the Good, that is, God, and thus universal salvation? Certainly, he is","Abstract What went wrong with the world? On the surface, the cosmos fails to live up to its meaning, given its ubiquitous injustice, inequity, and suffering. Appearances, however, often conceal deeper"
synthesis_amand1945_cappadocian_chain__synthesis_amand1945_gregory_nyssa_carneadean_role,synthesis,synthesis_amand1945_cappadocian_chain,Amand 1945 — chaîne cappadocienne Origène→Basile→Grégoire de Nysse,synthesis_amand1945_gregory_nyssa_carneadean_role,"Amand 1945 — Grégoire de Nysse, témoin secondaire double",0.28,0.2,<=0.3,synthesis_amand1945_gregory_nyssa_carneadean_role,description_token_overlap;label_token_overlap,Amand 1945 cross-sectional synthesis (Book II ch. VIII-IX) on the Cappadocian chain of transmission of Origenian free will and anti-fatalist polemic. The lineage is established as follows: (a) Origen ,"Amand 1945 synthesis (Book II ch. IX, p. 405-439) on the role of Gregory of Nyssa in the Carneadean anti-fatalist transmission. Gregory occupies a dual and atypical position: (a) in the Against Fate ("
synthesis_amand1945_pseudo_plutarch_albinus_parallel__synthesis_amand1945_pseudo_plutarch_de_fato_conditional_heimarmene,synthesis,synthesis_amand1945_pseudo_plutarch_albinus_parallel,Amand 1945 — Parallèle Pseudo-Plutarque ↔ Albinus (Didaskalikos ch. 26) sur εἱμαρμένη conditionnelle,synthesis_amand1945_pseudo_plutarch_de_fato_conditional_heimarmene,Amand 1945 — Le Pseudo-Plutarque (De fato) : εἱμαρμένη conditionnelle et compromis platonicien moyen,0.28,0.15,<=0.3,synthesis_amand1945_pseudo_plutarch_de_fato_conditional_heimarmene,description_token_overlap;label_token_overlap,"Synthesis of Amand 1945 (p. 106 note 3, ll. 6404-6411) establishing the doctrinal parallel between Pseudo-Plutarch (De fato §§1, 4, 6, 8, 11) and Albinus (Didaskalikos ch. 26 — Εἰσαγωγὴ εἰς τὴν φιλοσο","Amand's additional note (p. 104-106, ll. 6277-6411) on Pseudo-Plutarch. The opusculum Περὶ εἱμαρμένης (De fato), attributed in the manuscripts to Plutarch, is now recognised as an apocryphal work, per"
scholarly_argument_de_monneron_epicurean_indeterminism_and_fr_1__scholarly_argument_o_keefe_epicurus_as_first_libertarian__2,argument,scholarly_argument_de_monneron_epicurean_indeterminism_and_fr_1,DE MONNERON: Epicurus already conceived an idea similar to event-causal libertarianism by ass,scholarly_argument_o_keefe_epicurus_as_first_libertarian__2,O'Keefe: Epicurus has been mistakenly hailed as the first person to discover the free wil,0.28,0.14,<=0.3,scholarly_argument_de_monneron_epicurean_indeterminism_and_fr_1,description_token_overlap;label_token_overlap,"Faithful as written; the quote_verbatim belongs to p. 343 (chapter on chance and indeterminism), the description to pp. 7-8.",Faithful as written; only the page of the quote_verbatim is wrong.
scholarly_argument_narbonne_soul_s_descent_and_moral_respo_2__scholarly_argument_narbonne_soul_s_weakness_and_relation_t_3,argument,scholarly_argument_narbonne_soul_s_descent_and_moral_respo_2,Narbonne: Examines the 'partly undescended soul' (ἀμέθεξις) as a Plotinian concept develop,scholarly_argument_narbonne_soul_s_weakness_and_relation_t_3,Narbonne: Questions whether Plotinus underwent 'doctrinal evolution' regarding soul's weak,0.28,0.27,<=0.3,scholarly_argument_narbonne_soul_s_weakness_and_relation_t_3,description_token_overlap;label_token_overlap,"Study Two: the partly undescended soul, which guarantees the incarnate soul 'a direct and uninterrupted link with transcendent realities', is 'a transfer or, more precisely, a reformulation of a teach","Study Three asks whether the late treatment of the soul's weakness (Enn. I.8) marks a doctrinal evolution. Sensible matter is for Plotinus 'not a creation of the Soul, but a by-product of the alterity"
argument_fate_efficient_cause_alex__scholarly_argument_frede_alexander_s_shift_to_efficient_4,argument,argument_fate_efficient_cause_alex,Alexander's Classification of Fate as Efficient Cause,scholarly_argument_frede_alexander_s_shift_to_efficient_4,D. Frede: Alexander's emphasis on the moving cause has three main reasons: (1) it establis,0.28,0.12,<=0.3,scholarly_argument_frede_alexander_s_shift_to_efficient_4,description_token_overlap;label_token_overlap,"Alexandrian argument (De Fato 3–4 (Bruns 167–169)): Using Aristotle's four-cause analysis through the statue example, Alexander argues that fate (εἱμαρμένη) should be classified specifically among eff","Frede: Alexander shifts the emphasis so that the moving cause plays the central role, 'thus avoiding a fatal cooperation of all four causes'. Three reasons: (1) an analogy between fate as moving cause"
argument_carneadean_antiastrological_animals_amand1945__argument_carneadean_antiastrological_horoscope_impossibility_amand1945,argument,argument_carneadean_antiastrological_animals_amand1945,Carneadean Anti-Astrological Argument V — Animals Too Are Subject to Astrological Fate,argument_carneadean_antiastrological_horoscope_impossibility_amand1945,Carneadean Anti-Astrological Argument I — Impossibility of Exact Observation of the Sky at the Moment of Birth,0.28,0.15,<=0.3,argument_carneadean_antiastrological_horoscope_impossibility_amand1945,description_token_overlap;label_token_overlap,"Fifth and final of the five distinct anti-astrological arguments reconstructed by Amand in Carneades (1945, p. 60-61, Intro §II ch. II §V.5). Amand’s formulation: « If the state of the heavens and the","First of the five distinct anti-astrological arguments that Dom Amand de Mendieta reconstructs in Carneades (1945, p. 49-51, Intro §II ch. II §V.1). Amand's formulation: ""Carneades first sets against "
scholarly_argument_crawford_enochic_illicit_instruction_explains_two_domains__scholarly_argument_crawford_pharmacology_has_no_intrinsic_efficacy,argument,scholarly_argument_crawford_enochic_illicit_instruction_explains_two_domains,Crawford: Enochic illicit instruction explains Tatian's focus on astrology and pharmacology,scholarly_argument_crawford_pharmacology_has_no_intrinsic_efficacy,Crawford: Tatian denies pharmacology any intrinsic material efficacy,0.28,0.16,<=0.3,scholarly_argument_crawford_pharmacology_has_no_intrinsic_efficacy,description_token_overlap;label_token_overlap,Crawford argues that 1 Enoch best explains why Tatian assigns precisely astrology and pharmacology a demonic origin: both correspond to forbidden expertise taught by fallen heavenly beings. The substa,"Crawford takes Tatian's analogy with conventional language literally: roots, compounds, and applications do not heal by a natural correspondence between substance and ailment. Their apparent efficacy "
scholarly_argument_dettwiler_determinism_and_divine_will_1__scholarly_argument_dettwiler_freedom_in_christ_vs_ascetic_d_1,argument,scholarly_argument_dettwiler_determinism_and_divine_will_1,Dettwiler: The phrase 'for this is the will of God in Christ Jesus for you' (1 Th 5:18b) in,scholarly_argument_dettwiler_freedom_in_christ_vs_ascetic_d_1,DETTWILER: The Colossian community already possesses the fullness of salvation in Christ (2,0.28,0.06,<=0.3,scholarly_argument_dettwiler_freedom_in_christ_vs_ascetic_d_1,description_token_overlap;label_token_overlap,Dettwiler notes that 1 Th 5:18b is the one break in the rhythmic sequence of eight present imperatives (5:16-22) and then reads vv. 16-18 as a triad 'joy - prayer - thanksgiving'. What he says is not ,Dettwiler: the author of Colossians does not attack the adversaries directly nor dismantle their system; his aim is to 'immunise' the community against this alternative current by denouncing the judgm
scholarly_argument_gaventa_faith_as_condition_for_liberat_2__scholarly_argument_gaventa_spirit_s_liberating_work_and_t_3,argument,scholarly_argument_gaventa_faith_as_condition_for_liberat_2,"Gaventa: Gaventa notes that in Romans 8:1, 'nothing is said here about faith as a qualify",scholarly_argument_gaventa_spirit_s_liberating_work_and_t_3,Gaventa: The Spirit's work transforms 'slaves of righteousness' into siblings of Jesus Ch,0.28,0.17,<=0.3,scholarly_argument_gaventa_spirit_s_liberating_work_and_t_3,description_token_overlap;label_token_overlap,"faith as condition for liberation — Gaventa notes that in Romans 8:1, 'nothing is said here about faith as a qualifying factor' and 'the language of faith has slipped off the screen.' However, she qua","Spirit's liberating work and transformation of human status — The Spirit's work transforms 'slaves of righteousness' into siblings of Jesus Christ, with creation anticipating God's final triumph; this"
scholarly_argument_gibbons_bootstrapping_problem_for_superlative_vice__scholarly_argument_gibbons_pauline_anthropology_preserves_conflicting_motivations,argument,scholarly_argument_gibbons_bootstrapping_problem_for_superlative_vice,Gibbons: superlative vice creates a bootstrapping problem for character as the cause of its own revision,scholarly_argument_gibbons_pauline_anthropology_preserves_conflicting_motivations,Gibbons: Pauline anthropology preserves conflicting motivations without making choice indeterminate,0.28,0.12,<=0.3,scholarly_argument_gibbons_bootstrapping_problem_for_superlative_vice,description_token_overlap;label_token_overlap,"Gibbons formulates a bootstrapping problem for Origen's account of the superlatively vicious. Ordinary self-improvement can be causally scaffolded by an existing virtue or quasi-virtue, such as concer","Gibbons argues that Origen's Pauline anthropology supplies the motivational architecture for universal revisability. The soul stands between spirit and flesh, so better spiritual desires and worse bod"
scholarly_argument_minns_as_justin_s_term_for_free_will_2__scholarly_argument_minns_justin_uses_stoic_terminology__4,argument,scholarly_argument_minns_as_justin_s_term_for_free_will_2,"Minns: At 2 Apol. 6.5, Justin uses αὐτεξούσιον to describe God making angels and humans",scholarly_argument_minns_justin_uses_stoic_terminology__4,"Minns: Justin appropriates the Stoic term 'unalterable' (ἀπαραβάτον), turning the Stoic",0.28,0.27,<=0.3,scholarly_argument_minns_as_justin_s_term_for_free_will_2,description_token_overlap;label_token_overlap,"Minns and Parvis print 2 Apol. 6.5 (their numbering; 7.5 in other editions) and translate: 'because God in the beginning made the race of angels and the human race with free will, they will reap the j","Minns and Parvis translate 1 Apol. 43.7: 'But we say that this is unalterable fate: worthy rewards for those who choose the good and similarly worthy punishments for those who choose the contrary', an"
scholarly_argument_maston_christological_distinctiveness_5__scholarly_argument_maston_divine_human_agency_in_second__0,argument,scholarly_argument_maston_christological_distinctiveness_5,"Maston: Unlike the Hodayot which attribute deliverance to pre-temporal election, Paul ce",scholarly_argument_maston_divine_human_agency_in_second__0,Maston: Argues that Jewish texts from the Second Temple period exhibit diverse models of,0.28,0.22,<=0.3,scholarly_argument_maston_christological_distinctiveness_5,description_token_overlap;label_token_overlap,"Paul's alterations to the Hodayot-like pattern are 'the centre of Paul's thought': Christ's death is the decisive point at which God intervenes, in place of God's pre-temporal decision, and the divine","divine-human agency in Second Temple Judaism — Argues that Jewish texts from the Second Temple period exhibit diverse models of divine-human agency, not a single uniform pattern. Sirach represents a '"
argument_furst_2022_middle_platonist_origin_autexousion__argument_furst_2022_origen_culmination_autexousion,argument,argument_furst_2022_middle_platonist_origin_autexousion,Origine médio-platonicienne du concept d'autexousion (Fürst 2022),argument_furst_2022_origen_culmination_autexousion,Origène = aboutissement du concept d'autexousion (Fürst 2022),0.28,0.27,<=0.3,argument_furst_2022_origen_culmination_autexousion,description_token_overlap;label_token_overlap,"Fürst 2022's thesis (Kap. III 3b, p. 126-132): the Middle Platonists (Plutarch, ps.-Plutarch De Fato, Alcinous Didask. 26, Apuleius De Platone I 12, Maximus of Tyre) develop, against Stoic compatibili","Fürst 2022's thesis (Kap. V 2, p. 195-216): Origen was the first to make τὸ αὐτεξούσιον (""self-determination"") a central technical concept. The term, attested for the first time in Diodorus Siculus XI"
scholarly_argument_crawford_astral_fate_arbitrary_not_efficacious__scholarly_argument_crawford_enochic_illicit_instruction_explains_two_domains,argument,scholarly_argument_crawford_astral_fate_arbitrary_not_efficacious,Crawford: Tatian treats astral fate as an arbitrary fiction rather than an efficacious cosmic power,scholarly_argument_crawford_enochic_illicit_instruction_explains_two_domains,Crawford: Enochic illicit instruction explains Tatian's focus on astrology and pharmacology,0.28,0.09,<=0.3,scholarly_argument_crawford_astral_fate_arbitrary_not_efficacious,description_token_overlap;label_token_overlap,"Against readings that grant fate real efficacy for the unbaptized, Crawford interprets Tatian's apparent affirmations as ironic restatements of Greek claims. The mocked constellations have no intrinsi",Crawford argues that 1 Enoch best explains why Tatian assigns precisely astrology and pharmacology a demonic origin: both correspond to forbidden expertise taught by fallen heavenly beings. The substa
scholarly_argument_sorabji_aristotle_transformed_by_comme_0__scholarly_argument_sorabji_freedom_and_the_will_in_ancien_0,argument,scholarly_argument_sorabji_aristotle_transformed_by_comme_0,Sorabji: The ancient commentators profoundly influenced subsequent Islamic and European p,scholarly_argument_sorabji_freedom_and_the_will_in_ancien_0,Sorabji: The idea of the will is not fully formed in ancient philosophy but requires asse,0.28,0.23,<=0.3,scholarly_argument_sorabji_freedom_and_the_will_in_ancien_0,description_token_overlap;label_token_overlap,"Sorabji (Preface): the commentators' most significant importance is their profound influence on subsequent Islamic and European philosophy, due partly to their preserving anti-Aristotelian material th","Sorabji distinguishes four strands in the idea of will — rationality, freedom, will power, will perverted by pride — each arising separately (Plato, Aristotle, Posidonius, Lucretius, Plotinus) and 'fi"
scholarly_argument_boulnois_cyril_s_technical_vocabulary_a_3__scholarly_argument_boulnois_free_will_against_fatalism_and_1,argument,scholarly_argument_boulnois_cyril_s_technical_vocabulary_a_3,Boulnois: Cyril employs a rich vocabulary for free will spanning decisional power (prohair,scholarly_argument_boulnois_free_will_against_fatalism_and_1,Boulnois: Cyril vigorously refutes fatalist doctrines that subject human choices to destin,0.28,0.18,<=0.3,scholarly_argument_boulnois_cyril_s_technical_vocabulary_a_3,description_token_overlap;label_token_overlap,"Cyril's technical vocabulary and originality of free will concept — Cyril employs a rich vocabulary for free will spanning decisional power (prohairesis, hairesis, rhopē, thelēma, boulēma, exousia, gn","free will against fatalism and astrology — Cyril vigorously refutes fatalist doctrines that subject human choices to destiny (heimarmenē), which he attributes to 'the Greeks'; fatalism destroys the hi"
scholarly_argument_boys_stones_2018_hypothetical_fate__scholarly_argument_boys_stones_2018_secondary_tertiary_providence,argument,scholarly_argument_boys_stones_2018_hypothetical_fate,"Hypothetical fate: nothing fated absolutely, everything fated conditionally (Boys-Stones 2018)",scholarly_argument_boys_stones_2018_secondary_tertiary_providence,Providence by proxy: secondary (world soul) and tertiary (daimons/humans) providence (Boys-Stones 2018),0.28,0.16,<=0.3,scholarly_argument_boys_stones_2018_secondary_tertiary_providence,description_token_overlap;label_token_overlap,"Boys-Stones' interpretation of Platonist 'conditional/hypothetical' fate (G, H, J): the claim is NOT that human choices are indeterminate while their consequences are fixed. Rather, no individual subl","Boys-Stones' reconstruction of the Platonist transmission of providence (Ch. 11, sources A, B, E, F, G): providence can be exercised 'by proxy.' The world soul is the true agent of god's care, exercis"
scholarly_argument_gibbons_pauline_anthropology_preserves_conflicting_motivations__scholarly_argument_gibbons_providence_makes_defeated_motivation_indefeasible,argument,scholarly_argument_gibbons_pauline_anthropology_preserves_conflicting_motivations,Gibbons: Pauline anthropology preserves conflicting motivations without making choice indeterminate,scholarly_argument_gibbons_providence_makes_defeated_motivation_indefeasible,Gibbons: providence makes defeated spiritual motivations indefeasible without directly compelling will,0.28,0.11,<=0.3,scholarly_argument_gibbons_providence_makes_defeated_motivation_indefeasible,description_token_overlap;label_token_overlap,"Gibbons argues that Origen's Pauline anthropology supplies the motivational architecture for universal revisability. The soul stands between spirit and flesh, so better spiritual desires and worse bod",Gibbons reconstructs Origen's account of providential motivation without alternative possibilities: God arranges historical circumstances suited to each person's character until a previously defeated 
scholarly_argument_o_keefe_aristotle_and_epicurus_on_orig_5__scholarly_argument_o_keefe_epicurus_position_on_moral_res_2,argument,scholarly_argument_o_keefe_aristotle_and_epicurus_on_orig_5,O'Keefe: Epicurus' theory of freedom has closer affinities with Aristotle's thought than ,scholarly_argument_o_keefe_epicurus_position_on_moral_res_2,"O'Keefe: Epicurus' central concern is that reason allows us to reform our characters, con",0.28,0.15,<=0.3,scholarly_argument_o_keefe_aristotle_and_epicurus_on_orig_5,description_token_overlap;label_token_overlap,Chapter 3 compares Epicurus with Aristotle's NE 3 on the agent as 'origin' (archê) and cause of his actions and character. Conclusions 'in part positive and in part negative': Epicurus 'would be sympa,"Epicurus' position on moral responsibility and rational agency — Epicurus' central concern is that reason allows us to reform our characters, control our actions, and blame and praise one another appr"
scholarly_argument_gaventa_cosmic_scope_of_salvation_and__1__scholarly_argument_gaventa_the_law_s_powerlessness_and_go_3,argument,scholarly_argument_gaventa_cosmic_scope_of_salvation_and__1,Gaventa: The human situation involves enslavement to cosmic powers of Sin and Death that ,scholarly_argument_gaventa_the_law_s_powerlessness_and_go_3,"Gaventa: The law is rendered powerless (adynaton) by the flesh/Sin's power, but God acts ",0.28,0.17,<=0.3,scholarly_argument_gaventa_the_law_s_powerlessness_and_go_3,description_token_overlap;label_token_overlap,cosmic scope of salvation and human enslavement to powers — The human situation involves enslavement to cosmic powers of Sin and Death that have invaded the entire human cosmos; peace with God results,"the law's powerlessness and God's power — The law is rendered powerless (adynaton) by the flesh/Sin's power, but God acts through the Spirit that yields life in Christ Jesus. God's power (dynamis) is "
scholarly_argument_gibbons_grace_free_will_account_remains_incomplete__scholarly_argument_gibbons_propatheia_discloses_character_for_self_judgment,argument,scholarly_argument_gibbons_grace_free_will_account_remains_incomplete,Gibbons: Origen's account of grace and free will remains incomplete in the worst cases,scholarly_argument_gibbons_propatheia_discloses_character_for_self_judgment,"Gibbons: propatheia discloses character and enables self-judgment, but cannot motivate contented vice",0.28,0.17,<=0.3,scholarly_argument_gibbons_grace_free_will_account_remains_incomplete,description_token_overlap;label_token_overlap,"Gibbons concludes that Origen's theory of moral motivation remains incomplete at the point where universal restoration and Stoic causal authorship meet. To explain radical revision in the worst cases,","Gibbons argues that Origen transforms the Stoic theory of pre-passion by making propatheia diagnostically disclose character. A pre-passion is involuntary and therefore not itself blameworthy, but its"
scholarly_argument_gaventa_the_law_s_powerlessness_and_go_3__scholarly_argument_gaventa_the_law_s_role_in_arousing_sin_2,argument,scholarly_argument_gaventa_the_law_s_powerlessness_and_go_3,"Gaventa: The law is rendered powerless (adynaton) by the flesh/Sin's power, but God acts ",scholarly_argument_gaventa_the_law_s_role_in_arousing_sin_2,Gaventa: Paul presents a paradoxical dynamic where the law itself arouses sinful passions,0.28,0.14,<=0.3,scholarly_argument_gaventa_the_law_s_powerlessness_and_go_3,description_token_overlap;label_token_overlap,"the law's powerlessness and God's power — The law is rendered powerless (adynaton) by the flesh/Sin's power, but God acts through the Spirit that yields life in Christ Jesus. God's power (dynamis) is ",The law's role in arousing sinful passions: Sin as a cosmic power colonizing the human agent (apocalyptic reading) — Paul presents a paradoxical dynamic where the law itself arouses sinful passions (7
scholarly_argument_helm_free_will_and_moral_responsibi_2__scholarly_argument_helm_libertarian_free_will_3,argument,scholarly_argument_helm_free_will_and_moral_responsibi_2,Helm: Holds that if non-theistic determinism is compatible with freedom and responsibi,scholarly_argument_helm_libertarian_free_will_3,Helm: Argues that compatibilist theism is in no better or worse moral case than free-w,0.28,0.11,<=0.3,scholarly_argument_helm_free_will_and_moral_responsibi_2,description_token_overlap;label_token_overlap,"free will and moral responsibility — Holds that if non-theistic determinism is compatible with freedom and responsibility, then theistic creation/ordination is equally compatible. The comparison is be","libertarian free will — Argues that compatibilist theism is in no better or worse moral case than free-will theism (libertarian varieties). If God is compromised as author of evil under compatibilism,"
synthesis_dihle1982_indian_excursus_intellectualism_parallel__synthesis_dihle1982_lec2_greek_intellectualism_action,synthesis,synthesis_dihle1982_indian_excursus_intellectualism_parallel,Dihle 1982 — Excursus indien : parallele indologique de l'intellectualisme,synthesis_dihle1982_lec2_greek_intellectualism_action,Dihle 1982 Lect. II — Vue grecque de l'action humaine (intellectualisme socratico-platonicien),0.28,0.27,<=0.3,synthesis_dihle1982_lec2_greek_intellectualism_action,description_token_overlap;label_token_overlap,"Cross-cutting synthesis of the volume: Dihle, a Hellenist who draws on the Indological work of Paul Hacker, includes several excursuses on the Brahmins and the Magi (p. 13-15 / md ll. 312, 404, 6639).","Synthesis of the second lecture (Dihle 1982 p. 20-47 / md ll. ~3050-7079). Dihle begins with the central formulation: 'the Greeks, in their attempts to analyze and to evaluate human action, never deve"
scholarly_argument_eliasson_plotinus_s_theory_of_fate_heim_0__scholarly_argument_eliasson_vi8_knowledge_conditions,argument,scholarly_argument_eliasson_plotinus_s_theory_of_fate_heim_0,"Eliasson: Plotinus develops a version of Middle Platonic fate theory, not merely refuting ",scholarly_argument_eliasson_vi8_knowledge_conditions,Eliasson: in Ennead VI.8 Plotinus makes eph' hemin conditional on normative knowledge,0.28,0.1,<=0.3,scholarly_argument_eliasson_plotinus_s_theory_of_fate_heim_0,description_token_overlap;label_token_overlap,Eliasson accepts that Ennead III.1 [3] belongs to a long tradition of texts on fate and that recent commentaries rightly stress its anti-Stoic arguments and their source in Alexander's De fato. Withou,"On Eliasson's reconstruction of Ennead VI.8's account at the level of individual souls, Plotinus criticises an unsatisfactory common attribution of to eph' hemin to wish (boulesis) and introduces succ"
scholarly_argument_crawford_astral_fate_arbitrary_not_efficacious__scholarly_argument_crawford_real_fate_redefined_as_slavery_to_passions,argument,scholarly_argument_crawford_astral_fate_arbitrary_not_efficacious,Crawford: Tatian treats astral fate as an arbitrary fiction rather than an efficacious cosmic power,scholarly_argument_crawford_real_fate_redefined_as_slavery_to_passions,Crawford: the only real fate is slavery to passions and can be escaped,0.28,0.15,<=0.3,scholarly_argument_crawford_astral_fate_arbitrary_not_efficacious,description_token_overlap;label_token_overlap,"Against readings that grant fate real efficacy for the unbaptized, Crawford interprets Tatian's apparent affirmations as ironic restatements of Greek claims. The mocked constellations have no intrinsi","Crawford explains Tatian's statement that demons themselves fell under fate by treating fate here as bondage to passion rather than stellar necessity. This fate can govern demons and humans, but human"
scholarly_argument_boys_stones_2018_cyclical_recurrence_no_astral_determinism__scholarly_argument_boys_stones_2018_secondary_tertiary_providence,argument,scholarly_argument_boys_stones_2018_cyclical_recurrence_no_astral_determinism,"Platonist cyclical recurrence is causal, not astral determinism (Boys-Stones 2018)",scholarly_argument_boys_stones_2018_secondary_tertiary_providence,Providence by proxy: secondary (world soul) and tertiary (daimons/humans) providence (Boys-Stones 2018),0.28,0.1,<=0.3,scholarly_argument_boys_stones_2018_secondary_tertiary_providence,description_token_overlap;label_token_overlap,"Boys-Stones argues that the Platonist (ps.-Plutarch, On Fate 569; Origen, Against Celsus 5.21) belief in exact cyclical recurrence — the same individuals reborn doing the same things, e.g. ps.-Plutarc","Boys-Stones' reconstruction of the Platonist transmission of providence (Ch. 11, sources A, B, E, F, G): providence can be exercised 'by proxy.' The world soul is the true agent of god's care, exercis"
scholarly_argument_prigent_authorship_redaction_and_textu_2__scholarly_argument_prigent_free_will_and_moral_choice_in__0,argument,scholarly_argument_prigent_authorship_redaction_and_textu_2,Prigent: Despite attempts by specialists throughout the 20th century to distinguish succe,scholarly_argument_prigent_free_will_and_moral_choice_in__0,Prigent: The Two Ways material in Barnabas 18-20 represents a distinct genre from the ear,0.28,0.16,<=0.3,scholarly_argument_prigent_free_will_and_moral_choice_in__0,description_token_overlap;label_token_overlap,"Authorship, redaction, and textual integrity — Despite attempts by specialists throughout the 20th century to distinguish successive layers of composition or redaction, the epistle as a whole presents","Prigent: with 18,1 Barnabas consciously changes genre — no longer Testimonia or liturgical traditions but 'la morale concrète'; ch. 18 lays the theological foundation and chs. 19-20 list precise comma"
scholarly_argument_voelke_consent_to_destiny_voluntary_act__scholarly_argument_voelke_determinism_and_moral_responsi_1,argument,scholarly_argument_voelke_consent_to_destiny_voluntary_act,"Voelke: consent to Destiny is the voluntary act par excellence, not passive resignation",scholarly_argument_voelke_determinism_and_moral_responsi_1,Voelke: Stoic compatibilism: determinism (fate) is compatible with moral responsibility ,0.28,0.29,<=0.3,scholarly_argument_voelke_consent_to_destiny_voluntary_act,description_token_overlap;label_token_overlap,"Chapter VI, 'Le consentement au Destin'. Only the willing that consents to Destiny is safe from failure and can greet every event as the realisation of its own aspiration; its best expression is Clean",Voelke: the Stoic distinction between the cause 'perfect in itself' (perfecta et principalis) and merely auxiliary/antecedent causes reconciles human freedom with universal fatality. When the perfect 
scholarly_argument_voelke_consent_to_destiny_voluntary_act__scholarly_argument_voelke_will_as_immanent_tension,argument,scholarly_argument_voelke_consent_to_destiny_voluntary_act,"Voelke: consent to Destiny is the voluntary act par excellence, not passive resignation",scholarly_argument_voelke_will_as_immanent_tension,"Voelke: the primordial Stoic will is immanent tension (tonos) of the pneuma, not effort against resistance",0.28,0.22,<=0.3,scholarly_argument_voelke_consent_to_destiny_voluntary_act,description_token_overlap;label_token_overlap,"Chapter VI, 'Le consentement au Destin'. Only the willing that consents to Destiny is safe from failure and can greet every event as the realisation of its own aspiration; its best expression is Clean","Against philosophers who define will by effort against a resisting object (a conception implying exteriority, as in Maine de Biran), Voelke argues that in the old Stoa effort in its primordial form su"
scholarly_argument_scheck_augustine_selectively_receives_commentary_faith_works__scholarly_argument_scheck_grace_free_choice_tension_resists_simple_semipelagian_label,argument,scholarly_argument_scheck_augustine_selectively_receives_commentary_faith_works,"Scheck: Augustine selectively receives Origen's faith-and-works exegesis while diverging on Romans 5, 7, and 9",scholarly_argument_scheck_grace_free_choice_tension_resists_simple_semipelagian_label,Scheck: Origen's grace and free-choice texts form a real tension that resists a simple semi-Pelagian label,0.28,0.08,<=0.3,scholarly_argument_scheck_augustine_selectively_receives_commentary_faith_works,description_token_overlap;label_token_overlap,"Scheck argues that Augustine shares Origen's organic account of faith, love, and postbaptismal works and may reuse its root and building metaphors. Augustine's principal explicit condemnations target ",Scheck juxtaposes texts calling faith a gift of the Spirit with texts in which free acquired merit supplies material for divine distribution. Because Origen declares the causal ordering partly incompr
scholarly_argument_nikolaou_divine_goodness_gives_without_coercion__scholarly_argument_nikolaou_providence_foreknowledge_and_synergy,argument,scholarly_argument_nikolaou_divine_goodness_gives_without_coercion,Nikolaou: divine goodness offers salvation without using omnipotence to compel acceptance,scholarly_argument_nikolaou_providence_foreknowledge_and_synergy,Nikolaou: Clement distinguishes providence from predetermination and ends in grace-first synergy,0.28,0.08,<=0.3,scholarly_argument_nikolaou_providence_foreknowledge_and_synergy,description_token_overlap;label_token_overlap,"Nikolaou distinguishes God's omnipotence from God's freely exercised goodness in Clement. Salvation remains God's gift, but applying omnipotence to force its reception would destroy free choice; Adam ","Nikolaou: for Clement providence embraces all people but is not predetermination, which would abolish free will; providence permits independent action. Reception of grace is preceded by the person's d"
argument_maximus_natural_vs_gnomic_will__scholarly_argument_blowers_wills_vs_mode_of_willing,argument,argument_maximus_natural_vs_gnomic_will,"Maximus the Confessor: Natural Will vs. Gnomic Will (Disp. Pyrrh.; Opusc. 1, 3)",scholarly_argument_blowers_wills_vs_mode_of_willing,Blowers: Maximus distinguishes the wills themselves from the 'mode of willing' (τὸ πῶς θέλειν),0.28,0.15,<=0.3,argument_maximus_natural_vs_gnomic_will,description_token_overlap;label_token_overlap,"Maximus the Confessor's distinction between the natural will (φυσικὸν θέλημα) and the gnomic will (γνωμικὸν θέλημα), articulated at the Disputatio cum Pyrrho (645 CE, PG 91, 287–354) and in Opuscula t","Blowers (p.52, with p.164) identifies as a major theme of Maximus's mature Christology the distinction between the wills themselves and the 'mode of willing' (τὸ πῶς θέλειν) or 'mode of use' (τρόπος τ"
synthesis_amand1945_hierocles_bizarre_carneadean_inversion__synthesis_amand1945_lucian_sophist_satirist_carneadean_topos,synthesis,synthesis_amand1945_hierocles_bizarre_carneadean_inversion,Hiéroclès et l'inversion bizarre du topos carnéadien (Amand 1945),synthesis_amand1945_lucian_sophist_satirist_carneadean_topos,Lucien sophiste antifataliste — adaptation libre d'un topos carnéadien (Amand 1945),0.28,0.19,<=0.3,synthesis_amand1945_hierocles_bizarre_carneadean_inversion,description_token_overlap;label_token_overlap,"Spectacular thesis of Amand 1945 (Book I ch. VI §II.5, p. 173-176): whereas all Plotinian Neoplatonists neglect Carneades’ argument, the Alexandrian Neoplatonist Hierocles (early fifth century) makes ","Amand 1945 thesis (Book I ch. III §I+II, p. 107-115): Lucian of Samosata, a late sophist without any stable philosophical position, reduces philosophy to a down-to-earth morality devoid of scientific "
scholar_hall_c__scholar_hall_sg,person,scholar_hall_c,Claire Hall,scholar_hall_sg,Stuart George Hall,0.28,0.16,<=0.3,scholar_hall_c,label_token_overlap;shared_surname,"Patristics, Origen, early Christian philosophy","British patristics scholar (King's College London); editor and translator of Melito of Sardis, On Pascha and Fragments (Oxford Early Christian Texts, Clarendon Press, 1979)."
scholarly_argument_boys_stones_comparison_between_middle_plat_1__scholarly_argument_boys_stones_justin_martyr_as_middle_platon_7,argument,scholarly_argument_boys_stones_comparison_between_middle_plat_1,Boys-Stones: The Middle Platonist theory of fate is considerably closer to the Stoic account ,scholarly_argument_boys_stones_justin_martyr_as_middle_platon_7,Boys-Stones: Implicitly acknowledges Justin Martyr (1 Apology 43) belongs to Middle Platonist,0.28,0.2,<=0.3,scholarly_argument_boys_stones_justin_martyr_as_middle_platon_7,label_token_overlap,Comparison between Middle Platonist and Stoic fate theories — The Middle Platonist theory of fate is considerably closer to the Stoic account than generally acknowledged. Both accept that events in th,"Boys-Stones explicitly counts 'the Christian Justin' among the 'thinkers who provide evidence for the theory' of hypothetical fate, alongside Plutarch, Apuleius, Amelius and Alexander of Lycopolis (pp"
pub_holz_1970_uber_den_begriff_des_willens_und_der_freiheit_bei_origenes__pub_muller_2009_willensschwache_und_innerer_mensch_in_rom_und_bei_origenes_zur_c,publication,pub_holz_1970_uber_den_begriff_des_willens_und_der_freiheit_bei_origenes,Harald Holz 1970 — Über den Begriff des Willens und der Freiheit bei Origenes.,pub_muller_2009_willensschwache_und_innerer_mensch_in_rom_und_bei_origenes_zur_c,Jörn Müller 2009 — Willensschwäche und innerer Mensch in Röm 7 und bei Origenes : zur christlichen Tradition des Handelns wider besseres Wissen,0.28,0.05,<=0.3,pub_holz_1970_uber_den_begriff_des_willens_und_der_freiheit_bei_origenes,description_token_overlap,"Article Über den Begriff des Willens und der Freiheit bei Origenes. was published on January 1, 1970 in the journal Neue Zeitschrift für Systematische Theologie und Religionsphilosophie (volume 12, is","Article Willensschwäche und innerer Mensch in Röm 7 und bei Origenes: Zur christlichen Tradition des Handelns wider besseres Wissen was published on July 1, 2009 in the journal Zeitschrift für die neu"
scholarly_argument_dettwiler_free_will_and_prayer_0__scholarly_argument_dettwiler_moral_responsibility_and_commu_2,argument,scholarly_argument_dettwiler_free_will_and_prayer_0,Dettwiler: The exhortation to pray continually (1 Th 5:17) is embedded in a framework of di,scholarly_argument_dettwiler_moral_responsibility_and_commu_2,Dettwiler: The exhortations in 1 Th 5:12-22 are directed toward concrete communal life and ,0.28,0.16,<=0.3,scholarly_argument_dettwiler_moral_responsibility_and_commu_2,description_token_overlap,"free will and prayer — The exhortation to pray continually (1 Th 5:17) is embedded in a framework of divine grace that precedes and enables human response; moralizing readings are excluded, suggesting","Dettwiler reads 1 Th 5:12-22 as a conclusive exhortation to a very young community, exposed to outside pressure, spiritually inexperienced and deprived of its founder (p. 11). Ecclesial unity is exper"
argument_origen_witness_carneadean_transposition_envelope_amand1945__argument_origen_witness_diss_argos_logos_refutation_amand1945,argument,argument_origen_witness_carneadean_transposition_envelope_amand1945,Origène — Transposition théologique des arguments moraux de Carnéade (Amand 1945 Livre II Ch. V §IV),argument_origen_witness_diss_argos_logos_refutation_amand1945,Origène — Réfutation de l'Argos Logos via prophéties Judas/Œdipe (Amand 1945),0.28,0.26,<=0.3,argument_origen_witness_carneadean_transposition_envelope_amand1945,description_token_overlap,"Argumentative framework: Amand devotes §IV (p. 318-325) to Origen's use of Carneades' anti-fatalist moral argumentation. It is the first two sections of chapter 23 of the Philocalia (Phil. 23.1-2, Rob","Amand (p. 311): The compilers of the Philocalia appended to the discussion of foreknowledge a copious quotation from Contra Celsum II.20 (sections 12-13 of Philocalia 23, Robinson p. 199-201). There O"
work_ad_simplicianum__work_confessions,work,work_ad_simplicianum,Ad Simplicianum (To Simplician),work_confessions,Confessiones (Confessions),0.28,0.05,<=0.3,work_confessions,description_token_overlap,"Turning point work where Augustine radically developed his understanding of grace and predestination while wrestling with Paul's Epistle to the Romans, especially 1 Corinthians 4:7 'What have you that","Augustine's spiritual autobiography culminating in his conversion. Books VII-VIII particularly important for understanding his views on will, grace, and conversion through Neoplatonism and Paul's epis"
scholarly_argument_denzey_lewis_pauline_exegesis_and_cosmic_en_3__scholarly_argument_dettwiler_authorship_of_colossians_1,argument,scholarly_argument_denzey_lewis_pauline_exegesis_and_cosmic_en_3,Denzey Lewis: Pauline concept of 'body of death' represents cosmic malevolence and enslavement,scholarly_argument_dettwiler_authorship_of_colossians_1,"Dettwiler: Adheres to the third option (deutero-Pauline, written after Paul's death by a di",0.28,0.11,<=0.3,scholarly_argument_denzey_lewis_pauline_exegesis_and_cosmic_en_3,label_token_overlap,"Diverging from the majority of scholars, Denzey Lewis asserts that cosmic pessimism in second- to fourth-century Christianity (particularly, though not exclusively, 'Gnostic' Christianity) finds its r","Among three options on Colossians' author (Paul himself; a close disciple authenticated by Paul during his lifetime, the 'secretary' hypothesis; composition after the Apostle's death by a disciple or "
scholarly_argument_engberg_pedersen_progression_and_moral_developm_3__scholarly_argument_engberg_pedersen_self_and_agency_in_paul_2,argument,scholarly_argument_engberg_pedersen_progression_and_moral_developm_3,Engberg-Pedersen: Both Paul and the Stoics employ a model of ethical progression (prokopē) where i,scholarly_argument_engberg_pedersen_self_and_agency_in_paul_2,Engberg-Pedersen: Paul's notion of self is connected to his cosmological world-view through a cons,0.28,0.08,<=0.3,scholarly_argument_engberg_pedersen_progression_and_moral_developm_3,label_token_overlap,"Not verifiable in the fonds: the extraction contains only the first page of ch. 4 (p. 81) and nothing of p. 82; no mention of prokopē, of the sophos/prokoptontes distinction or of Phil 3:12-14. The ne",unchanged (description faithful); pages corrected
scholarly_argument_brand_philo_free_will_amid_pessimism__scholarly_argument_frick_divine_transcendence_and_provi_4,argument,scholarly_argument_brand_philo_free_will_amid_pessimism,Brand: Philo defends free will to absolve God of sin despite a deeply pessimistic view of the human inclination,scholarly_argument_frick_divine_transcendence_and_provi_4,Frick: Philo predicates God as provident in nature despite strict unknowability of God',0.28,0.08,<=0.3,scholarly_argument_brand_philo_free_will_amid_pessimism,label_token_overlap,"Brand argues that the wisdom/philosophical texts (Ben Sira and Philo) are the only Second Temple works that address the problem of sin directly, and that both aim to place responsibility for sin in hu",Faithful as written; only the page is wrong.
argument_scotuss_synchronic_contingency_e39fc978__scholarly_argument_mansfeld_aristotle_on_choice_and_will_1,argument,argument_scotuss_synchronic_contingency_e39fc978,Scotus's Synchronic Contingency,scholarly_argument_mansfeld_aristotle_on_choice_and_will_1,Mansfeld: Endorses Frede's argument that Aristotle does not have a concept of will but doe,0.28,0.05,<=0.3,scholarly_argument_mansfeld_aristotle_on_choice_and_will_1,description_token_overlap,"Scotus's radical defense of libertarian freedom: at the very moment (in eodem instanti) of choosing, the will retains the power to choose otherwise (Ordinatio I, d. 39). Key Thesis: For an act to be c","Mansfeld reports Frede's chapter 'Aristotle on Choice without a Will': Aristotle has no concept of will but one of 'willing'; prohairesis is choosing as a special 'form of willing', 'not between alter"
scholarly_argument_gaventa_divine_liberation_and_human_ag_1__scholarly_argument_pouderon_determinism_and_fate_vs_christ_1,argument,scholarly_argument_gaventa_divine_liberation_and_human_ag_1,Gaventa: God's action in Christ Jesus liberates humanity from enslavement to Sin and Deat,scholarly_argument_pouderon_determinism_and_fate_vs_christ_1,Pouderon: The apologists combated gnostic determinism which distinguished the transcendent,0.28,0.08,<=0.3,scholarly_argument_gaventa_divine_liberation_and_human_ag_1,description_token_overlap,"divine liberation and human agency — God's action in Christ Jesus liberates humanity from enslavement to Sin and Death through the Spirit; this liberation is an event initiated by God's power, not hum","Pouderon's back-cover presentation says the apologists, besides defending Christians against pagan accusations and building 'un premier pont' between pagan philosophy and Christianity, fought closer a"
scholarly_argument_djeranian_the_cylinder_analogy_and_its_l_3__scholarly_argument_voelke_determinism_and_moral_responsi_1,argument,scholarly_argument_djeranian_the_cylinder_analogy_and_its_l_3,"D'Jeranian: Chrysippus's cylinder analogy, which makes fate the antecedent and auxiliary cau",scholarly_argument_voelke_determinism_and_moral_responsi_1,Voelke: Stoic compatibilism: determinism (fate) is compatible with moral responsibility ,0.28,0.15,<=0.3,scholarly_argument_djeranian_the_cylinder_analogy_and_its_l_3,description_token_overlap,D'Jeranian: in De fato 42-43 Chrysippus's manoeuvre dissociates the necessity of fate and preserves the individual's autonomy by making fate the antecedent and auxiliary cause of his action; man's mov,Voelke: the Stoic distinction between the cause 'perfect in itself' (perfecta et principalis) and merely auxiliary/antecedent causes reconciles human freedom with universal fatality. When the perfect 
scholarly_argument_byerly_hick_s_libertarianism_and_its__2__scholarly_argument_meyer_1998_no_greek_term_moral_responsibility,argument,scholarly_argument_byerly_hick_s_libertarianism_and_its__2,Byerly: While Hick explicitly affirms libertarianism in his discussion of freedom to res,scholarly_argument_meyer_1998_no_greek_term_moral_responsibility,"Meyer: no Greek expression corresponds to 'moral responsibility', yet the topic was debated",0.28,0.12,<=0.3,scholarly_argument_meyer_1998_no_greek_term_moral_responsibility,description_token_overlap,Hick's libertarianism and its dispensability — While Hick explicitly affirms libertarianism in his discussion of freedom to respond in love to God—where he states free action 'does not arise in a full,"Meyer argues that although there is no expression in Classical or Hellenistic Greek corresponding to the English 'moral responsibility', the topic was the subject of lively discussion: all major figur"
argument_carter_2024_objections_are_fatalist__scholarly_argument_donini_aristotle_s_principle_of_corre_0,argument,argument_carter_2024_objections_are_fatalist,Carter: the two arguments against the both-false view are themselves fatalist arguments,scholarly_argument_donini_aristotle_s_principle_of_corre_0,Donini: Aristotle consistently holds a principle of truth as conformity of statements to,0.28,0.08,<=0.3,argument_carter_2024_objections_are_fatalist,description_token_overlap,"Carter argues that the two objections to the both-false interpretation at De Interpretatione 9, 18b17-25 are additional fatalist arguments, not Aristotle speaking in propria persona. The first assumes","Aristotle's principle of correspondence (logoi to pragmata) — Aristotle consistently holds a principle of truth as conformity of statements to extralinguistic reality, where logoi are causally depende"
scholarly_argument_blackwell_irenaeus_on_human_moral_progre_1__scholarly_argument_munier_human_nature_and_salvation_in__1,argument,scholarly_argument_blackwell_irenaeus_on_human_moral_progre_1,Blackwell: Blackwell interprets Irenaeus as holding that humans are not perfect from the be,scholarly_argument_munier_human_nature_and_salvation_in__1,Munier: Munier discusses Justin's anthropology and soteriology in chapter IX.4 'L'homme ,0.28,0.04,<=0.3,scholarly_argument_blackwell_irenaeus_on_human_moral_progre_1,description_token_overlap,"Blackwell on Irenaeus: humans, like Adam, are created in infancy with only the capacity for perfection if they grow into it (p. 40); Irenaeus explains that human destiny is determined by free will, no","Ch. IX.4 'L'homme et son salut' (pp. 114-127) opens with Justin's optimism about creation and, on the soul (immortal by grace, not by nature), quotes Puech: the soul must be rewarded according to its "
argument_carneadean_incentives_amand1945__scholarly_argument_linjamaa_cosmos_as_school_and_community_4,argument,argument_carneadean_incentives_amand1945,"Argument carnéadien IV — Encouragements, récompenses, réprimandes et châtiments sont sans objet (futility of incentives)",scholarly_argument_linjamaa_cosmos_as_school_and_community_4,Linjamaa: The Tripartite Tractate presents the cosmos as a 'school' (scholē) that imperfec,0.28,0.17,<=0.3,argument_carneadean_incentives_amand1945,description_token_overlap,"Fourth of the six argumentative headings reconstructed by Amand (1945, p. 577-578). Amand’s formulation: « Under the hypothesis of absolute fatalism, encouragements and rewards, reproaches, reprimands",Linjamaa: the Aeons' 'school of conduct' in the Pleroma and the cosmos as a place of learning show that both heavenly and earthly life follow a pedagogical structure. The social context reflected in T
argument_furst_2022_aristotle_no_will_intellectualism__scholarly_argument_f_rst_free_will_terminology_and_conc_0,argument,argument_furst_2022_aristotle_no_will_intellectualism,"Pas de concept de volonté chez Aristote — intellectualisme grec (Fürst 2022, suivant Frede)",scholarly_argument_f_rst_free_will_terminology_and_conc_0,"Fürst: Argues that ancient concepts of freedom (eleutheria, autexousion) differ fundame",0.28,0.15,<=0.3,scholarly_argument_f_rst_free_will_terminology_and_conc_0,description_token_overlap,"Fürst 2022's thesis (Thematische Eingrenzungen 1a), following Frede 2011 and Dihle 1985: neither Plato nor Aristotle possesses a concept of will (Wille) as a mental-psychic force independent of the in","Fürst's terminological caution: no concept of 'Wille' existed before Augustine, so he largely avoids the word and stays close to the ancient terms — προαίρεσις (Aristotle's 'überlegtes Streben', not '"
scholarly_argument_currado_early_church_consensus_on_free_0__scholarly_argument_nagasawa_semi_pelagianism_and_synergism_3,argument,scholarly_argument_currado_early_church_consensus_on_free_0,Currado: The early church fathers consistently affirmed libertarian free will as foundati,scholarly_argument_nagasawa_semi_pelagianism_and_synergism_3,"Nagasawa: Semi-Pelagianism was akin to Greek synergism, not a novel deviation. The Eastern",0.28,0.17,<=0.3,scholarly_argument_nagasawa_semi_pelagianism_and_synergism_3,description_token_overlap,"Early Church consensus on free will — The early church fathers consistently affirmed libertarian free will as foundational to Christian anthropology, even in their catechetical instruction; this conse","Nagasawa quotes Schaff's judgement that after Augustine's death 'the intermediate system of Semi-Pelagianism, akin to the Greek synergism, became prevalent in the West'. In his own voice he claims the"
argument_hobbesian_compatibilism_1w5r6s24__argument_jansenist_denial_of_liberty_of_indifference_73aa8ce2,argument,argument_hobbesian_compatibilism_1w5r6s24,Hobbes's Compatibilist Argument,argument_jansenist_denial_of_liberty_of_indifference_73aa8ce2,Jansenist Denial of Liberty of Indifference,0.28,0.2,<=0.3,argument_hobbesian_compatibilism_1w5r6s24,description_token_overlap,Hobbes's mechanistic compatibilist argument that liberty and necessity are compatible. Liberty = absence of external impediments to motion. Voluntary actions are caused necessarily by prior conditions,"Jansenism, rooted in Cornelius Jansen's reading of Augustine, denies liberty of indifference and argues that the will is always determined—either by concupiscence (corrupt desire) or by efficacious gr"
argument_origen_witness_carneades_transposition_gnostic_excursus_amand1945__argument_origen_witness_diss_problem1_prescience_amand1945,argument,argument_origen_witness_carneades_transposition_gnostic_excursus_amand1945,Origène — Excursus contre Marcionites/Gnostiques dualistes (Amand 1945),argument_origen_witness_diss_problem1_prescience_amand1945,Origène — Premier théologien à résoudre prescience vs libre arbitre (Amand 1945),0.28,0.17,<=0.3,argument_origen_witness_diss_problem1_prescience_amand1945,description_token_overlap,"Amand (p. 323): Before concluding §IV, Origen ""delivers a vigorous blow to the dualist Gnostics, his principal adversaries,"" and in particular directs his attacks against the Marcionites (Phil. 23.2, ",Amand (p. 309-311): “Origen was the first Christian theologian to envisage in its full extent the formidable difficulty that divine foreknowledge raised against the free determination of the human wil
person_martin_i_pope_590_655__scholar_brand_miryam,person,person_martin_i_pope_590_655,Pape Martin Ier,scholar_brand_miryam,Miryam T. Brand,0.28,0.05,<=0.3,scholar_brand_miryam,description_token_overlap,"Pope 5 July 649—17 June 653. Convenor of the Lateran Synod of 649 (5–31 October), the first official Latin condemnation of monoenergism and monothelitism—a synod held without imperial approval, which ","Scholar of Second Temple Judaism, the Dead Sea Scrolls, and the history of ideas about sin, evil, and human agency in ancient Judaism. Evil Within and Without is the revised version of her doctoral di"
pub_cooper_1999_reason_emotion__pub_kirwan_1984_review_dihle,publication,pub_cooper_1999_reason_emotion,Reason and Emotion,pub_kirwan_1984_review_dihle,"Kirwan 1984 — Review of Dihle, The Theory of Will in Classical Antiquity",0.28,0.08,<=0.3,pub_kirwan_1984_review_dihle,description_token_overlap,"Cooper, J.M. (1999). Reason and Emotion: Essays on Ancient Moral Psychology and Ethical Theory. Princeton: Princeton University Press. xvi + 541pp. Thesis: Collects 23 essays giving a systematic accou","C.A. Kirwan, review of A. Dihle, The Theory of Will in Classical Antiquity, Classical Review 34 (1984) 335-336. Cited with approval by Irwin 1992, 469 n. 7, for the observation that Dihle fails to ide"
pub_frankfurt_1971_freedom_will_person__pub_meyer_2011_aristotle_moral_responsibility_reissue,publication,pub_frankfurt_1971_freedom_will_person,"Frankfurt, H. (1971). Freedom of the Will and the Concept of a Person. Journal of Philosophy 68(1): 5-20.",pub_meyer_2011_aristotle_moral_responsibility_reissue,"Meyer 2011 — Aristotle on Moral Responsibility (OUP reissue, new intro)",0.28,0.07,<=0.3,pub_frankfurt_1971_freedom_will_person,description_token_overlap,"Foundational article by Harry G. Frankfurt (*Journal of Philosophy* 68/1, 1971, p. 5-20) introducing the distinction between first-order desires and second-order desires (second-order volitions) as a ","Susan Sauvé Meyer, *Aristotle on Moral Responsibility: Character and Cause*, Oxford: OUP, 2011 (reissue of Blackwell 1993, with a new 38-page introduction), ISBN 978-0-19-969742-7. The new introductio"
pub_destree_salles_zingano_2014_what_is_up_to_us__pub_jackson_1966_sources_of_origen_doctrine_of_freedom,publication,pub_destree_salles_zingano_2014_what_is_up_to_us,"Destrée, Salles & Zingano (eds.), What is Up to Us? Studies on Agency and Responsibility in Ancient Philosophy (2014)",pub_jackson_1966_sources_of_origen_doctrine_of_freedom,B. Darrell Jackson 1966 — Sources of Origen's Doctrine of Freedom,0.28,0.05,<=0.3,pub_destree_salles_zingano_2014_what_is_up_to_us,description_token_overlap,"Edited by Pierre Destrée, Ricardo Salles and Marco Zingano, this 2014 Academia Verlag volume contains an introduction and twenty-two studies of agency and responsibility from Democritus to Simplicius.","In Contra Celsum Origen briefly states his approach to constructing a theological system. He says, “… anyone who constructs a Christian philosophy will need to argue the truth of his doctrines with pr"
synthesis_amand1945_epilogue_cultural__synthesis_dihle1982_lec4_paul_philo_implicit_will,synthesis,synthesis_amand1945_epilogue_cultural,Bilan culturel de l'épilogue Amand 1945 — homogénéité de la civilisation gréco-romaine et chrétienne,synthesis_dihle1982_lec4_paul_philo_implicit_will,Dihle 1982 Lect. IV — Paul et Philon : volonte implicite sans terme dedie,0.28,0.07,<=0.3,synthesis_amand1945_epilogue_cultural,description_token_overlap,"Fourth strand of Amand's epilogical assessment (Amand 1945, p. 590-591). Central cultural claim: « The historian of ancient culture will find factual confirmation of a theory dear to him: namely, the ","Synthesis of the fourth lecture (Dihle 1982 p. 75-100 / md ll. 8073-8892). Core of the thesis. Paul (reading of Rom 7, Gal 5, 1 Cor) employs 'thelo' and 'ginosko' indiscriminately, without a term spec"
pub_fedou_2026_falque_nouvelle_lettre_sur_apologetique_paris_cerf_2025_150_16_0__pub_fedou_2026_ouvrages_analyses,publication,pub_fedou_2026_falque_nouvelle_lettre_sur_apologetique_paris_cerf_2025_150_16_0,"Michel Fédou 2026 — Falque E., Nouvelle lettre sur l’apologétique, Paris, Cerf, 2025, 150 p., 16,00 €. ISBN 9782204172783.",pub_fedou_2026_ouvrages_analyses,Michel Fédou 2026 — Ouvrages analysés,0.28,0.29,<=0.3,pub_fedou_2026_falque_nouvelle_lettre_sur_apologetique_paris_cerf_2025_150_16_0,author_year_match,"Le Traité sur la prière d’Origène, désormais accessible dans l’édition critique et la traduction de Daniel Vigne, constitue une œuvre majeure de la théologie chrétienne ancienne. Origène y développe u","Le Traité sur la prière d’Origène, désormais accessible dans l’édition critique et la traduction de Daniel Vigne, constitue une œuvre majeure de la théologie chrétienne ancienne. Origène y développe u"
scholarly_argument_rousseau_free_will_in_irenaeus_0__scholarly_argument_rousseau_incompleteness_of_editorial_wo_1,argument,scholarly_argument_rousseau_free_will_in_irenaeus_0,Rousseau: This is a critical edition with French translation of Irenaeus' Adversus Haerese,scholarly_argument_rousseau_incompleteness_of_editorial_wo_1,Rousseau: A critical edition of Irenaeus is inherently incomplete without commentary; the ,0.27,0.22,<=0.3,scholarly_argument_rousseau_free_will_in_irenaeus_0,description_token_overlap;label_token_overlap,"free will in Irenaeus — This is a critical edition with French translation of Irenaeus' Adversus Haereses Book V, not a secondary study; the editor Rousseau does not explicitly advance interpretive po",incompleteness of editorial work — A critical edition of Irenaeus is inherently incomplete without commentary; the editor must anticipate future commentators' work while recognizing the limits of what
scholarly_argument_denzey_lewis_gnostic_cosmic_pessimism_as_sc_0__scholarly_argument_denzey_lewis_pauline_exegesis_and_cosmic_en_3,argument,scholarly_argument_denzey_lewis_gnostic_cosmic_pessimism_as_sc_0,Denzey Lewis: The category of 'cosmic pessimism' as applied to Gnostics is a constructed world,scholarly_argument_denzey_lewis_pauline_exegesis_and_cosmic_en_3,Denzey Lewis: Pauline concept of 'body of death' represents cosmic malevolence and enslavement,0.27,0.17,<=0.3,scholarly_argument_denzey_lewis_gnostic_cosmic_pessimism_as_sc_0,description_token_overlap;label_token_overlap,"Denzey Lewis credits Bob Lamberton with setting her on the path to the book by raising the specter of 'cosmic pessimism' as a wholly constructed worldview, and by setting aside the conventional classi","Diverging from the majority of scholars, Denzey Lewis asserts that cosmic pessimism in second- to fourth-century Christianity (particularly, though not exclusively, 'Gnostic' Christianity) finds its r"
scholarly_argument_boulnois_free_will_against_fatalism_and_1__scholarly_argument_boulnois_free_will_and_divine_prescienc_2,argument,scholarly_argument_boulnois_free_will_against_fatalism_and_1,Boulnois: Cyril vigorously refutes fatalist doctrines that subject human choices to destin,scholarly_argument_boulnois_free_will_and_divine_prescienc_2,Boulnois: Cyril addresses human autonomy in the face of divine foreknowledge and predestin,0.27,0.16,<=0.3,scholarly_argument_boulnois_free_will_and_divine_prescienc_2,description_token_overlap;label_token_overlap,"free will against fatalism and astrology — Cyril vigorously refutes fatalist doctrines that subject human choices to destiny (heimarmenē), which he attributes to 'the Greeks'; fatalism destroys the hi",free will and divine prescience/predestination — Cyril addresses human autonomy in the face of divine foreknowledge and predestination; the problem of Judas is frequently invoked as the test case for 
scholarly_argument_maston_hodayot_and_divine_agency_2__scholarly_argument_maston_paul_s_critique_of_moral_optim_3,argument,scholarly_argument_maston_hodayot_and_divine_agency_2,"Maston: The Hodayot stress divine predestination, election, and the Spirit as exclusive ",scholarly_argument_maston_paul_s_critique_of_moral_optim_3,Maston: Contends that Romans 7:7-25 critiques the 'two-ways theology' exemplified by Sir,0.27,0.11,<=0.3,scholarly_argument_maston_hodayot_and_divine_agency_2,description_token_overlap;label_token_overlap,"The Hodayot develop 'an extremely pessimistic anthropology': humans are sinful 'creatures of clay' ruled by their perverse spirits. The solution is divine intervention, whose constant thread is the di","In Romans 7.7-25 Paul portrays the 'I' as the human agent of the two-ways pattern (Ben Sira's) and shows that tradition's 'powerlessness' to produce adequate obedience: Sin takes over human capacity, "
scholarly_argument_crawford_demons_can_directly_cause_bodily_disease__scholarly_argument_crawford_real_fate_redefined_as_slavery_to_passions,argument,scholarly_argument_crawford_demons_can_directly_cause_bodily_disease,Crawford: Tatian allows demons directly to cause bodily disease,scholarly_argument_crawford_real_fate_redefined_as_slavery_to_passions,Crawford: the only real fate is slavery to passions and can be escaped,0.27,0.06,<=0.3,scholarly_argument_crawford_real_fate_redefined_as_slavery_to_passions,description_token_overlap;label_token_overlap,"Crawford rejects an interpretation that demonic action affects only belief or imagination. Tatian distinguishes material and seasonal disease from cases in which demons disturb the body's condition, t","Crawford explains Tatian's statement that demons themselves fell under fate by treating fate here as bondage to passion rather than stellar necessity. This fate can govern demons and humans, but human"
debate_christian_gnostic_freedom__debate_divine_foreknowledge_235f2530,debate,debate_christian_gnostic_freedom,Christian-Gnostic Debate on Freedom,debate_divine_foreknowledge_235f2530,"Providence, Foreknowledge, and Freedom",0.27,0.09,<=0.3,debate_divine_foreknowledge_235f2530,description_token_overlap;label_token_overlap,Patristic debate on human freedom (autexousion) vs cosmic determinism between Christian theologians and Gnostic teachers,"The ancient theological problem: If God foreknows all future events, are they necessary? If so, human freedom seems impossible. Origins: Discussed by Aristotle (sea battle, De Int. 9), intensified by "
scholarly_argument_nadelhoffer_experimental_philosophy_method_0__scholarly_argument_nadelhoffer_folk_jurisprudence_and_free_wi_1,argument,scholarly_argument_nadelhoffer_experimental_philosophy_method_0,Nadelhoffer: Experimental philosophy provides essential empirical data for understanding folk,scholarly_argument_nadelhoffer_folk_jurisprudence_and_free_wi_1,Nadelhoffer: Folk judgments about free will and responsibility are influenced by legal framew,0.27,0.15,<=0.3,scholarly_argument_nadelhoffer_experimental_philosophy_method_0,description_token_overlap;label_token_overlap,Experimental philosophy methodology for free will and responsibility — Experimental philosophy provides essential empirical data for understanding folk intuitions about free will and moral responsibil,"Folk jurisprudence and free will judgments — Folk judgments about free will and responsibility are influenced by legal frameworks and jurisprudential concepts, suggesting that experimental designs sho"
argument_anselms_necessity_of_the_past_f7947dab__scholarly_argument_frede_tensions_in_aristotle_on_causa_3,argument,argument_anselms_necessity_of_the_past_f7947dab,Anselm's Necessity of the Past,scholarly_argument_frede_tensions_in_aristotle_on_causa_3,"D. Frede: Aristotle exhibits diverging tendencies: minimal necessity in ethics, maximal ne",0.27,0.05,<=0.3,argument_anselms_necessity_of_the_past_f7947dab,description_token_overlap;label_token_overlap,"Anselm's distinction between types of necessity to defend compatibility of divine foreknowledge with freedom (De Concordia, Quaestio I (cc. 2-3)): The Distinction: Antecedent necessity (necessitas pra","Tensions in Aristotle on causality, determinism, and necessity — Aristotle exhibits diverging tendencies: minimal necessity in ethics, maximal necessity (universality) in science; but even in science "
argument_chain_causation_critique_alex__scholarly_argument_koch_alexander_s_target_stoic_deter_1,argument,argument_chain_causation_critique_alex,Critique of Chain Causation Model (Alexander),scholarly_argument_koch_alexander_s_target_stoic_deter_1,Koch: Alexander's critique is directed against a reconstructed and simplified Stoic do,0.27,0.09,<=0.3,scholarly_argument_koch_alexander_s_target_stoic_deter_1,description_token_overlap;label_token_overlap,"Greek terminology: • αἰτία προηγουμένη (aitia proēgoumenē) - antecedent cause • chain-like causation — Alexander's actual wording is εἱρμὸς αἰτίων / καθ' εἱρμὸν αἰτίων, 'a connected series of causes' ","Koch reports, without endorsing, the verdict of Gercke, Long, Duhot and Inwood that Alexander attacks 'une doctrine reconstruite et simplifiée', an adversary made to measure, with distortions that see"
argument_origen_witness_carneadean_transposition_envelope_amand1945__argument_origen_witness_diss_problem2_signs_not_causes_amand1945,argument,argument_origen_witness_carneadean_transposition_envelope_amand1945,Origène — Transposition théologique des arguments moraux de Carnéade (Amand 1945 Livre II Ch. V §IV),argument_origen_witness_diss_problem2_signs_not_causes_amand1945,"Origène — Astres = signes, non causes efficientes : 4 arguments (Amand 1945)",0.27,0.28,<=0.3,argument_origen_witness_carneadean_transposition_envelope_amand1945,description_token_overlap;label_token_overlap,"Argumentative framework: Amand devotes §IV (p. 318-325) to Origen's use of Carneades' anti-fatalist moral argumentation. It is the first two sections of chapter 23 of the Philocalia (Phil. 23.1-2, Rob","Amand (p. 311-313): Problem 2 — Origen maintains that the stars are by no means efficient causes of fate and human actions, but merely signify them (σημαντικοί, non ποιητικοί). Four arguments set out "
scholarly_argument_dettwiler_christological_foundation_of_f_1__scholarly_argument_dettwiler_free_will_and_human_agency_in__3,argument,scholarly_argument_dettwiler_christological_foundation_of_f_1,"Dettwiler: The act of faith, understood as trust/confidence (confiance), is fundamentally d",scholarly_argument_dettwiler_free_will_and_human_agency_in__3,Dettwiler: The text implies that faith involves human initiative and response—Peter activel,0.27,0.19,<=0.3,scholarly_argument_dettwiler_free_will_and_human_agency_in__3,description_token_overlap;label_token_overlap,"christological foundation of faith — The act of faith, understood as trust/confidence (confiance), is fundamentally determined by Matthew's christology of 'Emmanuel' (God-with-us); the christological ","Dettwiler reads Peter's request ('Seigneur, si c'est toi...') as a faith-filled response, not an initiative: his walk 'ne saurait résulter d'une initiative propre à Pierre' and is made possible 'exclu"
scholarly_argument_eskola_double_predestination_3__scholarly_argument_wang_predestination_and_free_will_0,argument,scholarly_argument_eskola_double_predestination_3,"Eskola: Paul's theology contains a 'problem of double predestination' (election of some,",scholarly_argument_wang_predestination_and_free_will_0,Wang: Rejects the Reformed doctrine of double predestination; proposes 'cruciform elec,0.27,0.13,<=0.3,scholarly_argument_eskola_double_predestination_3,description_token_overlap;label_token_overlap,Eskola's 'problem of double predestination' (§9.3) is a problem of exegesis: Calvin's deterministic doctrine has coloured readings of both Second Temple Judaism and Paul. His own conclusion is that Se,"Wang reassesses (rethinks) the Reformed doctrine of predestination through Paul's theology of the cross and his Jewish background, proposing to put 'cruciform election' foremost in our understanding o"
argument_carter_2024_future_truth_necessity_gc__argument_carter_2024_pb_lem_rcp_distinction,argument,argument_carter_2024_future_truth_necessity_gc,"Carter: Aristotle accepts Future Truth Necessity (modal semantics of 'will be', GC 2.11)",argument_carter_2024_pb_lem_rcp_distinction,Carter: PB / LEM / RCP distinguished; refutation targets RCP,0.27,0.18,<=0.3,argument_carter_2024_future_truth_necessity_gc,description_token_overlap;label_token_overlap,"Carter argues that, for modally unqualified future tense statements, Aristotle accepts the fatalist's principle Future Truth Necessity (TFp -> [box]Fp): an unqualified affirmation or denial of a singu","Carter distinguishes three semantic principles that scholars take Aristotle to reject one or more of: the Principle of Bivalence (PB: 'For every proposition p, necessarily, p is either true or false')"
scholarly_argument_dettwiler_authenticity_of_colossians_0__scholarly_argument_dettwiler_reception_of_pauline_theology_3,argument,scholarly_argument_dettwiler_authenticity_of_colossians_0,"DETTWILER: The letter is likely post-Pauline, written in the 60s of the 1st century by an a",scholarly_argument_dettwiler_reception_of_pauline_theology_3,DETTWILER: The deutero-Pauline character of Colossians is not a deficit but a positive and ,0.27,0.11,<=0.3,scholarly_argument_dettwiler_authenticity_of_colossians_0,description_token_overlap;label_token_overlap,"authenticity of Colossians — The letter is likely post-Pauline, written in the 60s of the 1st century by an anonymous author from Paul's close circle of collaborators, who sought to preserve and actua","reception of Pauline theology — The deutero-Pauline character of Colossians is not a deficit but a positive and interesting fact, allowing us to discover how a theological tradition was reformulated f"
scholarly_argument_eliasson_critique_stoics_alexander_impressions__scholarly_argument_eliasson_leroux_freedom_theme_imprecise,argument,scholarly_argument_eliasson_critique_stoics_alexander_impressions,Eliasson: Plotinus rejects the shared Stoic-Alexandrian sufficiency of rational processing,scholarly_argument_eliasson_leroux_freedom_theme_imprecise,Eliasson: Leroux's 'freedom' reading of Plotinus is imprecise and invents a unified theme,0.27,0.13,<=0.3,scholarly_argument_eliasson_leroux_freedom_theme_imprecise,description_token_overlap;label_token_overlap,Eliasson argues that Plotinus questions an idea present both in the Stoics and in Alexander of Aphrodisias: that applying our rational faculties to the impressions coming from outside suffices to make,"Eliasson places Leroux (1996) under the 'freedom interpretation': Leroux studies 'human freedom' rather than the notion of eph' hemin as such, and his remarks on it are 'rather imprecise', with no str"
scholarly_argument_scheck_faith_root_works_fruit_justification_process__scholarly_argument_scheck_marcion_polemic_unites_goodness_judgment_and_works,argument,scholarly_argument_scheck_faith_root_works_fruit_justification_process,Scheck: Origen relates faith and works organically as root and fruit in a progressive justification,scholarly_argument_scheck_marcion_polemic_unites_goodness_judgment_and_works,"Scheck: Origen's anti-Marcion polemic unites divine goodness, just judgment, and the value of works",0.27,0.12,<=0.3,scholarly_argument_scheck_marcion_polemic_unites_goodness_judgment_and_works,description_token_overlap;label_token_overlap,"Scheck reconstructs Origen's synthesis as a process: faith is the root and beginning, hope advances the building, and love completes it. Works do not cause the first grace, but grace must become effec",Scheck reads Origen's opposition to Marcion as a defense of one God who is at once good Savior and just Judge. A faith-only exemption from judgment according to works would reproduce Marcion's separat
scholarly_argument_barclay_2020_spirit_enables_not_overrides__scholarly_argument_barclay_2020_unconditioned_not_unconditional,argument,scholarly_argument_barclay_2020_spirit_enables_not_overrides,The Spirit enables the believer's agency without overriding it: no puppets (Barclay 2020),scholarly_argument_barclay_2020_unconditioned_not_unconditional,"Grace is unconditioned (no prior worth) but not unconditional (it transforms): free, not cheap (Barclay 2020)",0.27,0.14,<=0.3,scholarly_argument_barclay_2020_unconditioned_not_unconditional,description_token_overlap;label_token_overlap,"Barclay (ch. 8, on Rom 8:9-13): the Spirit does not take the place of the believer, 'as if one agency overrides the other'; Paul instructs believers, who are 'not merely puppets on a string', yet thei","Barclay's pivotal distinction, applied to Romans. Paul perfects the incongruity of grace but not its noncircularity: grace is 'unconditioned' (given in the absence of merit or worth) yet not 'uncondit"
scholarly_argument_runia_philo_and_free_will_determinis_3__scholarly_argument_runia_philo_s_status_as_honorary_chu_1,argument,scholarly_argument_runia_philo_and_free_will_determinis_3,Runia: The work is primarily a survey of Philo's reception history rather than a direct,scholarly_argument_runia_philo_s_status_as_honorary_chu_1,Runia: Philo became an 'honorary Church Father' due to Eusebius's portrayal of him as a,0.27,0.11,<=0.3,scholarly_argument_runia_philo_s_status_as_honorary_chu_1,description_token_overlap;label_token_overlap,"Runia's book is a survey of Philo's reception in Christian literature, not a study of Philo's own positions. Chapter 2 §2 lists 'those themes in Philo's writings and thought which are of importance fo","Runia traces the 'gradual development' of Philo's Christian status through testimonia: Eusebius, the first to connect Philo with the Christians (De vita contemplativa as witness to the first Christian"
scholarly_argument_craig_temporal_necessity_accidental__3__scholarly_argument_craig_tensed_theory_of_time_a_theory_5,argument,scholarly_argument_craig_temporal_necessity_accidental__3,Craig: Craig analyzes the concept of temporal necessity (the necessity of the past) and,scholarly_argument_craig_tensed_theory_of_time_a_theory_5,"Craig: Craig defends the A-theory of time (tensed, presentist or growing-block theory) ",0.27,0.15,<=0.3,scholarly_argument_craig_tensed_theory_of_time_a_theory_5,description_token_overlap;label_token_overlap,"Craig (ch. IX), after reviewing Saunders, Pike, Adams, Fischer, Freddoso and Plantinga: 'temporal necessity' is queer and perhaps a misnomer — it concerns counterfactual openness or closedness, not te","Craig favours the A-theory of time over the B-theory, giving only 'a few cursory remarks' (the A-theory captures our intuitions about the sequential nature and transience of time; the B-theory 'spatia"
scholarly_argument_havrda_clement_s_model_of_divine_huma_0__scholarly_argument_havrda_clement_s_polemic_against_vale_1,argument,scholarly_argument_havrda_clement_s_model_of_divine_huma_0,Havrda: Clement distinguishes two modes of divine activity: universal exhortation (προτρ,scholarly_argument_havrda_clement_s_polemic_against_vale_1,Havrda: Clement explicitly rejects the view that salvation is based on natural talent or,0.27,0.14,<=0.3,scholarly_argument_havrda_clement_s_model_of_divine_huma_0,description_token_overlap;label_token_overlap,"Clement's model of divine-human cooperation in salvation — Clement distinguishes two modes of divine activity: universal exhortation (προτρέπων) to all human beings, and special help (συλλαμβανόμενος)",Clement's polemic against Valentinian and Basilidean determinism — Clement explicitly rejects the view that salvation is based on natural talent or special nature (φύσει σῳζόμενοι). He emphasizes that
scholarly_argument_hildebrandt_alexander_objections_fail_homonymy__scholarly_argument_hildebrandt_de_fato_xxi_risk_asymmetry,argument,scholarly_argument_hildebrandt_alexander_objections_fail_homonymy,Hildebrandt: most Alexandrian objections fail by exploiting the homonymy of 'contingent',scholarly_argument_hildebrandt_de_fato_xxi_risk_asymmetry,Hildebrandt: De fato XXI weighs the asymmetric risk of believing vs. disbelieving determinism,0.27,0.16,<=0.3,scholarly_argument_hildebrandt_alexander_objections_fail_homonymy,description_token_overlap;label_token_overlap,"Hildebrandt argues that several objections in Alexander, De fato 8-9, miss their target because 'contingent' is used in different senses: an Aristotelian sense tied to essence or proper cause and a St","Hildebrandt reads Alexander, De fato XXI, as comparing asymmetric practical errors under uncertainty. The contrast between errors is directly anchored in Alexander; its formulation as a modern risk ar"
scholarly_argument_linjamaa_determinism_in_the_tripartite__0__scholarly_argument_linjamaa_three_classes_of_humans_and_re_3,argument,scholarly_argument_linjamaa_determinism_in_the_tripartite__0,Linjamaa: The Tripartite Tractate presents a form of 'early Christian determinism' that is,scholarly_argument_linjamaa_three_classes_of_humans_and_re_3,"Linjamaa: The Tripartite Tractate's threefold anthropology (pneumatic, psychic, hylic) rep",0.27,0.17,<=0.3,scholarly_argument_linjamaa_three_classes_of_humans_and_re_3,description_token_overlap;label_token_overlap,determinism in the Tripartite Tractate — The Tripartite Tractate presents a form of 'early Christian determinism' that is not morally nihilistic but rather pedagogical and soteriological in purpose; t,Linjamaa (ch. 4): TriTrac's tripartite anthropology is 'an early Christian deterministic system' but 'not ... hard determinism; there is room for personal improvement'. The categories are Stoic-like d
synthesis_furst2022_imperial_freedom_debate__synthesis_furst2022_origen_central_freedom,synthesis,synthesis_furst2022_imperial_freedom_debate,The omnipresence of the debate on freedom in the Imperial period (Fürst 2022),synthesis_furst2022_origen_central_freedom,Origen — freedom at the centre of dogma and philosophy (Fürst 2022),0.27,0.19,<=0.3,synthesis_furst2022_imperial_freedom_debate,description_token_overlap;label_token_overlap,"Fürst 2022, Kap. III (p. 101-138): the debate on self-determination became virtually ubiquitous in the intellectual culture of the imperial period (1st-3rd c. AD). Preserved sources: Epictetus (Discou","Synthesis Fürst 2022, Kap. V (p. 187-246): Origen made freedom the central pivot of his system. Four definitive features: (1) free self-determination is a fundamental article of ecclesiastical preachi"
scholarly_argument_gibbons_assent_and_character_ground_embodied_autonomy__scholarly_argument_gibbons_moral_progress_partly_constitutes_autonomy,argument,scholarly_argument_gibbons_assent_and_character_ground_embodied_autonomy,Gibbons: assent and character ground Origenian autonomy without alternative possibilities,scholarly_argument_gibbons_moral_progress_partly_constitutes_autonomy,Gibbons: for Origen moral progress partly constitutes autonomy,0.27,0.12,<=0.3,scholarly_argument_gibbons_assent_and_character_ground_embodied_autonomy,description_token_overlap;label_token_overlap,Gibbons argues that Origen's account of embodied autonomy is substantially Stoic: rational beings are authors of their actions because proairesis can assent or dissent to the propositional content of ,"Gibbons distinguishes Origen from Epictetus by reversing the explanatory relation between autonomy and moral progress. For Epictetus, recognizing the autonomy of proairesis can motivate progress. For "
scholarly_argument_leroux_freedom_univocal_necessity__scholarly_argument_leroux_vi8_intellect_sovereignty,argument,scholarly_argument_leroux_freedom_univocal_necessity,Leroux: Plotinian freedom is univocal — the freedom of each being to be what it is,scholarly_argument_leroux_vi8_intellect_sovereignty,Leroux: in VI.8 being in our power is referred to virtue and intellect at rest from actions,0.27,0.26,<=0.3,scholarly_argument_leroux_vi8_intellect_sovereignty,description_token_overlap;label_token_overlap,Leroux argues that freedom affects the whole of Plotinus's metaphysics and has the same meaning at every level: that of a being to be what it is. He distinguishes two types of necessity: a pre-eminent,"Reading Ennead VI.8 with Ennead III.1, Leroux argues that Plotinus's fundamental preoccupation is the interior principle of self-determination defined by a psychology of action giving precedence to In"
argument_maximus_natural_vs_gnomic_will__scholarly_argument_blowers_denial_gnomic_will_soteriological_cost,argument,argument_maximus_natural_vs_gnomic_will,"Maximus the Confessor: Natural Will vs. Gnomic Will (Disp. Pyrrh.; Opusc. 1, 3)",scholarly_argument_blowers_denial_gnomic_will_soteriological_cost,Blowers: Maximus's denial of gnomic will in Christ may carry a soteriological cost,0.27,0.12,<=0.3,argument_maximus_natural_vs_gnomic_will,description_token_overlap;label_token_overlap,"Maximus the Confessor's distinction between the natural will (φυσικὸν θέλημα) and the gnomic will (γνωμικὸν θέλημα), articulated at the Disputatio cum Pyrrho (645 CE, PG 91, 287–354) and in Opuscula t","Blowers (pp. 165, 235–246) raises a critical question about the development from Maximus's early works (which allowed Christ a gnomic will exercised virtuously — 'keeping his gnomic will [γνώμην] impa"
scholarly_argument_ramelli_alexander_s_concept_of_to_eph__5__scholarly_argument_ramelli_origen_s_refutation_of_gnostic_3,argument,scholarly_argument_ramelli_alexander_s_concept_of_to_eph__5,Ramelli: Alexander maintained that Stoic compatibilism between Fate and free will was uns,scholarly_argument_ramelli_origen_s_refutation_of_gnostic_3,Ramelli: Origen refuted Valentinian Gnostic determinism involving predestination of three,0.27,0.15,<=0.3,scholarly_argument_ramelli_alexander_s_concept_of_to_eph__5,description_token_overlap;label_token_overlap,Alexander's concept of to eph' hemin — Alexander maintained that Stoic compatibilism between Fate and free will was unsuccessful because it excluded to eph' hemin (what depends on us) and undermined m,"Origen's refutation of Gnostic determinism — Origen refuted Valentinian Gnostic determinism involving predestination of three classes of humans 'by nature,' which destroyed free will and moral respons"
scholarly_argument_skarsaune_free_will_terminology_in_justi_0__scholarly_argument_skarsaune_paul_s_doctrine_of_justificati_1,argument,scholarly_argument_skarsaune_free_will_terminology_in_justi_0,Skarsaune: Skarsaune does not discuss Justin's use of autexousios or philosophical vocabula,scholarly_argument_skarsaune_paul_s_doctrine_of_justificati_1,Skarsaune: Justin Martyr failed to grasp the deeper implications of Paul's doctrine of just,0.27,0.06,<=0.3,scholarly_argument_skarsaune_free_will_terminology_in_justi_0,description_token_overlap;label_token_overlap,"Skarsaune offers no discussion of Justin's philosophical vocabulary for freedom: the term is never analysed, and Dial 88:5/124 is quoted only in English ('born in freedom of choice and with authority ","Paul's doctrine of justification by faith and its reception — Justin Martyr failed to grasp the deeper implications of Paul's doctrine of justification by faith, yet treated Paul as an authority of so"
scholarly_argument_wells_faith_works_antithesis_4__scholarly_argument_wells_pauline_integration_of_grace_a_0,argument,scholarly_argument_wells_faith_works_antithesis_4,"Wells: The Pauline faith/works antithesis is not about divine vs. human agency as such,",scholarly_argument_wells_pauline_integration_of_grace_a_0,Wells: Paul does not present an absolute contrast between divine and human agency; rath,0.27,0.17,<=0.3,scholarly_argument_wells_pauline_integration_of_grace_a_0,description_token_overlap;label_token_overlap,"Paul's denials of human agency (Rom 7:17, 20; 1 Cor 15:10; Gal 2:20) are 'not absolute denials' but highlight human entanglement with higher powers; the antithesis 'lies more along the axis of world-p","In the Introduction Wells frames the problem through Martyn (no autonomy, only enslavement or God-incited obedience) versus Engberg-Pedersen (no competitive concept of agency), asking what becomes of "
scholarly_argument_nilsen_clement_first_negative_free_will__scholarly_argument_nilsen_epictetus_only_partial_precursor,argument,scholarly_argument_nilsen_clement_first_negative_free_will,Nilsen: Clement is the first philosopher with an adequate concept of negative free will,scholarly_argument_nilsen_epictetus_only_partial_precursor,Nilsen: Epictetus is only a partial precursor to Clement's negative free will,0.27,0.24,<=0.3,scholarly_argument_nilsen_clement_first_negative_free_will,description_token_overlap;label_token_overlap,"Nilsen concludes that Clement, not Augustine, is the first philosopher to meet both of his criteria for negative free will. Divine foreknowledge and election do not remove the practical requirement th","Nilsen grants that Epictetan prohairesis can satisfy the independence criterion during the acquisition of virtue. He denies that it securely satisfies the mediating criterion, because Stoic passions r"
scholarly_argument_holliday_power_and_exercise__scholarly_argument_holliday_two_desires,argument,scholarly_argument_holliday_power_and_exercise,Holliday: power of choice and moral exercise are distinct,scholarly_argument_holliday_two_desires,Holliday: Origen distinguishes generic capacity from directed desire,0.27,0.27,<=0.3,scholarly_argument_holliday_power_and_exercise,description_token_overlap;label_token_overlap,"The soul's power to choose differs from its assessable exercise, supporting responsibility against fixed-nature accounts.",A general capacity to desire differs from desire directed toward good or evil; rational assent rather than impressions produces action.
scholarly_argument_junod_origen_critiques_church_through_knowledge_and_holiness__scholarly_argument_junod_origenian_theology_answers_gnostic_intellectual_demand,argument,scholarly_argument_junod_origen_critiques_church_through_knowledge_and_holiness,Junod: Origen relativizes external hierarchy by the internal hierarchy of knowledge and holiness,scholarly_argument_junod_origenian_theology_answers_gnostic_intellectual_demand,Junod: Origenian critical theology answers the Gnostic challenge on the terrain of rigorous knowledge,0.27,0.21,<=0.3,scholarly_argument_junod_origen_critiques_church_through_knowledge_and_holiness,description_token_overlap;label_token_overlap,"Junod connects Origen's theology to a critique of ecclesial complacency: an intellectual elite could escape clerical control, clergy are judged by knowledge and holiness rather than office alone, and ",Junod argues that On First Principles offers a rigorous intellectual answer to Christians attracted by Gnostic claims to knowledge. Ambrose's movement from Gnostic teaching to Origen shows that the Ch
work_tertullian_adv_marcionem__work_tertullian_de_anima,work,work_tertullian_adv_marcionem,"Tertullian, Adversus Marcionem",work_tertullian_de_anima,"Tertullian, De Anima",0.27,0.14,<=0.3,work_tertullian_adv_marcionem,description_token_overlap;label_token_overlap,"Five-book refutation of Marcion of Sinope (c. 85–160 CE), composed by Tertullian in successive redactions between c. 207 and 212 CE, making it one of the longest and most doctrinally consequential ant","Tertullian's De Anima (c. 210–213 CE; ed. Waszink, CCSL 2) is a treatise in 58 chapters and the earliest systematic Latin work on the soul. It addresses the soul's origin (traducianism vs. creationism"
argument_origen_witness_diss_argos_logos_refutation_amand1945__scholarly_argument_sytsma_anti_determinism_idle_argument_deprinc_iii,argument,argument_origen_witness_diss_argos_logos_refutation_amand1945,Origène — Réfutation de l'Argos Logos via prophéties Judas/Œdipe (Amand 1945),scholarly_argument_sytsma_anti_determinism_idle_argument_deprinc_iii,"Sytsma: Origen's lifelong anti-determinism (gnostic 'natures', astral fate, the Idle Argument) culminates in De Principiis III.1",0.27,0.29,<=0.3,argument_origen_witness_diss_argos_logos_refutation_amand1945,description_token_overlap,"Amand (p. 311): The compilers of the Philocalia appended to the discussion of foreknowledge a copious quotation from Contra Celsum II.20 (sections 12-13 of Philocalia 23, Robinson p. 199-201). There O","Sytsma traces Origen's sustained polemic against deterministic theologies: against 'gnostic' fixed natures (which he says destroy prohairesis and autexousion), against astral/heimarmenē determinism (C"
pub_boys_stones_2018_platonist_philosophy__pub_sharples_1982_providence,publication,pub_boys_stones_2018_platonist_philosophy,Boys-Stones 2018 — Platonist Philosophy 80 BC to AD 250,pub_sharples_1982_providence,Alexander of Aphrodisias on Divine Providence: Two Problems,0.27,0.09,<=0.3,pub_boys_stones_2018_platonist_philosophy,description_token_overlap,"Boys-Stones' synthetic introduction to and source-collection for Middle Platonism (c. 80 BC – AD 250). Chs. 11 (Providence) and 12 (Fate) reconstruct the Platonist account of divine care, secondary/te","R.W. Sharples, ""Alexander of Aphrodisias on Divine Providence: Two Problems,"" Classical Quarterly 32.1 (1982): 198-211. MAIN ARGUMENT: Sharples argues that Alexander's position on providence represent"
scholarly_argument_dunn_predestination_and_election_3__scholarly_argument_wolter_free_will_and_divine_predestin_0,argument,scholarly_argument_dunn_predestination_and_election_3,"Dunn: Paul's theology includes a strong element of divine election (Romans 9-11), but ",scholarly_argument_wolter_free_will_and_divine_predestin_0,Wolter: Wolter addresses Paul's theology of election and the relationship between divine,0.27,0.08,<=0.3,scholarly_argument_wolter_free_will_and_divine_predestin_0,label_token_overlap,"On Rom 9.14-23 Dunn grants that Paul portrays God 'in quite arbitrary terms' and goes 'a little way down' the predestinarian road, but reads the passage in three facets: Paul stresses God's sovereign ","In §51 Wolter argues that Romans 9-11 ends in a 'theological aporia': Paul cannot reconcile 'gospel' and 'election'. He holds both that 'there is no distinction' between Israel and the nations, all be"
scholarly_argument_boys_stones_hypothetical_fate_ex_hypothese_3__scholarly_argument_boys_stones_three_levels_of_providence_6,argument,scholarly_argument_boys_stones_hypothetical_fate_ex_hypothese_3,Boys-Stones: The distinction is NOT about scope (some events fated vs. others not) but about ,scholarly_argument_boys_stones_three_levels_of_providence_6,"Boys-Stones: The three-level providence doctrine (supreme God, secondary gods, daemons) shows",0.27,0.09,<=0.3,scholarly_argument_boys_stones_hypothetical_fate_ex_hypothese_3,label_token_overlap,Hypothetical fate (ex hypotheseōs) vs. absolute fate — The distinction is NOT about scope (some events fated vs. others not) but about description: all events are 'en heimarmenēi' (within fate qua cau,"Boys-Stones doubts that the 'doctrine of threefold providence' is original: ps.-Plutarch is 'the principal witness to three' but 'talks as if he is himself extending the term to the third level', with"
argument_basil_carneadean_hex_vi_7_christian_hopes_destroyed__scholarly_argument_l_hr_clement_of_alexandria_s_adapta_2,argument,argument_basil_carneadean_hex_vi_7_christian_hopes_destroyed,Basil Hex VI.7: Carneadean topos — Christian hopes destroyed by heimarmene,scholarly_argument_l_hr_clement_of_alexandria_s_adapta_2,"Löhr: Clement, despite having first-hand knowledge of Valentinian sources and understa",0.27,0.12,<=0.3,scholarly_argument_l_hr_clement_of_alexandria_s_adapta_2,description_token_overlap,"Second explicit Carneadean topos + Christian adaptation, Basil Hex VI.7 (PG 29.133BC): 'Our great hopes as Christians vanish (αἱ δὲ μεγάλαι τῶν χριστιανῶν ἐλπίδες φροῦδαι ἡμῖν οἰχήσονται), since there","Clement of Alexandria's adaptation of heresiological determinism — Clement, despite having first-hand knowledge of Valentinian sources and understanding that 'saved by nature' referred to the pneumati"
argument_bobzien_2001_b1_philopator_late_compatibilism__scholarly_argument_djeranian_chrysippus_s_compatibilism_0,argument,argument_bobzien_2001_b1_philopator_late_compatibilism,Bobzien 2001 — PHILOPATOR : compatibilisme stoicien tardif raffine (Ch. 8),scholarly_argument_djeranian_chrysippus_s_compatibilism_0,D'Jeranian: Chrysippus's attempt to reconcile fate and moral responsibility through the cyli,0.27,0.24,<=0.3,argument_bobzien_2001_b1_philopator_late_compatibilism,description_token_overlap,Bobzien 2001 ch. 8 (p. 358-412): reconstruction of a late Stoic compatibilist theory (1st-2nd century CE) conventionally attributed to 'PHILOPATOR'. Innovations: (1) refined causal principle — same ca,"D'Jeranian: as reported by Cicero (De fato 41-43), Chrysippus's strategy (cylinder analogy; fate as antecedent and auxiliary cause, assent as principal cause) guarantees 'a minima' man's causal autono"
argument_cylinder_analogy_chrysippus_k1l2m3n4__scholarly_argument_djeranian_chrysippus_s_compatibilism_0,argument,argument_cylinder_analogy_chrysippus_k1l2m3n4,Cylinder Analogy (Internal vs. External Causation),scholarly_argument_djeranian_chrysippus_s_compatibilism_0,D'Jeranian: Chrysippus's attempt to reconcile fate and moral responsibility through the cyli,0.27,0.13,<=0.3,argument_cylinder_analogy_chrysippus_k1l2m3n4,description_token_overlap,"The cylinder analogy distinguishes an external push or impression from the cylinder's or agent's internal nature. Sorabji 1980, pp. 80-83, separates Augustine, Donini and Frede readings of the argumen","D'Jeranian: as reported by Cicero (De fato 41-43), Chrysippus's strategy (cylinder analogy; fate as antecedent and auxiliary cause, assent as principal cause) guarantees 'a minima' man's causal autono"
scholarly_argument_fitzmyer_reconciliation_and_divine_init_1__scholarly_argument_jewett_divine_sovereignty_and_human_e_0,argument,scholarly_argument_fitzmyer_reconciliation_and_divine_init_1,"Fitzmyer: Reconciliation is entirely God's initiative; human beings were 'helpless,' 'godl",scholarly_argument_jewett_divine_sovereignty_and_human_e_0,Jewett: Divine mercy is sovereign; the achievement of righteousness cannot result entire,0.27,0.06,<=0.3,scholarly_argument_fitzmyer_reconciliation_and_divine_init_1,description_token_overlap,"reconciliation and divine initiative — Reconciliation is entirely God's initiative; human beings were 'helpless,' 'godless,' 'sinners,' and 'God's enemies' when Christ died for them, emphasizing compl",divine sovereignty and human effort in righteousness — Divine mercy is sovereign; the achievement of righteousness cannot result entirely from human effort. God's selection of a remnant as 'vessels of
pub_comerro_2013_libre_arbitre_islam__pub_sharples_1982_providence,publication,pub_comerro_2013_libre_arbitre_islam,La défense argumentée du libre arbitre dans la tradition musulmane,pub_sharples_1982_providence,Alexander of Aphrodisias on Divine Providence: Two Problems,0.27,0.08,<=0.3,pub_sharples_1982_providence,description_token_overlap,"The question of human free will was discussed in Muslim circles from the end of the seventh century onwards, culminating in the ninth century in a position in favour of divine predestination among the","R.W. Sharples, ""Alexander of Aphrodisias on Divine Providence: Two Problems,"" Classical Quarterly 32.1 (1982): 198-211. MAIN ARGUMENT: Sharples argues that Alexander's position on providence represent"
concept_divine_prescience__concept_two_source_metaphysics_platonist,concept,concept_divine_prescience,Divine Prescience (πρόγνωσις),concept_two_source_metaphysics_platonist,Two-Source Metaphysics (Platonist),0.27,0.05,<=0.3,concept_divine_prescience,description_token_overlap,"Divine Prescience (πρόγνωσις / praescientia) designates God's foreknowledge of future events, including those depending on human choice, and generates a persistent aporia: if God foreknows act X, does",The distinctive Middle Platonist metaphysical position that the cosmos has TWO independent causal origins: divine providence (pronoia) and pre-existing matter (hyle). This contrasts fundamentally with
synthesis_amand1945_epilogue_philosophical__synthesis_amand1945_firmicus_absolute_fatalism_doctrine,synthesis,synthesis_amand1945_epilogue_philosophical,Bilan philosophique de l'épilogue Amand 1945 — l'unité antifataliste des écoles philosophiques,synthesis_amand1945_firmicus_absolute_fatalism_doctrine,"Amand 1945 — Fatalisme absolu professé par Firmicus (Mathesis I, 9, 2-3)",0.27,0.28,<=0.3,synthesis_amand1945_epilogue_philosophical,description_token_overlap,"Second strand of Amand's concluding assessment (Amand 1945, p. 589). Original claim: ""If one sets aside the Stoics and the Neoplatonists, all philosophical schools are unanimous in reacting vigorously","Summary of Amand 1945 (Book I ch. VII §I.3, p. 180, ll. 10272-10310). Amand establishes unequivocally that Firmicus is ""an enthusiastic and convinced adherent of absolute fatalism in its astrological "
argument_frede_2011_notion_is_technical_and_datable__scholarly_argument_o_keefe_aristotle_and_epicurus_on_orig_5,argument,argument_frede_2011_notion_is_technical_and_datable,Free will is a technical notion with a historically datable origin (Frede 2011),scholarly_argument_o_keefe_aristotle_and_epicurus_on_orig_5,O'Keefe: Epicurus' theory of freedom has closer affinities with Aristotle's thought than ,0.27,0.07,<=0.3,argument_frede_2011_notion_is_technical_and_datable,description_token_overlap,"Framework argument Frede 2011 ch. 1 (p. 1-18): the notion of free will is philosophical, technical, and appears only at a historically identifiable moment. Negative premise: no Greek text from Homer t",Chapter 3 compares Epicurus with Aristotle's NE 3 on the agent as 'origin' (archê) and cause of his actions and character. Conclusions 'in part positive and in part negative': Epicurus 'would be sympa
scholarly_argument_frede_origen_s_doctrine_of_apokatast_8__scholarly_argument_sytsma_permanent_apokatastasis,argument,scholarly_argument_frede_origen_s_doctrine_of_apokatast_8,Frede: Origen's doctrine of universal restoration (apokatastasis) follows from his view,scholarly_argument_sytsma_permanent_apokatastasis,Sytsma: Origen DID hold a final and permanent restoration of all rational souls (apokatastasis),0.27,0.08,<=0.3,scholarly_argument_sytsma_permanent_apokatastasis,label_token_overlap,"Frede: unlike the Stoic wise person, who unshakably knows the good and cannot err, Origen's created free intellects are separated from the good by a cognitive gap that never disappears; hence there is","Against scholars who deny Origen's universalism or read it as merely hypothetical/hopeful, Sytsma argues that despite Origen's deliberately guarded and sometimes conflicting statements (concealed for "
scholarly_argument_fitzmyer_eschatological_hope_and_presen_2__scholarly_argument_fitzmyer_human_agency_and_justification_0,argument,scholarly_argument_fitzmyer_eschatological_hope_and_presen_2,"Fitzmyer: Christian hope is grounded objectively in the death and resurrection of Christ, ",scholarly_argument_fitzmyer_human_agency_and_justification_0,"Fitzmyer: Justification is a once-for-all action of Christ Jesus on behalf of humanity, no",0.27,0.2,<=0.3,scholarly_argument_fitzmyer_human_agency_and_justification_0,label_token_overlap,"eschatological hope and present assurance — Christian hope is grounded objectively in the death and resurrection of Christ, not in human experience or effort; salvation is 'assured' for the justified,","human agency and justification — Justification is a once-for-all action of Christ Jesus on behalf of humanity, not achieved through human merit; human beings are passive recipients of grace, with thei"
pub_dihle_1982_theory_of_will__pub_sharples_1983_alexander_fate,publication,pub_dihle_1982_theory_of_will,"Dihle 1982, The Theory of Will in Classical Antiquity",pub_sharples_1983_alexander_fate,Alexander of Aphrodisias on Fate,0.27,0.05,<=0.3,pub_dihle_1982_theory_of_will,description_token_overlap,"Albrecht Dihle, The Theory of Will in Classical Antiquity (Sather Classical Lectures 48; University of California Press, Berkeley/Los Angeles/London, 1982), viii + 276 pp. German edition (by the autho","R. W. Sharples, Alexander of Aphrodisias on Fate: Text, translation and commentary (London: Gerald Duckworth & Co. Ltd., 1983). The volume gives an English translation and commentary, followed by a ph"
synthesis_amand1945_methodius_indirect_via_hypomnema__synthesis_amand1945_philo_early_period_school_compilation,synthesis,synthesis_amand1945_methodius_indirect_via_hypomnema,Methode d'Olympe = utilisation indirecte via un hypomnema scolaire (Amand 1945),synthesis_amand1945_philo_early_period_school_compilation,Amand 1945 — Les écrits philosophiques de jeunesse de Philon comme compilations scolaires hellénisantes,0.27,0.1,<=0.3,synthesis_amand1945_methodius_indirect_via_hypomnema,description_token_overlap,"Synthesis of Amand 1945, Book II ch. VI (p. 326-341): Methodius (martyred c. 311), a Platonizing bishop and opponent of Origen, employs in the Banquet of the Ten Virgins VIII, 16, 227-229 three syllog","Amand's thesis (p. 81-83, ll. 5232-5360, following Wendland 1892, Bousset 1915, Christ-Schmid-Stählin): before the great biblical commentaries, Philo passed through a 'Greek period', attested by the w"
argument_anti_astrology_impossibility_observation_3h8i0k76__argument_cafma_character_contradiction_1f6g8i54,argument,argument_anti_astrology_impossibility_observation_3h8i0k76,Anti-Astrological Argument I: Impossibility of Exact Observation,argument_cafma_character_contradiction_1f6g8i54,"Anti-astrological argument: moral character changes, the natal horoscope cannot fix it",0.26,0.2,<=0.3,argument_cafma_character_contradiction_1f6g8i54,description_token_overlap;label_token_overlap,"Genethlialogia (natal astrology) requires fixing the exact instant of birth to calculate the horoscope. However, this is practically impossible due to: (1) the extraordinary rapidity of celestial moti","Human beings successively pass from opposites—from good to bad character, from virtue to vice. If character were fatally fixed at birth (as astrology claims via natal horoscope), such change would be "
synthesis_furst2022_after_origen_new_freedom_debate__synthesis_furst2022_philo_alexandria_pivot,synthesis,synthesis_furst2022_after_origen_new_freedom_debate,The Debate on Freedom after Origen — A New Horizon (Fürst 2022),synthesis_furst2022_philo_alexandria_pivot,Philon d'Alexandrie = maillon décisif vers le christianisme primitif (Fürst 2022),0.26,0.22,<=0.3,synthesis_furst2022_philo_alexandria_pivot,description_token_overlap;label_token_overlap,"Synthesis Fürst 2022, Zum Ausklang (p. 291-292): since Origen, the debate on determinism and freedom has moved to a new level. The long path towards freedom has been traversed insofar as freedom has b","Fürst 2022, Kap. IV 1 (p. 141-149): Philo of Alexandria (30/40 AD) is the decisive link between Hellenistic philosophy and early Christian thought on freedom. Three major innovations in his treatise Q"
scholarly_argument_frede_alexander_s_identification_of__2__scholarly_argument_frede_translation_and_interpretation_3,argument,scholarly_argument_frede_alexander_s_identification_of__2,"D. Frede: Alexander identifies fate with nature (169,18ff) but assigns only the efficient ",scholarly_argument_frede_translation_and_interpretation_3,D. Frede: Translating Aristotle's poiētikē aitia as 'efficient cause' is misleading; the n,0.26,0.18,<=0.3,scholarly_argument_frede_alexander_s_identification_of__2,description_token_overlap;label_token_overlap,"Alexander's identification of fate with nature as efficient cause — Alexander identifies fate with nature (169,18ff) but assigns only the efficient cause (aitia poiētikē) to fate, which is remarkable ",Translation and interpretation of Aristotle's aitia poiētikē — Translating Aristotle's poiētikē aitia as 'efficient cause' is misleading; the notion of a cause that brings about an effect with necessi
scholarly_argument_rousseau_irenaeus_s_own_position_on_fre_1__scholarly_argument_rousseau_marcus_s_deterministic_numerol_2,argument,scholarly_argument_rousseau_irenaeus_s_own_position_on_fre_1,Rousseau: The edition presents Irenaeus's critique of Gnostic determinism as implying that,scholarly_argument_rousseau_marcus_s_deterministic_numerol_2,Rousseau: The edition presents Irenaeus's report that Marcus the Magician used numerical a,0.26,0.21,<=0.3,scholarly_argument_rousseau_irenaeus_s_own_position_on_fre_1,description_token_overlap;label_token_overlap,"SC 264 edits Book I, Irenaeus's exposition of the Valentinian, Marcosian and other systems; it contains no statement of Irenaeus's own doctrine of free will, which belongs to Book IV (IV,37-39) and to","Marcus's deterministic numerology — The edition presents Irenaeus's report that Marcus the Magician expounded a grammatology and arithmology (the twenty-four elements, the 'body of Truth', the computa"
scholarly_argument_gibbons_bootstrapping_problem_for_superlative_vice__scholarly_argument_gibbons_propatheia_discloses_character_for_self_judgment,argument,scholarly_argument_gibbons_bootstrapping_problem_for_superlative_vice,Gibbons: superlative vice creates a bootstrapping problem for character as the cause of its own revision,scholarly_argument_gibbons_propatheia_discloses_character_for_self_judgment,"Gibbons: propatheia discloses character and enables self-judgment, but cannot motivate contented vice",0.26,0.14,<=0.3,scholarly_argument_gibbons_bootstrapping_problem_for_superlative_vice,description_token_overlap;label_token_overlap,"Gibbons formulates a bootstrapping problem for Origen's account of the superlatively vicious. Ordinary self-improvement can be causally scaffolded by an existing virtue or quasi-virtue, such as concer","Gibbons argues that Origen transforms the Stoic theory of pre-passion by making propatheia diagnostically disclose character. A pre-passion is involuntary and therefore not itself blameworthy, but its"
scholarly_argument_blowers_adamic_fall_gnomic_failure__scholarly_argument_blowers_gnomic_surrender_freedom,argument,scholarly_argument_blowers_adamic_fall_gnomic_failure,Blowers: Maximus attributes the Adamic fall to a failure of gnomic will and abuse of self-determination (αὐτεξουσία),scholarly_argument_blowers_gnomic_surrender_freedom,Blowers: freedom is perfected as 'gnomic surrender' (ἐκχώρησις γνωμική) to benevolent necessity,0.26,0.13,<=0.3,scholarly_argument_blowers_gnomic_surrender_freedom,description_token_overlap;label_token_overlap,"Blowers (pp. 213–217) shows that Maximus attributes Adam's lapse 'most basically to a failure of gnomic will (γνώμη)', though he can also call it 'an abuse of freedom or self-determination (αὐτεξουσία","Blowers (pp. 121–122, 209–211) develops Maximus's paradoxical account whereby the highest freedom is the 'gnomic surrender' (ἐκχώρησις / ἐγχώρησις γνωμική) of self-interested γνώμη to God's 'benevolen"
argument_justin_martyrs_apologetic_argument_for_free_will_45c2dde2__scholarly_position_andresen_justin_middle_platonist,argument,argument_justin_martyrs_apologetic_argument_for_free_will_45c2dde2,Justin Martyr's Apologetic Argument for Free Will,scholarly_position_andresen_justin_middle_platonist,Justin Martyr and Middle Platonism,0.26,0.1,<=0.3,argument_justin_martyrs_apologetic_argument_for_free_will_45c2dde2,description_token_overlap;label_token_overlap,"Justin Martyr's apologetic argument for free will unfolds across three textual clusters — 1 Apology 43–44, 2 Apology 5–7, and Dialogue with Trypho 88, 102, 141 — shaped by the polemical need to rebut ",Justin Martyr and Middle Platonism — Celsus' attack on Christianity and Justin's apologetic response must be read in the framework of Middle Platonism; Justin's doctrine of the Logos and of human auto
scholarly_argument_acosta_l_pez_de_mesa_role_of_plotinus_in_evaluating_3__scholarly_argument_acosta_l_pez_de_mesa_stoic_conception_of_free_will__2,argument,scholarly_argument_acosta_l_pez_de_mesa_role_of_plotinus_in_evaluating_3,Acosta López de Mesa: Plotinus's analysis will be used to evaluate the limitations of the intellectual,scholarly_argument_acosta_l_pez_de_mesa_stoic_conception_of_free_will__2,"Acosta López de Mesa: The Stoic intellectualist free will, originating from Epictetus's combination of",0.26,0.17,<=0.3,scholarly_argument_acosta_l_pez_de_mesa_stoic_conception_of_free_will__2,description_token_overlap;label_token_overlap,Acosta López de Mesa uses Plotinus as the 'exemplar' with which to show the limits of a 'purely rational will': he is 'also follower of this moral intellectualist tradition founded by Socrates and str,"Acosta López de Mesa reports Frede: the Stoic notion of freedom, established by Chrysippus as exousia autopragias ('the ability to act one's own'), and the notion of will (an 'ability of the mind or o"
scholarly_argument_belcastro_philosophical_foundations_plat_5__scholarly_argument_belcastro_prescience_as_prevision_of_pos_3,argument,scholarly_argument_belcastro_philosophical_foundations_plat_5,"Belcastro: Origen's speculation is structurally tied to Platonic metaphysical framework, wh",scholarly_argument_belcastro_prescience_as_prevision_of_pos_3,Belcastro: Origen specifically reworks the problem of prescience (prescienza) as prevision ,0.26,0.26,<=0.3,scholarly_argument_belcastro_prescience_as_prevision_of_pos_3,description_token_overlap;label_token_overlap,"Philosophical foundations: Platonism and free will — Origen's speculation is structurally tied to Platonic metaphysical framework, which is central to his most complex formulations including the ethic","Prescience as prevision of possibilities — Origen specifically reworks the problem of prescience (prescienza) as prevision of possibilities, rather than as determining foreknowledge; this is central t"
scholarly_argument_bobzien_eph_hemin_what_depends_on_us_3__scholarly_argument_meyer_1998_unable_said_many_ways,argument,scholarly_argument_bobzien_eph_hemin_what_depends_on_us_3,Bobzien: Two conceptions of eph' hemin must be distinguished: the one-sided causative con,scholarly_argument_meyer_1998_unable_said_many_ways,Meyer: 'unable' is said in many ways — deterministic inability must be shown morally relevant,0.26,0.14,<=0.3,scholarly_argument_bobzien_eph_hemin_what_depends_on_us_3,description_token_overlap;label_token_overlap,"Bobzien (1998, pp. 139-141) distinguishes two senses of the Greek 'depending on someone': a 'one-sided, causative' concept ('attributable to us', naming who bears causal responsibility — the Stoic use","Analysing the Stoic modal definitions, Meyer argues that determinism entails neither of the two conditions under which the Stoics would deny that Dion is able to walk (incompatibility with his nature;"
scholarly_argument_boys_stones_middle_platonist_concept_of_fr_0__scholarly_argument_boys_stones_three_levels_of_providence_6,argument,scholarly_argument_boys_stones_middle_platonist_concept_of_fr_0,Boys-Stones: Middle Platonists did NOT develop a concept of 'free will' in the modern sense; ,scholarly_argument_boys_stones_three_levels_of_providence_6,"Boys-Stones: The three-level providence doctrine (supreme God, secondary gods, daemons) shows",0.26,0.12,<=0.3,scholarly_argument_boys_stones_middle_platonist_concept_of_fr_0,description_token_overlap;label_token_overlap,Boys-Stones does not discuss 'free will' (the phrase appears only in cited titles). His thesis: Platonists of the period 'have no reason to be any less committed to the operation of the General Causal,"Boys-Stones doubts that the 'doctrine of threefold providence' is original: ps.-Plutarch is 'the principal witness to three' but 'talks as if he is himself extending the term to the third level', with"
scholarly_argument_byerly_compatibilism_and_the_value_of_1__scholarly_argument_byerly_definition_of_theological_dete_2,argument,scholarly_argument_byerly_compatibilism_and_the_value_of_1,Byerly: The theological determinist can affirm that causally determined free actions pro,scholarly_argument_byerly_definition_of_theological_dete_2,Byerly: Theological determinism is stipulatively defined as the view that all free actio,0.26,0.14,<=0.3,scholarly_argument_byerly_compatibilism_and_the_value_of_1,description_token_overlap;label_token_overlap,compatibilism and the value of free action — The theological determinist can affirm that causally determined free actions productive of virtue are genuinely free and may even exhibit the most valuable,"definition of theological determinism — Theological determinism is stipulatively defined as the view that all free actions that exist are causally determined, which is weaker than the common usage req"
scholarly_argument_engberg_pedersen_paul_and_the_judaism_hellenism_3__scholarly_argument_engberg_pedersen_pauline_pneuma_and_stoic_cosmo_0,argument,scholarly_argument_engberg_pedersen_paul_and_the_judaism_hellenism_3,Engberg-Pedersen: Paul's thought should not be forced into either purely Jewish or purely Hellenis,scholarly_argument_engberg_pedersen_pauline_pneuma_and_stoic_cosmo_0,"Engberg-Pedersen: Paul's concept of pneuma ('spirit') is material and bodily, drawing on Greco-Rom",0.26,0.27,<=0.3,scholarly_argument_engberg_pedersen_paul_and_the_judaism_hellenism_3,description_token_overlap;label_token_overlap,"Building on Paul Beyond the Judaism/Hellenism Divide (2001), Engberg-Pedersen holds that Paul's world-view 'is certainly a Jewish, apocalyptic one', but that 'parts of it are also spelled out by Paul ","Engberg-Pedersen argues that Paul understood the pneuma 'as a through and through material, bodily phenomenon', as in Stoicism, where 'a material, bodily notion of pneuma' is central. His basic philos"
scholarly_argument_jewett_divine_election_and_human_will_0__scholarly_argument_jewett_divine_sovereignty_and_human_e_0,argument,scholarly_argument_jewett_divine_election_and_human_will_0,Jewett: Paul's argument in Romans 9:16 emphasizes that election depends not on human wil,scholarly_argument_jewett_divine_sovereignty_and_human_e_0,Jewett: Divine mercy is sovereign; the achievement of righteousness cannot result entire,0.26,0.23,<=0.3,scholarly_argument_jewett_divine_election_and_human_will_0,description_token_overlap;label_token_overlap,"divine election and human will — Paul's argument in Romans 9:16 emphasizes that election depends not on human willing or running but on God's mercy, indicating a strong divine sovereignty position whe",divine sovereignty and human effort in righteousness — Divine mercy is sovereign; the achievement of righteousness cannot result entirely from human effort. God's selection of a remnant as 'vessels of
scholarly_argument_wells_pauline_integration_of_grace_a_0__scholarly_argument_wells_romans_and_the_old_new_aeon_co_5,argument,scholarly_argument_wells_pauline_integration_of_grace_a_0,Wells: Paul does not present an absolute contrast between divine and human agency; rath,scholarly_argument_wells_romans_and_the_old_new_aeon_co_5,Wells: Romans 7:5-6 provides a critical link in Paul's thought: life 'in the flesh' rep,0.26,0.18,<=0.3,scholarly_argument_wells_pauline_integration_of_grace_a_0,description_token_overlap;label_token_overlap,"In the Introduction Wells frames the problem through Martyn (no autonomy, only enslavement or God-incited obedience) versus Engberg-Pedersen (no competitive concept of agency), asking what becomes of ","Romans 7:5-6 and the old/new aeon contrast — Romans 7:5-6 provides a critical link in Paul's thought: life 'in the flesh' represents enslavement to sin where human agency is compromised, while life 'i"
scholarly_argument_klawans_2012_josephus_fate_typology_of_schools__scholarly_argument_klawans_2012_sadducee_libertarianism_matches_ben_sira,argument,scholarly_argument_klawans_2012_josephus_fate_typology_of_schools,Josephus types the three Jewish schools by their stance on fate (Klawans 2012),scholarly_argument_klawans_2012_sadducee_libertarianism_matches_ben_sira,Sadducee libertarianism = Ben Sira's free-will theodicy (Sir. 15) (Klawans 2012),0.26,0.25,<=0.3,scholarly_argument_klawans_2012_josephus_fate_typology_of_schools,description_token_overlap;label_token_overlap,Klawans' foundational observation: Josephus characterises the three legitimate Jewish schools precisely by their differing positions on εἱμαρμένη (fate). The Essenes 'declare that fate is the mistress,Klawans argues that Josephus's fate-denying Sadducees (War 2.164-65: 'man has the free choice of good and evil... it rests with each person's will') have a strong precedent in Ben Sira 15.11-20 ('If y
argument_dihle_1982_greek_intellectualism_thesis__scholarly_argument_voelke_will_of_nature,argument,argument_dihle_1982_greek_intellectualism_thesis,Dihle 1982 — These centrale : les Grecs n'ont pas developpe de concept de volonte,scholarly_argument_voelke_will_of_nature,Voelke: Stoic nature itself wills — the 'volonté de la nature' is clearest in the imperial Stoa,0.26,0.19,<=0.3,argument_dihle_1982_greek_intellectualism_thesis,description_token_overlap;label_token_overlap,"Central argument of Dihle 1982 (p. 20 / md ll. 3054-3057): 'the Greeks, in their attempts to analyze and to evaluate human action, never developed a distinct concept of will'. Sub-arguments: (1) Greek","Chapter VII, 'La volonté de la Nature'. Diverse Stoic texts present nature as an agent exercising voluntary activity: identified with the omnipresent logos, Destiny and Providence, nature is a self-mo"
scholarly_argument_scheck_augustine_selectively_receives_commentary_faith_works__scholarly_argument_scheck_works_of_law_not_moral_renewal,argument,scholarly_argument_scheck_augustine_selectively_receives_commentary_faith_works,"Scheck: Augustine selectively receives Origen's faith-and-works exegesis while diverging on Romans 5, 7, and 9",scholarly_argument_scheck_works_of_law_not_moral_renewal,"Scheck: Origen excludes ceremonial works of the law, not moral renewal, from justification",0.26,0.14,<=0.3,scholarly_argument_scheck_augustine_selectively_receives_commentary_faith_works,description_token_overlap;label_token_overlap,"Scheck argues that Augustine shares Origen's organic account of faith, love, and postbaptismal works and may reuse its root and building metaphors. Augustine's principal explicit condemnations target ",Scheck argues that Origen restricts Paul's rejected works of the law to circumcision and other Jewish ritual observances apart from faith. Moral works under Christ's law remain required as the fruit o
scholarly_argument_boulnois_free_will_against_fatalism_and_1__scholarly_argument_boulnois_free_will_and_the_origin_of_ev_0,argument,scholarly_argument_boulnois_free_will_against_fatalism_and_1,Boulnois: Cyril vigorously refutes fatalist doctrines that subject human choices to destin,scholarly_argument_boulnois_free_will_and_the_origin_of_ev_0,"Boulnois: Cyril of Alexandria defends human free will (autexousion, autoprohaireton) prima",0.26,0.14,<=0.3,scholarly_argument_boulnois_free_will_and_the_origin_of_ev_0,description_token_overlap;label_token_overlap,"free will against fatalism and astrology — Cyril vigorously refutes fatalist doctrines that subject human choices to destiny (heimarmenē), which he attributes to 'the Greeks'; fatalism destroys the hi","free will and the origin of evil — Cyril of Alexandria defends human free will (autexousion, autoprohaireton) primarily to absolve God of responsibility for evil; human beings hold 'the reins of their"
scholarly_argument_grant_origen_s_voluntary_absence_fro_2__scholarly_argument_grant_origen_s_voluntary_martyrdom_a_1,argument,scholarly_argument_grant_origen_s_voluntary_absence_fro_2,"Grant: Grant suggests, with cautious phrasing ('Whether by chance or not'), that Origen",scholarly_argument_grant_origen_s_voluntary_martyrdom_a_1,Grant: Grant notes that Origen was eager for martyrdom but was prevented from achieving,0.26,0.06,<=0.3,scholarly_argument_grant_origen_s_voluntary_martyrdom_a_1,description_token_overlap;label_token_overlap,"Against Eusebius' portrait, Grant says Origen's own works show 'a rather vain man, self-righteous, humorless', who attacks Demetrius and other bishops yet blames Ambrose before the bishop of Rome. In ","Grant identifies 'Origen himself was ever eager for martyrdom' as one of the leading apologetic themes of Eusebius' biography, a 'life of St. Origen' that begins 'in the realm of folklore' and present"
scholarly_argument_hendriksen_divine_foreordination_and_huma_0__scholarly_argument_hendriksen_justification_by_faith_vs_work_1,argument,scholarly_argument_hendriksen_divine_foreordination_and_huma_0,"Hendriksen: Paul teaches a sequential divine decree: foreknowledge leads to foreordination, ",scholarly_argument_hendriksen_justification_by_faith_vs_work_1,"Hendriksen: Emphasizes that salvation is entirely by faith apart from works of the law, with",0.26,0.13,<=0.3,scholarly_argument_hendriksen_divine_foreordination_and_huma_0,description_token_overlap;label_token_overlap,"divine foreordination and human calling — Paul teaches a sequential divine decree: foreknowledge leads to foreordination, which leads to calling, justification, and glorification; this golden chain (R","justification by faith vs. works/merit — Emphasizes that salvation is entirely by faith apart from works of the law, with no room for human boasting. The Jews misunderstood God's promises as condition"
scholarly_argument_narbonne_god_as_causa_sui_and_self_dete_6__scholarly_argument_narbonne_soul_s_weakness_and_relation_t_3,argument,scholarly_argument_narbonne_god_as_causa_sui_and_self_dete_6,Narbonne: Examines Plotinus's concept of God as self-caused (causa sui) and its possible G,scholarly_argument_narbonne_soul_s_weakness_and_relation_t_3,Narbonne: Questions whether Plotinus underwent 'doctrinal evolution' regarding soul's weak,0.26,0.19,<=0.3,scholarly_argument_narbonne_god_as_causa_sui_and_self_dete_6,description_token_overlap;label_token_overlap,Study Six argues that the objector against whom Plotinus develops the causa sui argument of Ennead VI.8 is most plausibly Gnostic: Plotinus 'borrows momentarily' their vocabulary of a First Principle ,"Study Three asks whether the late treatment of the soul's weakness (Enn. I.8) marks a doctrinal evolution. Sensible matter is for Plotinus 'not a creation of the Soul, but a by-product of the alterity"
scholarly_argument_narbonne_plotinus_s_anti_gnostic_polemi_1__scholarly_argument_narbonne_two_modes_of_soul_s_reascent_a_4,argument,scholarly_argument_narbonne_plotinus_s_anti_gnostic_polemi_1,Narbonne: Argues that Plotinus's response to Gnosticism is not confined to explicit polemi,scholarly_argument_narbonne_two_modes_of_soul_s_reascent_a_4,Narbonne: Identifies two modes of ascent in Plotinus: solitary ascent 'alone to the Alone',0.26,0.27,<=0.3,scholarly_argument_narbonne_plotinus_s_anti_gnostic_polemi_1,description_token_overlap;label_token_overlap,"Narbonne holds that Plotinus' response to Gnosticism is not confined to Treatise 33 but 'slowly orchestrated' over the Großzyklus, with Against the Gnostics as 'the culmination of the entire enterpris","Study Four contrasts the solitary ascent of the soul in Treatise 9 (VI.9) with the 'accompanied ascent' of Treatise 38 (VI.7), where the soul 'no longer rises alone' but is borne up by the Intellect, "
scholarly_argument_boys_stones_2018_eph_hemin_not_free_will__scholarly_argument_boys_stones_middle_platonist_concept_of_fr_0,argument,scholarly_argument_boys_stones_2018_eph_hemin_not_free_will,"'eph' hēmin' is agent-autonomy, prejudicially translated 'free will' (Boys-Stones 2018)",scholarly_argument_boys_stones_middle_platonist_concept_of_fr_0,Boys-Stones: Middle Platonists did NOT develop a concept of 'free will' in the modern sense; ,0.26,0.17,<=0.3,scholarly_argument_boys_stones_2018_eph_hemin_not_free_will,description_token_overlap;label_token_overlap,"Methodological/terminological argument in the Notes to Ch. 12: the Greek for agent-autonomy is τὸ ἐφ' ἡμῖν, 'what is up to us,' a phrase Boys-Stones says is 'often prejudicially translated as freedom ",Boys-Stones does not discuss 'free will' (the phrase appears only in cited titles). His thesis: Platonists of the period 'have no reason to be any less committed to the operation of the General Causal
synthesis_amand1945_arian_job_witness_carneadean_pity_argument__synthesis_amand1945_lucian_sophist_satirist_carneadean_topos,synthesis,synthesis_amand1945_arian_job_witness_carneadean_pity_argument,Commentateur arien de Job = temoin du topos carnéadien (pardon des criminels) (Amand 1945),synthesis_amand1945_lucian_sophist_satirist_carneadean_topos,Lucien sophiste antifataliste — adaptation libre d'un topos carnéadien (Amand 1945),0.26,0.12,<=0.3,synthesis_amand1945_arian_job_witness_carneadean_pity_argument,description_token_overlap;label_token_overlap,"Synthesis Amand 1945, Book II ch. XIII (p. 533-548): the anti-astrological digression of the anonymous Arian commentator on Job 38, 7 contains eleven arguments, at least three of which bear the Carnea","Amand 1945 thesis (Book I ch. III §I+II, p. 107-115): Lucian of Samosata, a late sophist without any stable philosophical position, reduces philosophy to a down-to-earth morality devoid of scientific "
synthesis_amand1945_clement_alexandria_minimal_echo__synthesis_furst2022_clement_phusis_prohairesis,synthesis,synthesis_amand1945_clement_alexandria_minimal_echo,"Clement d'Alexandrie = deux echos lointains seulement, transposition chretienne explicite (Amand 1945)",synthesis_furst2022_clement_phusis_prohairesis,Clément d'Alexandrie pose l'opposition phusis/prohairesis (Fürst 2022),0.26,0.09,<=0.3,synthesis_furst2022_clement_phusis_prohairesis,description_token_overlap;label_token_overlap,"Summary Amand 1945, Book II ch. IV (p. 258-273): Clement, mystic and moralist, was not struck by the influence of astrological fatalism on ordinary Christians, as his disciple Origen would be. He ther","Synthesis Fürst 2022, Kap. IV 5 (p. 180-186): Clement of Alexandria posits the opposition φύσις / προαίρεσις that paves the way for Origen. Human ethical perfecting ""becomes his nature""—his inner disp"
argument_origen_witness_carneades_transposition_gnostic_excursus_amand1945__argument_origen_witness_diss_precession_equinoxes_amand1945,argument,argument_origen_witness_carneades_transposition_gnostic_excursus_amand1945,Origène — Excursus contre Marcionites/Gnostiques dualistes (Amand 1945),argument_origen_witness_diss_precession_equinoxes_amand1945,Origène — Précession des équinoxes mobilisée contre l'astrologie scientifique (Amand 1945),0.26,0.2,<=0.3,argument_origen_witness_diss_precession_equinoxes_amand1945,description_token_overlap;label_token_overlap,"Amand (p. 323): Before concluding §IV, Origen ""delivers a vigorous blow to the dualist Gnostics, his principal adversaries,"" and in particular directs his attacks against the Marcionites (Phil. 23.2, ","Amand (p. 314) [specific sub-theme drawn from Problem 3]: Amand emphasizes the exceptional scientific-philological significance of Origen's argument. Origen distinguishes (Phil. 23.18, Robinson p. 206"
scholarly_argument_gibbons_judas_does_not_establish_alternative_possibilities__scholarly_argument_gibbons_remedial_punishment_requires_self_interpretation,argument,scholarly_argument_gibbons_judas_does_not_establish_alternative_possibilities,Gibbons: Judas' repentance does not establish causally available alternative possibilities,scholarly_argument_gibbons_remedial_punishment_requires_self_interpretation,Gibbons: remedial punishment works only through self-interpretation and judgment of proairesis,0.26,0.12,<=0.3,scholarly_argument_gibbons_judas_does_not_establish_alternative_possibilities,description_token_overlap;label_token_overlap,"Gibbons reads Judas as the test case for Origen's non-indeterminist account. Judas retains contrary motivations: covetousness governs the betrayal, while Jesus' teaching leaves a remnant of virtue tha","Gibbons reads Origenian remedial punishment as efficacious only through the punished agent's self-interpretation. God arranges trials that bring hidden vice to light, but the suffering must be perceiv"
scholarly_argument_karfikova_adult_self_rule_replaces_childish_fear__scholarly_argument_karfikova_self_rule_grounds_good_and_evil_responsibility,argument,scholarly_argument_karfikova_adult_self_rule_replaces_childish_fear,Karfíková: adult self-rule replaces childish fear through voluntary prohairesis,scholarly_argument_karfikova_self_rule_grounds_good_and_evil_responsibility,Karfíková: self-rule grounds responsibility for good and evil choices,0.26,0.2,<=0.3,scholarly_argument_karfikova_adult_self_rule_replaces_childish_fear,description_token_overlap;label_token_overlap,"Karfíková reads Clement's contrast between fearful children under law and adults obedient to Logos as a maturity model. Autexousios names the adult condition of governing oneself, while voluntary proh","Autexousion is not an intrinsically good direction of action. Karfíková shows Clement applying it to responsible use or misuse of possessions, to the devil's chosen theft, and even to freely chosen la"
scholarly_argument_telfer_gnostic_rejection_of_free_will_1__scholarly_argument_telfer_origin_of_autexousia_terminolo_0,argument,scholarly_argument_telfer_gnostic_rejection_of_free_will_1,"Telfer: Basilides and Valentinus rejected autexousia, holding that Gnostics incline to g",scholarly_argument_telfer_origin_of_autexousia_terminolo_0,"Telfer: The adjective αὐτεξούσιος is attested as early as Chrysippus (3rd century BC), b",0.26,0.13,<=0.3,scholarly_argument_telfer_gnostic_rejection_of_free_will_1,description_token_overlap;label_token_overlap,"Gnostic rejection of free will — Basilides and Valentinus rejected autexousia, holding that Gnostics incline to good by nature while others incline to evil by nature and are incapable of faith; this d","Telfer: the adjective is 'in evidence as far back as Chrysippus in the third century B.C.', with independence as its earliest sense; the 'adjectival noun' naming self-determination 'does not appear un"
scholarly_argument_scheck_grace_forgives_fulfills_law_and_sanctifies__scholarly_argument_scheck_marcion_polemic_unites_goodness_judgment_and_works,argument,scholarly_argument_scheck_grace_forgives_fulfills_law_and_sanctifies,"Scheck: justifying grace forgives past sins, fulfills the law in the believer, and sanctifies the soul",scholarly_argument_scheck_marcion_polemic_unites_goodness_judgment_and_works,"Scheck: Origen's anti-Marcion polemic unites divine goodness, just judgment, and the value of works",0.26,0.14,<=0.3,scholarly_argument_scheck_grace_forgives_fulfills_law_and_sanctifies,description_token_overlap;label_token_overlap,"Scheck maps three effects of justifying grace in Origen: past sins are destroyed, the internal law of the Spirit enables present obedience, and divine life progressively makes the soul just. This init",Scheck reads Origen's opposition to Marcion as a defense of one God who is at once good Savior and just Judge. A faith-only exemption from judgment according to works would reproduce Marcion's separat
scholarly_argument_heinze_determinism__scholarly_argument_heinze_no_dualism,argument,scholarly_argument_heinze_determinism,Heinze: determinism would make God the author of sin,scholarly_argument_heinze_no_dualism,Heinze: the use of evil balances divine goodness and supremacy without dualism,0.26,0.14,<=0.3,scholarly_argument_heinze_no_dualism,description_token_overlap;label_token_overlap,"If nature or prediction caused action, exhortation and judgment would be unjust; Satan is evil by choice, not nature.",Heinze concludes that Origen's providential use (not causation) of evil choices parallels his account of the origin of free will and evil: in both cases Origen simultaneously upholds God's supremacy a
scholarly_argument_karavites_grace_impels_does_not_compel__scholarly_argument_karavites_ignorance_weakness_remedies_responsibility,argument,scholarly_argument_karavites_grace_impels_does_not_compel,Karavites: grace impels and assists but does not compel the free agent,scholarly_argument_karavites_ignorance_weakness_remedies_responsibility,Karavites: ignorance and weakness are corrigible sources of evil and therefore do not erase responsibility,0.26,0.1,<=0.3,scholarly_argument_karavites_grace_impels_does_not_compel,description_token_overlap;label_token_overlap,"Karavites describes Clement's cooperation model as asymmetric without being coercive. God arouses, teaches, and gives what human effort cannot produce, but the final assent remains with the free agent","Clement combines the claim that no one chooses evil precisely as evil with an account of culpability: error arises through ignorance or weakness, yet learning and restraint remain within the agent's p"
synthesis_amand1945_ch3_moral_argument_scheme_announcement__synthesis_amand1945_gorgias_first_moral_refutation,synthesis,synthesis_amand1945_ch3_moral_argument_scheme_announcement,"Amand 1945 — Schéma de l'argumentation morale antifataliste de Carnéade (annoncé au Ch. III, reconstruit en Conclusion)",synthesis_amand1945_gorgias_first_moral_refutation,Amand 1945 — Gorgias (Éloge d'Hélène): first literary attestation of a moral refutation of fatalism,0.26,0.18,<=0.3,synthesis_amand1945_gorgias_first_moral_refutation,description_token_overlap,"Synthetic outline of the anti-fatalist ethical argument advanced by Amand in ch. III §I (1945, p. 62-63) — the first introductory presentation of the material fully reconstructed in the Conclusion (= ","Amand’s historiographical thesis (1945, p. 30-31): Gorgias’ « L'Éloge d'Hélène » constitutes, to Amand’s knowledge, ""the first literary attestation of a refutation of fatalism through recourse to mora"
scholarly_argument_dunn_predestination_and_election_3__scholarly_argument_jewett_fate_and_moral_responsibility_1,argument,scholarly_argument_dunn_predestination_and_election_3,"Dunn: Paul's theology includes a strong element of divine election (Romans 9-11), but ",scholarly_argument_jewett_fate_and_moral_responsibility_1,Jewett: The hardening of Pharaoh (Romans 9:17-18) demonstrates God's sovereign purpose i,0.26,0.24,<=0.3,scholarly_argument_dunn_predestination_and_election_3,description_token_overlap,"On Rom 9.14-23 Dunn grants that Paul portrays God 'in quite arbitrary terms' and goes 'a little way down' the predestinarian road, but reads the passage in three facets: Paul stresses God's sovereign ","fate and moral responsibility — The hardening of Pharaoh (Romans 9:17-18) demonstrates God's sovereign purpose in using even resistant figures to manifest divine power, yet this does not constitute in"
position_long_epictetan_freedom_compliance_with_fate__position_soft_determinism,position,position_long_epictetan_freedom_compliance_with_fate,Long: prohairesis is ethical compliance with fate,position_soft_determinism,Soft determinism,0.26,0.12,<=0.3,position_soft_determinism,description_token_overlap,"Long reads Epictetan freedom as internal and ethical rather than metaphysically libertarian: prohairesis is not freedom from fate or antecedent causation, but willing compliance with one's allotment a","What modern scholars term soft determinism: the view that determinism is true but compatible with a useful notion of freedom, typically defined as acting from one's own nature without external compuls"
synthesis_aug_deficient_cause__synthesis_frede2011_ch9_augustine,synthesis,synthesis_aug_deficient_cause,Augustine: CORE DOCTRINE - Will as Deficient Cause of Sin (De Libero Arbitrio),synthesis_frede2011_ch9_augustine,Ch. 9 — Augustin n'invente PAS une notion radicalement nouvelle (Frede 2011),0.26,0.14,<=0.3,synthesis_frede2011_ch9_augustine,description_token_overlap,"central Doctrine OF DE Libero Arbitrio Augustine's answer to the origin of evil: Will is the deficient cause (causa deficiens) of sin, not an efficient cause (causa efficiens). KEY passages: 2.20.54 (",Synthesis of Frede 2011 ch. 9 (p. 153-174): Augustine did not produce a radically new notion of free will—against Dihle 1982. Demonstration in five stages: (1) the Augustinian velle is precisely the c
argument_furst_2022_de_princ_iii_1_first_freedom_treatise__scholarly_argument_telfer_origen_s_systematization_and_i_4,argument,argument_furst_2022_de_princ_iii_1_first_freedom_treatise,De Principiis III 1 = first treatise On Freedom (Fürst 2022),scholarly_argument_telfer_origen_s_systematization_and_i_4,"Telfer: Origen included autexousia among his First Principles (De Principiis III.1), but",0.26,0.25,<=0.3,argument_furst_2022_de_princ_iii_1_first_freedom_treatise,label_token_overlap,"Thesis of Fürst 2022 (Kap. V 2, p. 196-197): Origen's De Principiis III 1,1-24, preserved in Greek in the Philocalia ch. 21-27 and in Latin in Rufinus' translation, is the first systematic philosophic","Telfer: Origen 'includes human autexousia among his First Principles' (iii. 1), but his argument 'drives him back upon his theory of prenatal sin', from which, via the Christian tradition of angelolog"
scholarly_argument_boys_stones_2018_no_divine_determination_individuals__scholarly_argument_boys_stones_middle_platonist_theory_of_fat_0,argument,scholarly_argument_boys_stones_2018_no_divine_determination_individuals,No divine agency determines any individual (Boys-Stones 2018),scholarly_argument_boys_stones_middle_platonist_theory_of_fat_0,Boys-Stones: The traditional interpretation of 'hypothetical fate' as restricting fate's scop,0.26,0.15,<=0.3,scholarly_argument_boys_stones_2018_no_divine_determination_individuals,label_token_overlap,"Boys-Stones' core reconstruction of the Platonist response to Stoic fate: divine causes operate only at the level of the species/forms, never at the level of individuals. The creator's thoughts do not","Middle Platonist theory of fate — The traditional interpretation of 'hypothetical fate' as restricting fate's scope to certain events while leaving human choices unfated is a misreading. Instead, Midd"
scholarly_argument_brouwer_interaction_between_philosophy_1__scholarly_argument_brouwer_modern_continuation_of_the_deb_6,argument,scholarly_argument_brouwer_interaction_between_philosophy_1,"Brouwer: The debate about fate, providence and freedom was developed not only within and ",scholarly_argument_brouwer_modern_continuation_of_the_deb_6,"Brouwer: The early modern debate continued with Erasmus, Luther, Hobbes, Descartes, Spino",0.26,0.18,<=0.3,scholarly_argument_brouwer_interaction_between_philosophy_1,label_token_overlap,"interaction between philosophy and religion on free will — The debate about fate, providence and freedom was developed not only within and between philosophical schools but also in interaction with 'r","modern continuation of the debate — The early modern debate continued with Erasmus, Luther, Hobbes, Descartes, Spinoza, Locke, Leibniz and Hume; determinists now invoke neuroscience concerning brain o"
argument_chain_causation_critique_alex__scholarly_argument_koch_2011_hamelin_correction_adpetitus,argument,argument_chain_causation_critique_alex,Critique of Chain Causation Model (Alexander),scholarly_argument_koch_2011_hamelin_correction_adpetitus,Koch: Hamelin's correction adpetitus should be adopted — the objection runs on the orthodox assent-then-impulse sequence,0.26,0.23,<=0.3,argument_chain_causation_critique_alex,description_token_overlap,"Greek terminology: • αἰτία προηγουμένη (aitia proēgoumenē) - antecedent cause • chain-like causation — Alexander's actual wording is εἱρμὸς αἰτίων / καθ' εἱρμὸν αἰτίων, 'a connected series of causes' ",The manuscripts of De fato 40 present the sequence impulse-then-assent. Koch reviews and rejects the main defences of the transmitted text: Yon's linguistic argument (adpetitus as tendency) cancels it
scholarly_argument_dettwiler_determinism_and_the_elements_o_3__scholarly_argument_klawans_2012_essene_determinism_matches_qumran,argument,scholarly_argument_dettwiler_determinism_and_the_elements_o_3,"Dettwiler: The adversaries' teaching is characterized as based on 'the tradition of men, th",scholarly_argument_klawans_2012_essene_determinism_matches_qumran,Essene determinism = Qumran predestinarianism (1QS) (Klawans 2012),0.26,0.15,<=0.3,scholarly_argument_klawans_2012_essene_determinism_matches_qumran,description_token_overlap,"Dettwiler: with Col 2,8 the tone changes — the community is warned against a movement the author calls 'philosophie' and immediately disqualifies as 'creuse duperie à l'enseigne de la tradition des ho","Klawans argues that the unqualified determinism Josephus attributes to the Essenes ('Fate is mistress of all things', Ant. 13.172; the belief 'is wont to leave everything in the hands of God', 18.18) "
scholarly_argument_hendriksen_scope_of_salvation_jew_and_gen_4__scholarly_argument_munier_human_nature_and_salvation_in__1,argument,scholarly_argument_hendriksen_scope_of_salvation_jew_and_gen_4,"Hendriksen: Maintains that salvation is available to all without ethnic distinction, through",scholarly_argument_munier_human_nature_and_salvation_in__1,Munier: Munier discusses Justin's anthropology and soteriology in chapter IX.4 'L'homme ,0.26,0.06,<=0.3,scholarly_argument_hendriksen_scope_of_salvation_jew_and_gen_4,description_token_overlap,"scope of salvation: Jew and Gentile — Maintains that salvation is available to all without ethnic distinction, through faith alone. The Gentiles are saved in the same way as Jews, and the disobedience","Ch. IX.4 'L'homme et son salut' (pp. 114-127) opens with Justin's optimism about creation and, on the soul (immortal by grace, not by nature), quotes Puech: the soul must be rewarded according to its "
pub_ciner_2016_mi_alma_esta_aferrada_ti_el_camino_hacia_cristo_en_el_comentario__pub_hall_2020_origen_and_astrology,publication,pub_ciner_2016_mi_alma_esta_aferrada_ti_el_camino_hacia_cristo_en_el_comentario,Patricia Ciner 2016 — “Mi alma está aferrada a ti”: el camino hacia Cristo en el comentario al evangelio de Juan de Orígenes.,pub_hall_2020_origen_and_astrology,Claire Hall 2020 — Origen and Astrology,0.26,0.07,<=0.3,pub_hall_2020_origen_and_astrology,description_token_overlap,"From the exegesis the Alexandrian made of Jn 13, Book XXXII, in the Commentary about the Gospel of John, referring to the Washing of the Feet and Last Supper, it is possible to note that the mater of ",Origen’s discussion of astrology in Philocalia 23 – usually considered as an odd jumble of exegetical considerations – provides a key to understanding his position on many contemporary Alexandrian deb
synthesis_amand1945_epicurean_indeterminism__synthesis_bobzien2001_ch2_chrysippean_arguments,synthesis,synthesis_amand1945_epicurean_indeterminism,"Amand 1945 — Epicurus: total indeterminism through παρέγκλισις, anti-fatalist polemic independent of Carneades",synthesis_bobzien2001_ch2_chrysippean_arguments,Bobzien 2001 Ch. 2 — Deux arguments chrysippeens pour le determinisme causal (bivalence + divination),0.26,0.28,<=0.3,synthesis_bobzien2001_ch2_chrysippean_arguments,description_token_overlap,"Amand’s synthesis (1945, p. 37-39, Intro §II ch. I §IV) on Epicurus. Amand characterizes Epicurus as “a committed anti-determinist” who “professes the complete freedom of our will”, postulating atomic",Synthesis Bobzien 2001 ch. 2 (p. 59-96): Chrysippus develops two distinct arguments to establish universal causal determinism. (1) Argument from bivalence (§2.1): every future proposition already has 
synthesis_amand1945_alexander_de_fato_triple_composition__synthesis_furst2022_imperial_freedom_debate,synthesis,synthesis_amand1945_alexander_de_fato_triple_composition,Amand 1945 — Composition triple du De Fato d'Alexandre (péripatétisme + Carnéade via Clitomaque + Chrysippe direct),synthesis_furst2022_imperial_freedom_debate,The omnipresence of the debate on freedom in the Imperial period (Fürst 2022),0.26,0.26,<=0.3,synthesis_amand1945_alexander_de_fato_triple_composition,description_token_overlap,"Synthesis of Amand 1945 (Book I ch. V §II.2, p. 139-140, ll. 7820-7920). Amand identifies three distinct doctrinal contributions that the commentator on Aristotle reconciles in his synthesis of the Πε","Fürst 2022, Kap. III (p. 101-138): the debate on self-determination became virtually ubiquitous in the intellectual culture of the imperial period (1st-3rd c. AD). Preserved sources: Epictetus (Discou"
synthesis_frede2011_ch2_aristotle__synthesis_frede2011_ch3_emergence_of_will_in_stoicism,synthesis,synthesis_frede2011_ch2_aristotle,Ch. 2 — Aristotle has choice without will (Frede 2011),synthesis_frede2011_ch3_emergence_of_will_in_stoicism,Ch. 3 — Emergence of a notion of will in classical Stoicism (Frede 2011),0.25,0.28,<=0.3,synthesis_frede2011_ch3_emergence_of_will_in_stoicism,description_token_overlap;label_token_overlap,"Frede 2011 ch. 2 (p. 19-29): Aristotle has neither a notion of will nor a notion of free will. He has (a) boulēsis = desire-of-reason specific to the rational soul, (b) prohairesis = a special form of","Summary of Frede 2011 ch. 3 (p. 31-48): Stoicism develops the first genuine notion of the will, but not yet that of free will. Conceptual architecture: (a) rejection of the Platonic-Aristotelian bipar"
scholarly_argument_klawans_2012_essene_determinism_matches_qumran__scholarly_argument_klawans_2012_josephus_fate_typology_of_schools,argument,scholarly_argument_klawans_2012_essene_determinism_matches_qumran,Essene determinism = Qumran predestinarianism (1QS) (Klawans 2012),scholarly_argument_klawans_2012_josephus_fate_typology_of_schools,Josephus types the three Jewish schools by their stance on fate (Klawans 2012),0.25,0.24,<=0.3,scholarly_argument_klawans_2012_josephus_fate_typology_of_schools,description_token_overlap;label_token_overlap,"Klawans argues that the unqualified determinism Josephus attributes to the Essenes ('Fate is mistress of all things', Ant. 13.172; the belief 'is wont to leave everything in the hands of God', 18.18) ",Klawans' foundational observation: Josephus characterises the three legitimate Jewish schools precisely by their differing positions on εἱμαρμένη (fate). The Essenes 'declare that fate is the mistress
scholarly_argument_gibbons_assent_and_character_ground_embodied_autonomy__scholarly_argument_gibbons_universal_radical_character_revisability,argument,scholarly_argument_gibbons_assent_and_character_ground_embodied_autonomy,Gibbons: assent and character ground Origenian autonomy without alternative possibilities,scholarly_argument_gibbons_universal_radical_character_revisability,Gibbons: Origen extends free will to every rational being through radical character revisability,0.25,0.16,<=0.3,scholarly_argument_gibbons_assent_and_character_ground_embodied_autonomy,description_token_overlap;label_token_overlap,Gibbons argues that Origen's account of embodied autonomy is substantially Stoic: rational beings are authors of their actions because proairesis can assent or dissent to the propositional content of ,"Gibbons identifies Origen's decisive departure from Epictetus in the scope of free will. Epictetus reserves an unconstrained will for the sage, whereas Origen holds that every rational being retains a"
scholarly_argument_eliasson_alexander_of_aphrodisias_on_2__scholarly_argument_eliasson_aristotle_s_notion_of_1,argument,scholarly_argument_eliasson_alexander_of_aphrodisias_on_2,Eliasson: Alexander developed a distinctive notion of ἐφ' ἡμῖν in the context of defending,scholarly_argument_eliasson_aristotle_s_notion_of_1,Eliasson: Aristotle developed both an inclusive and exclusive notion of ἐφ' ἡμῖν. The incl,0.25,0.24,<=0.3,scholarly_argument_eliasson_alexander_of_aphrodisias_on_2,description_token_overlap;label_token_overlap,"Eliasson finds in Alexander's De fato one clear development of the Aristotelian notion of eph' hemin: where Aristotle is vague between an inclusive and an exclusive notion, Alexander explicitly opts f","Eliasson holds that Aristotle's notion of eph' hemin, central to the preconditions of virtue in EN III, is 'unclear': the condition that the origin is in the agent is vague, so Aristotle employs both "
scholarly_argument_pouderon_transformation_of_human_nature_12__scholarly_argument_pouderon_triple_original_sin_and_transm_8,argument,scholarly_argument_pouderon_transformation_of_human_nature_12,Pouderon: Adam and Eve's fault profoundly transformed human nature. The main consequence i,scholarly_argument_pouderon_triple_original_sin_and_transm_8,"Pouderon: In early Christianity, still heavily imbued with Jewish apocalyptic (Enochic tra",0.25,0.12,<=0.3,scholarly_argument_pouderon_triple_original_sin_and_transm_8,description_token_overlap;label_token_overlap,Pouderon: a leitmotiv of the Apologists is that the fault of Adam and Eve profoundly transformed human nature in its very essence. Its main consequence is the intrusion of biological necessities — suf,"Pouderon: in early Christianity, still steeped in Jewish (Enochic) apocalyptic, the original fault is triple: (1) the corruption of the angels, who become demons and, per the Enochic narrative built o"
scholarly_argument_michon_akrasia_weakness_of_will_0__scholarly_argument_michon_interpretation_of_paul_s_ego_i_1,argument,scholarly_argument_michon_akrasia_weakness_of_will_0,Michon: Thomas Aquinas's analysis of incontinence should not be reduced to a simple reas,scholarly_argument_michon_interpretation_of_paul_s_ego_i_1,Michon: Thomas Aquinas adopts a double reading of Paul's 'ego': (i) Paul speaks in the p,0.25,0.05,<=0.3,scholarly_argument_michon_akrasia_weakness_of_will_0,description_token_overlap;label_token_overlap,Michon recalls Davidson's reproach that Thomas confined incontinence to a face-off of reason and passion without recourse to the notion of will (p. 177). Against Davidson he notes that Thomas did intr,"interpretation of Paul's ego in Romans 7 — Thomas Aquinas adopts a double reading of Paul's 'ego': (i) Paul speaks in the person of sinful man generally, and (ii) Paul speaks in his own person as a ma"
argument_gregory_contrafatum_nomima_barbarika_amand1945__argument_gregory_disccat31_carneadean_moral_amand1945,argument,argument_gregory_contrafatum_nomima_barbarika_amand1945,Gregory of Nyssa CF — argument carnéadien des nomima barbarika,argument_gregory_disccat31_carneadean_moral_amand1945,Gregory of Nyssa Disc. Cat. 31 — argument carnéadien moral comme topos scolaire,0.25,0.08,<=0.3,argument_gregory_disccat31_carneadean_moral_amand1945,description_token_overlap;label_token_overlap,"Gregory's argument in the Against Fate (PG 45, 169B), explicitly identified by Amand 1945 (p. 428-429, 431) as the second Carneadean anti-astrological argument preserved in the opusculum. The argument","Argument of Gregory of Nyssa's Catechetical Discourse 31 (ed. Srawley p. 113-114; PG 45, 77BD), framed by a theological aporia: why does God not compel unbelievers to embrace the faith? Gregory's answ"
scholarly_argument_karavites_adaptability_to_virtue_answers_gnostic_dilemma__scholarly_argument_karavites_virtue_potential_training_and_grace,argument,scholarly_argument_karavites_adaptability_to_virtue_answers_gnostic_dilemma,Karavites: created adaptability to virtue answers the Gnostic dilemma about Adam's perfection,scholarly_argument_karavites_virtue_potential_training_and_grace,"Karavites: virtue joins natural perfectibility, habituated training, and grace",0.25,0.26,<=0.3,scholarly_argument_karavites_virtue_potential_training_and_grace,description_token_overlap;label_token_overlap,"Karavites reconstructs Clement's answer to the dilemma that a perfect creator must produce an already perfect Adam. Adam was created fit to receive and develop virtue, not in possession of completed v","The capacity for virtue is natural, but virtue itself is acquired through repeated learning and voluntary practice until good action becomes stable character. Karavites stresses that neither aptitude "
scholarly_argument_hendriksen_justification_by_faith_and_its_0__scholarly_argument_hendriksen_justification_by_faith_vs_work_1,argument,scholarly_argument_hendriksen_justification_by_faith_and_its_0,"Hendriksen: Justification by faith produces effective, fruitful results in the believer's li",scholarly_argument_hendriksen_justification_by_faith_vs_work_1,"Hendriksen: Emphasizes that salvation is entirely by faith apart from works of the law, with",0.25,0.19,<=0.3,scholarly_argument_hendriksen_justification_by_faith_vs_work_1,description_token_overlap;label_token_overlap,"justification by faith and its effects — Justification by faith produces effective, fruitful results in the believer's life, including peace with God, access to grace, exultation, and firmly anchored ","justification by faith vs. works/merit — Emphasizes that salvation is entirely by faith apart from works of the law, with no room for human boasting. The Jews misunderstood God's promises as condition"
scholarly_argument_furst_2019_preexistence_apokatastasis_remain_hypotheses__scholarly_argument_markschies_apokatastasis_is_consequence_but_not_settled_verdict,argument,scholarly_argument_furst_2019_preexistence_apokatastasis_remain_hypotheses,Fürst: Origen presents pre-existence and universal restoration as hypotheses rather than fixed doctrines,scholarly_argument_markschies_apokatastasis_is_consequence_but_not_settled_verdict,Markschies: universal restoration is a systematic consequence on which Origen remained unsure,0.25,0.16,<=0.3,scholarly_argument_furst_2019_preexistence_apokatastasis_remain_hypotheses,description_token_overlap;label_token_overlap,Fürst argues that pre-existence and universal restoration should not be turned into fixed Origenian doctrines. Origen preferred a pre-existence model but held that the beginning and end remain beyond ,"Markschies treats universal restoration as a consequence generated by Origen's system, not as an everywhere-settled verdict. Origen considers it in some places, qualifies or denies it in others, and a"
argument_furst_2022_josephus_three_jewish_sects_freedom_taxonomy__scholarly_argument_moore_pharisee_doctrine_on_fate_and__1,argument,argument_furst_2022_josephus_three_jewish_sects_freedom_taxonomy,Josephus classifies Pharisees/Sadducees/Essenes according to their positions on freedom (Fürst 2022 Kap. III 1),scholarly_argument_moore_pharisee_doctrine_on_fate_and__1,Moore: Josephus presents inconsistent accounts: in Antiquities the Pharisees hold a mix,0.25,0.15,<=0.3,argument_furst_2022_josephus_three_jewish_sects_freedom_taxonomy,description_token_overlap;label_token_overlap,"Fürst 2022 thesis (Kap. III 1, p. 103-105): Flavius Josephus (AJ XIII 5,9 = 171-173; AJ XVIII 1,3 = 13; BJ II 8,14 = 163-165) maps the three principal Jewish sects according to their positions on the ","Moore sets three Josephan accounts side by side: Ant. xiii.5.9 (some things the work of fate, some 'in men's own power'); War ii.8.14 (the Pharisees 'attribute everything to fate and to God', doing ri"
scholarly_argument_byerly_definition_of_theological_dete_2__scholarly_argument_byerly_theological_determinism_and_fr_0,argument,scholarly_argument_byerly_definition_of_theological_dete_2,Byerly: Theological determinism is stipulatively defined as the view that all free actio,scholarly_argument_byerly_theological_determinism_and_fr_0,Byerly: Theological determinists (who affirm compatibilism—that free actions can be caus,0.25,0.14,<=0.3,scholarly_argument_byerly_theological_determinism_and_fr_0,description_token_overlap;label_token_overlap,"definition of theological determinism — Theological determinism is stipulatively defined as the view that all free actions that exist are causally determined, which is weaker than the common usage req",theological determinism and free will theodicy — Theological determinists (who affirm compatibilism—that free actions can be causally determined) can adapt the central argumentative strategies of Plan
scholarly_argument_gaventa_divine_liberation_and_human_ag_1__scholarly_argument_gaventa_spirit_s_liberating_work_and_t_3,argument,scholarly_argument_gaventa_divine_liberation_and_human_ag_1,Gaventa: God's action in Christ Jesus liberates humanity from enslavement to Sin and Deat,scholarly_argument_gaventa_spirit_s_liberating_work_and_t_3,Gaventa: The Spirit's work transforms 'slaves of righteousness' into siblings of Jesus Ch,0.25,0.21,<=0.3,scholarly_argument_gaventa_spirit_s_liberating_work_and_t_3,description_token_overlap;label_token_overlap,"divine liberation and human agency — God's action in Christ Jesus liberates humanity from enslavement to Sin and Death through the Spirit; this liberation is an event initiated by God's power, not hum","Spirit's liberating work and transformation of human status — The Spirit's work transforms 'slaves of righteousness' into siblings of Jesus Christ, with creation anticipating God's final triumph; this"
scholarly_argument_maston_moral_responsibility_despite_d_4__scholarly_argument_maston_paul_s_critique_of_moral_optim_3,argument,scholarly_argument_maston_moral_responsibility_despite_d_4,"Maston: Acknowledges that even in more deterministic texts like the Hodayot, some form o",scholarly_argument_maston_paul_s_critique_of_moral_optim_3,Maston: Contends that Romans 7:7-25 critiques the 'two-ways theology' exemplified by Sir,0.25,0.13,<=0.3,scholarly_argument_maston_moral_responsibility_despite_d_4,description_token_overlap;label_token_overlap,"All three texts make obedience necessary for salvation; in the Hodayot and Paul, which prioritise divine action, the human is 'not portrayed as merely a passive recipient of grace' — the Spirit transf","In Romans 7.7-25 Paul portrays the 'I' as the human agent of the two-ways pattern (Ben Sira's) and shows that tradition's 'powerlessness' to produce adequate obedience: Sin takes over human capacity, "
scholarly_argument_pr_aux_augustine_and_minucius_felix_o_2__scholarly_argument_pr_aux_minucius_felix_s_originality_o_1,argument,scholarly_argument_pr_aux_augustine_and_minucius_felix_o_2,Préaux: Augustine's treatment of fate and providence shows curious detailed coincidences,scholarly_argument_pr_aux_minucius_felix_s_originality_o_1,Préaux: Minucius Felix was not original on the problem of fate and providence; his treat,0.25,0.14,<=0.3,scholarly_argument_pr_aux_minucius_felix_s_originality_o_1,description_token_overlap;label_token_overlap,"Augustine and Minucius Felix on fate — Augustine's treatment of fate and providence shows curious detailed coincidences with Minucius Felix's manner of argumentation, though Augustine defined his posi",Préaux (p. 398) holds it 'impossible d'admettre que Minucius Felix ait fait preuve d'originalité' on the fatum/providence problem: his characteristic way of resolving it 'lui a été inspirée par la dém
scholarly_argument_ramelli_origen_s_distinction_between_c_2__scholarly_argument_ramelli_origen_s_synthesis_of_philosop_6,argument,scholarly_argument_ramelli_origen_s_distinction_between_c_2,Ramelli: Origen distinguished his Christian doctrine of apokatastasis from Stoic determin,scholarly_argument_ramelli_origen_s_synthesis_of_philosop_6,Ramelli: Origen synthesized Platonic-Aristotelian anti-determinism (mediated through Alex,0.25,0.26,<=0.3,scholarly_argument_ramelli_origen_s_synthesis_of_philosop_6,description_token_overlap;label_token_overlap,Origen's distinction between Christian and Stoic apokatastasis — Origen distinguished his Christian doctrine of apokatastasis from Stoic deterministic apokatastasis in two key ways: (a) the Stoics pos,"Ramelli holds that Alexander's De Fato is 'very likely to be in the background' of Origen's refutation of determinism: Origen refuted both Gnostic (Valentinian) and Stoic determinism, 'just like Alexa"
scholarly_argument_jurasz_eusebius_emesa_fr22_new_testimony__scholarly_argument_jurasz_marinus_platonising_bardesanism,argument,scholarly_argument_jurasz_eusebius_emesa_fr22_new_testimony,"Jurasz: Eusebius of Emesa, Fragment 22 is an unstudied testimony to bardesanite exegesis",scholarly_argument_jurasz_marinus_platonising_bardesanism,"Jurasz: Marinus in the Adamantius Dialogue attests a later, Platonising bardesanism",0.25,0.08,<=0.3,scholarly_argument_jurasz_eusebius_emesa_fr22_new_testimony,description_token_overlap;label_token_overlap,Fragment 22 of Eusebius of Emesa's Commentary on Genesis reports that Bardaisan explained the discrepancy between the command to take pairs of every animal (Gen 6:19-20) and the command to take seven ,"The bardesanite Marinus in the Adamantius Dialogue represents a later and possibly local version of Bardaisan's teaching: Platonising and hostile to the body, holding the resurrection of souls and not"
debate_discovery_of_will__debate_epicurus_free_will,debate,debate_discovery_of_will,"The ""Discovery of the Will"" Debate",debate_epicurus_free_will,The Epicurus and Free Will Problem Debate,0.25,0.05,<=0.3,debate_discovery_of_will,description_token_overlap;label_token_overlap,Central scholarly debate: when and how did the philosophical concept of 'will' (voluntas/boulēsis) emerge as a distinct faculty? Key positions: Dihle (1982): Greek moral psychology was fundamentally i,Debate on whether Epicurus was concerned with free will as we understand it. Traditional view: Epicurus introduced the atomic swerve (clinamen) to break causal determinism and ground free choice. Bobz
scholarly_argument_moore_pharisee_doctrine_on_fate_and__1__scholarly_argument_moore_the_fourth_philosophy_and_its__4,argument,scholarly_argument_moore_pharisee_doctrine_on_fate_and__1,Moore: Josephus presents inconsistent accounts: in Antiquities the Pharisees hold a mix,scholarly_argument_moore_the_fourth_philosophy_and_its__4,Moore: The Fourth Philosophy of Judas the Galilean emphasized human agency ('the Deity ,0.25,0.11,<=0.3,scholarly_argument_moore_pharisee_doctrine_on_fate_and__1,description_token_overlap;label_token_overlap,"Moore sets three Josephan accounts side by side: Ant. xiii.5.9 (some things the work of fate, some 'in men's own power'); War ii.8.14 (the Pharisees 'attribute everything to fate and to God', doing ri","Moore introduces Judas the Galilean's 'fourth philosophy' only because its rise (census of Quirinius, 6 AD) is 'the occasion for the introduction of the three older schools' in War ii.8 and Ant. xviii"
synthesis_amand1945_epilogue_astrology_history__synthesis_amand1945_posidonius_scientific_foundation_astrology,synthesis,synthesis_amand1945_epilogue_astrology_history,Bilan pour l'histoire de l'astrologie — apport des sources patristiques (Amand 1945),synthesis_amand1945_posidonius_scientific_foundation_astrology,"Amand 1945 — Posidonios d'Apamée fondateur scientifique de l'astrologie hellénistique (selon F. Cumont, K. Reinhardt repris par Amand)",0.25,0.15,<=0.3,synthesis_amand1945_epilogue_astrology_history,description_token_overlap;label_token_overlap,"Fifth point in Amand's concluding assessment (1945, p. 591). Claim addressed specifically to the history of astrology: ""The history of astrology itself will benefit from pursuing some of the lines of ","Amand’s synthetic historiographical thesis (1945, p. 12-13, Intro §I §IV in fine, and p. 59-60 on late Christian astrological ethnography): Posidonius of Apamea (ca. 135—51 BC) 'best represents for us"
scholarly_argument_dettwiler_authorship_of_colossians_1__scholarly_argument_dettwiler_theological_anthropology_from__2,argument,scholarly_argument_dettwiler_authorship_of_colossians_1,"Dettwiler: Adheres to the third option (deutero-Pauline, written after Paul's death by a di",scholarly_argument_dettwiler_theological_anthropology_from__2,Dettwiler: The author emphasizes the dramatic contrast between human past marked by death a,0.25,0.2,<=0.3,scholarly_argument_dettwiler_theological_anthropology_from__2,description_token_overlap;label_token_overlap,"Among three options on Colossians' author (Paul himself; a close disciple authenticated by Paul during his lifetime, the 'secretary' hypothesis; composition after the Apostle's death by a disciple or ","Dettwiler: Eph 2,1-10 recalls to the addressees 'le contraste saisissant' between their past, marked by death, and their radically new present life in Christ. The former life was under the grip of dea"
scholarly_argument_karavites_antignostic_faith_voluntary_not_natural__scholarly_argument_karavites_virtue_potential_training_and_grace,argument,scholarly_argument_karavites_antignostic_faith_voluntary_not_natural,Karavites: anti-Gnostic faith must be voluntary rather than a natural privilege,scholarly_argument_karavites_virtue_potential_training_and_grace,"Karavites: virtue joins natural perfectibility, habituated training, and grace",0.25,0.17,<=0.3,scholarly_argument_karavites_virtue_potential_training_and_grace,description_token_overlap;label_token_overlap,"Karavites reads Clement's polemic against Basilides and Valentinus as a defense of faith as rational, voluntary assent. Salvation by a fixed spiritual nature would make instruction, incarnation, repen","The capacity for virtue is natural, but virtue itself is acquired through repeated learning and voluntary practice until good action becomes stable character. Karavites stresses that neither aptitude "
argument_cylinder_analogy_chrysippus_k1l2m3n4__scholarly_argument_djeranian_the_cylinder_analogy_and_its_l_3,argument,argument_cylinder_analogy_chrysippus_k1l2m3n4,Cylinder Analogy (Internal vs. External Causation),scholarly_argument_djeranian_the_cylinder_analogy_and_its_l_3,"D'Jeranian: Chrysippus's cylinder analogy, which makes fate the antecedent and auxiliary cau",0.25,0.2,<=0.3,argument_cylinder_analogy_chrysippus_k1l2m3n4,description_token_overlap;label_token_overlap,"The cylinder analogy distinguishes an external push or impression from the cylinder's or agent's internal nature. Sorabji 1980, pp. 80-83, separates Augustine, Donini and Frede readings of the argumen",D'Jeranian: in De fato 42-43 Chrysippus's manoeuvre dissociates the necessity of fate and preserves the individual's autonomy by making fate the antecedent and auxiliary cause of his action; man's mov
argument_carneades_autonomous_mental_causation_argument_4e7e9250__scholarly_argument_o_keefe_epicurus_position_on_reduction_0,argument,argument_carneades_autonomous_mental_causation_argument_4e7e9250,Carneades' Autonomous Mental Causation Argument,scholarly_argument_o_keefe_epicurus_position_on_reduction_0,O'Keefe: Epicurus is a reductionist: the mind is an atomic aggregate and mental processes,0.25,0.08,<=0.3,argument_carneades_autonomous_mental_causation_argument_4e7e9250,description_token_overlap;label_token_overlap,"Carneades, in the Academic critical reading, argues against the Stoics and the Epicureans that neither integral causal determinism nor the Epicurean atomic swerve is necessary to account for voluntary",O'Keefe explains what he means by calling Epicurus a reductionist: macroscopic bodies are not 'irreducibly different' from atoms and have no causal power beyond theirs; the mind is an atomic aggregate
scholarly_argument_nielsen_euboulia_correctness_phronimos__scholarly_argument_nielsen_two_models_deliberation_alexander,argument,scholarly_argument_nielsen_euboulia_correctness_phronimos,Nielsen: euboulia is the type of correctness in deliberation proper to the phronimos,scholarly_argument_nielsen_two_models_deliberation_alexander,"Nielsen: the choice-between-alternatives model of deliberation is post-Alexander, not Aristotle's",0.25,0.2,<=0.3,scholarly_argument_nielsen_two_models_deliberation_alexander,description_token_overlap;label_token_overlap,"Analysing EN VI 9 (1142a32-b36), Nielsen stresses that for Aristotle reaching the right thing to do is not sufficient for good deliberation: one can reach it by a false syllogism (through the wrong mi",Nielsen argues that scholars have tended to treat Aristotle's model of deliberation as equivalent to the modern one — evaluating the relative merits of available alternatives and choosing between at l
scholarly_argument_eche_ique_aristotle_s_theory_of_voluntar_0__scholarly_argument_eche_ique_the_pain_condition_and_volunta_4,argument,scholarly_argument_eche_ique_aristotle_s_theory_of_voluntar_0,"Echeñique: Aristotle developed an original and compelling theory of moral responsibility, c",scholarly_argument_eche_ique_the_pain_condition_and_volunta_4,Echeñique: The pain condition (associated with involuntary action) plays a significant role,0.25,0.26,<=0.3,scholarly_argument_eche_ique_aristotle_s_theory_of_voluntar_0,description_token_overlap;label_token_overlap,"Aristotle's theory of voluntariness as moral responsibility — Aristotle developed an original and compelling theory of moral responsibility, contrary to interpretations that deny this; his theory cont",The pain condition and voluntariness — The pain condition (associated with involuntary action) plays a significant role in Aristotle's account of voluntariness and moral responsibility
scholarly_argument_o_keefe_lucretius_on_swerve_and_volunt_4__scholarly_argument_o_keefe_role_of_the_swerve_in_epicurus_1,argument,scholarly_argument_o_keefe_lucretius_on_swerve_and_volunt_4,O'Keefe: Lucretius' account of the swerve and 'free volition' (libera voluntas) in De rer,scholarly_argument_o_keefe_role_of_the_swerve_in_epicurus_1,O'Keefe: The swerve plays only a peripheral role in Epicurus' overall theory of human fre,0.25,0.27,<=0.3,scholarly_argument_o_keefe_role_of_the_swerve_in_epicurus_1,description_token_overlap;label_token_overlap,Chapter 2 examines Lucretius DRN 2.251-293 and 4.877-896. O'Keefe's conclusion on the swerve is 'mostly negative': Lucretius 'tells us remarkably little about the role it is supposed to play'. But the,Role of the swerve in Epicurus' overall theory — The swerve plays only a peripheral role in Epicurus' overall theory of human freedom. An overemphasis on the swerve has significantly distorted underst
scholarly_argument_o_keefe_lucretius_on_swerve_and_volunt_4__scholarly_argument_o_keefe_swerve_and_collisions_swerve_a_6,argument,scholarly_argument_o_keefe_lucretius_on_swerve_and_volunt_4,O'Keefe: Lucretius' account of the swerve and 'free volition' (libera voluntas) in De rer,scholarly_argument_o_keefe_swerve_and_collisions_swerve_a_6,O'Keefe: The swerve's role in preserving freedom from fate is not through providing indet,0.25,0.15,<=0.3,scholarly_argument_o_keefe_lucretius_on_swerve_and_volunt_4,description_token_overlap;label_token_overlap,Chapter 2 examines Lucretius DRN 2.251-293 and 4.877-896. O'Keefe's conclusion on the swerve is 'mostly negative': Lucretius 'tells us remarkably little about the role it is supposed to play'. But the,Chapters 5-6 give O'Keefe's own view of the swerve. Ch. 5: with weight and collisions it answers Aristotelian sufficient-reason objections to Democritus; 'the swerve is needed as an explanatory archê 
argument_jeremiah_new_covenant_u5v6w7x8__scholarly_argument_wells_heart_transformation_and_moral_2,argument,argument_jeremiah_new_covenant_u5v6w7x8,Jeremiah 31:31-34 - New Covenant and Divine Transformation,scholarly_argument_wells_heart_transformation_and_moral_2,"Wells: The prophetic texts (Jeremiah, Ezekiel) present heart transformation as divine i",0.25,0.16,<=0.3,argument_jeremiah_new_covenant_u5v6w7x8,description_token_overlap;label_token_overlap,"Jeremiah's new covenant prophecy: 'I will put my law within them, and I will write it on their hearts' (Jer 31:33). Raises theological tension: Is inner transformation divine monergism (God alone acts","Heart transformation and moral agency in Jeremiah and Ezekiel — The prophetic texts (Jeremiah, Ezekiel) present heart transformation as divine initiative that simultaneously reconstitutes human moral "
argument_furst_2022_josephus_three_jewish_sects_freedom_taxonomy__scholarly_argument_moore_josephus_s_philosophical_frami_3,argument,argument_furst_2022_josephus_three_jewish_sects_freedom_taxonomy,Josephus classifies Pharisees/Sadducees/Essenes according to their positions on freedom (Fürst 2022 Kap. III 1),scholarly_argument_moore_josephus_s_philosophical_frami_3,Moore: Josephus deliberately presents Jewish sects using Greek philosophical categories,0.25,0.14,<=0.3,scholarly_argument_moore_josephus_s_philosophical_frami_3,description_token_overlap;label_token_overlap,"Fürst 2022 thesis (Kap. III 1, p. 103-105): Flavius Josephus (AJ XIII 5,9 = 171-173; AJ XVIII 1,3 = 13; BJ II 8,14 = 163-165) maps the three principal Jewish sects according to their positions on the ","Moore holds that Heimarmene in its Stoic definition had no Hebrew equivalent and 'was a conception alien to all Jewish thinking'; Jewish determinism 'was theological, not philosophical'. How Josephus "
scholarly_argument_meyer_1998_no_greek_term_moral_responsibility__scholarly_argument_meyer_stoic_determinism_and_moral_re_3,argument,scholarly_argument_meyer_1998_no_greek_term_moral_responsibility,"Meyer: no Greek expression corresponds to 'moral responsibility', yet the topic was debated",scholarly_argument_meyer_stoic_determinism_and_moral_re_3,Meyer: The Stoics maintained determinism (fate) while preserving moral accountability t,0.25,0.1,<=0.3,scholarly_argument_meyer_stoic_determinism_and_moral_re_3,description_token_overlap;label_token_overlap,"Meyer argues that although there is no expression in Classical or Hellenistic Greek corresponding to the English 'moral responsibility', the topic was the subject of lively discussion: all major figur",Meyer deliberately does not discuss whether fated actions can be 'up to us' — 'an issue in their metaphysics and philosophy of nature'. She reports only that the Stoics disputed with contemporaries wh
scholarly_argument_dettwiler_free_will_and_christian_libert_1__scholarly_argument_dettwiler_theological_anthropology_from__2,argument,scholarly_argument_dettwiler_free_will_and_christian_libert_1,Dettwiler: The author warns against the 'Colossian philosophy' (φιλοσοφία) because he was p,scholarly_argument_dettwiler_theological_anthropology_from__2,Dettwiler: The author emphasizes the dramatic contrast between human past marked by death a,0.25,0.1,<=0.3,scholarly_argument_dettwiler_theological_anthropology_from__2,description_token_overlap;label_token_overlap,"Dettwiler: the author of Colossians undertakes a work of anamnesis to fortify the community's fidelity to the Pauline heritage and to warn it against the 'philosophie colossienne', which he was persua","Dettwiler: Eph 2,1-10 recalls to the addressees 'le contraste saisissant' between their past, marked by death, and their radically new present life in Christ. The former life was under the grip of dea"
scholarly_argument_bobzien_origen_s_response_to_the_idle__8__scholarly_argument_bobzien_the_idle_argument_argos_logos__4,argument,scholarly_argument_bobzien_origen_s_response_to_the_idle__8,Bobzien: Origen's response to the Idle Argument (Against Celsus II 20) is one of the key ,scholarly_argument_bobzien_the_idle_argument_argos_logos__4,Bobzien: The Idle Argument poses a serious challenge to Stoic compatibilism by suggesting,0.25,0.27,<=0.3,scholarly_argument_bobzien_origen_s_response_to_the_idle__8,description_token_overlap;label_token_overlap,"Bobzien uses three passages as sources for Chrysippus' reply to the Idle Argument: Cicero, On Fate 30 (who names Chrysippus), Origen, Against Celsus II 20, 342.71-82, and Eusebius, Praep. ev. 6.8.25-3","The Idle Argument is 'levelled against fate-determinism': if everything is fated, making an effort is futile. The Stoics treated it as a sophism, and Bobzien finds that it 'contains various sophistic "
scholarly_argument_boys_stones_2018_hypothetical_fate__scholarly_argument_boys_stones_primary_concern_problem_of_evi_5,argument,scholarly_argument_boys_stones_2018_hypothetical_fate,"Hypothetical fate: nothing fated absolutely, everything fated conditionally (Boys-Stones 2018)",scholarly_argument_boys_stones_primary_concern_problem_of_evi_5,"Boys-Stones: Platonists' main target was Stoic theology and the problem of evil, not primaril",0.25,0.12,<=0.3,scholarly_argument_boys_stones_2018_hypothetical_fate,description_token_overlap;label_token_overlap,"Boys-Stones' interpretation of Platonist 'conditional/hypothetical' fate (G, H, J): the claim is NOT that human choices are indeterminate while their consequences are fixed. Rather, no individual subl",Boys-Stones holds that Platonists of the period wanted to 'save human ownership of their actions' (p. 441) and that their arguments against Stoic fate are 'essentially ad hominem': not that autonomy a
scholarly_argument_boys_stones_2018_no_divine_determination_individuals__scholarly_argument_boys_stones_justin_martyr_as_middle_platon_7,argument,scholarly_argument_boys_stones_2018_no_divine_determination_individuals,No divine agency determines any individual (Boys-Stones 2018),scholarly_argument_boys_stones_justin_martyr_as_middle_platon_7,Boys-Stones: Implicitly acknowledges Justin Martyr (1 Apology 43) belongs to Middle Platonist,0.25,0.1,<=0.3,scholarly_argument_boys_stones_2018_no_divine_determination_individuals,description_token_overlap;label_token_overlap,"Boys-Stones' core reconstruction of the Platonist response to Stoic fate: divine causes operate only at the level of the species/forms, never at the level of individuals. The creator's thoughts do not","Boys-Stones explicitly counts 'the Christian Justin' among the 'thinkers who provide evidence for the theory' of hypothetical fate, alongside Plutarch, Apuleius, Amelius and Alexander of Lycopolis (pp"
scholarly_argument_fitzmyer_moral_responsibility_and_agenc_1__scholarly_argument_fitzmyer_reconciliation_and_divine_init_1,argument,scholarly_argument_fitzmyer_moral_responsibility_and_agenc_1,Fitzmyer: Christians retain a participatory role in their new life: they must 'put to deat,scholarly_argument_fitzmyer_reconciliation_and_divine_init_1,"Fitzmyer: Reconciliation is entirely God's initiative; human beings were 'helpless,' 'godl",0.25,0.08,<=0.3,scholarly_argument_fitzmyer_moral_responsibility_and_agenc_1,description_token_overlap;label_token_overlap,"moral responsibility and agency — Christians retain a participatory role in their new life: they must 'put to death the deeds of the body' through the Spirit (8:13), indicating cooperative agency rath","reconciliation and divine initiative — Reconciliation is entirely God's initiative; human beings were 'helpless,' 'godless,' 'sinners,' and 'God's enemies' when Christ died for them, emphasizing compl"
scholarly_argument_gaventa_divine_election_and_human_agen_0__scholarly_argument_gaventa_moral_agency_and_regime_change_1,argument,scholarly_argument_gaventa_divine_election_and_human_agen_0,Gaventa: Paul's argument in Romans 9 emphasizes God's sovereign creative action in electi,scholarly_argument_gaventa_moral_agency_and_regime_change_1,Gaventa: Paul's argument presupposes that moral agents cannot live under two competing re,0.25,0.1,<=0.3,scholarly_argument_gaventa_divine_election_and_human_agen_0,description_token_overlap;label_token_overlap,"divine election and human agency — Paul's argument in Romans 9 emphasizes God's sovereign creative action in electing Israel without reference to Israel's goodness, faith, obedience, or even potential",Moral agency and regime change: impossibility of simultaneous obedience to two masters — Paul's argument presupposes that moral agents cannot live under two competing regimes simultaneously; the belie
scholarly_argument_gaventa_faith_as_condition_for_liberat_2__scholarly_argument_gaventa_moral_agency_and_regime_change_1,argument,scholarly_argument_gaventa_faith_as_condition_for_liberat_2,"Gaventa: Gaventa notes that in Romans 8:1, 'nothing is said here about faith as a qualify",scholarly_argument_gaventa_moral_agency_and_regime_change_1,Gaventa: Paul's argument presupposes that moral agents cannot live under two competing re,0.25,0.12,<=0.3,scholarly_argument_gaventa_faith_as_condition_for_liberat_2,description_token_overlap;label_token_overlap,"faith as condition for liberation — Gaventa notes that in Romans 8:1, 'nothing is said here about faith as a qualifying factor' and 'the language of faith has slipped off the screen.' However, she qua",Moral agency and regime change: impossibility of simultaneous obedience to two masters — Paul's argument presupposes that moral agents cannot live under two competing regimes simultaneously; the belie
scholarly_argument_hall_balaam_as_case_study_in_prophe_4__scholarly_argument_hall_tripartite_hermeneutic_and_pro_5,argument,scholarly_argument_hall_balaam_as_case_study_in_prophe_4,Hall: Origen interprets Balaam as demonstrating that even a wicked prophet can utter t,scholarly_argument_hall_tripartite_hermeneutic_and_pro_5,"Hall: Origen's three-level reading of Scripture (literal, moral, spiritual/allegorical",0.25,0.11,<=0.3,scholarly_argument_hall_balaam_as_case_study_in_prophe_4,description_token_overlap;label_token_overlap,"Balaam as case study in prophetic freedom — Origen interprets Balaam as demonstrating that even a wicked prophet can utter true prophecy, but this does not negate the general principle that prophetic ","Tripartite hermeneutic and prophetic meaning — Origen's three-level reading of Scripture (literal, moral, spiritual/allegorical) preserves multiple levels of prophetic meaning without collapsing into "
scholarly_argument_jourdan_theodicy_and_divine_providence_1__scholarly_argument_karfikova_self_rule_grounds_good_and_evil_responsibility,argument,scholarly_argument_jourdan_theodicy_and_divine_providence_1,Jourdan: Clement develops a theodicy showing that God transforms evil into good through P,scholarly_argument_karfikova_self_rule_grounds_good_and_evil_responsibility,Karfíková: self-rule grounds responsibility for good and evil choices,0.25,0.07,<=0.3,scholarly_argument_jourdan_theodicy_and_divine_providence_1,description_token_overlap;label_token_overlap,theodicy and divine providence — Clement develops a theodicy showing that God transforms evil into good through Providence; the 'theft of the Greeks' (philosophy's origin in stolen truth) exemplifies ,"Autexousion is not an intrinsically good direction of action. Karfíková shows Clement applying it to responsible use or misuse of possessions, to the devil's chosen theft, and even to freely chosen la"
scholarly_argument_o_keefe_o_keefe_s_personal_position_on_3__scholarly_argument_o_keefe_swerve_and_collisions_swerve_a_6,argument,scholarly_argument_o_keefe_o_keefe_s_personal_position_on_3,"O'Keefe: O'Keefe believes Epicurus is a reductionist but not a compatibilist, though he d",scholarly_argument_o_keefe_swerve_and_collisions_swerve_a_6,O'Keefe: The swerve's role in preserving freedom from fate is not through providing indet,0.25,0.11,<=0.3,scholarly_argument_o_keefe_o_keefe_s_personal_position_on_3,description_token_overlap;label_token_overlap,O'Keefe (n. 3): showing that On Nature 25 is consistent with reductionism and determinism 'does not show that Epicurus is either a reductionist or a compatibilist'; 'for the record' he believes Epicur,Chapters 5-6 give O'Keefe's own view of the swerve. Ch. 5: with weight and collisions it answers Aristotelian sufficient-reason objections to Democritus; 'the swerve is needed as an explanatory archê 
scholarly_argument_boys_stones_2018_eph_hemin_not_free_will__scholarly_argument_boys_stones_two_source_metaphysics_vs_stoi_2,argument,scholarly_argument_boys_stones_2018_eph_hemin_not_free_will,"'eph' hēmin' is agent-autonomy, prejudicially translated 'free will' (Boys-Stones 2018)",scholarly_argument_boys_stones_two_source_metaphysics_vs_stoi_2,Boys-Stones: Platonists posited two causal streams (divine providence + pre-existing matter) ,0.25,0.12,<=0.3,scholarly_argument_boys_stones_2018_eph_hemin_not_free_will,description_token_overlap;label_token_overlap,"Methodological/terminological argument in the Notes to Ch. 12: the Greek for agent-autonomy is τὸ ἐφ' ἡμῖν, 'what is up to us,' a phrase Boys-Stones says is 'often prejudicially translated as freedom ","Where the Stoics take god to be coextensive with matter, so that 'everything is due to god', the Platonist world is 'the product not of one, but of two causal streams': divine providence which transce"
synthesis_amand1945_basil_hex_vi_7_amand_origin_point__synthesis_amand1945_basil_popular_homily_register,synthesis,synthesis_amand1945_basil_hex_vi_7_amand_origin_point,Amand 1945: Hexaemeron VI.5-7 as Amand's own starting point,synthesis_amand1945_basil_popular_homily_register,"Amand 1945: Hexaemeron VI as popular anti-Chaldean homily, not scientific anti-Ptolemy",0.25,0.28,<=0.3,synthesis_amand1945_basil_hex_vi_7_amand_origin_point,description_token_overlap;label_token_overlap,"A first-rate Amand synthesis: chapters 5, 6, and 7 of the sixth homily of Basil’s Hexaemeron constitute the explicit point of departure for the entirety of Amand 1945’s inquiry. Amand states this in h","Amand’s synthesis: Basil’s anti-astrological digression (Hex VI.5-7) is directed not against the scientific astrology of Ptolemy and other genethlialogists of the observatories, but against 'the disre"
synthesis_amand1945_basil_origen_christian_insertion__synthesis_frede2011_ch7_origen,synthesis,synthesis_amand1945_basil_origen_christian_insertion,Amand 1945: Basil inserts Origenian Christian element in philosophical demonstration,synthesis_frede2011_ch7_origen,Ch. 7 — Origen and the first Christian systematization of free will (Frede 2011),0.25,0.15,<=0.3,synthesis_frede2011_ch7_origen,description_token_overlap;label_token_overlap,Amand's summary: the 'Christian sentence' inserted by Basil into an exclusively philosophical demonstration — concerning the annihilation of Christian hopes by fatalism — was probably inspired by Orig,"Synthesis Frede 2011 Ch. 7 (p. 102-124): Origen is the first Christian author to write systematically on free will, in a short treatise Peri autexousiou inserted in De principiis III.1 (preserved in G"
scholarly_argument_brouwer_broadening_of_the_debate_in_ea_3__scholarly_argument_brouwer_hellenistic_origins_of_the_deb_2,argument,scholarly_argument_brouwer_broadening_of_the_debate_in_ea_3,Brouwer: Platonists and Aristotelians developed their own dogmatic positions by explicitl,scholarly_argument_brouwer_hellenistic_origins_of_the_deb_2,Brouwer: The Hellenistic debate started with Stoics and Epicureans taking opposite positi,0.25,0.24,<=0.3,scholarly_argument_brouwer_hellenistic_origins_of_the_deb_2,description_token_overlap;label_token_overlap,broadening of the debate in early Imperial period — Platonists and Aristotelians developed their own dogmatic positions by explicitly referring back to their founders as authorities; religious sect me,"Hellenistic origins of the debate — The Hellenistic debate started with Stoics and Epicureans taking opposite positions (determinism vs. libertarianism), with Academic Sceptics attacking both dogmatic"
scholarly_argument_nilsen_clement_prohairesis_chooses_logos_or_desire__scholarly_argument_nilsen_negative_free_will_two_criteria,argument,scholarly_argument_nilsen_clement_prohairesis_chooses_logos_or_desire,Nilsen: Clementine prohairesis chooses between divine Logos and irrational desire,scholarly_argument_nilsen_negative_free_will_two_criteria,Nilsen: adequate negative free will requires a mediating and relatively independent will,0.25,0.19,<=0.3,scholarly_argument_nilsen_clement_prohairesis_chooses_logos_or_desire,description_token_overlap;label_token_overlap,"Nilsen argues that Clement uses prohairesis non-Aristotelically. The power can accept divine moral exhortation or reject it in favor of desire, and it can decide about the end or general orientation o",Nilsen defines an adequate concept of negative free will through two criteria. The Glaucon criterion places will between reason and sensible incentives; the Euodius criterion requires this will to be 
scholarly_argument_fries_pharaoh_analogies__scholarly_argument_fries_receptive_healing,argument,scholarly_argument_fries_pharaoh_analogies,Fries: the Pharaoh analogies refute a fixed evil nature,scholarly_argument_fries_receptive_healing,Fries: willing reception mediates divine healing,0.25,0.13,<=0.3,scholarly_argument_fries_receptive_healing,description_token_overlap;label_token_overlap,"Fries reads Origen's Pharaoh exegesis as reducing the heretics' 'schlechte Natur' to absurdity (p. 95-96). The rain/soil, sun/wax-mud and sower analogies show the same divine action making manifest a ","Physician and teacher analogies require readiness: divine action heals without bypassing assent, while God gives powers and agents choose their use."
scholarly_argument_kuehneweg_common_perfection__scholarly_argument_kuehneweg_externalized_evil,argument,scholarly_argument_kuehneweg_common_perfection,Kühneweg: restored knowledge makes moral perfection a common Christian possibility,scholarly_argument_kuehneweg_externalized_evil,Kühneweg: demonology externalizes evil and leaves first angelic choice unexplained,0.25,0.07,<=0.3,scholarly_argument_kuehneweg_externalized_evil,description_token_overlap;label_token_overlap,"Once the Logos restores moral knowledge and breaks demonic deception, perfection is no longer the rare achievement of a sage.","Demonic corruption of knowledge moves evil outside the human agent more radically than Jewish accounts, yet cannot explain how good free angels first chose evil."
synthesis_dihle1982_lec4_paul_philo_implicit_will__synthesis_dihle1982_methodological_thesis_summary,synthesis,synthesis_dihle1982_lec4_paul_philo_implicit_will,Dihle 1982 Lect. IV — Paul et Philon : volonte implicite sans terme dedie,synthesis_dihle1982_methodological_thesis_summary,Dihle 1982 — Synthese methodologique : invention chretienne du concept de volonte,0.25,0.24,<=0.3,synthesis_dihle1982_methodological_thesis_summary,description_token_overlap;label_token_overlap,"Synthesis of the fourth lecture (Dihle 1982 p. 75-100 / md ll. 8073-8892). Core of the thesis. Paul (reading of Rom 7, Gal 5, 1 Cor) employs 'thelo' and 'ginosko' indiscriminately, without a term spec","Overall methodological synthesis of the volume. Three axes: (1) *Philological method* — Dihle reconstructs the history of a concept by tracing terminological occurrences (boulesis, thelesis, hekousios"
synthesis_amand1945_plato_partial_anti_fatalism__synthesis_furst2022_clement_phusis_prohairesis,synthesis,synthesis_amand1945_plato_partial_anti_fatalism,"Amand 1945 — Plato: partial anti-fatalist, predestination of souls + freedom of virtue",synthesis_furst2022_clement_phusis_prohairesis,Clément d'Alexandrie pose l'opposition phusis/prohairesis (Fürst 2022),0.25,0.26,<=0.3,synthesis_furst2022_clement_phusis_prohairesis,description_token_overlap,"Amand’s thesis (1945, p. 31-33, Intro §II ch. I §II): Plato cannot be counted 'among the declared opponents of moral fatalism, as his disciple Aristotle was', but he nevertheless 'firmly defended the ","Synthesis Fürst 2022, Kap. IV 5 (p. 180-186): Clement of Alexandria posits the opposition φύσις / προαίρεσις that paves the way for Origen. Human ethical perfecting ""becomes his nature""—his inner disp"
argument_cylinder_analogy_chrysippus_k1l2m3n4__scholarly_argument_brennan_chrysippus_semantic_compatibilism,argument,argument_cylinder_analogy_chrysippus_k1l2m3n4,Cylinder Analogy (Internal vs. External Causation),scholarly_argument_brennan_chrysippus_semantic_compatibilism,Brennan: Chrysippus' compatibilism rests on a semantic view of moral terms and a psychological view of character,0.25,0.16,<=0.3,argument_cylinder_analogy_chrysippus_k1l2m3n4,description_token_overlap,"The cylinder analogy distinguishes an external push or impression from the cylinder's or agent's internal nature. Sorabji 1980, pp. 80-83, separates Augustine, Donini and Frede readings of the argumen","Reconstruction of the cylinder-and-cone response (Cicero, De Fato 40-43): Chrysippus does not claim the agent could have received the same impression and not assented; given the shove and the shape, t"
scholarly_argument_bobzien_historical_marginality_of_libe_7__scholarly_argument_bobzien_to_eph_hemin_what_depends_on_u_4,argument,scholarly_argument_bobzien_historical_marginality_of_libe_7,Bobzien: Concepts of freedom to do otherwise at the turn of the 2nd century were not wide,scholarly_argument_bobzien_to_eph_hemin_what_depends_on_u_4,"Bobzien: For early Stoics, this was one-sided and causative, meaning 'that which happens ",0.25,0.21,<=0.3,scholarly_argument_bobzien_historical_marginality_of_libe_7,description_token_overlap,Bobzien warns against assuming that at the turn of the 2nd century a general awareness of the problem of causal determinism and freedom to do otherwise had arisen: Alexander 'is almost an isolated cas,"In §6.3.5 Bobzien separates two early Stoic concepts. 'What happens because of us' is 'one-sided' and 'causative': the 'we' names a necessary causal factor, and Chrysippus shows its compatibility with"
school_epicureans__school_megarians,school,school_epicureans,Epicurean School (Κῆπος),school_megarians,École mégarique,0.25,0.08,<=0.3,school_epicureans,description_token_overlap,"Philosophical school founded by Epicurus (341-270 BCE) in Athens, meeting in his ""Garden"" (Κῆπος). Developed INDETERMINIST solution to fate through atomic CLINAMEN (swerve). Democritean atomism implie","School founded by Euclid of Megara (c. 435-365 BC), a pupil of Socrates. Eubulides of Alexandria (paradoxes: Sorites, Horns, Liar), Stilpo (teacher of Zeno of Citium before Crates), Diodorus Cronus (M"
synthesis_amand1945_methodius_anti_origenist_reaction__synthesis_frede2011_ch7_origen,synthesis,synthesis_amand1945_methodius_anti_origenist_reaction,Methode = principal organisateur de la reaction anti-origeniste (Amand 1945),synthesis_frede2011_ch7_origen,Ch. 7 — Origen and the first Christian systematization of free will (Frede 2011),0.25,0.1,<=0.3,synthesis_frede2011_ch7_origen,description_token_overlap,"Summary Amand 1945, Book II ch. VI §I.1 (p. 327-329): Methodius was Origen’s principal intellectual adversary at the end of the third century and, in a sense, the organizer of the conservative ecclesi","Synthesis Frede 2011 Ch. 7 (p. 102-124): Origen is the first Christian author to write systematically on free will, in a short treatise Peri autexousiou inserted in De principiis III.1 (preserved in G"
synthesis_amand1945_gorgias_first_moral_refutation__synthesis_amand1945_intro_stoic_integral_fatalism,synthesis,synthesis_amand1945_gorgias_first_moral_refutation,Amand 1945 — Gorgias (Éloge d'Hélène): first literary attestation of a moral refutation of fatalism,synthesis_amand1945_intro_stoic_integral_fatalism,Fatalisme intégral stoïcien (Amand 1945),0.25,0.08,<=0.3,synthesis_amand1945_intro_stoic_integral_fatalism,description_token_overlap,"Amand’s historiographical thesis (1945, p. 30-31): Gorgias’ « L'Éloge d'Hélène » constitutes, to Amand’s knowledge, ""the first literary attestation of a refutation of fatalism through recourse to mora","Amand’s 1945 thesis (Introduction §I.IV, p. 6-13): it was the Stoics who, broadening Heraclitus’ views on εἱμαρμένη, made determinism a cardinal doctrine and elevated εἱμαρμένη to the status of a cent"
scholarly_argument_crouzel_origen_s_conception_of_human_f_0__scholarly_argument_crouzel_platonism_and_free_will_2,argument,scholarly_argument_crouzel_origen_s_conception_of_human_f_0,Crouzel: Origen's true conception of freedom is not mere 'free choice' or the 'omnipotenc,scholarly_argument_crouzel_platonism_and_free_will_2,Crouzel: Platonism dominates Origen's conception of libre arbitre; Platonism is Origen's ,0.25,0.19,<=0.3,scholarly_argument_crouzel_platonism_and_free_will_2,label_token_overlap,"Origen's conception of human freedom vs. free will (libre arbitre) — Origen's true conception of freedom is not mere 'free choice' or the 'omnipotence du libre arbitre' often attributed to him, but ra","Crouzel: in Origen's reading (Contra Celsum), the doctrines that raise the soul from things here below to the beatitude awaiting it near God, and that teach contempt of the sensible as transitory so t"
scholarly_argument_boys_stones_2018_eph_hemin_not_free_will__scholarly_argument_boys_stones_middle_platonist_theory_of_fat_0,argument,scholarly_argument_boys_stones_2018_eph_hemin_not_free_will,"'eph' hēmin' is agent-autonomy, prejudicially translated 'free will' (Boys-Stones 2018)",scholarly_argument_boys_stones_middle_platonist_theory_of_fat_0,Boys-Stones: The traditional interpretation of 'hypothetical fate' as restricting fate's scop,0.25,0.17,<=0.3,scholarly_argument_boys_stones_2018_eph_hemin_not_free_will,label_token_overlap,"Methodological/terminological argument in the Notes to Ch. 12: the Greek for agent-autonomy is τὸ ἐφ' ἡμῖν, 'what is up to us,' a phrase Boys-Stones says is 'often prejudicially translated as freedom ","Middle Platonist theory of fate — The traditional interpretation of 'hypothetical fate' as restricting fate's scope to certain events while leaving human choices unfated is a misreading. Instead, Midd"
scholarly_argument_boys_stones_2018_myth_of_er_discarnate_indeterminacy__scholarly_argument_boys_stones_hypothetical_fate_ex_hypothese_3,argument,scholarly_argument_boys_stones_2018_myth_of_er_discarnate_indeterminacy,Myth of Er: possible indeterminist freedom only for the discarnate soul (Boys-Stones 2018),scholarly_argument_boys_stones_hypothetical_fate_ex_hypothese_3,Boys-Stones: The distinction is NOT about scope (some events fated vs. others not) but about ,0.25,0.14,<=0.3,scholarly_argument_boys_stones_2018_myth_of_er_discarnate_indeterminacy,label_token_overlap,"Boys-Stones' qualified, minority reading of the soul's choice of life (Republic 10, Myth of Er; sources H/K): while embodied human choice is causally determined, choices made by the soul ON ITS OWN ne",Hypothetical fate (ex hypotheseōs) vs. absolute fate — The distinction is NOT about scope (some events fated vs. others not) but about description: all events are 'en heimarmenēi' (within fate qua cau
scholarly_argument_boys_stones_2018_myth_of_er_discarnate_indeterminacy__scholarly_argument_boys_stones_middle_platonist_theory_of_fat_0,argument,scholarly_argument_boys_stones_2018_myth_of_er_discarnate_indeterminacy,Myth of Er: possible indeterminist freedom only for the discarnate soul (Boys-Stones 2018),scholarly_argument_boys_stones_middle_platonist_theory_of_fat_0,Boys-Stones: The traditional interpretation of 'hypothetical fate' as restricting fate's scop,0.25,0.16,<=0.3,scholarly_argument_boys_stones_2018_myth_of_er_discarnate_indeterminacy,label_token_overlap,"Boys-Stones' qualified, minority reading of the soul's choice of life (Republic 10, Myth of Er; sources H/K): while embodied human choice is causally determined, choices made by the soul ON ITS OWN ne","Middle Platonist theory of fate — The traditional interpretation of 'hypothetical fate' as restricting fate's scope to certain events while leaving human choices unfated is a misreading. Instead, Midd"
scholarly_argument_irwin_intellectualism_vs_anti_intell_1__scholarly_argument_irwin_method_in_history_of_ethics_2,argument,scholarly_argument_irwin_intellectualism_vs_anti_intell_1,"Irwin: Both intellectualist views (Socratic/Stoic, where belief alone determines choice",scholarly_argument_irwin_method_in_history_of_ethics_2,Irwin: Aims to expound views fully enough to show what can be said for and against them,0.25,0.08,<=0.3,scholarly_argument_irwin_intellectualism_vs_anti_intell_1,label_token_overlap,"Setting out the case of those who deny the Greeks a concept of the will ('derived from Gauthier', n. 8), Irwin distinguishes intellectualist theories (Socratic, Stoic: only belief about the better opt","method in history of ethics — Aims to expound views fully enough to show what can be said for and against them, not merely neutral exposition; actively defends, objects, and revises where appropriate;"
scholarly_argument_brouwer_hellenistic_origins_of_the_deb_2__scholarly_argument_brouwer_interaction_between_philosophy_1,argument,scholarly_argument_brouwer_hellenistic_origins_of_the_deb_2,Brouwer: The Hellenistic debate started with Stoics and Epicureans taking opposite positi,scholarly_argument_brouwer_interaction_between_philosophy_1,"Brouwer: The debate about fate, providence and freedom was developed not only within and ",0.25,0.19,<=0.3,scholarly_argument_brouwer_hellenistic_origins_of_the_deb_2,label_token_overlap,"Hellenistic origins of the debate — The Hellenistic debate started with Stoics and Epicureans taking opposite positions (determinism vs. libertarianism), with Academic Sceptics attacking both dogmatic","interaction between philosophy and religion on free will — The debate about fate, providence and freedom was developed not only within and between philosophical schools but also in interaction with 'r"
scholarly_argument_jewett_adam_s_sin_and_universal_death_0__scholarly_argument_jewett_christ_as_telos_of_the_law_2,argument,scholarly_argument_jewett_adam_s_sin_and_universal_death_0,Jewett: The passage's primary goal is not to set forth a doctrine of Adam's sin but to d,scholarly_argument_jewett_christ_as_telos_of_the_law_2,Jewett: Christ is the goal (τέλος) of the law as a means to righteousness for all who ha,0.25,0.09,<=0.3,scholarly_argument_jewett_adam_s_sin_and_universal_death_0,label_token_overlap,Adam's sin and universal death — The passage's primary goal is not to set forth a doctrine of Adam's sin but to demonstrate the scope of Christ's overflowing grace; death 'reigned' from Adam to Moses ,"Christ as telos of the law — Christ is the goal (τέλος) of the law as a means to righteousness for all who have faith. Israel's failure stems from not recognizing Christ as this goal, seeking instead "
scholarly_argument_frick_divine_transcendence_and_provi_4__scholarly_argument_frick_human_freedom_and_moral_evil_1,argument,scholarly_argument_frick_divine_transcendence_and_provi_4,Frick: Philo predicates God as provident in nature despite strict unknowability of God',scholarly_argument_frick_human_freedom_and_moral_evil_1,"Frick: For Philo, moral evil originates when the rational part of the soul (the mind, w",0.25,0.12,<=0.3,scholarly_argument_frick_divine_transcendence_and_provi_4,label_token_overlap,Faithful as written; only the page is wrong.,"human freedom and moral evil — For Philo, moral evil originates when the rational part of the soul (the mind, which is inherently free and knows good from evil) cannot resist assault by the senses and"
argument_aristotle_event_taxonomy__scholarly_argument_chamberlain_prohairesis_and_aristotelian_p_1,argument,argument_aristotle_event_taxonomy,Aristotelian Event Taxonomy (via Alexander De Fato),scholarly_argument_chamberlain_prohairesis_and_aristotelian_p_1,Chamberlain: Aristotle's ethical system is grounded in a bipartite division of the soul into ,0.25,0.11,<=0.3,argument_aristotle_event_taxonomy,description_token_overlap,"In De Fato 4-5 Alexander of Aphrodisias presents an Aristotelian division between events with no end and events for an end; among the latter he distinguishes natural processes, rational or deliberate ",prohairesis and Aristotelian psychology — Aristotle's ethical system is grounded in a bipartite division of the soul into rational and irrational parts; understanding prohairesis requires situating it
argument_furst_2022_critique_dihle_augustine_thesis__scholarly_argument_bobzien_to_eph_hemin_what_depends_on_u_4,argument,argument_furst_2022_critique_dihle_augustine_thesis,Critique de la thèse augusto-centrique de Dihle (Fürst 2022),scholarly_argument_bobzien_to_eph_hemin_what_depends_on_u_4,"Bobzien: For early Stoics, this was one-sided and causative, meaning 'that which happens ",0.25,0.14,<=0.3,scholarly_argument_bobzien_to_eph_hemin_what_depends_on_u_4,description_token_overlap,"Fürst 2022's polemical thesis (Zum Geleit p. 2 + Anm. 1): the dominant Augustine-centred perspective (Dihle 1982/1985; Warnach, Art. Freiheit; Rosenberger, Determinismus und Freiheit), which regards A","In §6.3.5 Bobzien separates two early Stoic concepts. 'What happens because of us' is 'one-sided' and 'causative': the 'we' names a necessary causal factor, and Chrysippus shows its compatibility with"
argument_bobzien_2001_b1_sea_battle_chrysippus_bivalence__scholarly_argument_o_keefe_swerve_and_collisions_swerve_a_6,argument,argument_bobzien_2001_b1_sea_battle_chrysippus_bivalence,Bobzien 2001 — Chrysippus accepts bivalence to ground causal determinism,scholarly_argument_o_keefe_swerve_and_collisions_swerve_a_6,O'Keefe: The swerve's role in preserving freedom from fate is not through providing indet,0.25,0.16,<=0.3,argument_bobzien_2001_b1_sea_battle_chrysippus_bivalence,description_token_overlap,"Reconstruction Bobzien 2001 §2.1 (p. 59-86): Chrysippus accepts bivalence without restriction for future propositions, unlike Aristotle (De Int. 9, the sea-battle argument), who appears to restrict it",Chapters 5-6 give O'Keefe's own view of the swerve. Ch. 5: with weight and collisions it answers Aristotelian sufficient-reason objections to Democritus; 'the swerve is needed as an explanatory archê 
argument_origen_diatribe_inversion__scholarly_argument_grant_irenaeus_synthesis_of_biblical_3,argument,argument_origen_diatribe_inversion,Origen's Diatribe Inversion (Com. Rm VII.16),scholarly_argument_grant_irenaeus_synthesis_of_biblical_3,Grant: Grant describes Irenaeus' theology as architecturally combining biblical columns,0.25,0.07,<=0.3,argument_origen_diatribe_inversion,description_token_overlap,"Exegetical technique to neutralize Rom 9:14-19. Structure: (1) Rom 9:14-19 APPEARS to teach determinism: ""not of him who wills... but of God who shows mercy"" (9:16); ""he hardens whom he wills"" (9:18).","Grant calls Irenaeus 'the most important Christian controversialist and theologian between the apostles and ... Origen', who combined the traditions of Asia Minor, Syria and Rome to refute the Gnostic"
argument_cylinder_analogy_chrysippus_k1l2m3n4__scholarly_argument_sorabji_infinite_power_impressed_trans_2,argument,argument_cylinder_analogy_chrysippus_k1l2m3n4,Cylinder Analogy (Internal vs. External Causation),scholarly_argument_sorabji_infinite_power_impressed_trans_2,Sorabji: Sorabji argues that Aristotle's physics and theology were transformed through th,0.25,0.17,<=0.3,argument_cylinder_analogy_chrysippus_k1l2m3n4,description_token_overlap,"The cylinder analogy distinguishes an external push or impression from the cylinder's or agent's internal nature. Sorabji 1980, pp. 80-83, separates Augustine, Donini and Frede readings of the argumen","Sorabji, ch. 9 'Infinite power impressed: the transformation of Aristotle's physics and theology' (pp. 181-199): traces an argument about infinite power begun by Aristotle and later connected with a C"
scholarly_argument_bobzien_epictetus_on_freedom_and_what__3__scholarly_argument_meyer_stoic_freedom_and_what_is_up_t_2,argument,scholarly_argument_bobzien_epictetus_on_freedom_and_what__3,Bobzien: Epictetus developed a conception of freedom (ἐλευθερία) and 'what depends on us',scholarly_argument_meyer_stoic_freedom_and_what_is_up_t_2,Meyer: The Stoics developed a compatibilist account of freedom: true freedom consists i,0.25,0.22,<=0.3,scholarly_argument_bobzien_epictetus_on_freedom_and_what__3,description_token_overlap,"Epictetus places in the class of things that depend on us 'primarily — or perhaps even exclusively — the ""use of impressions""', i.e. our assents and the impulses and beliefs that follow from assenting","Meyer's Appendix 1 separates two notions: the freedom (eleutheria) the Stoics attribute to the sage, contrasted with slavery and not with determinism, and 'what is up to us' (eph' hemin), disputed in "
scholarly_argument_dettwiler_moral_responsibility_and_commu_2__scholarly_argument_martin_josephus_use_of_heimarmene_to__0,argument,scholarly_argument_dettwiler_moral_responsibility_and_commu_2,Dettwiler: The exhortations in 1 Th 5:12-22 are directed toward concrete communal life and ,scholarly_argument_martin_josephus_use_of_heimarmene_to__0,Martin: Josephus uses heimarmene (fate/destiny) as the central criterion to differentiat,0.25,0.05,<=0.3,scholarly_argument_martin_josephus_use_of_heimarmene_to__0,description_token_overlap,"Dettwiler reads 1 Th 5:12-22 as a conclusive exhortation to a very young community, exposed to outside pressure, spiritually inexperienced and deprived of its founder (p. 11). Ecclesial unity is exper","Martin notes heimarmene occurs in only four passages of the Antiquities and that in XIII,171-3 (with XVIII,12-22 and Bell. II,162-6) Josephus makes attitude to heimarmene 'the single issue which disti"
argument_zingano_2014_alexander_liability_vs_possibility__scholarly_argument_nielsen_orthos_logos_as_psychic_perfec_0,argument,argument_zingano_2014_alexander_liability_vs_possibility,Zingano 2014 — Alexander's distinction between liability and possibility of acting otherwise,scholarly_argument_nielsen_orthos_logos_as_psychic_perfec_0,Nielsen: Aristotle's search for 'right reason' (orthos logos) in EN VI is not a search fo,0.25,0.08,<=0.3,argument_zingano_2014_alexander_liability_vs_possibility,description_token_overlap,"Zingano's scholarly argument (Destrée 2014 ch. 13): Alexander in De Fato §§ 26-29 distinguishes two senses of ""being able to act otherwise"": (1) the *liability* (in the strong sense) of being *capable",orthos logos as psychic perfection vs. reasoning process — Aristotle's search for 'right reason' (orthos logos) in EN VI is not a search for the 'right reasons' or 'right reasoning' that an expert pro
scholarly_argument_dettwiler_authorship_of_colossians_1__scholarly_argument_dettwiler_eschatology_of_colossians_0,argument,scholarly_argument_dettwiler_authorship_of_colossians_1,"Dettwiler: Adheres to the third option (deutero-Pauline, written after Paul's death by a di",scholarly_argument_dettwiler_eschatology_of_colossians_0,Dettwiler: Colossians presents a 'presentist eschatology' where believers are already spiri,0.25,0.21,<=0.3,scholarly_argument_dettwiler_authorship_of_colossians_1,description_token_overlap,"Among three options on Colossians' author (Paul himself; a close disciple authenticated by Paul during his lifetime, the 'secretary' hypothesis; composition after the Apostle's death by a disciple or ","eschatology of Colossians — Colossians presents a 'presentist eschatology' where believers are already spiritually resurrected in the present time of faith, with the future adding nothing qualitativel"
synthesis_amand1945_epilogue_literary__synthesis_dihle1982_lec4_paul_philo_implicit_will,synthesis,synthesis_amand1945_epilogue_literary,Bilan littéraire de l'épilogue Amand 1945 — combler une lacune historiographique,synthesis_dihle1982_lec4_paul_philo_implicit_will,Dihle 1982 Lect. IV — Paul et Philon : volonte implicite sans terme dedie,0.25,0.14,<=0.3,synthesis_amand1945_epilogue_literary,description_token_overlap,"First strand of Amand's concluding assessment (Amand 1945, p. 587-589). Amand claims three literary achievements: (1) to have elucidated and commented upon, by restoring them to their historical persp","Synthesis of the fourth lecture (Dihle 1982 p. 75-100 / md ll. 8073-8892). Core of the thesis. Paul (reading of Rom 7, Gal 5, 1 Cor) employs 'thelo' and 'ginosko' indiscriminately, without a term spec"
synthesis_frede2011_ch1_introduction__synthesis_frede2011_ch3_emergence_of_will_in_stoicism,synthesis,synthesis_frede2011_ch1_introduction,Ch. 1 Introduction — la notion de libre arbitre est technique et datable (Frede 2011),synthesis_frede2011_ch3_emergence_of_will_in_stoicism,Ch. 3 — Emergence of a notion of will in classical Stoicism (Frede 2011),0.25,0.17,<=0.3,synthesis_frede2011_ch3_emergence_of_will_in_stoicism,description_token_overlap;label_token_overlap,"Synthesis of Frede 2011 ch. 1 (p. 1-18): the notion of free will is not an ordinary belief that the Greeks would always have held (against Ross 1923 on Aristotle and 'the plain man's belief'), but a t","Summary of Frede 2011 ch. 3 (p. 31-48): Stoicism develops the first genuine notion of the will, but not yet that of free will. Conceptual architecture: (a) rejection of the Platonic-Aristotelian bipar"
synthesis_amand1945_cicero_ch2i_cadre__synthesis_amand1945_eus_witness_n4,synthesis,synthesis_amand1945_cicero_ch2i_cadre,Amand 1945 — Cadre Cicéron : transmetteur latin indirect du De fato carnéadien,synthesis_amand1945_eus_witness_n4,Amand 1945: Eusebius as the fourth Carneadean witness (PE VI.6),0.25,0.11,<=0.3,synthesis_amand1945_eus_witness_n4,description_token_overlap,"Amand 1945’s synthetic framework (p. 78-80, ll. 5159-5230) concerning Cicero’s role in the transmission of Carneades’ anti-fatalist argumentation. Amand’s position: Cicero is the 'Roman translator' wh","Amand synthesis: Eusebius constitutes the fourth canonical witness to the transmission of Carneades’ anti-fatalist moral argumentation—after Philo (witness no. 1, De providentia), Alexander of Aphrodi"
scholarly_argument_eskola_theodicy_in_paul_and_second_te_1__scholarly_argument_laato_determinism_and_divine_justice_2,argument,scholarly_argument_eskola_theodicy_in_paul_and_second_te_1,Eskola: The problem of theodicy (why God allows suffering/appears unfaithful) is central,scholarly_argument_laato_determinism_and_divine_justice_2,"Laato: In Jewish-Christian monotheistic tradition, the one God is regarded as basically",0.25,0.09,<=0.3,scholarly_argument_eskola_theodicy_in_paul_and_second_te_1,description_token_overlap,theodicy in Paul and Second Temple Judaism — The problem of theodicy (why God allows suffering/appears unfaithful) is central to Paul's predestinarian theology; Paul's solution involves apocalyptic es,"determinism and divine justice — In Jewish-Christian monotheistic tradition, the one God is regarded as basically loving but also as stern Almighty who rules the world and dispenses justice autonomous"
scholarly_argument_linjamaa_free_will_and_moral_accountabi_1__scholarly_argument_linjamaa_social_and_political_involveme_5,argument,scholarly_argument_linjamaa_free_will_and_moral_accountabi_1,Linjamaa: The Tripartite Tractate employs concepts of will (Greek: thelēma/boulē) and self,scholarly_argument_linjamaa_social_and_political_involveme_5,Linjamaa: The Tripartite Tractate reflects an attitude toward social and political involve,0.24,0.09,<=0.3,scholarly_argument_linjamaa_free_will_and_moral_accountabi_1,description_token_overlap;label_token_overlap,"Linjamaa (§3.6): TriTrac's ethical theory, unlike many early Christian systems, 'did not rest on the doctrine of free will'. As long as passion and false impressions rooted in matter are viable there ","Linjamaa (ch. 6): TriTrac's cosmogony reads as political commentary—material powers, 'love of glory' and 'lust for command' evoke third-century instability—but the oikonomia is not evil: the Logos' sy"
scholarly_argument_boys_stones_cyclical_recurrence_great_year_4__scholarly_argument_boys_stones_general_causal_principle_and_d_1,argument,scholarly_argument_boys_stones_cyclical_recurrence_great_year_4,Boys-Stones: Exact cyclical recurrence commits Platonists to General Causal Principle; only a,scholarly_argument_boys_stones_general_causal_principle_and_d_1,Boys-Stones: Middle Platonists accepted that every event has antecedent causes (General Causa,0.24,0.16,<=0.3,scholarly_argument_boys_stones_general_causal_principle_and_d_1,description_token_overlap;label_token_overlap,"Boys-Stones adduces the Platonist belief in exact cyclical recurrence (ps.-Plutarch, De fato 569A-C; Celsus apud Origen, Contra Celsum 5.21) as 'one extra piece of evidence' for his reading of hypothe","Boys-Stones finds 'no evidence that any Platonist of the period had any desire to deny the General Causal Principle in their efforts to save human autonomy' (p. 440). 'Within the cosmos, at least, the"
scholarly_argument_byerly_compatibilism_and_the_value_of_1__scholarly_argument_byerly_compatibilist_molinism_1,argument,scholarly_argument_byerly_compatibilism_and_the_value_of_1,Byerly: The theological determinist can affirm that causally determined free actions pro,scholarly_argument_byerly_compatibilist_molinism_1,Byerly: A theological determinist in Byerly's stipulative sense (who holds that all free,0.24,0.23,<=0.3,scholarly_argument_byerly_compatibilist_molinism_1,description_token_overlap;label_token_overlap,compatibilism and the value of free action — The theological determinist can affirm that causally determined free actions productive of virtue are genuinely free and may even exhibit the most valuable,"compatibilist Molinism — A theological determinist in Byerly's stipulative sense (who holds that all free actions are causally determined) can affirm a compatibilist Molinist view, unlike theological "
scholarly_argument_crawford_enochic_illicit_instruction_explains_two_domains__scholarly_argument_crawford_rejects_all_pharmacology_not_medicine_only_softly,argument,scholarly_argument_crawford_enochic_illicit_instruction_explains_two_domains,Crawford: Enochic illicit instruction explains Tatian's focus on astrology and pharmacology,scholarly_argument_crawford_rejects_all_pharmacology_not_medicine_only_softly,"Crawford: Tatian rejects pharmacology in all its forms, not merely pagan divine healing",0.24,0.14,<=0.3,scholarly_argument_crawford_rejects_all_pharmacology_not_medicine_only_softly,description_token_overlap;label_token_overlap,Crawford argues that 1 Enoch best explains why Tatian assigns precisely astrology and pharmacology a demonic origin: both correspond to forbidden expertise taught by fallen heavenly beings. The substa,"Crawford resists attempts to soften Tatian into a conventional early Christian acceptance of medicine. Although Tatian does not discuss diet or surgery, he rejects both harmful and healing compounds b"
scholarly_argument_bobzien_middle_platonists_on_contingen_7__scholarly_argument_boys_stones_justin_martyr_as_middle_platon_7,argument,scholarly_argument_bobzien_middle_platonists_on_contingen_7,Bobzien: Middle-Platonists contributed to the development by linking contingency (τὸ ἐνδε,scholarly_argument_boys_stones_justin_martyr_as_middle_platon_7,Boys-Stones: Implicitly acknowledges Justin Martyr (1 Apology 43) belongs to Middle Platonist,0.24,0.21,<=0.3,scholarly_argument_bobzien_middle_platonists_on_contingen_7,description_token_overlap;label_token_overlap,"On Bobzien's reconstruction, an 'Aristotle scholar' behind the Middle-Platonist common source — 'equally well a Peripatetic or a Platonist' (p. 148) — subordinated what depends on us to the contingent","Boys-Stones explicitly counts 'the Christian Justin' among the 'thinkers who provide evidence for the theory' of hypothetical fate, alongside Plutarch, Apuleius, Amelius and Alexander of Lycopolis (pp"
argument_hypothetical_fate_plut__scholarly_argument_boys_stones_2018_hypothetical_fate,argument,argument_hypothetical_fate_plut,Hypothetical Fate Argument (Pseudo-Plutarch),scholarly_argument_boys_stones_2018_hypothetical_fate,"Hypothetical fate: nothing fated absolutely, everything fated conditionally (Boys-Stones 2018)",0.24,0.15,<=0.3,argument_hypothetical_fate_plut,description_token_overlap;label_token_overlap,"Premise 1: Platonic fate decrees hypothetical/conditional truths (""IF soul sees truth THEN safe"")
Premise 2: Political law commands hypothetically (IF valor THEN honor, IF desertion THEN punishment)
P","Boys-Stones' interpretation of Platonist 'conditional/hypothetical' fate (G, H, J): the claim is NOT that human choices are indeterminate while their consequences are fixed. Rather, no individual subl"
scholarly_argument_junod_origen_critiques_church_through_knowledge_and_holiness__scholarly_argument_junod_peri_archon_programs_internal_systematic_inquiry,argument,scholarly_argument_junod_origen_critiques_church_through_knowledge_and_holiness,Junod: Origen relativizes external hierarchy by the internal hierarchy of knowledge and holiness,scholarly_argument_junod_peri_archon_programs_internal_systematic_inquiry,Junod: the preface to On First Principles programs an internal inquiry into doctrinal coherence,0.24,0.2,<=0.3,scholarly_argument_junod_origen_critiques_church_through_knowledge_and_holiness,description_token_overlap;label_token_overlap,"Junod connects Origen's theology to a critique of ecclesial complacency: an intellectual elite could escape clerical control, clergy are judged by knowledge and holiness rather than office alone, and ","Junod reads the preface to On First Principles as a decisive program for theology: clear apostolic affirmations and reasoned scriptural inquiry are to be articulated into one coherent body, while the "
scholarly_argument_narbonne_contemplative_demiurgy_and_cau_5__scholarly_argument_narbonne_soul_s_descent_and_moral_respo_2,argument,scholarly_argument_narbonne_contemplative_demiurgy_and_cau_5,Narbonne: Develops 'Plotinian contemplative demiurgy' as 'new type of causality' where pro,scholarly_argument_narbonne_soul_s_descent_and_moral_respo_2,Narbonne: Examines the 'partly undescended soul' (ἀμέθεξις) as a Plotinian concept develop,0.24,0.1,<=0.3,scholarly_argument_narbonne_contemplative_demiurgy_and_cau_5,description_token_overlap;label_token_overlap,"Study Five presents Plotinian 'contemplative demiurgy' (Enn. III.8) as 'a new type of causality': things 'naturally flow from one to another in a continuous flux', so generation 'is not based on refle","Study Two: the partly undescended soul, which guarantees the incarnate soul 'a direct and uninterrupted link with transcendent realities', is 'a transfer or, more precisely, a reformulation of a teach"
scholarly_argument_amand_de_mendieta_astrology_and_fatalism_in_anti_1__scholarly_argument_amand_de_mendieta_modern_non_fatalist_astrology_2,argument,scholarly_argument_amand_de_mendieta_astrology_and_fatalism_in_anti_1,Amand de Mendieta: Astrology in Greek and Christian antiquity was essentially and radically fatalis,scholarly_argument_amand_de_mendieta_modern_non_fatalist_astrology_2,"Amand de Mendieta: The author acknowledges the existence of modern conscientious, honest, and intel",0.24,0.27,<=0.3,scholarly_argument_amand_de_mendieta_astrology_and_fatalism_in_anti_1,description_token_overlap;label_token_overlap,"Amand: throughout Greek and Christian antiquity astrology was 'essentiellement et radicalement fataliste'; the theory of heimarmene and that of 'universal sympathy' formed its doctrinal basis, and abs","Modern non-fatalist astrology — The author acknowledges the existence of modern conscientious, honest, and intelligent astrologers who completely repudiate absolute fatalism and fully recognize human "
scholarly_argument_boys_stones_hypothetical_fate_ex_hypothese_3__scholarly_argument_boys_stones_justin_martyr_as_middle_platon_7,argument,scholarly_argument_boys_stones_hypothetical_fate_ex_hypothese_3,Boys-Stones: The distinction is NOT about scope (some events fated vs. others not) but about ,scholarly_argument_boys_stones_justin_martyr_as_middle_platon_7,Boys-Stones: Implicitly acknowledges Justin Martyr (1 Apology 43) belongs to Middle Platonist,0.24,0.16,<=0.3,scholarly_argument_boys_stones_justin_martyr_as_middle_platon_7,description_token_overlap;label_token_overlap,Hypothetical fate (ex hypotheseōs) vs. absolute fate — The distinction is NOT about scope (some events fated vs. others not) but about description: all events are 'en heimarmenēi' (within fate qua cau,"Boys-Stones explicitly counts 'the Christian Justin' among the 'thinkers who provide evidence for the theory' of hypothetical fate, alongside Plutarch, Apuleius, Amelius and Alexander of Lycopolis (pp"
scholarly_argument_scheck_christ_redemption_precedes_faith_baptism_and_can_be_rejected__scholarly_argument_scheck_commentary_unique_justification_source,argument,scholarly_argument_scheck_christ_redemption_precedes_faith_baptism_and_can_be_rejected,Scheck: Christ's independent redemptive act grounds justification received by faith and baptism,scholarly_argument_scheck_commentary_unique_justification_source,Scheck: Origen's Commentary on Romans is the exceptional sustained patristic source on justification,0.24,0.1,<=0.3,scholarly_argument_scheck_commentary_unique_justification_source,description_token_overlap;label_token_overlap,"Scheck stresses that Christ's redemptive sacrifice precedes and outweighs all human cooperation. Faith and baptism receive righteousness without antecedent merit, but preparation includes turning from",Scheck presents Origen's Commentary on Romans as exceptional among pre-Augustinian sources because it repeatedly analyzes justification rather than treating it only occasionally. His survey frames the
synthesis_frede2011_ch10_conclusion__synthesis_frede2011_ch4_later_platonist_peripatetic_contributions,synthesis,synthesis_frede2011_ch10_conclusion,Ch. 10 Conclusion — bilan et défense limitée de la notion antique (Frede 2011),synthesis_frede2011_ch4_later_platonist_peripatetic_contributions,Ch. 4 — Contributions platoniciennes et péripatéticiennes tardives (Frede 2011),0.24,0.22,<=0.3,synthesis_frede2011_ch4_later_platonist_peripatetic_contributions,description_token_overlap;label_token_overlap,Summary Frede 2011 ch. 10 (p. 175-178): Frede brings together his findings and answers his fourth initial question (is the ancient notion fundamentally flawed?). Conclusion: (1) free will emerges in l,"Summary of Frede 2011 ch. 4 (p. 49-65): between Carneades and Plotinus, Platonists (Numenius, Calcidius, Porphyry, Plotinus) and Peripatetics (Aspasius, Alexander) adopt the Stoic pair impression-asse"
synthesis_frede2011_ch10_conclusion__synthesis_frede2011_ch6_platonist_peripatetic_criticisms,synthesis,synthesis_frede2011_ch10_conclusion,Ch. 10 Conclusion — bilan et défense limitée de la notion antique (Frede 2011),synthesis_frede2011_ch6_platonist_peripatetic_criticisms,Ch. 6 — Alexandre d'Aphrodise et la dérive libertarienne (Frede 2011),0.24,0.21,<=0.3,synthesis_frede2011_ch6_platonist_peripatetic_criticisms,description_token_overlap;label_token_overlap,Summary Frede 2011 ch. 10 (p. 175-178): Frede brings together his findings and answers his fourth initial question (is the ancient notion fundamentally flawed?). Conclusion: (1) free will emerges in l,"Summary Frede 2011 ch. 6 (p. 89-101): Platonists and Peripatetics adopt the Stoic notion, accepting it in part, but rejecting the providential determinism that accompanies it. The trajectory is as fol"
argument_augustines_early_antimanichean_argument_de_libero_arbitrio_debb866c__scholarly_argument_bonaiuti_augustine_s_doctrine_of_origin_0,argument,argument_augustines_early_antimanichean_argument_de_libero_arbitrio_debb866c,Augustine's Early Anti-Manichean Argument (De Libero Arbitrio),scholarly_argument_bonaiuti_augustine_s_doctrine_of_origin_0,"Bonaiuti: Augustine's early view (De libero Arbitrio, 394-395) held that Adam and Eve had ",0.24,0.28,<=0.3,argument_augustines_early_antimanichean_argument_de_libero_arbitrio_debb866c,description_token_overlap;label_token_overlap,"In De Libero Arbitrio (begun c. 387/388 in Rome, completed c. 391/395 in Hippo), Augustine develops a comprehensive response to the Manichean challenge unde malum — whence evil? — which had tormented ","Augustine's doctrine of original sin and free will — Augustine's early view (De libero Arbitrio, 394-395) held that Adam and Eve had ethereal bodies transformed into fleshly bodies through sin, but th"
scholarly_argument_blackson_e_vs_d_object_of_choice__scholarly_argument_frede_stoic_origin_of_the_will_2,argument,scholarly_argument_blackson_e_vs_d_object_of_choice,"Blackson: Frede mis-specifies the object of choice — adults choose to EXERCISE the ability to use impressions (E), not choose to ASSENT (D); on E, the early Stoics probably already had a notion of a will",scholarly_argument_frede_stoic_origin_of_the_will_2,Frede: The Stoics developed the first notion of a will through their theory of assent (,0.24,0.21,<=0.3,scholarly_argument_frede_stoic_origin_of_the_will_2,description_token_overlap;label_token_overlap,Blackson ASSERTS that Frede's 'minimum belief' for a Stoic notion of a will misidentifies the object of choice. Frede's proposition D: adults choose to assent to impulsive impressions. Blackson's prop,Stoic origin of the will — The Stoics developed the first notion of a will through their theory of assent (synkatathesis) to impressions (phantasiai); Epictetus's prohairesis becomes the locus of mora
argument_gregory_contrafatum_diversity_destinies_amand1945__argument_pseudo_chrysostom_de_fato_v_apologetic_amand1945,argument,argument_gregory_contrafatum_diversity_destinies_amand1945,Gregory of Nyssa CF — diversity of destinies contradicts the omnipotence of heimarmene,argument_pseudo_chrysostom_de_fato_v_apologetic_amand1945,Pseudo-Chrysostom De Fato V — heimarmene comme barbarie injuste,0.24,0.05,<=0.3,argument_gregory_contrafatum_diversity_destinies_amand1945,description_token_overlap;label_token_overlap,"Gregory's argument in the Contre le Destin (PG 45, 157 AC + 157 C — 160 A). If every astral influence is endowed with an unbreakable power, all human beings should equally be kings, happy, rich, and a","Pseudo-Chrysostom’s argument in Discourse V (8th argument according to Amand, PG 50, 767-768): heimarmene is doubly absurd and barbarous—it compels human beings towards vice, then demands their punish"
argument_carter_2024_post_an_212_retro_truth_denied__scholarly_argument_donini_aristotle_s_principle_of_corre_0,argument,argument_carter_2024_post_an_212_retro_truth_denied,Carter: Posterior Analytics 2.12 shows Aristotle denies Retro-Truth (extra-textual evidence),scholarly_argument_donini_aristotle_s_principle_of_corre_0,Donini: Aristotle consistently holds a principle of truth as conformity of statements to,0.24,0.28,<=0.3,argument_carter_2024_post_an_212_retro_truth_denied,description_token_overlap;label_token_overlap,"Carter's strongest extra-textual argument: in Posterior Analytics 2.12 Aristotle holds that of causally related but non-simultaneous events, in the interval after cause A occurs but before effect C oc","Aristotle's principle of correspondence (logoi to pragmata) — Aristotle consistently holds a principle of truth as conformity of statements to extralinguistic reality, where logoi are causally depende"
argument_carneadean_anti_teleology_cosmos_amand1945__scholarly_argument_boys_stones_primary_concern_problem_of_evi_5,argument,argument_carneadean_anti_teleology_cosmos_amand1945,Argument carnéadien anti-téléologie cosmique et anti-théologie stoïcienne,scholarly_argument_boys_stones_primary_concern_problem_of_evi_5,"Boys-Stones: Platonists' main target was Stoic theology and the problem of evil, not primaril",0.24,0.05,<=0.3,scholarly_argument_boys_stones_primary_concern_problem_of_evi_5,description_token_overlap;label_token_overlap,"Carneadean argument briefly isolated by Amand (1945, p. 45, Intro §II ch. II §III in fine) among Carneades’ “physical” theses. Amand’s formulation: “In ‘physics’ he raises the serious question of the ",Boys-Stones holds that Platonists of the period wanted to 'save human ownership of their actions' (p. 441) and that their arguments against Stoic fate are 'essentially ad hominem': not that autonomy a
scholarly_argument_engberg_pedersen_progression_and_moral_developm_3__scholarly_argument_moller_augustine_target_plausible_not_decisive,argument,scholarly_argument_engberg_pedersen_progression_and_moral_developm_3,Engberg-Pedersen: Both Paul and the Stoics employ a model of ethical progression (prokopē) where i,scholarly_argument_moller_augustine_target_plausible_not_decisive,"Møller: Augustine may target Origen's cooperation model, but the reception claim is not decisive",0.24,0.1,<=0.3,scholarly_argument_moller_augustine_target_plausible_not_decisive,description_token_overlap;label_token_overlap,"Not verifiable in the fonds: the extraction contains only the first page of ch. 4 (p. 81) and nothing of p. 82; no mention of prokopē, of the sophos/prokoptontes distinction or of Phil 3:12-14. The ne","Møller finds it plausible that Augustine's anti-Pelagian rejection of a human purpose responds negatively to Origen's Commentary on Romans, but he refuses certainty because several Greek and Latin sou"
argument_eastman_2017_epictetus_prohairesis_inner_freedom_contrast__argument_eastman_2017_sin_not_decision_self_determining_individuals,argument,argument_eastman_2017_epictetus_prohairesis_inner_freedom_contrast,Eastman: Epictetus as the foil — inner freedom of the prohairesis vs Paul,argument_eastman_2017_sin_not_decision_self_determining_individuals,Eastman: sin is not a decision of self-determining individuals but a relational power,0.24,0.12,<=0.3,argument_eastman_2017_epictetus_prohairesis_inner_freedom_contrast,description_token_overlap;label_token_overlap,In Part 1 Eastman uses Epictetus as the primary ancient interlocutor and foil. For Epictetus the self is secured by an inviolable inner faculty of choice (prohairesis) that no external power can touch,"Eastman reframes sin (and thus moral responsibility) relationally: 'Sin is thus not a decision made by self-determining individuals, but rather a socially mediated power greater than human beings yet "
scholarly_argument_moore_josephus_s_philosophical_frami_3__scholarly_argument_moore_josephus_s_reliability_on_esse_0,argument,scholarly_argument_moore_josephus_s_philosophical_frami_3,Moore: Josephus deliberately presents Jewish sects using Greek philosophical categories,scholarly_argument_moore_josephus_s_reliability_on_esse_0,Moore: Josephus's attribution of thoroughgoing fatalism to the Essenes is inconsistent ,0.24,0.12,<=0.3,scholarly_argument_moore_josephus_s_philosophical_frami_3,description_token_overlap;label_token_overlap,"Moore holds that Heimarmene in its Stoic definition had no Hebrew equivalent and 'was a conception alien to all Jewish thinking'; Jewish determinism 'was theological, not philosophical'. How Josephus ",Josephus's reliability on Essene fatalism — Josephus's attribution of thoroughgoing fatalism to the Essenes is inconsistent with other evidence about them and likely reflects Greek philosophical frami
scholarly_argument_boys_stones_2018_secondary_tertiary_providence__scholarly_argument_boys_stones_general_causal_principle_and_d_1,argument,scholarly_argument_boys_stones_2018_secondary_tertiary_providence,Providence by proxy: secondary (world soul) and tertiary (daimons/humans) providence (Boys-Stones 2018),scholarly_argument_boys_stones_general_causal_principle_and_d_1,Boys-Stones: Middle Platonists accepted that every event has antecedent causes (General Causa,0.24,0.13,<=0.3,scholarly_argument_boys_stones_2018_secondary_tertiary_providence,description_token_overlap;label_token_overlap,"Boys-Stones' reconstruction of the Platonist transmission of providence (Ch. 11, sources A, B, E, F, G): providence can be exercised 'by proxy.' The world soul is the true agent of god's care, exercis","Boys-Stones finds 'no evidence that any Platonist of the period had any desire to deny the General Causal Principle in their efforts to save human autonomy' (p. 440). 'Within the cosmos, at least, the"
scholarly_argument_craig_newcomb_s_paradox_4__scholarly_argument_craig_tensed_theory_of_time_a_theory_5,argument,scholarly_argument_craig_newcomb_s_paradox_4,"Craig: Craig examines Newcomb's paradox and its theological implications, arguing that ",scholarly_argument_craig_tensed_theory_of_time_a_theory_5,"Craig: Craig defends the A-theory of time (tensed, presentist or growing-block theory) ",0.24,0.12,<=0.3,scholarly_argument_craig_newcomb_s_paradox_4,description_token_overlap;label_token_overlap,"Craig (ch. X): in Nozick's original conditions the predictor does not use precognition, but once the Being is God, whose prediction rests on foreknowledge, a logically demonstrative argument (Planting","Craig favours the A-theory of time over the B-theory, giving only 'a few cursory remarks' (the A-theory captures our intuitions about the sequential nature and transience of time; the B-theory 'spatia"
scholarly_argument_crouzel_origen_s_relationship_to_greek_0__scholarly_argument_crouzel_spiritual_progress_from_image__3,argument,scholarly_argument_crouzel_origen_s_relationship_to_greek_0,Crouzel: Origen was not a philosopher but a theologian who subordinated philosophy to Chr,scholarly_argument_crouzel_spiritual_progress_from_image__3,Crouzel: Sin covers the selon-l'image with diabolic or bestial images; through redemption,0.24,0.23,<=0.3,scholarly_argument_crouzel_origen_s_relationship_to_greek_0,description_token_overlap;label_token_overlap,"Crouzel (1962, p. 11): against de Faye and Hal Koch, Origen, though possessing a considerable philosophical culture which he constantly uses, 'n'est philosophe ni par son but ni par sa méthode'. A pur","Spiritual progress from image to likeness and moral agency — Sin covers the selon-l'image with diabolic or bestial images; through redemption, penance, imitation of God, contemplation, and reception o"
scholarly_argument_denzey_lewis_lucretian_critique_of_divine_d_7__scholarly_argument_denzey_lewis_pauline_exegesis_and_cosmic_en_3,argument,scholarly_argument_denzey_lewis_lucretian_critique_of_divine_d_7,Denzey Lewis: The epigraph from Lucretius (De rerum natura 5.198-199) frames the book's themat,scholarly_argument_denzey_lewis_pauline_exegesis_and_cosmic_en_3,Denzey Lewis: Pauline concept of 'body of death' represents cosmic malevolence and enslavement,0.24,0.11,<=0.3,scholarly_argument_denzey_lewis_lucretian_critique_of_divine_d_7,description_token_overlap;label_token_overlap,"The book's dedication page carries, without comment, the epigraph Lucretius, De rerum natura 5.198-199 ('Nequaquam nobis divinitus esse paratam. Naturam rerum; tanta stat praedita culpa') with the Eng","Diverging from the majority of scholars, Denzey Lewis asserts that cosmic pessimism in second- to fourth-century Christianity (particularly, though not exclusively, 'Gnostic' Christianity) finds its r"
