edge_id,translation_id,original_id,translation_label,original_label,p_same_content,coverage_choice,original_excerpt,translation_excerpt
0e5ef4cf-f770-457e-9bed-28d8e949630b,sc123_melito_peri_pascha_chap29_en,sc123_melito_peri_pascha_chap29,"Melito, PP 29 (English)","Melito, PP 29",0.01,not_translation,"Ἦν δὲ θεάσασθαι φοβερὸν θέαμα, τῶν Αἰγυπτίων μη-τέρας λυσικόμους, πατέρας λυσίφρονας, δεινὸν ἀνακω-κύοντας τῇ Αἰγυπτιακῇ φωνῇ · « Δυστυχεῖς ἠτεκνώμεθα ὑπὸ μίαν ῥοπὴν ἀπὸ τοῦ πρωτοτ","For instead of the lamb there was a Son, and instead of the sheep a Man, and in the Man, Christ, who has encompassed all things."
bd0b8904-4d70-4815-80fa-efd8f7cd2e30,sc123_melito_peri_pascha_chap34_en,sc123_melito_peri_pascha_chap34,"Melito, PP 34 (English)","Melito, PP 34",0.01,not_translation,"Τί [τοῦτο τὸ και]νὸν μυστήριον, [Αἴγυπ]τον μὲ[ν πατα]χθῆναι εἰς ἀπώλ[ειαν], [τὸν] δὲ Ἰ[σραὴλ φυλα]χθῆναι εἰς σωτη[ρίαν] ; [Ἀκούσατε τὴν δύ]ναμιν τοῦ μυσ[τηρίου].","This is Jesus the Christ, to whom be glory forever and ever. Amen."
170ae627-1252-44cf-841d-5b2e811ee7f8,sc123_melito_peri_pascha_chap48_en,sc123_melito_peri_pascha_chap48,"Melito, PP 48 (English)","Melito, PP 48",0.01,not_translation,"Ὁ δὲ ἄνθρωπος φύσει δεκτικὸς ὢν ἀγαθοῦ καὶ πονη-ροῦ, ὡσεὶ βῶλος γῆς ἑκατέρωθεν σπερμάτων, ἐδέξατο τὸν ἐχθρὸν καὶ λίχνον σύμβουλον, καὶ προσαψάμενος τοῦ ξύ-λου παρέβη τὴν ἐντολὴν κα","The narrow inheritance was precious, but now it is worthless because of the breadth of grace (charis). For not in one place alone, nor in a narrow plot, has the glory of God been e"
1e67392d-b5b1-4469-8252-d9822afc5b42,sc123_melito_peri_pascha_chap49_en,sc123_melito_peri_pascha_chap49,"Melito, PP 49 (English)","Melito, PP 49",0.01,not_translation,"Τούτου δὲ πολυχόου καὶ πολυχρονίου γενομένου, διὰ τῆς τοῦ ξύλου γεύσεως καὶ εἰς γῆν χωρήσαντος, κατε-λείφθη ὑπ' αὐτοῦ κληρονομία τοῖς τέκνοις αὐτοῦ. Κατέλιπεν γὰρ τοῖς τέκνοις κληρ","And there the almighty God has made his dwelling, through Christ Jesus, to whom be glory forever and ever. Amen."
bdd00630-021f-4bd9-a385-83ed42408f09,sc123_melito_peri_pascha_chap52_en,sc123_melito_peri_pascha_chap52,"Melito, PP 52 (English)","Melito, PP 52",0.01,not_translation,"Πάντες οὖν οἱ μὲν ἀνθρω[ποκ]τόνοι, οἱ δὲ ἀδελφοκτό-νοι, οἱ δὲ πατροκτόνοι, οἱ δὲ τεκνο[κτόνοι] ἐπὶ τῆς γῆς ἐγενήθησαν. Τὸ δ[ὲ φοβερώτε]ρον καὶ καινότερον [ηὑρίσκετο. Μή]τηρ τις ἥπτ","God, having made the heavens and the earth and everything in them in the beginning, fashioned humanity from the earth and breathed into that form his own breath. He set him in para"
ca11cfec-b7df-463d-8212-aa1b39db2bde,sc123_melito_peri_pascha_chap50_en,sc123_melito_peri_pascha_chap50,"Melito, PP 50 (English)","Melito, PP 50",0.01,not_translation,Καινὴ δὲ καὶ φοβερὰ ἡ τῶν ἀνθρώπων ἐπὶ τῆς γῆς ἐ-γίνετο ἀπωλεια. Τάδε γὰρ συνέβαινεν αὐτοῖς · ἀνηρπάζον-το ὑπὸ τῆς τυραννικῆς ἁμαρτίας καὶ ἤγοντο εἰς τοὺς χώρους τῶν ἐπιθυμιῶν ἐν ο,Now you have already heard the account of the type (typos) and its correspondence. Hear also the construction of the mystery (mysterion). What is the Passover (pascha)? Its name is
603d663c-80c6-4a0f-ba74-4a1c214ef6a3,sc123_melito_peri_pascha_chap53_en,sc123_melito_peri_pascha_chap53,"Melito, PP 53 (English)","Melito, PP 53",0.01,not_translation,"Οὐκέτι [προσλαλῶ. Π]ολλὰ δὲ καὶ ἕτερα ξένα καὶ φ[οβε]-[ρώτερα καὶ ἀσελγέστερα ἐ]ν τοῖς ἀνθρώποις ηὑρίσκετο. Πα[τὴρ ἐπὶ π]αιδὸς κοιτὴν, καὶ υἱὸς ἐπὶ μητρὸς, καὶ ἀδελφὸ[ς ἐπὶ ἀ]δελφῆ","And he gave him a commandment (entole) through a law: eat of every tree that is in paradise, but of the tree of knowledge of good and evil you shall not eat. For on the day you eat"
db061232-1bf4-424c-ba56-015a14a4f64b,sc123_melito_peri_pascha_chap62_en,sc123_melito_peri_pascha_chap62,"Melito, PP 62 (English)","Melito, PP 62",0.01,not_translation,Ὁ δὲ Δαυὶδ εἶπεν · « Ἵνα τί ἐφρύαξαν ἔθνη καὶ λαοὶ ἐμελέτησαν κενά ; Παρέστησαν οἱ βασιλεῖς τῆς γῆς καὶ οἱ ἄρχοντες συνήχθησαν ἐπὶ τὸ αὐτὸ κατὰ τοῦ κυρίου καὶ κατὰ τοῦ Χριστοῦ αὐτο,"Listen, all families of the nations, and see! An unprecedented murder has occurred in the midst of Jerusalem. And who has been murdered? And who is the murderer? I am ashamed to sa"
f0aa1548-20d3-4bfc-87d3-565c0c1b6cd1,sc123_melito_peri_pascha_chap67_en,sc123_melito_peri_pascha_chap67,"Melito, PP 67 (English)","Melito, PP 67",0.01,not_translation,"Οὗτος γὰρ ὡς ἀμ[νὸς] ἀχθεὶς καὶ ὡς πρόβατον σφαγεί[ς], [ἐλυ]τρώσατο ἡμᾶς ἐκ τῆς τοῦ κόσμο[υ λατρεί]ας ὡς ἐκ γῆς Αἰγύπτου, καὶ ἔλυσεν ἡ[μᾶς] ἐκ τῆς τοῦ διαβόλου δουλείας ὡς ἐκ χε[ιρ","Not the body of the Lord did it darken, but the eyes of humanity. For when the people trembled not, the earth trembled; when the people was not afraid, the heavens were afraid; whe"
f8a525fb-e0c0-40e9-8a68-2bbf655fe50f,sc123_melito_peri_pascha_chap87_en,sc123_melito_peri_pascha_chap87,"Melito, PP 87 (English)","Melito, PP 87",0.01,not_translation,"Ἀχάριστε Ἰσραήλ, δεῦρο, καὶ κρίθητι πρός με περὶ τῆς ἀχαριστίας σου. Πόσου ἀνετιμήσω τὸ ὑπ' αὐτοῦ καθοδηγηθῆναι ; Πόσου ἀνετιμήσω τὴν τῶν πατέρων σου ἀνεύρεσιν ; Πόσου ἀνετιμήσω τὴ","Listen, all families of the nations, and see! An unprecedented murder has occurred in the midst of Jerusalem, in the city of the Law, in the city of the Hebrews, in the city of the"
f21e3a25-f9a2-422a-bd03-0fbbb286b971,sc123_melito_peri_pascha_chap93_en,sc123_melito_peri_pascha_chap93,"Melito, PP 93 (English)","Melito, PP 93",0.01,not_translation,"Τοιγαροῦν πικρά σοι ἡ τῶν ἀζύμων ἑορτή, καθώς σοι γέγραπ[ται] · « Ἔδεσθε ἄζυμα μετὰ πικρίδων. » [Πι]κροί σοι ἧλοι οὓς ὤξυνας, Πικρά σοι [γλῶσ]σα ἣν παρώξυνας. Πικροί σοι ψευδο[μάρ]","I bound the strong one and snatched humankind away to the heights of the heavens. I, he says, am the Christ. [fragmentary]"
4f81a0b7-1591-4c18-a9ef-b1f667710880,sc123_melito_peri_pascha_chap94_en,sc123_melito_peri_pascha_chap94,"Melito, PP 94 (English)","Melito, PP 94",0.01,not_translation,"Ἀκούσατε πᾶσαι αἱ πατ[ριαὶ τῶν ἐθ]νῶν καὶ ἴδετε · [Καινὸς φόνος γ]έγονεν ἐν μέσῳ Ἰ[ερουσαλήμ], [ἐν πόλει νομικῇ], [ἐν πόλει Ἑβραϊκῇ], [ἐν πόλει προφητικῇ], [ἐν πόλει δικαίᾳ νομιζομ","Come, therefore, all families of humankind, defiled by sins, and receive forgiveness of sins. For I am your forgiveness, I the Passover (pascha) of salvation, the lamb slain for yo"
dd21b329-0e60-4be0-baf9-0a753d4fad08,sc123_melito_peri_pascha_chap98_en,sc123_melito_peri_pascha_chap98,"Melito, PP 98 (English)","Melito, PP 98",0.01,not_translation,Καὶ γὰρ τοῦ λαοῦ μὴ τρέμοντος ἔτρεμεν ἡ γῆ. Τοῦ λαοῦ μὴ φοβηθέντος ἐφοβήθησαν οἱ οὐρανοί. Τοῦ λαοῦ μὴ περιεσχισμένου περιεσχίσατο ὁ ἄγγελος. Τοῦ λαοῦ μὴ κωκύσαντος « ἐβρόντησεν ἐξ ,"He is the Alpha and the Omega. He is the beginning and the end -- an inexpressible beginning and an incomprehensible end. He is the Christ. He is the king. He is Jesus, the command"
778a9226-4fb3-4d4b-9de3-79202a2ad791,sc123_melito_peri_pascha_chap88_en,sc123_melito_peri_pascha_chap88,"Melito, PP 88 (English)","Melito, PP 88",0.01,not_translation,Πόσου ἀνετιμήσω τὰς δέκα πληγάς ; Πόσου ἀνετιμήσω τὸν νυκτερινὸν στῦλον καὶ τὴν ἡμερινὴν νεφέλην καὶ τὴν δι' Ἐρυθρᾶς διάβασιν ; Πόσου ἀνετιμήσω τὴν ἐξ οὐρανοῦ μαννοδοσίαν καὶ τὴν ἐ,"And who has been murdered? Who is the murderer? I am ashamed to say and I am compelled to speak. For if the murder had occurred at night, or if he had been slain in a desert place,"
23f81559-b651-49bf-a3b2-72a1c932e0ad,sc136_origenes_contra_celsum_iii_par34_a_en,sc136_origenes_contra_celsum_iii_par34_a,CC III 34_a (English),CC III 34_a,0.01,not_translation,"Μετὰ ταῦτα παραπλήσιον ἡμᾶς οἴεται πεποιηκέναι τόν, ὥς φησιν ὁ Κέλσος, ἁλόντα καὶ ἀποθανόντα θρησκεύοντας τοῖς Γέταις σέβουσι τὸν Ζάμολξιν καὶ Κίλιξι τὸν Μόψον καὶ Ἀκαρνᾶσι τὸν Ἀμφ","But Celsus demands that we believe in these things, yet says that Jesus, 'having gathered around him ten or twenty from among tax-collectors and sailors, the most wicked of men, is"
f39bb148-ab9f-40a4-83f6-34647d573b3c,sc136_origenes_contra_celsum_iii_par67_en,sc136_origenes_contra_celsum_iii_par67,CC III 67 (English),CC III 67,0.01,not_translation,"67. Εἰκὸς δ' αὐτὸν τοιοῦτον βούλεσθαι δηλοῦν, ὅτι τοὺς πρὸς τὰ τοιάδε ἁμαρτήματα καὶ γινόμενα ὑπὸ τῶν ἐξωλεσ-τάτων οὐ μόνον πεφυκότας ἀλλὰ καὶ εἰθισμένους οὐδεὶς ἂν οὐδὲ κολάζων πά","67. Furthermore, the Jew in Celsus objects to those who have believed in Jesus, saying: 'What made you abandon the law of your fathers? Being deceived by him whom we have just addr"
2a2cb8a7-d4e9-4247-ad5d-d8f6ad9aee22,sc136_origenes_contra_celsum_iii_par66_en,sc136_origenes_contra_celsum_iii_par66,CC III 66 (English),CC III 66,0.01,not_translation,"66. Καὶ ἐν τούτοις δ' ὁ Κέλσος πάνυ μοι ἐσφάλθαι δοκεῖ, μὴ διδοὺς τοῖς ἁμαρτάνειν πεφυκόσι καὶ τοῦτο πράττειν εἰθισμένοις τὴν παντελῆ μεταβολήν, ὅστις οὐδ' ἀπὸ κολάσεων αὐτοὺς οἴετ","66. After this, the Jew of Celsus says to those who believe: 'How is it that you take your origin from our religion (threskeia), and then, as if you were progressing in knowledge ("
4e3c5e11-33a0-44f6-b3a9-f78a2857ffec,sc136_origenes_contra_celsum_iii_par70_en,sc136_origenes_contra_celsum_iii_par70,CC III 70 (English),CC III 70,0.01,not_translation,"70. Εἶτα ἀνθυποφέρει ὡσπερεὶ λεγόμενον ὑφ' ἡμῶν τὸ δυνήσεται πάντα ὁ θεός, οὐδὲ τοῦθ' ὁρῶν πῶς λέλεκται, καὶ τίνα πάντα ἐν τούτῳ παραλαμβάνονται, καὶ πῶς δύναται. Περὶ ὧν οὐκ ἀναγκ","70. The Jew in Celsus then says: 'Not long ago -- just yesterday or the day before -- when we punished this man who deceived you, you abandoned the law of the fathers.' In response"
ed0044b5-fdb4-4ed6-bb75-9a52cdbe8e37,sc136_origenes_contra_celsum_iii_par71_en,sc136_origenes_contra_celsum_iii_par71,CC III 71 (English),CC III 71,0.01,not_translation,"71. Μετὰ ταῦτα δὲ αὑτῷ λαμβάνει τὸ μὴ διδόμενον ὑπὸ τῶν λογικώτερον πιστευόντων, τάχα ὑπό τινων ἀνοήτων νομιζόμενον, ὡς ἄρα ὁμοίως τοῖς οἴκτῳ δουλεύουσι δουλεύσας οἴκτῳ τῶν οἰκτιζο","71. Next, Celsus's Jew says: 'Why do you seek yet another origin? For you, after enlarging our wisdom and being thought worthy of some further knowledge, became separated, and, hav"
0586b67a-7f5f-4015-862f-db6081bc11d2,sc136_origenes_contra_celsum_iii_par72_en,sc136_origenes_contra_celsum_iii_par72,CC III 72 (English),CC III 72,0.01,not_translation,"72. Εἶτα ὡς ἐκ προσώπου τοῦ διδάσκοντος τὸν ἡμέτερον λόγον τοιαῦτά φησιν · Οἱ σοφοὶ γὰρ ἀποτρέπονται τὰ ὑφ'ἡμῶν λεγόμενα, ὑπὸ τῆς σοφίας πλανώμενοι καὶ παραπο-διζόμενοι. Φήσομεν οὖ","72. Then Celsus says, through his Jewish character: 'If someone predicted to you that the Son of God would come among men, this was our prophet and he was a prophet of our God. Mos"
c040d541-44f7-4947-9708-0987ee95bd0f,sc136_origenes_contra_celsum_iii_par74_en,sc136_origenes_contra_celsum_iii_par74,CC III 74 (English),CC III 74,0.01,not_translation,74. Ἐγκαλεῖ δὲ τῷ διδάσκοντι καὶ ὡς ἀνοήτους ζητοῦντι. Πρὸς ὃν εἴποιμεν ἄν · τίνας λέγεις τοὺς ἀνοήτους ; Κατὰ γὰρ τὸ ἀκριβὲς πᾶς φαῦλος ἀνόητός ἐστιν. Εἰ τοίνυν λέγεις ἀνοήτους το,"74. Then Celsus's Jew accuses Jesus of not showing himself to be God, and says that he performed none of the things he promised, and that even when convicted and condemned, though "
0f4076a1-7c08-444b-ab48-02df06cd95f9,sc136_origenes_contra_celsum_iii_par76_en,sc136_origenes_contra_celsum_iii_par76,CC III 76 (English),CC III 76,0.01,not_translation,"76. Καὶ δεύτερον δὲ φέρει καθ' ἡμῶν παράδειγμα φάσκων ὅμοιον ποιεῖν τὸν ἐν ἡμῖν διδάσκαλον, <ὡς> εἴ τις μεθύων εἰς μεθύοντας παριὼν κακηγορεῖ τοὺς νήφοντας ὡς μεθύοντας. Παραστησάτ","76. After this, Celsus's Jew says: 'These things are what we charge him with: first, that he forged his birth from a virgin; secondly, that he came from a village in Judea; thirdly"
a896bf87-5c22-48a8-92a5-baf643a9c9b4,sc136_origenes_contra_celsum_iii_par77_en,sc136_origenes_contra_celsum_iii_par77,CC III 77 (English),CC III 77,0.01,not_translation,"77. Μετὰ ταῦτ' ἐξομοιοῖ τὸν μὲν διδάσκοντα ὀφθαλμιῶντι τοὺς δὲ μανθάνοντας ὀφθαλμιῶσι καί φησι τοῦτον ἐπὶ τῶν ὀφθαλμιώντων αἰτιᾶσθαι τοὺς ὀξὺ βλέποντας ὡς πεπηρω-μένους. Τίνες οὖν,","77. Then Celsus puts forward the objection: 'Why, being God, did he not at least deliver himself from this shame? And why, if truly divine, did he not manifest himself plainly rath"
c3408cb0-2b0e-4620-a203-213f60852a5a,sc136_origenes_contra_celsum_iii_par80_en,sc136_origenes_contra_celsum_iii_par80,CC III 80 (English),CC III 80,0.01,not_translation,"80. Ἐπεὶ δὲ καὶ κούφαις ἐλπίσι φησὶν ὑπάγεσθαι τοὺς χριστιανίζοντας ὁ Κέλσος, φήσομεν πρὸς αὐτὸν ἐγκαλοῦντα τῷ περὶ τῆς μακαρίας ζωῆς λόγῳ καὶ τῷ περὶ τῆς πρὸς τὸ θεῖον κοινωνίας ὅ","80. After this the Jew says, addressing Jesus: 'When you were bathed in the river Jordan, you say that something like a bird appeared and descended upon you.' He then asks: 'What c"
18f257d5-5eec-431d-938f-e6ad31bafb43,sc136_origenes_contra_celsum_iii_par81_en,sc136_origenes_contra_celsum_iii_par81,CC III 81 (English),CC III 81,0.01,not_translation,81. Μὴ ὑπολάβῃς δέ με οὐχ ἁρμοζόντως τῷ Χριστιανῶν λόγῳ παρειληφέναι πρὸς τὸν Κέλσον τοὺς περὶ τῆς ἀθανασίας ἢ τῆς ἐπιδιαμονῆς τῆς ψυχῆς φιλοσοφήσαντας · πρὸς οὓς κοινά τινα ἔχοντε,"81. Then Celsus's Jew addresses Jesus regarding the prophecies, asking: 'What was the purpose of your descent to earth? Was it to learn what happens among humans? Do you not know e"
081d2486-769a-4bca-bbd4-0e9aed2ac263,sc136_origenes_contra_celsum_iii_par9_en,sc136_origenes_contra_celsum_iii_par9,CC III 9 (English),CC III 9,0.01,not_translation,"9. Ἐπεὶ δ' ἐν τοῖς ἑξῆς προφανῶς ψεύδεται, φέρε καὶ τὴν λέξιν αὐτοῦ ἐκθώμεθα λέγοντος · Εἰ ἐθελήσουσι πάντες ἄνθρωποι εἶναι Χριστιανοί, οὐκ ἂν ἔτι οἵδε ἐθέλοιεν. Ὅτι δὲ ψεῦδος τὸ τ",9. Celsus then claims that the Christians' teaching about the resurrection of the body (anastasis somatos) is both disgusting and impossible -- that God would not wish or be able t
1d53bd9a-e060-4049-b873-0a9a2aaa4785,sc136_origenes_contra_celsum_iii_par75_en,sc136_origenes_contra_celsum_iii_par75,CC III 75 (English),CC III 75,0.01,not_translation,"75. Ἐπεὶ δὲ καὶ μετὰ ταῦτα παραπλήσιόν φησι ποιεῖν τὸν τὰ χριστιανισμοῦ διδάσκοντα τῷ ὑπισχνουμένῳ μὲν ὑγιῆ ποιεῖν τὰ σώματα, ἀποτρέποντι δὲ τοῦ προσέχειν τοῖς ἐπιστήμοσιν ἰατροῖς ","75. Celsus's Jew then objects: 'If these things were decreed for him and he submitted to the suffering in obedience to his Father, then it is obvious that, being a god and having s"
6a718b86-9ddc-4e82-806c-71dc960065c8,sc136_origenes_contra_celsum_iii_par79_en,sc136_origenes_contra_celsum_iii_par79,CC III 79 (English),CC III 79,0.01,not_translation,"79. Ἐὰν δέ τις ἐν τούτοις δεισιδαιμονίαν μᾶλλον ἢ πονηρίαν περὶ τοὺς πολλοὺς τῶν πιστευόντων τῷ λόγῳ εἶναι φαντάζηται καὶ ἐγκαλῇ ὡς δεισιδαίμονας ποιοῦντι τῷ λόγῳ ἡμῶν, φήσομεν πρὸ","79. Then Celsus brings forward the saying of Jesus, 'Blessed are the poor' (makarioi hoi ptochoi), and says that this was already expressed by Plato in a much better form when he s"
36432eb5-39a5-435b-9826-1f5074230430,sc136_origenes_contra_celsum_iii_par65_en,sc136_origenes_contra_celsum_iii_par65,CC III 65 (English),CC III 65,0.01,not_translation,"65. Οἴεται δ' ὅτι τοιαῦτα εἰς προτροπὴν τῶν ἁμαρτα-νόντων φαμὲν ὡς μηδένα ἄνδρα τῷ ὄντι χρηστὸν καὶ δίκαιον προσάγεσθαι δυνάμενοι, καὶ ὅτι διὰ τοῦτο τοῖς ἀνοσιωτάτοις καὶ ἐξωλεστάτ","65. Following this, Celsus introduces a Jew who addresses Jesus himself and convicts him, as he thinks, of many things. First, he accuses him of having fabricated his birth from a "
4ede7631-8435-4851-85fd-335c3957c18e,sc136_origenes_contra_celsum_iii_par68_en,sc136_origenes_contra_celsum_iii_par68,CC III 68 (English),CC III 68,0.01,not_translation,"68. Ἀλλὰ τὴν μὲν τάξιν καὶ σύνθεσιν καὶ φράσιν τῶν ἀπὸ φιλοσοφίας λόγων τοιαῦτα εἰς τοὺς προειρημένους πεποιηκέναι, καὶ ἄλλους κακῶς βεβιωκότας, οὐ πάνυ τι θαυμαστόν. Ἐπὰν δὲ οὕς φ","68. The Jew in Celsus continues, saying to the converts from Judaism: 'Why did you take your origin from our religion and then reject the things of our fathers, as though by your d"
51542d6c-fc87-4866-b4ff-a49dd1b1ed90,sc136_origenes_contra_celsum_iii_par8_en,sc136_origenes_contra_celsum_iii_par8,CC III 8 (English),CC III 8,0.01,not_translation,"8. Ὁμοίως δὲ ψεῦδος τὸ Αἰγυπτίους ὄντας ἀπὸ στάσεως τὴν ἀρχὴν εἰληφέναι τοὺς Ἑβραίους, καὶ τὸ Ἰουδαίους ὄντας ἄλλους κατὰ τοὺς Ἰησοῦ χρόνους ἐστασιακέναι πρὸς τὸ κοινὸν τῶν Ἰουδαίω","8. Celsus's Jew then addresses Jesus directly, saying he fabricated the story of his birth from a virgin, when in fact he came from a poor village in Judea, from a woman who was a "
56b728c5-6715-4c8c-9be6-03290fef9eb8,sc147_origenes_contra_celsum_v_par58_en,sc147_origenes_contra_celsum_v_par58,CC V 58 (English),CC V 58,0.01,not_translation,"58. Κατηγορεῖ δ' ὁ Κέλσος καὶ τοῦ φάσκοντος λόγου ἄγγελον ἀποκεκυλικέναι τοῦ τάφου, ἔνθα ἦν τὸ Ἰησοῦ σῶμα, « τὸν λίθον » ὥσπερ μειράκιον, ἐν διατριβῇ λαβὸν τοπικῶς κατηγορῆσαί τινο","58. After this, Celsus says: 'And an angel came to the carpenter on behalf of Mary when she was pregnant, and again another angel, so that they might snatch the child away and flee"
940d9113-0f1a-45cd-b7d2-844c2ad7d1b3,sc150_origenes_contra_celsum_vii_par13_en,sc150_origenes_contra_celsum_vii_par13,CC VII 13 (English),CC VII 13,0.01,not_translation,"13. Ἀλλ' οὐδὲ ποιεῖ ἢ πάσχει αἴσχιστα ὁ θεὸς οὐδὲ τῷ κακῷ διακονεῖται, ὡς οἴεται Κέλσος · οὐδὲ γὰρ προείρηταί τι τῶν τοιούτων. Κἂν λέγῃ αὐτὸς προειρῆσθαι τὸν θεὸν τῷ κακῷ διακονεῖσ","13. Then Celsus asks what kind of body a divine being would have if it came to earth. He says it would not be a body like ours, made of flesh and blood. But we reply that the body "
7055a4d2-2314-4805-ae23-56f6930dca29,sc150_origenes_contra_celsum_vii_par14_a_en,sc150_origenes_contra_celsum_vii_par14_a,CC VII 14_a (English),CC VII 14_a,0.01,not_translation,"Φαίνεται δὴ διὰ τούτων ἰσχυρὸν μέν τι πρὸς πειθὼ τῶν ἀκουόντων ὑπονενοηκέναι τὸ περὶ τοῦ πεπροφητεῦσθαι τὸν Ἰησοῦν κεφάλαιον, ἄλλῳ δὲ πιθανῷ πειρᾶσθαι ἀνατρέπειν τὸν λόγον φάσκων ·","And indeed, when we say that the Word became flesh, we do not mean that the Word was transformed into flesh. The Word assumed flesh -- that is, a complete human nature -- while rem"
4ca687d7-f1a8-438f-b833-0f17849bdd96,sc150_origenes_contra_celsum_vii_par18_en,sc150_origenes_contra_celsum_vii_par18,CC VII 18 (English),CC VII 18,0.01,not_translation,"18. Ἑξῆς δὲ τούτοις τοιαῦτά φησιν ὁ Κέλσος · Ἐκεῖνο δ' οὐκ ἐνθυμηθήσονται πάλιν ; Εἰ προεῖπον οἱ τοῦ Ἰουδαίων θεοῦ προφῆται τοῦτον ἐκείνου παῖδα ἐσόμενον, πῶς ἐκεῖνος μὲν διὰ Μωϋσέ","18. Then Celsus says: 'Was God not able to make human beings good from the beginning, instead of needing to correct them later?' This is a question that touches on the deepest myst"
0d664ca5-2440-4b12-9a91-d67f7faee3d6,sc150_origenes_contra_celsum_vii_par19_en,sc150_origenes_contra_celsum_vii_par19,CC VII 19 (English),CC VII 19,0.01,not_translation,"19. Ἀλλὰ καὶ εἴπερ δυναστεύειν αὐτοῖς ὁ νόμος ἐπηγγέλ-λετο λέγων · « Ἄρξεις σὺ ἐθνῶν πολλῶν, σοῦ δὲ οὐκ ἄρξουσι », καὶ μηδὲν δηλοῦται διὰ τούτων βαθύτερον, δῆλον ὅτι πολλῷ πλέον κα",19. Celsus argues further that the Christian teaching about God's descent to earth makes God subject to the conditions of the physical world. He compares this with myths in which g
b87967f4-903e-4f0f-8b9e-d38c67465f5f,sc150_origenes_contra_celsum_vii_par20_en,sc150_origenes_contra_celsum_vii_par20,CC VII 20 (English),CC VII 20,0.01,not_translation,"20. Φέρει δ' ὁ Κέλσος καὶ τὸ προειρῆσθαι αὐτοῖς μὴ πειθομένοις τῷ νόμῳ τὰ αὐτὰ πείσεσθαι, ἅπερ ἔδρων τοὺς πολεμίους. Καὶ πρὶν ἄν τι παρατιθεὶς τούτοις ὁ Κέλσος χρήσηται οἷς νομίζει","20. After this, Celsus puts forward the argument that Christians are unreasonable in their exclusive claims. He says: 'If the Christians teach the same things as the Greek philosop"
bd8cbf1c-3599-4c48-be3c-176e1016b8ef,sc150_origenes_contra_celsum_vii_par11_en,sc150_origenes_contra_celsum_vii_par11,CC VII 11 (English),CC VII 11,0.01,not_translation,"11. Εἰκὸς μὲν οὖν εἶναι λόγους πολλῷ τῆς ἡμετέρας ἕξεως σοφωτέρους, τοὺς δυναμένους ἀποδεικνύναι ψευδόμενον ἐν τούτοις τὸν Κέλσον καὶ ἐνθέους τὰς προφητείας · πλὴν καὶ ἡμεῖς κατὰ τ","11. Celsus continues by saying that many prophets wander through cities and military camps, saying: 'I am God, or the Son of God, or a divine Spirit. And I have come. For the world"
a4f01a97-5b77-4cfb-82c7-a6ba679dbf24,sc150_origenes_contra_celsum_vii_par12_en,sc150_origenes_contra_celsum_vii_par12,CC VII 12 (English),CC VII 12,0.01,not_translation,"12. Οἴεται δὲ καὶ τοὺς ἀπὸ τῶν προφητῶν ἀπολογου-μένους περὶ τῶν κατὰ τὸν Χριστὸν μηδὲν μὲν δύνασθαι πρὸς ἔπος λέγειν, ἐπὰν φαίνηταί τι πονηρὸν ἢ αἰσχρὸν ἢ ἀκάθαρτον λεγόμενον περὶ","12. And we ask: which of these wandering prophets that Celsus mentions established a teaching that has endured for centuries, that has turned countless people from vice to virtue, "
a7b0d49a-4c53-411d-b432-7444418155b1,sc150_origenes_contra_celsum_vii_par22_en,sc150_origenes_contra_celsum_vii_par22,CC VII 22 (English),CC VII 22,0.01,not_translation,"22. Εἰ δὲ καὶ περὶ τοῦ καταφονεύειν δεῖ διηγήσασθαι ἅμα καὶ τὸ δυνατὸν τοῦ δικαίου περὶ πάντα, λεκτέον ὅτι φάσκων · « Εἰς τὰς πρωΐας ἀπέκτεινον πάντας τοὺς ἁμαρτωλοὺς τῆς γῆς, τοῦ ","22. Next, Celsus compares the Christians with those who worship Heracles, Asclepius, and other heroes who became gods. He says that if these are rightly ridiculed, so too should th"
2dffa6c3-3e6d-4300-947e-b2db2a5ccf73,sc150_origenes_contra_celsum_vii_par23_b_en,sc150_origenes_contra_celsum_vii_par23_b,CC VII 23_b (English),CC VII 23_b,0.01,not_translation,"Ἑξῆς δὲ τούτοις παραρρίπτει περὶ τῆς σοφίας ὁ Κέλσος, οἰόμενος τὸν Ἰησοῦν διδάσκειν μὴ παριτητὸν εἶναι πρὸς τὸν πατέρα τῷ σοφῷ. Εἴπωμεν δὲ πρὸς αὐτόν · ποίῳ σοφῷ ; Εἰ μὲν γὰρ τούτῳ","Furthermore, even Plato, whom Celsus so admires, spoke of a 'true earth' above this one, where everything is far more beautiful and pure than what we see here. He described this in"
1ee38c35-2f07-409f-af78-c93e3c07ae86,sc150_origenes_contra_celsum_vii_par26_en,sc150_origenes_contra_celsum_vii_par26,CC VII 26 (English),CC VII 26,0.01,not_translation,"26. Εἰ δὲ χρὴ κἂν ὀλίγα περὶ τῆς διαφόρου πολιτείας εἰπεῖν, ἥντινα Ἰουδαῖοι κατὰ Μωϋσέα πρότερον ἐπολιτεύοντο, καὶ ἣν Χριστιανοὶ νῦν κατὰ τὴν Ἰησοῦ διδασκαλίαν βούλονται κατορθοῦν,","26. Celsus then introduces a discussion of the 'true earth,' drawing upon Plato's Phaedo, and says that this notion is far more sublime than the Christians' promised land. He descr"
e0960f28-cd7c-441a-8c04-b50e04e4e5c2,sc150_origenes_contra_celsum_vii_par27_en,sc150_origenes_contra_celsum_vii_par27,CC VII 27 (English),CC VII 27,0.01,not_translation,"27. Ἑξῆς δὲ τούτοις ὁ Κέλσος διὰ πλειόνων τὰ μὴ λεγό-μενα ὑφ' ἡμῶν τιθεὶς ὡς λεγόμενα ὑφ' ἡμῶν περὶ τοῦ θεοῦ, ὡς σώματος τῇ φύσει τυγχάνοντος καὶ ἀνθρωποειδοῦς σώματος, ἀνατρέπειν ","27. After this, Celsus cites Plato's description of the pure earth above and the hollows in which we dwell, and he uses this to argue that Plato's cosmology is superior to anything"
b1806c71-bbda-48d1-8437-42b12427eb93,sc150_origenes_contra_celsum_vii_par21_en,sc150_origenes_contra_celsum_vii_par21,CC VII 21 (English),CC VII 21,0.01,not_translation,"21. Ἐὰν οὖν ἡ λέξις τοῦ νόμου πλοῦτον ἐπαγγέλλεται τοῖς δικαίοις, Κέλσος μὲν κατὰ τὸ ἀποκτέννον « γράμμα » νομιζέτω τὸν τυφλὸν πλοῦτον λέγεσθαι ἐν ἐπαγγελίᾳ · ἡμεῖς δὲ τὸν ὀξὺ βλέπ",21. Celsus then says that Christians make a mistake in rejecting the gods of the Greeks while worshipping a man who suffered a shameful death. He considers it beneath the dignity o
db4c5966-0ce7-483d-a36b-4cc3a622ac4a,sc150_origenes_contra_celsum_vii_par23_en,sc150_origenes_contra_celsum_vii_par23,CC VII 23 (English),CC VII 23,0.01,not_translation,"23. Σαφῆ μὲν οὖν καὶ ἐκ τούτων, πῶς Ἰησοῦς ὁ « Ναζω-ραῖος » ἄνθρωπος οὐκ ἀντινομοθετεῖ τοῖς περὶ πλούτου καὶ τῶν ἐξισταμένων εἰρημένοις περὶ τοῦ δύσκολον εἶναι πλούσιον εἰσέρχεσθαι","23. Celsus then turns to the topic of the promised land and mockingly says that the Christians, like the Jews, expect a blessed land in which they will dwell forever. He considers "
2d3230f0-e6c4-4856-b2d6-ac475f0521f8,sc150_origenes_contra_celsum_vii_par24_en,sc150_origenes_contra_celsum_vii_par24,CC VII 24 (English),CC VII 24,0.01,not_translation,24. Πάλιν τε αὖ τὸ δόξης ἀντιποιεῖσθαι τῆς παρ' ἀνθρώποις οὐ κατὰ τὴν Ἰησοῦ μόνου διδασκαλίαν κωλύεσθαί φαμεν ἀλλὰ καὶ κατὰ τὴν παλαιὰν γραφήν. Ἐπαρώμενος γοῦν ἑαυτῷ τις τῶν προφητ,"24. But Celsus says: 'The Jews, being fugitives from Egypt and having no significance whatsoever, had never accomplished anything noteworthy.' This is a remarkably ignorant stateme"
40263e75-e0fa-4b82-944a-d851366ca950,sc150_origenes_contra_celsum_vii_par25_en,sc150_origenes_contra_celsum_vii_par25,CC VII 25 (English),CC VII 25,0.01,not_translation,"25. Ὁ μὲν οὖν Κέλσος, μὴ ἀντιπαραθεὶς τὰ δοκοῦντα ἐναντία ἀπὸ τοῦ νόμου τοῖς ἀπὸ τοῦ εὐαγγελίου, φησὶ καὶ τό · Τῷ δ' ἅπαξ τυπτήσαντι παρέχειν καὶ αὖθις τύπτειν. Ἡμεῖς δ' ἐροῦμεν εἰ","25. After this, Celsus goes on to discuss the nature of the soul and its destiny after death, drawing upon Platonic and Pythagorean doctrines. He argues that the Greek teaching abo"
ac61ec6e-54bb-488f-bb7a-78394b068139,sc150_origenes_contra_celsum_vii_par29_en,sc150_origenes_contra_celsum_vii_par29,CC VII 29 (English),CC VII 29,0.01,not_translation,"29. Εἴπερ οὖν « ἡ » πᾶσα « γῆ » αὐτὴ « ἐπικατάρατος ἐν τοῖς ἔργοις » ἐστὶ τοῦ Ἀδὰμ καὶ τῶν ἐν αὐτῷ ἀποθα-νόντων, δῆλον ὅτι καὶ πάντα τὰ μόρια αὐτῆς μετέχει τῆς ἀρᾶς, ἐν οἷς ἐστι κα","29. Consider, moreover, the passage in the prophet Isaiah: 'And I will give you the treasures of darkness and hidden riches of secret places.' And again the Psalmist says: 'How gre"
e0ba5a9f-cd38-4848-a9a1-e59afdaeb575,sc150_origenes_contra_celsum_vii_par16_en,sc150_origenes_contra_celsum_vii_par16,CC VII 16 (English),CC VII 16,0.01,not_translation,"16. Ἀλλ' οὐδ' ἅπερ ἐν ὑποθέσει παρειλήφαμεν παραπλήσιά ἐστι ταῖς περὶ Ἰησοῦ προφητείαις. Οὐ γὰρ προεῖπον αἱ προφητεῖαι θεὸν σταυρωθήσεσθαι, αἵτινές φασι περὶ τοῦ ἀναδεξαμένου τὸν θ","16. After this, Celsus introduces the charge that God, according to the Christians, changes his mind and acts inconsistently. He says: 'If God had long known that human beings woul"
5fd8b351-f5ef-4880-8fe8-8eda924af997,sc150_origenes_contra_celsum_vii_par15_en,sc150_origenes_contra_celsum_vii_par15,CC VII 15 (English),CC VII 15,0.01,not_translation,"15. Ἐπεὶ δ' ἀδύνατά τινα καὶ ἀπρεπῆ θεῷ καθ' ὑπόθεσιν τιθείς φησιν · Εἰ ταῦτα προφητεύοιτο περὶ τοῦ ἐπὶ πᾶσι θεοῦ, ἆρ' ἐπεὶ προλέγεται, πιστεύεσθαι δεῖ τὰ τοιαῦτα περὶ θεοῦ ; Καὶ ν","15. Celsus then asks: 'Does God not know what is happening among human beings without needing to come down? And if he knows, why does he not correct things by his power alone?' We "
f6aed4ef-e3cd-4ff1-b452-03ca1c7f9381,sc150_origenes_contra_celsum_vii_par28_en,sc150_origenes_contra_celsum_vii_par28,CC VII 28 (English),CC VII 28,0.01,not_translation,"28. Μετὰ <δὲ> τὰ περὶ θεοῦ, ἐν οἷς ἡμᾶς συκοφαντεῖ, πυνθάνεται ἡμῶν · Ποῖ ἀπεῖναι μέλλομεν ; Καὶ τίνα ἐλπίδα ἔχομεν ; Καὶ ὡς ἀποκριναμένων, τίθησι δῆθεν ἡμετέρας φωνὰς οὕτως ἐχούσα",28. And we say that the reason Plato's ideas sometimes resemble those of Moses and the prophets is that there is a single truth from which both drew. The seeds of truth (spermata t
fc484f46-ef88-4213-9ccd-12576df4c74a,sc172_epistula_barnabae_chap_14_verset_4a_9_en,sc172_epistula_barnabae_chap_14_verset_4a_9,Barn. 14.4a-9 (English),Barn. 14.4a-9,0.01,not_translation,"4a. Πῶς δὲ ἡμεῖς ἐλάβομεν, μάθετε. 4b. Μωϋσῆς θερά-πων ὢν ἔλαβεν, αὐτὸς δὲ ὁ κύριος ἡμῖν ἔδωκεν εἰς λαὸν κληρο-νομίας, δι' ἡμᾶς ὑπομείνας. 5a. Ἐφανερώθη δέ, ἵνα κἀκεῖνοι τελειωθῶσι",Now I want to write many things—not as a teacher but as it becomes one who loves you not to leave out anything we have—for your salvation. Therefore let us be attentive in these la
c0a6d151-1016-4b3a-a920-d2a7d0259963,sc172_epistula_barnabae_chap_5_verset_11_14_en,sc172_epistula_barnabae_chap_5_verset_11_14,Barn. 5.11-14 (English),Barn. 5.11-14,0.01,not_translation,"11. Οὐκοῦν ὁ υἱὸς τοῦ θεοῦ εἰς τοῦτο ἐν σαρκὶ ἦλθεν, ἵνα τὸ τέλειον τῶν ἁμαρτημάτων ἀνακεφαλαιώσῃ τοῖς διώξασιν ἐν θανάτῳ τοὺς προφήτας αὐτοῦ. 12a. Οὐκοῦν εἰς τοῦτο ὑπέμεινεν. 12b.","11. But let us also inquire whether the Lord took care to foreshadow the water and the cross. Concerning the water, it is written for Israel how they will not receive the baptism ("
022e96bb-e75b-4e6a-b421-29720e47324d,sc172_epistula_barnabae_chap_9_verset_9_en,sc172_epistula_barnabae_chap_9_verset_9,Barn. 9.9 (English),Barn. 9.9,0.01,not_translation,9. Οἶδεν ὁ τὴν ἔμφυτον δωρεὰν τῆς διδαχῆς αὐτοῦ θέμενος ἐν ἡμῖν. Οὐδεὶς γνησιώτερον ἔμαθεν ἀπ' ἑμοῦ λόγον · ἀλλὰ οἶδα ὅτι ἄξιοί ἐστε ὑμεῖς.,"9. But what does Moses say? 'You shall not eat the pig, nor the eagle, nor the hawk, nor the crow, nor any fish that does not have a scale upon it.' He received three doctrines in "
35c8c753-08cc-44ae-919a-9adef4f1d2e5,sc20_theophilus_ad_autolycum_i_liv_1_le_dieu_des_chretiens_chap_11_en,sc20_theophilus_ad_autolycum_i_liv_1_le_dieu_des_chretiens_chap_11,Ad Aut. I 11 (English),Ad Aut. I 11,0.01,not_translation,"11. Τοιγαροῦν μᾶλλον τιμήσω τὸν βασιλέα, οὐ προσκυνῶν αὐτῷ, ἀλλὰ εὐχόμενος ὑπὲρ αὐτοῦ. Θεῷ δὲ τῷ ὄντως θεῷ καὶ ἀληθεῖ προσκυνῶ, εἰδὼς ὅτι ὁ βασιλεὺς ὑπ' αὐτοῦ γέγονεν. Ἐρεῖς οὖν μο","11. But you do not believe that the dead will be raised. When the resurrection (anastasis) occurs, then you will believe, whether you will or not; and your faith shall be counted a"
23c05eb4-f3cb-4c35-942f-24a4ede0da71,sc20_theophilus_ad_autolycum_i_liv_1_le_dieu_des_chretiens_chap_12_en,sc20_theophilus_ad_autolycum_i_liv_1_le_dieu_des_chretiens_chap_12,Ad Aut. I 12 (English),Ad Aut. I 12,0.01,not_translation,"12. Περὶ δὲ τοῦ σε καταγελᾶν μου, καλοῦντά με χριστια-νόν, οὐκ οἶδας ὃ λέγεις. Πρῶτον μὲν ὅτι τὸ χριστὸν ἡδὺ καὶ εὔχρηστον καὶ ἀκαταγέλαστόν ἐστιν. Ποῖον γὰρ πλοῖον δύναται εὔχρηστ","12. And, in addition to all these things, there are the signs God gives: for consider the resurrection (anastasis) which takes place at its proper season. And there is a resurrecti"
0bd85fff-581b-4570-985d-d0ffc6afe34f,sc20_theophilus_ad_autolycum_i_liv_1_le_dieu_des_chretiens_chap_13_en,sc20_theophilus_ad_autolycum_i_liv_1_le_dieu_des_chretiens_chap_13,Ad Aut. I 13 (English),Ad Aut. I 13,0.01,not_translation,"13. Ἀλλὰ καὶ τὸ ἀρνεῖσθαί σε νεκροὺς ἐγείρεσθαι · φῂς γὰρ · Δεῖξόν μοι κἂν ἔνα ἐγερθέντα ἐκ νεκρῶν, ἵνα ἰδὼν πιστεύσω · πρῶτον μὲν τί μέγα, εἰ θεασάμενος τὸ γεγονὸς πιστεύσῃς ; Εἶτ","13. But you say, 'Show me your God.' And I would say to you, 'Show me your man, and I will show you my God.' Show me, then, that the eyes of your soul see clearly, and the ears of "
0c3c7c80-9a6d-4e1d-8d3e-6feffe3d2b48,sc20_theophilus_ad_autolycum_i_liv_1_le_dieu_des_chretiens_chap_14_en,sc20_theophilus_ad_autolycum_i_liv_1_le_dieu_des_chretiens_chap_14,Ad Aut. I 14 (English),Ad Aut. I 14,0.01,not_translation,"14. Μὴ οὖν ἀπίστει, ἀλλὰ πίστευε. Καὶ γὰρ ἐγὠ ἠπίστουν τοῦτο ἔσεσθαι, ἀλλὰ νῦν κατανοήσας αὐτὰ πιστεύω, ἅμα καὶ ἐπιτυχὼν ἱεραῖς γραφαῖς τῶν ἁγίων προφητῶν, οἳ καὶ προεῖπον διὰ πνεύ","14. As a mirror when it is polished glistens, so must the human being have a pure soul. When there is rust on the mirror, a person's face cannot be seen in the mirror; in the same "
ea991203-07e4-4a61-931b-0efd554fdadd,sc20_theophilus_ad_autolycum_i_liv_1_le_dieu_des_chretiens_chap_3_en,sc20_theophilus_ad_autolycum_i_liv_1_le_dieu_des_chretiens_chap_3,Ad Aut. I 3 (English),Ad Aut. I 3,0.01,not_translation,"3. Ἐρεῖς οὖν μοι · Σὺ ὁ βλέπων διήγησαί μοι τὸ εἶδος τοῦ θεοῦ. Ἄκουε, ὦ ἄνθρωπε · τὸ μὲν εἶδος τοῦ θεοῦ ἄρρητον καὶ ἀνέκφραστόν ἐστιν, μὴ δυνάμενον ὀφθαλμοῖς σαρκίνοις ὀραθῆναι. Δό","3. But if you will, you may be healed. Entrust yourself to the physician, and he will open the eyes of your soul and of your heart. Who is the physician? God, who heals and gives l"
40f90524-cc34-4fc8-94f0-d3d1645160d5,sc20_theophilus_ad_autolycum_i_liv_1_le_dieu_des_chretiens_chap_10_en,sc20_theophilus_ad_autolycum_i_liv_1_le_dieu_des_chretiens_chap_10,Ad Aut. I 10 (English),Ad Aut. I 10,0.01,not_translation,"10. Τί μοι λοιπὸν καταλέγειν τὸ πλῆθος ὧν σέβονται ζώων Αἰγύπτιοι, ἑρπετῶν τε καὶ κτηνῶν καὶ θηρίων καὶ πετεινῶν καὶ ἐνύδρων νηκτῶν, ἔτι δὲ καὶ ποδόνιπτρα καὶ ἤχους αἰσχύνης ; Εἰ δ","10. Consider, O man, his works: the timely rotation of the seasons, the changes of weather, the orderly course of the elements, the regularity of days and nights and months and yea"
7e70e2c3-19dc-4bce-8283-2f4ed7515953,sc172_epistula_barnabae_chap_9_verset_6_en,sc172_epistula_barnabae_chap_9_verset_6,Barn. 9.6 (English),Barn. 9.6,0.01,not_translation,6. Ἀλλ' ἐρεῖς · « Καὶ μὴν περιτέτμηται ὁ λαὸς εἰς σφρα-γῖδα. » Ἀλλὰ καὶ πᾶς Σύρος καὶ Ἄραψ καὶ πάντες οἱ ἱερεῖς τῶν εἰδώλων · ἄρα οὖν κἀκεῖνοι ἐκ τῆς διαθήκης αὐτῶν εἰσίν ; - ἀλλὰ ,"6. Learn therefore, children of love, abundantly about all things: Abraham, who first instituted circumcision, circumcised while looking forward in the spirit (pneuma) to Jesus, ha"
0dbb7053-b61e-43df-a0ed-99816fbb9c35,sc20_theophilus_ad_autolycum_i_liv_1_le_dieu_des_chretiens_chap_8_en,sc20_theophilus_ad_autolycum_i_liv_1_le_dieu_des_chretiens_chap_8,Ad Aut. I 8 (English),Ad Aut. I 8,0.01,not_translation,"8. Ἀλλὰ ἀπιστεῖς νεκροὺς ἐγείρεσθαι. Ὅταν ἔσται, τότε πιστέυσεις θέλων καὶ μὴ θέλων · καὶ ἡ πίστις σου εἰς ἀπιστίαν λογισθήσεται, ἐὰν μὴ νῦν πιστεύσῃς. Πρὸς τί δὲ καὶ ἀπιστεῖς ; Ἤ ","8. And he is without beginning, because he is unbegotten (agennetos); and he is unchangeable, because he is immortal (athanatos). He is called God (theos) on account of his having "
69dc0420-b07b-4590-8bbf-3b82ef24b27d,sc20_theophilus_ad_autolycum_i_liv_1_le_dieu_des_chretiens_chap_9_en,sc20_theophilus_ad_autolycum_i_liv_1_le_dieu_des_chretiens_chap_9,Ad Aut. I 9 (English),Ad Aut. I 9,0.01,not_translation,9. Καὶ τὰ μὲν ὀνόματα ὧν φῂς σέβεσθαι θεῶν ὀνόματά ἐστιν νεκρῶν ἀνθρώπων. Καὶ τούτων τίνων καὶ ποταπῶν ; Οὐχὶ Κρόνος μὲν τεκνοφάγος εὑρίσκεται καὶ τὰ ἑαυτοῦ τέκνα ἀναλίσκων ; Εἰ δὲ,"9. He made all things by his Word (logos) and Wisdom (sophia), for 'by his Word the heavens were established, and all their host by the breath of his mouth.' His Wisdom is most pow"
8d654e3b-438c-4c13-a1ca-0c84fba270da,sc53bis_hermas_pastor_chap20_en,sc53bis_hermas_pastor_chap20,"Hermas, Past. 20 (English)","Hermas, Past. 20",0.01,not_translation,"1. Τῇ δὲ δευτέρᾳ ὁράσει εἶδες αὐτὴν ἑστηκυῖαν καὶ τὴν ὄψιν νεωτέραν ἔχουσαν καὶ ἱλαρωτέραν παρὰ τὸ πρότερον, τὴν δὲ σάρκα καὶ τὰς τρίχας πρεσβυτέρας. Ἄκουε, φησίν, καὶ ταύτην τὴν π","Hermas describes the seventh vision, in which he encounters a dreadful beast of enormous size — like a sea monster — from whose mouth four colors emerge: black, then the color of f"
4c0ee075-0ab6-4f5d-bfb9-d48e60059bd5,sc53bis_hermas_pastor_chap24_en,sc53bis_hermas_pastor_chap24,"Hermas, Past. 24 (English)","Hermas, Past. 24",0.01,not_translation,"1. Ἠρώτησα αὐτὴν περὶ τῶν τεσσάρων χρωμάτων ὧν εἶχεν τὸ θηρίον εἰς τὴν κεφαλήν. Ἡ δὲ ἀποκριθεῖσά μοι λέγει · Πά-λιν περίεργος εἶ περὶ τοιούτων πραγμάτων. Ναί, φημί, κυρία · γνώρισό","The third commandment concerns truth. Love truth and let nothing but truth proceed from your mouth, so that the spirit which God has caused to dwell in you may be found truthful be"
a38c3ea7-3a0e-4deb-8fc5-8ad2e7677d26,sc53bis_hermas_pastor_chap26_en,sc53bis_hermas_pastor_chap26,"Hermas, Past. 26 (English)","Hermas, Past. 26",0.01,not_translation,"[Ἐντολὴ αʹ.]  1. Πρῶτον πάντων πίστευσον, ὅτι εἷς ἐστὶν ὁ θεός, ὁ τὰ πάντα κτίσας καὶ καταρτίσας καὶ ποιήσας ἐκ τοῦ μὴ ὄντος εἰς τὸ εἶναι τὰ πάντα καὶ πάντα χωρῶν, μόνος δὲ ἀχώρητο","The fourth commandment, second part, deals with the possibility of second marriage after the death of a spouse. Hermas asks whether it is a sin to marry again after one's spouse ha"
df4ac285-5868-4d8b-952a-368841864aa9,sc53bis_hermas_pastor_chap27_en,sc53bis_hermas_pastor_chap27,"Hermas, Past. 27 (English)","Hermas, Past. 27",0.01,not_translation,"[Ἐντολὴ βʹ.]  1. Λέγει μοι · Ἁπλότητα ἔχε καὶ ἄκακος γίνου, καὶ ἔσῃ ὡς τὰ νήπια τὰ μὴ γινώσκοντα τὴν πονηρίαν τὴν ἀπολλύουσαν τὴν ζωὴν τῶν ἀνθρώπων. 2. Πρῶτον μὲν μηδενὸς καταλάλει","The fifth commandment concerns patience and ill temper. The Angel of Repentance teaches that patience is a great virtue and strong, and whoever possesses it is immovable by evil. I"
07c5bfdd-372b-41be-a66d-01572abf3af0,sc53bis_hermas_pastor_chap12_en,sc53bis_hermas_pastor_chap12,"Hermas, Past. 12 (English)","Hermas, Past. 12",0.01,not_translation,"1. Ἀποκριθεὶς λέγω αὐτῇ · Κυρίᾳ, μεγάλως καὶ θαυμαστῶς ἔχει τὸ πρᾶγμα τοῦτο · οἱ δὲ νεανίσκοι οἱ ἓξ οἱ οἰκοδομοῦντες, τίνες εἰσίν, κυρία ; Οὗτοί εἰσιν οἱ ἅγιοι ἄγγελοι τοῦ θεοῦ οἱ ",The elderly woman who represents the Church explains to Hermas the meaning of what he has seen: the great and terrible beast he encountered on his way to Cumae was a figure of the 
5db62214-1f8d-4a7e-ba17-ba59a6f19ccc,sc53bis_hermas_pastor_chap28_en,sc53bis_hermas_pastor_chap28,"Hermas, Past. 28 (English)","Hermas, Past. 28",0.01,not_translation,"[Ἐντολὴ γʹ.]  1. Πάλιν μοι λέγει · Ἀλήθειαν ἀγάπα καὶ πᾶσα ἀλήθεια ἐκ τοῦ στόματός σου ἐκπορευέσθω, ἵνα τὸ πνεῦμα ὃ ὁ θεὸς κατ-ῴκισεν ἐν τῇ σαρκὶ ταύτῃ ἀληθὲς εὑρεθῇ παρὰ πᾶσιν ἀνθ",The fifth commandment continues with further instruction on anger and its varieties. The angel distinguishes between just and unjust anger. There is a justified kind of anger: ange
4c04c616-e19b-44a0-b975-e402fdf7bbd0,sc53bis_hermas_pastor_chap29_en,sc53bis_hermas_pastor_chap29,"Hermas, Past. 29 (English)","Hermas, Past. 29",0.01,not_translation,"[Ἐντολὴ δʹ.]  1. Ἐντέλλομαί σοι, φησίν, φυλάσσειν τὴν ἁγνείαν, καὶ μὴ ἀναβαινέτω σου ἐπὶ τὴν καρδίαν περὶ γυναικὸς ἀλλοτρίας ἢ περὶ πορνείας τινὸς ἢ περὶ τοιούτων τινῶν ὁμοιωμάτων ","The sixth commandment concerns the two spirits attending every person: the angel of righteousness and the angel of wickedness. The angel of righteousness is gentle, modest, mild, a"
a08682a2-297d-4d1c-9913-1cf42ccd112f,sc53bis_hermas_pastor_chap30_en,sc53bis_hermas_pastor_chap30,"Hermas, Past. 30 (English)","Hermas, Past. 30",0.01,not_translation,"1. Ἠρώτησα αὐτὸν πάλιν λέγων · Ἐπεὶ ὁ κύριος ἄξιόν με ἡγήσατο, ἵνα μετ' ἐμοῦ πάντοτε κατοικῇς, ὀλίγα μου ῥήματα ἔτι ἀνάσχου, ἐπεὶ οὐ συνίω οὐδὲν καὶ ἡ καρδία μου πεπώρωται ἀπὸ τῶν ","The seventh commandment teaches about fear: there are two kinds of fear, and one must learn to distinguish them. You must fear God — who is almighty, sovereign, and just — but you "
7a3c5df2-a924-428f-a558-e995d9317ef0,sc53bis_hermas_pastor_chap31_en,sc53bis_hermas_pastor_chap31,"Hermas, Past. 31 (English)","Hermas, Past. 31",0.01,not_translation,"1. Ἔτι, φημί, κύριε, προσθήσω τοῦ ἐπερωτῆσαι. Λέγε, φησίν. Ἤκουσα, φημί, κύριε, παρά τινων διδασκάλων, ὅτι ἑτέρα μετάνοια οὐκ ἔστιν εἰ μὴ ἐκείνη, ὅτε εἰς ὕδωρ κατέ-βημεν καὶ ἐλάβομ","The eighth commandment concerns abstinence and self-control. Abstain from all evil and do all that is good. What is evil and from which one must abstain? The angel lists: adultery,"
7515360f-d1d7-4b3c-8322-23689b34d477,sc53bis_hermas_pastor_chap32_en,sc53bis_hermas_pastor_chap32,"Hermas, Past. 32 (English)","Hermas, Past. 32",0.01,not_translation,"1. Ἠρώτησα αὐτὸν πάλιν λέγων · Κύριε, ἐπεὶ ἅπαξ ἀνέχῃ μου, ἔτι μοι καὶ τοῦτο δήλωσον. Λέγε, φησίν. Ἐὰν γυνή, φημί, κύριε, ἢ πάλιν ἀνήρ τις κοιμηθῇ καὶ γαμήσῃ τις ἐξ αὐτῶν, μήτι ἁμα","The ninth commandment concerns prayer and the avoidance of double-mindedness. The angel instructs Hermas to cast aside double-mindedness when asking for anything from God, for if y"
7a0b102c-b58d-4fa1-85fa-1d377a000bb1,sc53bis_hermas_pastor_chap34_en,sc53bis_hermas_pastor_chap34,"Hermas, Past. 34 (English)","Hermas, Past. 34",0.01,not_translation,"1. Ἄκουε νῦν, φησί, τὴν ἐνέργειαν τῆς ὀξυχολίας, πῶς πονηρά ἐστι, καὶ πῶς τοὺς δούλους τοῦ θεοῦ καταστρέφει τῇ ἑαυτῆς ἐνεργείᾳ καὶ πῶς ἀποπλανᾷ αὐτοὺς ἀπὸ τῆς δι-καιοσύνης. Οὐκ ἀπο",The eleventh commandment addresses the danger of false prophets and the discernment of spirits. There are two kinds of prophets: the true prophet and the false prophet. The true pr
70078504-ac23-4746-a169-3d7c30fedb24,sc53bis_hermas_pastor_chap38_en,sc53bis_hermas_pastor_chap38,"Hermas, Past. 38 (English)","Hermas, Past. 38",0.01,not_translation,"[Ἐντολὴ ηʹ.]  1. Εἶπόν σοι, φησίν, ὅτι τὰ κτίσματα τοῦ θεοῦ διπλᾶ ἐστι · καὶ γὰρ ἡ ἐγκράτεια διπλῆ ἐστιν. Ἐπί τινων γὰρ δεῖ ἐγκρα-τεύεσθαι, ἐπί τινων δὲ οὐ δεῖ. 2. Γνώρισόν μοι, φη",The first parable (Similitude I) compares the Christian's life in the world to that of a foreign resident in a city not his own. Just as a person living as a stranger in a foreign 
622a3594-50a0-4176-843b-067ea6d998f7,sc53bis_hermas_pastor_chap39_en,sc53bis_hermas_pastor_chap39,"Hermas, Past. 39 (English)","Hermas, Past. 39",0.01,not_translation,"[Ἐντολὴ θʹ.]  1. Λέγει μοι · Ἆρον ἀπὸ σεαυτοῦ τὴν διψυχίαν καὶ μηδὲν ὅλως διψυχήσῃς αἰτήσασθαί τι παρὰ τοῦ θεοῦ, λέγων ἐν σεαυτῷ ὅτι πῶς δύναμαι αἰτήσασθαι παρὰ τοῦ κυρίου καὶ λαβε","The second parable (Similitude II) concerns the elm and the vine. Hermas sees an elm tree and a vine growing together, and reflects on the meaning of this pair. The elm is barren a"
89fea95a-44af-4b4a-80e1-77cbad93d592,sc53bis_hermas_pastor_chap40_en,sc53bis_hermas_pastor_chap40,"Hermas, Past. 40 (English)","Hermas, Past. 40",0.01,not_translation,"[Ἐντολὴ ιʹ.]  1. Ἆρον ἀπὸ σεαυτοῦ, φησί, τὴν λύπην · καὶ γὰρ αὕτη ἀδελφή ἐστι τῆς διψυχίας καὶ τῆς ὀξυχολίας. 2. Πῶς, φημί, κύριε, ἀδελφή ἐστι τούτων ; ἄλλο γάρ μοι δοκεῖ εἶναι ὀξυ","The third parable (Similitude III) describes two trees in winter, one dead and one alive, which cannot be distinguished from each other, since both are bare. So too in this present"
ac9acd11-61e9-4303-a586-80dd9c2d410f,sc53bis_hermas_pastor_chap22_en,sc53bis_hermas_pastor_chap22,"Hermas, Past. 22 (English)","Hermas, Past. 22",0.01,not_translation,"[Ὅρασις δʹ.]  1. Ἣν εἶδον, ἀδελφοί, μετὰ ἡμέρας εἴκοσι τῆς προτέρας ὁράσεως τῆς γενομένης, εἰς τύπον τῆς θλίψεως τῆς ἐπερχο-μένης. 2. Ὑπῆγον εἰς ἀγρὸν τῇ ὁδῷ τῇ καμπανῇ. Ἀπὸ τῆς ὁδ","This chapter records the first commandment given by the Angel of Repentance: above all things, believe that there is one God who created and ordered all things, who made everything"
70f6ae7e-68e5-4a5b-aac8-adc6d5fc0f40,sc53bis_hermas_pastor_chap23_en,sc53bis_hermas_pastor_chap23,"Hermas, Past. 23 (English)","Hermas, Past. 23",0.01,not_translation,"1. Μετὰ δὲ τὸ παρελθεῖν με τὸ θηρίον καὶ προελθεῖν ὡσεὶ πόδας λʹ, ἰδού, ὑπαντᾷ μοι παρθένος κεκοσμημένη ὡς ἐκ νυμφῶνος ἐκπορευομένη, ὅλη ἐν λευκοῖς καὶ ὑποδήμασιν λευ-κοῖς, κατακεκ","The second commandment concerns simplicity and innocence of heart. The angel instructs Hermas to be simple and guileless, and then he and his household will be pure. Guard your sim"
5f3d223c-14bc-4edf-a479-d7fc3d0c5bb7,sc53bis_hermas_pastor_chap41_en,sc53bis_hermas_pastor_chap41,"Hermas, Past. 41 (English)","Hermas, Past. 41",0.01,not_translation,"1. Ἄκουε οὖν, φησίν, ἀνόητε, πῶς ἡ λύπη ἐκτρίβει τὸ πνεῦμα τὸ ἅγιον καὶ πάλιν σώζει · 2. ὅταν ὁ δίψυχος ἐπι-βάληται πρᾶξίν τινα καὶ ταύτης ἀποτύχῃ διὰ τὴν διψυχίαν αὐτοῦ, ἡ λύπη αὕ",The fourth parable (Similitude IV) presents the vision of a luxuriant vine entwined around a dried elm tree. The vine's tendrils have spread throughout the elm and its fruit hangs 
a7392eef-4e82-44db-8aee-0a2aedaccc63,sc53bis_hermas_pastor_chap42_en,sc53bis_hermas_pastor_chap42,"Hermas, Past. 42 (English)","Hermas, Past. 42",0.01,not_translation,"1. Ἔνδυσαι οὖν τὴν ἱλαρότητα, τὴν πάντοτε ἔχουσαν χάριν παρὰ τῷ θεῷ καὶ εὐπρόσδεκτον οὖσαν αὐτῷ, καὶ ἐντρύ-φα ἐν αὐτῇ. Πᾶς γὰρ ἱλαρὸς ἀνὴρ ἀγαθὰ ἐργάζεται καὶ ἀγαθὰ φρονεῖ καὶ κατα","The fifth parable (Similitude V), first part, presents the parable of the vineyard and the slave entrusted with fasting. A wealthy man possesses a vineyard and entrusts its care to"
e5e3220c-7c4a-42bf-b763-b431bc6f8484,sc53bis_hermas_pastor_chap43_en,sc53bis_hermas_pastor_chap43,"Hermas, Past. 43 (English)","Hermas, Past. 43",0.01,not_translation,"[Ἐντολὴ ιαʹ.]  1. Ἔδειξέ μοι ἐπὶ συμψελίου καθημένους ἀνθρώπους καὶ ἕτερον ἄνθρωπον καθήμενον ἐπὶ καθέδραν, καὶ λέγει μοι · Βλέ-πεις τοὺς ἐπὶ τοῦ συμψελίου καθημένους ; Βλέπω, φημί","The fifth parable continues with the allegorical interpretation. The master of the vineyard represents God the Father; the vineyard, the people of God; the fence, the commandments;"
6b50055d-0f65-4224-b4a8-cbfcd9a3e9f5,sc53bis_hermas_pastor_chap44_en,sc53bis_hermas_pastor_chap44,"Hermas, Past. 44 (English)","Hermas, Past. 44",0.01,not_translation,"[Ἐντολὴ ιβʹ.]  1. Λέγει μοι · Ἆρον ἀπὸ σεαυτοῦ · πᾶσαν ἐπιθυμίαν πονηράν, ἔνδυσαι δὲ τὴν ἐπιθυμίαν τὴν ἀγαθὴν καὶ σεμνήν · ἐνδεδυμένος γὰρ τὴν ἐπιθυμίαν ταύτην μισήσεις τὴν πονηρὰν","The fifth parable, third section, discusses the relationship between fasting and righteous action. Hermas is taught that the fast God truly accepts is not merely the abstinence fro"
22b31a52-e6b0-43a1-90d5-8ef7b4e8998a,sc53bis_hermas_pastor_chap46_en,sc53bis_hermas_pastor_chap46,"Hermas, Past. 46 (English)","Hermas, Past. 46",0.01,not_translation,"1. Ἤθελον, φημί, κύριε, γνῶναι, ποίοις τρόποις με δεῖ δουλεῦσαι τῇ ἐπιθυμίᾳ τῇ ἀγαθῇ. Ἄκουε, φησίν · ἔργασαι δικαιοσύνην καὶ ἀρετήν, ἀλήθειαν καὶ φόβον κυρίου, πίστιν καὶ πραότητα ","The sixth parable continues, explaining the lengths of time that different kinds of sinners spend under the rod of the punishing angel. Those who have given themselves over to luxu"
b3f22b5c-5408-4b75-80f1-ffaee6467653,sc53bis_hermas_pastor_chap50_en,sc53bis_hermas_pastor_chap50,"Hermas, Past. 50 (English)","Hermas, Past. 50",0.01,not_translation,"1. Λέγει μοι · Οἴδατε, φησίν, ὅτι ἐπὶ ξένης κατοικεῖτε ὑμεῖς οἱ δοῦλοι τοῦ θεοῦ · ἡ γὰρ πόλις ὑμῶν μακράν ἐστιν ἀπὸ τῆς πόλεως ταύτης · εἰ οὖν οἴδατε, φησί, τὴν πόλιν ὑμῶν, ἐν ᾗ μέ",The eighth parable continues with the examination of the branches returned by each person. The angel of repentance calls the people forward and examines the branches they return. S
ecd711e9-8335-4d37-b233-9302b7ee3805,sc53bis_hermas_pastor_chap56_en,sc53bis_hermas_pastor_chap56,"Hermas, Past. 56 (English)","Hermas, Past. 56",0.01,not_translation,"1. Λέγω αὐτῷ · Κύριε, ἐγὼ ταύτας τὰς παραβολὰς οὐ γινώσκω οὐδὲ δύναμαι νοῆσαι αὐτάς, ἐὰν μή μοι ἐπιλύσῃς αὐτάς. 2. Πάντα σοι ἐπιλύσω, φησί, καὶ ὅσα ἂν λαλήσω μετὰ σοῦ δείξω σοι · τ",The ninth parable continues with a detailed description of the construction of the tower on the great white rock. The six young men direct the building while ten thousand others ca
3733f1ef-5c4c-4cc8-88cc-d815b35a86b1,sc53bis_hermas_pastor_chap58_en,sc53bis_hermas_pastor_chap58,"Hermas, Past. 58 (English)","Hermas, Past. 58",0.01,not_translation,"1. Εἶπόν σοι, φησί, καὶ ἄρτι, ὅτι πανοῦργος εἶ καὶ αὐθάδης, ἐπερωτῶν τὰς ἐπιλύσεις τῶν παραβολῶν. Ἐπεὶ δὲ οὕτως παράμονος εἶ σύ, ἐπιλύσω σοι τὴν παραβολὴν τοῦ ἀγροῦ καὶ τῶν λοιπῶν ",The ninth parable contains a passage in which Hermas is invited by the twelve virgins — who represent the holy virtues — to spend the night with them in preparation for further rev
a25e80a1-110b-488f-9577-5e7578b80906,sc53bis_hermas_pastor_chap59_en,sc53bis_hermas_pastor_chap59,"Hermas, Past. 59 (English)","Hermas, Past. 59",0.01,not_translation,"1. Ἄκουε, φησίν, εἰς δούλου τρόπον οὐ κεῖται ὁ υἱὸς τοῦ θεοῦ, ἀλλ' εἰς ἐξουσίαν μεγάλην κεῖται καὶ κυριότητα. Πῶς, φημί, κύριε, οὐ νοῶ. 2. Ὅτι, φησίν, ὁ θεὸς τὸν ἀμπελῶνα ἐφύτευσε,",The ninth parable continues with the revelation of the meaning of the twelve mountains surrounding the plain. The first mountain — black as soot — represents those who apostasized 
b148ac52-0556-4b97-a17f-0c9434041a22,sc53bis_hermas_pastor_chap57_en,sc53bis_hermas_pastor_chap57,"Hermas, Past. 57 (English)","Hermas, Past. 57",0.01,not_translation,"1. Ἐδεήθην αὐτοῦ πολλά, ἵνα μοι δηλώσῃ τὴν παραβολὴν τοῦ ἀγροῦ καὶ τοῦ δεσπότου καὶ τοῦ ἀμπελῶνος καὶ τοῦ δού-λου τοῦ χαρακώσαντος τὸν ἀμπελῶνα καὶ τῶν χαράκων καὶ τῶν βοτανῶν τῶν ",The ninth parable continues with further details of the tower's construction. The six builders examine all the stones offered for the building. Those that are round — representing 
07917622-8d71-4b62-8152-828a4dfe1a72,sc53bis_hermas_pastor_chap62_en,sc53bis_hermas_pastor_chap62,"Hermas, Past. 62 (English)","Hermas, Past. 62",0.01,not_translation,"1. Λέγει μοι · Βλέπεις, φησίν, τὸν ποιμένα τοῦτον ; Βλέπω, φημί, κύριε. Οὗτος, φησίν, ἐστὶν ἄγγελος τρυφῆς καὶ ἀπάτης. Οὗτος ἐκτρίβει τὰς ψυχὰς τῶν δούλων τοῦ θεοῦ τῶν κενῶν καὶ κα","The ninth parable continues with an account of the Son of God inspecting the tower. A great and glorious man, the Lord of the whole building, arrives to inspect the tower. He exami"
810a9219-5dae-4921-841e-0f536adb0359,sc53bis_hermas_pastor_chap64_en,sc53bis_hermas_pastor_chap64,"Hermas, Past. 64 (English)","Hermas, Past. 64",0.01,not_translation,"1. Λέγω αὐτῷ · Κύριε, ἔτι μοι, φημί, τοῦτο δήλωσον. Τί, φησίν, ἐπιζητεῖς ; Εἰ ἄρα, φημί, κύριε, τὸν αὐτὸν χρόνον βασανίζονται οἱ τρυφῶντες καὶ ἀπατώμενοι, ὅσον τρυφῶσι καὶ ἀπατῶντα","The ninth parable continues as Hermas seeks clarification about what the tower means, who the man is who inspects it, and who the virgins are that accompany the stones. The angel t"
427f546f-1027-4419-9bf7-2d6af7d54540,sc53bis_hermas_pastor_chap66_en,sc53bis_hermas_pastor_chap66,"Hermas, Past. 66 (English)","Hermas, Past. 66",0.01,not_translation,"[Παραβολὴ ζʹ.]  1. Μετὰ ἡμέρας ὀλίγας εἶδον αὐτὸν εἰς τὸ πεδίον τὸ αὐτό, ὅπου καὶ τοὺς ποιμένας ἑωράκειν, καὶ λέγει μοι · Τί ἐπιζητεῖς ; Πάρειμι, φημί, κύριε, ἐρωτῆσαί σε ἵνα τὸν π",The ninth parable continues with a question from Hermas about those virgins and other young women who stand outside the tower in darkness. These are identified as the corresponding
e924de71-039f-46fa-80d4-02491f4d0117,sc53bis_hermas_pastor_chap61_en,sc53bis_hermas_pastor_chap61,"Hermas, Past. 61 (English)","Hermas, Past. 61",0.01,not_translation,"[Παραβολὴ ϛʹ.]  1. Καθήμενος ἐν τῷ οἴκῳ μου καὶ δοξάζων τὸν κύριον περὶ πάντων ὧν ἑωράκειν καὶ συζητῶν περὶ τῶν ἐντολῶν, ὅτι καλαὶ καὶ δυναταὶ καὶ ἱλαραὶ καὶ ἔνδοξοι καὶ δυνάμεναι ",The ninth parable continues with the explanation of the eighth through twelfth mountains. The eighth mountain — covered with springs from which every created thing drank — represen
a217465c-a6d2-4b59-8e21-206392da0eea,sc53bis_hermas_pastor_chap65_en,sc53bis_hermas_pastor_chap65,"Hermas, Past. 65 (English)","Hermas, Past. 65",0.01,not_translation,"1. Ἐπεί, φημί, κύριε, οὐ νενόηκα ὅλως τοὺς χρόνους τῆς ἀπάτης καὶ τρυφῆς καὶ βασάνου, δηλαυγέστερόν μοι δήλωσον. 2. Ἀποκριθείς μοι λέγει · Ἡ ἀφροσύνη σου παράμονός ἐστι, καὶ οὐ θέλ","The ninth parable addresses Hermas's question about the name of the Son of God. The angel answers that the Son of God has many names, each deriving from his various works and gifts"
7de846d9-4c88-4835-b4b0-9f2b01a7ed8f,sc53bis_hermas_pastor_chap67_en,sc53bis_hermas_pastor_chap67,"Hermas, Past. 67 (English)","Hermas, Past. 67",0.01,not_translation,"[Παραβολὴ ηʹ.]  1. Ἔδειξέ μοι ἰτέαν σκεπάζουσαν πεδία καὶ ὄρη, καὶ ὑπὸ τὴν σκέπην τῆς ἰτέας πάντες ἐληλύθεισαν οἱ κεκλημένοι ἐν ὀνόματι κυρίου. 2. Εἱστήκει δὲ ὁ ἄγγελος τοῦ κυρίου ","The ninth parable explains why the stones drawn from the deep waters shine so brilliantly when placed in the tower. Hermas asks this question, and the angel tells him that these st"
b2a8204e-92d3-4cad-b183-a6f4bfeebcb6,sc53bis_hermas_pastor_chap51_en,sc53bis_hermas_pastor_chap51,"Hermas, Past. 51 (English)","Hermas, Past. 51",0.01,not_translation,"[Ἄλλη παραβολή.]  1. Περιπατοῦντός μου εἰς τὸν ἀγρὸν καὶ κατανοοῦντος πτελέαν καὶ ἄμπελον καὶ διακρίνοντος περὶ αὐτῶν καὶ τῶν καρπῶν αὐτῶν, φανεροῦταί μοι ὁ ποιμὴν καὶ λέγει · Τί σ",The eighth parable continues with the examination of the returned branches and the sorting of the people. Those who submitted entirely withered and gnawed branches are found to be 
53cd3b5c-3393-4849-9c6b-55dfd6b8f64c,sc53bis_hermas_pastor_chap55_en,sc53bis_hermas_pastor_chap55,"Hermas, Past. 55 (English)","Hermas, Past. 55",0.01,not_translation,"1. Ἄκουε τὴν παραβολήν, ἣν μέλλω σοι λέγειν, ἀνήκουσαν τῇ νηστείᾳ. 2. Εἶχέν τις ἀγρὸν καὶ δούλους πολλοὺς καὶ εἰς μέρος τι τοῦ ἀγροῦ ἐφύτευσεν ἀμπελῶνα · ἐκλεξάμενος οὖν δοῦλόν τιν","The ninth parable (Similitude IX) opens with the angel bringing Hermas to Arcadia, to a place where there is a great plain surrounded by twelve mountains, each of a different chara"
74b841b6-baef-4222-a302-a22e05b6c62f,sc53bis_hermas_pastor_chap60_en,sc53bis_hermas_pastor_chap60,"Hermas, Past. 60 (English)","Hermas, Past. 60",0.01,not_translation,"1. Ηὐφράνθην, φημί, κύριε, ταύτην τὴν ἐπίλυσιν ἀκούσας. Ἄκουε νῦν, φησί · τὴν σάρκα σου ταύτην φύλασσε καθαρὰν καὶ ἀμίαντον, ἵνα τὸ πνεῦμα τὸ κατοικῆσαν ἐν αὐτῇ μαρτυρήσῃ αὐτῇ καὶ ",The ninth parable continues with the explanation of the fifth through eighth mountains. The fifth mountain — rough and covered with green plants — represents those who are faithful
75cafcc1-d33d-4450-9011-5640a9117497,sc53bis_hermas_pastor_chap8_en,sc53bis_hermas_pastor_chap8,"Hermas, Past. 8 (English)","Hermas, Past. 8",0.01,not_translation,"1. Ἀπεκαλύφθη δέ μοι, ἀδελφοί, κοιμωμένῳ ὑπὸ νεανίσκου εὐειδεστάτου λέγοντός μοι · Τὴν πρεσβυτέραν, παρ' ἧς ἔλαβες τὸ βιβλίδιον, τίνα δοκεῖς εἶναι ; ἐγώ φημι · Τὴν Σίβυλλαν. Πλα-νᾶ","The second commandment, here treated in its fuller dimension, concerns the avoidance of slander and the exercise of sincere generosity. Hermas is taught that the evil of slander is"
5281097c-d9fa-4cc9-84f4-28e023435b5c,sc53bis_hermas_pastor_chap88_en,sc53bis_hermas_pastor_chap88,"Hermas, Past. 88 (English)","Hermas, Past. 88",0.01,not_translation,"1. Λέγουσί μοι αἱ παρθένοι · Σήμερον ὁ ποιμὴν ὧδε οὐκ ἔρχεται. Τί οὖν, φημί, ποιήσω ἐγώ ; Μέχρις ὀψέ, φασίν, περί-μεινον αὐτόν · καὶ ἐὰν ἔλθῃ, λαλήσει μετὰ σοῦ, ἐὰν δὲ μὴ ἔλθῃ, μεν","The ninth parable continues with Hermas asking about the stones drawn from the very deep and placed in the foundation of the tower, which shine with an extraordinary luminosity. Th"
0f756516-2f37-48b5-b438-75d97edb1877,sc53bis_hermas_pastor_chap97_en,sc53bis_hermas_pastor_chap97,"Hermas, Past. 97 (English)","Hermas, Past. 97",0.01,not_translation,"1. Ἐκ δὲ τοῦ ὄρους τοῦ τρίτου τοῦ ἔχοντος ἀκάνθας καὶ τριβόλους οἱ πιστεύσαντες τοιοῦτοί εἰσιν. Ἐξ αὐτῶν οἱ μὲν πλούσιοι, οἱ δὲ πραγματείαις πολλαῖς ἐμπεφυρμένοι. Οἱ μὲν τρίβολοί ε",The ninth parable contains a passage in which the angel explains to Hermas the significance of the fact that the building of the tower was temporarily suspended while the stones be
8420e43c-1edf-4f57-b848-e90826c7e4cc,sc53bis_hermas_pastor_chap93_en,sc53bis_hermas_pastor_chap93,"Hermas, Past. 93 (English)","Hermas, Past. 93",0.01,not_translation,"1. Ἔτι μοι, φημί, κύριε, δήλωσον. Τί, φησίν, ἐπιζητεῖς ; Διατί, φημί, κύριε, οἱ λίθοι ἐκ τοῦ βυθοῦ ἀνέβησαν καὶ εἰς τὴν οἰκοδομὴν τοῦ πύργου ἐτέθησαν, πεφορηκότες τὰ πνεύματα ταῦτα",The ninth parable addresses Hermas's question about whether those who submitted withered and decayed branches can be restored. The angel gives a qualified answer: those whose branc
1d5a18d6-2f6a-47b0-a861-1e4ba4bdfa7e,sc53bis_hermas_pastor_chap73_en,sc53bis_hermas_pastor_chap73,"Hermas, Past. 73 (English)","Hermas, Past. 73",0.01,not_translation,"1. Ὅσοι δὲ ἡμιξήρους ἐπέδωκαν καὶ ἐν αὐταῖς σχισμὰς εἶχον, ἄκουε περὶ αὐτῶν. Ὅσων ἦσαν κατ' αὐτοὺς αἱ ῥάβδοι ἡμίξηροι, δίψυχοί εἰσιν · οὔτε γὰρ ζῶσιν οὔτε τεθνήκασιν. 2. Οἱ δὲ ἡμιξ","The ninth parable describes those who came from the seventh mountain — the lush, abundantly watered, cheerful mountain covered with all manner of life — who returned flourishing br"
68a8c997-0f32-45b8-9937-35efca1b6a65,sc123_melito_peri_pascha_chap24_en,sc123_melito_peri_pascha_chap24,"Melito, PP 24 (English)","Melito, PP 24",0.02,not_translation,"Εἴ τις οὖν ἐψηλάφα τὸ σκότος, ὑπὲρ τοῦ θανάτου ἐξήγετο. Εἴ τις πρωτότοκος χειρὶ σκοτεινὸν σῶμα ἐναγκαλισά-μενος, τῇ ψυχῇ ἐκδειματωθεὶς οἰκτρὸν καὶ φοβερὸν ἀνε-βόησεν · « Τίνα κρατε","Israel, however, was guarded by the slaughter of the sheep and was in truth illuminated by the outpouring of the blood, and the death of the sheep became a wall for the people."
df981191-694d-4765-a0fc-b566bc41dd64,sc123_melito_peri_pascha_chap28_en,sc123_melito_peri_pascha_chap28,"Melito, PP 28 (English)","Melito, PP 28",0.02,not_translation,"Οἰμωγὴ δὲ καὶ κοπετὸς ἐπὶ τῇ τῶν ἀνθρώπων [ἀπω]-λείᾳ ἐγένετο, ἐπὶ τῇ τῶν πρωτοτόκων νε[κρῶν]. Ὅλη γὰρ ἐπώζεσεν Αἴγυπτος ἀπὸ τῶν ἀτάφων σωμάτων.","Therefore it was not the sheep alone that was valued, but it was valued on account of the Lord; nor was it the image of the sheep alone, but also the image of the Lord. The type (t"
1b3e7a06-45f6-4be0-9442-57560175f987,sc123_melito_peri_pascha_chap27_en,sc123_melito_peri_pascha_chap27,"Melito, PP 27 (English)","Melito, PP 27",0.02,not_translation,Μύκημα δὲ ἐν τοῖ[ς πεδίοις] τῆς γῆς ἠκούετο ἀ-ποδυρομ[ένων κτηνῶν] ἐπὶ τῶν τροφίμων αὐτῶν · κα[ὶ γὰρ] [δάμαλις] ὑπόμοσχος καὶ ἵππος ὑπόπωλ[ος καὶ τὰ] λοιπὰ κτήνη λοχευόμενα καὶ σ[π,"It is clear that you turned away when you saw the mystery (mysterion) of the Lord taking place in the sheep, the life of the Lord in the slaughter of the sheep, the type (typos) of"
67916203-d313-4795-9e49-06cc9af536f2,sc123_melito_peri_pascha_chap26_en,sc123_melito_peri_pascha_chap26,"Melito, PP 26 (English)","Melito, PP 26",0.02,not_translation,"Ἕτερος δέ τις πρωτότοκος, νοήσας τὴν τῶν πρωτοτό-κων ἅλωσιν, ἑαυτὸν ἀπηρνεῖτο, ἵνα μὴ θάνῃ πικρῶς · « Οὔκ εἰμι πρωτότοκος, τρί[τῳ γεγέννημαι] καρπῷ. » Ὁ δὲ ψευσθῆναι [μὴ δ]υνάμ[ενο","Tell me, O angel, what turned you away? The slaughter of the sheep or the life of the Lord? The death of the sheep or the type (typos) of the Lord? The blood of the sheep or the Sp"
05bbcbd5-c0e9-42cd-a210-88de0ed5f8d2,sc123_melito_peri_pascha_chap36_en,sc123_melito_peri_pascha_chap36,"Melito, PP 36 (English)","Melito, PP 36",0.02,not_translation,"<Εἰ μὴ> ἐπὶ προκατασκευῆς ἔργον οὐκ ἀνίσταται. Ἢ οὐ τὸ μέλλον διὰ τῆς τυπικῆς εἰκόνος ὁρᾶται ; Διὰ τοῦ-το δὴ τοῦ μέλλοντος γίνεται προκέντημα ἢ ἐκ κηροῦ ἢ ἐκ πηλοῦ ἢ ἐκ ξύλου, ἵνα ","What the mystery is, and what the type (typos), and what the reality (aletheia), you shall understand from what follows."
b257bfb4-48ff-4b31-bc66-2f80dc632215,sc123_melito_peri_pascha_chap33_en,sc123_melito_peri_pascha_chap33,"Melito, PP 33 (English)","Melito, PP 33",0.02,not_translation,"Δῆλος εἶ δυσωπηθεὶς εἰδὼν [τὸ] τοῦ κυρίου μυστήριον ἐν τῷ προβάτῳ γινόμενον, τὴν τοῦ κυρίου ζωὴν ἐν τῇ τοῦ προβάτου σφαγῇ, τὸν τοῦ κυρίου τύπον ἐν τῷ τοῦ προβάτου θανά[τῳ]. Διὰ τοῦ","He is all things: inasmuch as he judges, he is Law; inasmuch as he teaches, Word (Logos); inasmuch as he saves, Grace (Charis); inasmuch as he begets, Father; inasmuch as he is beg"
21131b26-05b0-4e44-9ccf-c2092a0da76a,sc123_melito_peri_pascha_chap47_en,sc123_melito_peri_pascha_chap47,"Melito, PP 47 (English)","Melito, PP 47",0.02,not_translation,"παθῶν, [καὶ διά τι πά]ρεστιν ὁ κύριος ἐπὶ τὴν γῆν, [ἵνα] [τὸν πάσ]χοντα [ἀμφι]ασάμενος [ἁρπάσῃ εἰς τὰ ὑψηλὰ] τῶν οὐ[ρα]νῶν.","The temple below was precious, but now it is worthless because of the Christ above. The Jerusalem below was precious, but now it is worthless because of the Jerusalem above."
59ad61ae-de6c-48bd-970a-756a578d9a3f,sc123_melito_peri_pascha_chap46_en,sc123_melito_peri_pascha_chap46,"Melito, PP 46 (English)","Melito, PP 46",0.02,not_translation,Τὸ μὲν οὖν διήγημα τοῦ τύπου καὶ τῆς ἀνταποδόσεως ἀκηκόατε · ἀκούσατε καὶ τὴν κατασκευὴν τοῦ μυστηρίου. Τί ἐστιν τὸ πάσχα ; Ἀπὸ γὰρ τοῦ συμβεβηκότος τὸ ὄνο-μα κέκληται · ἀπὸ τοῦ πα,"The blood of the sheep was precious, but now it is worthless because of the Spirit of the Lord. The silent lamb was precious, but now it is worthless because of the unblemished Son"
2217a0f8-aa54-4427-8c4d-d5e9ab218daa,sc123_melito_peri_pascha_chap51_en,sc123_melito_peri_pascha_chap51,"Melito, PP 51 (English)","Melito, PP 51",0.02,not_translation,"Καὶ γὰρ [πα]τὴρ ἐπὶ υἱὸν ξίφος ἐπηνέγκατο, καὶ υἱὸς πατρὶ χεῖρας προσήνεγκεν, καὶ μαστοὺς τιθηνοὺς ἀσεβὴς ἐτύπτησεν, καὶ ἀδελφὸς ἀδελφὸν ἀπέκτεινεν, καὶ ξένος ξένον ἠδίκησεν, καὶ φ","Learn, therefore, who is the one who suffers (paschon) and who shares the suffering of the one who suffers, and why the Lord came to earth -- to clothe himself with the one who suf"
763e8c17-72e2-442a-8190-1e2eec62c0e6,sc123_melito_peri_pascha_chap60_en,sc123_melito_peri_pascha_chap60,"Melito, PP 60 (English)","Melito, PP 60",0.02,not_translation,"Ἀπόβλεψον δὲ καὶ εἰς τὸ ἐν γῇ Αἰγύπτου πρόβατον σφαζόμενον, τὸν πατάξαντα Αἴγυπτον καὶ σώσαντα τὸν Ἰσραὴλ διὰ τοῦ αἵματος.","The luminaries turned away, and the day became dark, that it might hide the one stripped naked upon the tree, darkening not the body of the Lord but the eyes of humanity. [fragment"
42ecf1d9-45b1-43da-8164-0742c50cc0d2,sc123_melito_peri_pascha_chap61_en,sc123_melito_peri_pascha_chap61,"Melito, PP 61 (English)","Melito, PP 61",0.02,not_translation,Ἔστιν δὲ καὶ διὰ προφητικῆς φωνῆς τὸ τοῦ κυρίου μυστήριον κηρυσσόμενον. Φησὶν γὰρ Μωυσῆς πρὸς τὸν λαόν · « Καὶ ὄψεσθε τὴν ζωὴν ὑμῶν κρεμαμένην ἔμπροσθεν τῶν ὀφθαλμῶν ὑμῶν νυκτὸς κα,"For the people trembled not, but the earth trembled. The heavens were shaken, and the angel tore his garments. But Israel did not perceive, Israel did not tremble, Israel did not l"
33c421ee-dac7-483d-a1c1-fbaac446e513,sc123_melito_peri_pascha_chap63_en,sc123_melito_peri_pascha_chap63,"Melito, PP 63 (English)","Melito, PP 63",0.02,not_translation,"Ὁ δὲ Ἰερεμίας. « Ἐγὼ ὡς ἀρνίον ἄκακον ἀγόμενον τοῦ θύεσθαι. Ἐλογίσαντο ἐπ' ἐμὲ κακὰ εἰπόντες · Δεῦτε, ἐμβάλωμεν ξύλον εἰς τὸν ἄρτον αὐτοῦ καὶ ἐκτρίψωμεν αὐτὸν ἐκ γῆς ζώντων, καὶ τὸ","For if the murder had taken place at night, or if he had been slain in a desert place, it would be right to keep silent. But now, in the middle of the street and in the midst of th"
f5edd48b-a958-4815-afc7-77f6acca2b3e,sc123_melito_peri_pascha_chap82_en,sc123_melito_peri_pascha_chap82,"Melito, PP 82 (English)","Melito, PP 82",0.02,not_translation,"Σὺ δὲ Ἰσραὴλ οὐχ εὑρέθης, οὐ γὰρ εἶδες τὸν θεόν, οὐκ ἐνόησας τὸν κύριον, οὐκ ᾔδεις, ὦ Ἰσραήλ, ὅτι οὗτός [ἐσ]τιν ὁ πρωτότοκος τοῦ θεοῦ, ὁ πρὸ ἑωσφόρ[ου] γεννηθείς, ὁ τὸ φῶς ἐπαν<ασ>","O unprecedented murder! O unprecedented injustice! The Master (despotes) was disfigured and did not cry out. His body was stripped bare, and he was not ashamed. [fragmentary]"
a2840391-942c-4b29-8c63-aace718a6192,sc123_melito_peri_pascha_chap84_en,sc123_melito_peri_pascha_chap84,"Melito, PP 84 (English)","Melito, PP 84",0.02,not_translation,"Οὗτος ἦν ὁ καθοδη[γήσας σε εἰς Α]ἴγυπτον καὶ διαφυλάξας σε [κἀκε]ῖ διαθρεψάμενος. Οὗτος ἦν ὁ φω[ταγω]γήσας σε ἐν στύλῳ, καὶ σκεπάσας [σε] ἐν νεφέλῃ, ὁ τεμὼν Ἐρυθρὰν θάλασσαν καὶ [δ","The luminaries turned away, and the day became dark, that it might hide the one stripped upon the tree -- darkening not the body of the Lord but the eyes of humanity. [fragmentary]"
4081cce2-6cf2-4293-ba24-6523cd88fddb,sc123_melito_peri_pascha_chap89_en,sc123_melito_peri_pascha_chap89,"Melito, PP 89 (English)","Melito, PP 89",0.02,not_translation,[Πόσο]υ ἀνετιμήσω τοὺς πάσχον[τας] οὓς αὐτὸς παρὼν ἐθεράπευσεν ; [Τίμησαί] μοι τὴν ξηρὰν χεῖρα ἣν ἀ[ποκατέστ]ησεν τῷ σώματι.,"And thus he was lifted up upon the tree, and a title was attached, identifying the one who had been murdered. Who is this? It is a hard thing to say, but a more fearful thing not t"
9a27f9d3-f350-4ede-ac57-2c5420a8b78d,sc123_melito_peri_pascha_chap95_en,sc123_melito_peri_pascha_chap95,"Melito, PP 95 (English)","Melito, PP 95",0.02,not_translation,Καὶ οὕτως ὑψοῦ[ται ἐ]πὶ ξύλου καὶ τίτλος πρόσκει[ται] τὸν πεφονευμένον σημαίνων. Τίς [οὗτ]ος ; Τὸ εἰπεῖν βαρὺ καὶ τὸ μὴ εἰπεῖν φοβερώτερον. Πλὴν ἀκούσατε τρέμοντες δι' ὃν ἐτρόμησεν,I will lead you up to the heights of the heavens. I will show you the Father who is from eternity. I will raise you up by my right hand. [fragmentary]
4cf6930b-f608-4e8a-bbe4-e7ecf9006ffa,sc123_melito_peri_pascha_chap99_en,sc123_melito_peri_pascha_chap99,"Melito, PP 99 (English)","Melito, PP 99",0.02,not_translation,"Διὰ τοῦτο, ὦ Ἰσραήλ, ἐπὶ τοῦ κυρίου οὐκ ἐτρό[μησ]ας, ἐπὶ τοῦ κυρίου οὐκ ἐφοβήθ[ης], [ἐπὶ τ]οῦ κυρίου οὐκ ἐκώκυσας, ἐπὶ τῶν π[ρωτοτόκων σου ἀ]νεκώκυσας, <ἐπὶ> τοῦ κρεμαμέν[ου κυρίου","He bears the Father and is borne by the Father, to whom be glory and power forever and ever. Amen. Melito's On the Passover (Peri Pascha). Peace to the one who wrote and to the one"
b5ada14e-dc84-4a84-93cf-b2b6689389fd,sc123_melito_peri_pascha_chap97_en,sc123_melito_peri_pascha_chap97,"Melito, PP 97 (English)","Melito, PP 97",0.02,not_translation,"Ὢ φόνου καινοῦ, ὢ ἀδικίας καινῆς. Ὁ δεσπότης παρεσχημάτισται γυμνῷ τῷ σώματι καὶ οὐδὲ περιβολῆς ἠξίωται ἵνα μὴ θεαθῇ. Διὰ τοῦτο οἱ φωστῆρες ἀπεστρά-φησαν καὶ ἡ ἡμέρα συνεσκότασεν, ",This is he who was raised from the dead and ascended to the heights of the heavens. This is he who sits at the right hand of the Father. This is he who has authority to judge and t
7a32671f-78f2-465b-80f1-54eb484653e5,sc123_melito_peri_pascha_chap64_en,sc123_melito_peri_pascha_chap64,"Melito, PP 64 (English)","Melito, PP 64",0.02,not_translation,"Ὁ δὲ Ἠσαίας · « Ὡς πρόβατον ἐπὶ σφαγὴν ἤχθη, καὶ ὡς ἀμνὸς ἄφωνος ἐναντίον τοῦ κείραντος αὐτόν, οὗτος οὐκ ἀνοίγει τὸ στόμα αὐτοῦ. Τὴν γενεὰν αὐτοῦ τίς διηγήσεται ; »","And thus he was lifted up upon the tree, and a title was attached, identifying the one who had been murdered. Who is this? It is a hard thing to say, and a more fearful thing not t"
caa0e346-318a-4ad2-8269-da3986da2cc3,sc136_origenes_contra_celsum_iii_par63_en,sc136_origenes_contra_celsum_iii_par63,CC III 63 (English),CC III 63,0.02,not_translation,"63. Εἶτα μὴ νοῶν, πῶς εἴρηται τὸ « Πᾶς ὁ ὑψῶν ἑαυτὸν ταπεινωθήσεται », μηδὲ κἂν ἀπὸ τοῦ Πλάτωνος διδαχθεὶς ὅτι ὁ καλὸς καὶ ἀγαθὸς πορεύεται « ταπεινὸς καὶ κεκοσμη-μένος », μὴ εἰδὼς","63. Celsus then makes another comparison, saying: 'Suppose that someone, while offering to teach philosophy, began by proclaiming: let whoever is ignorant come to me, whoever is fo"
d055fd56-f6fb-409f-90e8-16215365d625,sc136_origenes_contra_celsum_iii_par75_a_en,sc136_origenes_contra_celsum_iii_par75_a,CC III 75_a (English),CC III 75_a,0.02,not_translation,"Ἵνα δὲ καὶ ἀπὸ τῆς Ἐπικούρου φιλοσοφίας καὶ τῶν κατ'Ἐπίκουρον νομιζομένων ἐπικουρείων ἰατρῶν ἀποτρέπωμεν τοὺς ἐν ἐκείνοις ἀπατωμένους, πῶς οὐχὶ εὐλογώτατα ποιή-σομεν ἀφιστάντες νόσ","But further, Celsus's Jew objects to the stories about the resurrection, citing what he considers inconsistencies. He notes that, according to the account, Jesus appeared after his"
a2407664-7ce3-47ac-a897-a64d636405fd,sc136_origenes_contra_celsum_iii_par75_b_en,sc136_origenes_contra_celsum_iii_par75_b,CC III 75_b (English),CC III 75_b,0.02,not_translation,"Οὐ γὰρ καταφεύγομεν οὖν ἐπὶ νηπίους καὶ ἠλιθίους ἀγροίκους λέγοντες αὐτοῖς · φεύγετε τοὺς ἰατρούς, οὐδὲ λέγομεν · ὁρᾶτε μή ποτε τὶς ὑμῶν ἐπιστήμης ἐπιλάβηται, οὐδὲ φάσκομεν ὅτι κακ","If Jesus had appeared to all -- to his accusers, to the judge, to the general public -- Celsus might say this was a phantom (phantasma) or a mass delusion. But by appearing to chos"
04830bd4-d234-4c4d-9cec-7ad22fed2b46,sc136_origenes_contra_celsum_iii_par69_a_en,sc136_origenes_contra_celsum_iii_par69_a,CC III 69_a (English),CC III 69_a,0.02,not_translation,"Ἑξῆς δέ φησιν ὅτι οἱ ἀναμάρτητοι βελτίους κοινωνοὶ βίου, μὴ σαφηνίσας, τίνας φησὶ τοὺς ἀναμαρτήτους, πότερον τοὺς ἀρχῆθεν ἢ τοὺς ἐκ μεταβολῆς. Οἱ μὲν οὖν ἀρχῆθεν ἀδύνατοι, οἱ δ' ἐκ","For if the customs of the fathers ought always to be maintained, the Egyptians should never have ceased worshipping animals, nor the Scythians their practice of killing foreigners,"
481ec665-ddf9-4423-a97d-117df2eb808e,sc136_origenes_contra_celsum_iii_par69_en,sc136_origenes_contra_celsum_iii_par69,CC III 69 (English),CC III 69,0.02,not_translation,"69. Καὶ ὁ μὲν Κέλσος φησὶ τὰ ἀκόλουθα ἑαυτῷ ἐπιφέρων ὅτι φύσιν ἀμεῖψαι τελέως παγχάλεπον. Ἡμεῖς δέ, μίαν φύσιν ἐπιστάμενοι πάσης λογικῆς ψυχῆς καὶ μηδεμίαν φάσκοντες πονηρὰν ὑπὸ το","69. The Jew in Celsus then addresses the believers from among the Gentiles as well, not only those from among the Jews, saying: 'How can you who came from the Gentiles abandon the "
c4794072-864a-4dbf-a0c8-ce0afc281b16,sc136_origenes_contra_celsum_iii_par81_a_en,sc136_origenes_contra_celsum_iii_par81_a,CC III 81_a (English),CC III 81_a,0.02,not_translation,"Ἀλλὰ γὰρ αὐτάρκη περιγραφὴν ἐν τούτοις καὶ τοῦ τρίτου τόμου τῶν πρὸς τὸ Κέλσου σύγγραμμα ἡμῖν ὑπαγο-ρευθέντων εἰληφότος, αὐτοῦ που καταπαύσομεν τὸν λόγον, ἐν τοῖς ἑξῆς πρὸς τὰ μετὰ","For if God had acted only through his invisible power, without the incarnation, who among humans could have perceived the teaching? It was necessary that the divine Word take visib"
f9786c7b-59f4-48a6-970b-b3935b4b7d08,sc147_origenes_contra_celsum_v_par32_a_en,sc147_origenes_contra_celsum_v_par32_a,CC V 32_a (English),CC V 32_a,0.02,not_translation,"Ἐπεὶ δ' οἱ κινήσαντες « ἀπ' ἀνατολῶν » δι' ἃ ἥμαρτον παρεδόθησαν « εἰς ἀδόκιμον νοῦν » καὶ « εἰς πάθη ἀτιμίας » καὶ « ἐν ταῖς ἐπιθυμίαις τῶν καρδιῶν αὐτῶν εἰς ἀκαθαρ-σίαν », ἵνα κο",32_a. Let us then see what follows in Celsus' text next.
fe707890-4e1e-4127-8c5f-9462f25b8b30,sc150_origenes_contra_celsum_vii_par14_en,sc150_origenes_contra_celsum_vii_par14,CC VII 14 (English),CC VII 14,0.02,not_translation,"14. Εἶτα μετὰ ταῦτα, βουλόμενος ἀνατρέπειν τὴν πίστιν τῶν διὰ τὸ πεπροφητεῦσθαι παραδεξαμένων τὰ τοῦ Ἰησοῦ, φησί · Φέρε ἐὰν προείπωσιν οἱ προφῆται τὸν μέγαν θεόν, ἵνα μηδὲν ἄλλο φο","14. After this, Celsus says that God would not descend to earth because such a descent would imply a change (metabole) in the divine nature. He argues that any change in God would "
e391a58e-6013-406f-af24-0872557f30be,sc150_origenes_contra_celsum_vii_par23_a_en,sc150_origenes_contra_celsum_vii_par23_a,CC VII 23_a (English),CC VII 23_a,0.02,not_translation,Εἰκὸς δὲ ἀπὸ τοῦ « Ὁ θέλων ἐν ὑμῖν εἶναι πρῶτος ἔστω πάντων διάκονος » καὶ « Οἱ ἄρχοντες τῶν ἐθνῶν κατακυ-ριεύουσιν αὐτῶν » καὶ « Οἱ ἐξουσιάζοντες ἐν αὐτοῖς εὐεργέται καλοῦνται » ε,"And when the Scriptures speak of rivers of milk and honey, of trees bearing fruit perpetually, and of a land where there is no sorrow or suffering, these are figures pointing to sp"
c10986d2-3608-4f2b-b339-183fb9435d4d,sc150_origenes_contra_celsum_vii_par3_en,sc150_origenes_contra_celsum_vii_par3,CC VII 3 (English),CC VII 3,0.02,not_translation,"3. Φησὶν οὖν · Τὰ μὲν ὑπὸ τῆς Πυθίας ἢ Δωδωνίδων ἢ Κλαρίου ἢ ἐν Βραγχίδαις ἢ ἐν Ἄμμωνος ὑπὸ μυρίων τε ἄλλων θεοπρόπων προειρημένα, ὑφ' ὧν ἐπιεικῶς πᾶσα γῆ κατῳκίσθη, ταῦτα μὲν <ἐν>","3. After this, Celsus quotes some words of the prophets and asks the Jews: 'How can you reproach the one who was foretold by these prophets?' He does this not because he believes t"
a7acbdfd-ed57-45ea-9936-88c3f8a1ba7f,sc172_epistula_barnabae_chap_12_verset_10_11b_en,sc172_epistula_barnabae_chap_12_verset_10_11b,Barn. 12.10-11b (English),Barn. 12.10-11b,0.02,not_translation,"10. Ἐπεὶ οὖν μέλλουσιν λέγειν ὅτι ὁ Χριστὸς υἱός ἐστιν Δαυίδ, αὐτὸς προφητεύει Δαυίδ, φοβούμενος καὶ συνίων τὴν πλάνην τῶν ἁμαρτωλῶν · « Εἶπεν κύριος τῷ κυρίῳ μου · Κάθου ἐκ δεξιῶν","Since therefore David himself prophesies this and he is called his Lord and not his son, let us consider whether this people is the heir or the former people, and whether the coven"
d461c2f4-390e-4118-a5e3-e78f991ef449,sc172_epistula_barnabae_chap_16_verset_5a_5c_en,sc172_epistula_barnabae_chap_16_verset_5a_5c,Barn. 16.5a-5c (English),Barn. 16.5a-5c,0.02,not_translation,"5a. Πάλιν ὡς ἔμελλεν ἡ πόλις καὶ ὁ ναὸς καὶ ὁ λαὸς Ἰσραὴλ παραδίδοσθαι, ἐφανερώθη. 5b. Λέγει γὰρ ἡ γραφή · « Καὶ ἔσται ἐπ' ἐσχάτων τῶν ἡμερῶν, καὶ παραδώσει κύριος τὰ πρόβατα τῆς ν","Let us inquire whether there is a temple of God. There is, wherever he himself says he is building and completing it. For it is written: 'And it will come to pass when the week is "
a2999d1e-4910-4e05-910e-5abaff322e9f,sc172_epistula_barnabae_chap_2_verset_7_9_en,sc172_epistula_barnabae_chap_2_verset_7_9,Barn. 2.7-9 (English),Barn. 2.7-9,0.02,not_translation,"7. Λέγει δὲ πάλιν πρὸς αὐτούς · « Μὴ ἐγὼ ἐνετειλάμην τοῖς πατράσιν ὑμῶν ἐκπορευομένοις ἐκ γῆς Αἰγύπτου, προσενέγκαι μοι ὁλοκαυτώματα καὶ θυσίας ; 8. ἀλλ' ἢ τοῦτο ἐνετειλάμην αὐτοῖς","He says to us again thus: 'Why do you fast for me, says the Lord, so that your voice is heard today crying out? This is not the fast I have chosen, says the Lord, not a man humblin"
ebb8b437-a249-4c59-a5c7-f968d9f78ea5,sc172_epistula_barnabae_chap_5_verset_5_7_en,sc172_epistula_barnabae_chap_5_verset_5_7,Barn. 5.5-7 (English),Barn. 5.5-7,0.02,not_translation,"5. Ἔτι δὲ καὶ τοῦτο, ἀδελφοί μου · εἰ ὁ κύριος ὑπέμεινεν παθεῖν ὑπὲρ τῆς ψυχῆς ἡμῶν, ὢν παντὸς τοῦ κόσμου κύριος, ᾧ εἶπεν ὁ θεὸς ἀπὸ καταβολῆς κόσμου · « Ποιήσωμεν ἄνθρω-πον κατ' ε","5. And when he chose his own apostles, those who were going to proclaim his gospel (euangelion)—men who were sinful beyond all measure, in order that he might show that he came not"
03d76e06-1e2c-49f6-a468-e21ee412b663,sc172_epistula_barnabae_chap_6_verset_13a_16c_en,sc172_epistula_barnabae_chap_6_verset_13a_16c,Barn. 6.13a-16c (English),Barn. 6.13a-16c,0.02,not_translation,"13a. Πάλιν σοι ἐπιδείξω, πῶς πρὸς ἡμᾶς λέγει · δευ-τέραν πλάσιν ἐπ' ἐσχάτων ἐποίησεν. 13b. Λέγει δὲ κύριος · « Ἰδού, ποιῶ τὰ ἔσχατα ὡς τὰ πρῶτα. » 13c. Εἰς τοῦτο οὖν ἐκήρυξεν ὁ προ","13a. And in another prophecy Jacob speaks more clearly to Joseph his son, saying: 'Behold, the Lord has not deprived me of your face; bring me your sons, that I may bless them.' 13"
6f3d2886-813f-4d36-b3ab-8c635e209cfc,sc172_epistula_barnabae_chap_6_verset_11_12c_en,sc172_epistula_barnabae_chap_6_verset_11_12c,Barn. 6.11-12c (English),Barn. 6.11-12c,0.02,not_translation,"11. Ἐπεὶ οὖν ἀνακαινίσας ἡμᾶς ἐν τῇ ἀφέσει τῶν ἁμαρτιῶν ἐποίησεν ἡμᾶς ἄλλον τύπον, ὡς παιδίον ἔχειν τὴν ψυχήν, ὡς ἂν δὴ ἀναπλάσσοντος αὐτοῦ ἡμᾶς. 12a. Λέγει γὰρ ἡ γραφὴ περὶ ἡμῶν, ","11. Let us see, then, whether this people or the former people is heir, and whether the covenant (diatheke) is for us or for them. 12a. Hear, then, what the Scripture says concerni"
895306b8-bd87-4152-b71f-b93dea3d20e5,sc172_epistula_barnabae_chap_5_verset_3_4b_en,sc172_epistula_barnabae_chap_5_verset_3_4b,Barn. 5.3-4b (English),Barn. 5.3-4b,0.02,not_translation,"3. Οὐκοῦν ὑπερευχαριστεῖν ὀφείλομεν τῷ κυρίῳ, ὅτι καὶ τὰ παρεληλυθότα ἡμῖν ἐγνώρισεν καὶ ἐν τοῖς ἐνεστῶσιν ἡμᾶς ἐσόφισεν, καὶ εἰς τὰ μέλλοντα οὐκ ἐσμὲν ἀσύνετοι. 4a. Λέγει δὲ ἡ γρα","3. The prophets, having received grace (charis) from him, prophesied about him. And he himself, in order that he might abolish death (thanatos) and demonstrate the resurrection (an"
1c2725d3-b1e7-4473-be24-976f073c49d1,sc172_epistula_barnabae_chap_6_verset_10a_10b_en,sc172_epistula_barnabae_chap_6_verset_10a_10b,Barn. 6.10a-10b (English),Barn. 6.10a-10b,0.02,not_translation,"10a. Εὐλογητὸς ὁ κύριος ἡμῶν, ἀδελφοί, ὁ σοφίαν καὶ νοῦν θέμενος ἐν ἡμῖν τῶν κρυφίων αὐτοῦ. 10b. Λέγει γὰρ ὁ προ-φήτης · « Παραβολὴν κυρίου τίς νοήσει, εἰ μὴ σοφὸς καὶ ἐπιστήμων κα","10a. Since therefore he made renewal through the remission of sins, he made us into another type, so that we should have the soul (psyche) of children, as if he were indeed creatin"
bb9870fa-aa42-4d78-8c7d-610f3a2d7741,sc20_theophilus_ad_autolycum_i_liv_1_le_dieu_des_chretiens_chap_4_en,sc20_theophilus_ad_autolycum_i_liv_1_le_dieu_des_chretiens_chap_4,Ad Aut. I 4 (English),Ad Aut. I 4,0.02,not_translation,"4. Ἄναρχος δέ ἐστιν, ὅτι ἀγένητός ἐστιν · ἀναλλοίωτος δὲ, καθότι ἀθάνατός ἐστιν. Θεὸς δὲ λέγεται διὰ τὸ τεθεικέναι τὰ πάντα ἐπὶ τῇ ἑαυτοῦ ἀσφαλείᾳ, καὶ διὰ τὸ θέειν · τὸ δὲ θέειν ἐ","4. The appearance (eidos) of God is ineffable and indescribable, and cannot be seen with fleshly eyes. For in glory (doxa) he is incomprehensible, in greatness unfathomable, in hei"
2dc055b0-5fb7-4102-9119-63800d3fef95,sc20_theophilus_ad_autolycum_i_liv_1_le_dieu_des_chretiens_chap_1_en,sc20_theophilus_ad_autolycum_i_liv_1_le_dieu_des_chretiens_chap_1,Ad Aut. I 1 (English),Ad Aut. I 1,0.02,not_translation,1. Στωμύλον μὲν οὖν στόμα καὶ φράσις εὐεπὴς τέρψιν παρέχει καὶ ἔπαινον πρὸς κενὴν δόξαν ἀθλίοις ἀνθρώποις ἔχουσι τὸν νοῦν κατεφθαρμένον · ὁ δὲ τῆς ἀληθείας ἐραστὴς οὐ προσέχει λόγο,"1. Theophilus to Autolycus, greeting. Since an agreeable discourse furnishes a delightful occupation for those fond of literature, both the man who speaks and the man who hears, ma"
b3a5a054-76b3-4d49-823c-e3626508591d,sc172_epistula_barnabae_chap_5_verset_8_10_en,sc172_epistula_barnabae_chap_5_verset_8_10,Barn. 5.8-10 (English),Barn. 5.8-10,0.02,not_translation,"8. Πέρας γέ τοι διδάσκων τὸν Ἰσραὴλ καὶ τηλικαῦτα τέρατα καὶ σημεῖα ποιῶν, οὐχ ὅτι ἐκήρυσσεν καὶ ὑπερηγά-πησαν αὐτόν. 9. Ὅτε δὲ τοὺς ἰδίους ἀποστόλους τοὺς μέλλοντας κηρύσσειν τὸ ε","8. Therefore it was for this reason that he endured. For God says that the wounding of his flesh came from them: 'When they strike their own shepherd, then the sheep of the flock s"
890fb66c-e7e4-41eb-ac42-ac7be9a20aa8,sc172_epistula_barnabae_chap_6_verset_17a_19_en,sc172_epistula_barnabae_chap_6_verset_17a_19,Barn. 6.17a-19 (English),Barn. 6.17a-19,0.02,not_translation,"17a. Τί οὖν τὸ « γάλα » καὶ τὸ « μέλι » ; ὅτι πρῶτον τὸ παιδίον μέλιτι, εἶτα γάλακτι ζωοποιεῖται · 17b. Οὕτως οὖν καὶ ἡμεῖς τῇ πίστει τῆς ἐπαγγελίας καὶ τῷ λόγῳ ζωοποιού-μενοι ζήσο","17a. Yes, but let us see whether the covenant which he swore to the fathers to give to the people—let us see whether he has given it. He has given it; but they were not worthy to r"
c0f9dae2-dfb3-43cf-ae08-09006800008d,sc172_epistula_barnabae_chap_7_verset_2_en,sc172_epistula_barnabae_chap_7_verset_2,Barn. 7.2 (English),Barn. 7.2,0.02,not_translation,"2. Εἰ οὗν ὁ υἱὸς τοῦ θεοῦ, ὢν κύριος καὶ μέλλων κρίνειν ζῶντας καὶ νεκρούς, ἔπαθεν ἵνα ἡ πληγὴ αὐτοῦ ζωοποιήσῃ ἡμᾶς, πιστεύσωμεν ὅτι ὁ υἱὸς τοῦ θεοῦ οὐκ ἠδύνατο παθεῖν εἰ μὴ δι' ἡμ","2. But he was also crucified, being given vinegar and gall to drink. Hear how the priests of the temple made this manifest. Since the commandment is written: 'Whoever does not keep"
90565d41-f68a-42d7-926d-7fb67e7ee314,sc53bis_hermas_pastor_chap17_en,sc53bis_hermas_pastor_chap17,"Hermas, Past. 17 (English)","Hermas, Past. 17",0.02,not_translation,"1. Ἀκούσατέ μου, τέκνα · ἐγὼ ὑμᾶς ἐξέθρεψα ἐν πολλῇ ἁπλότητι καὶ ἀκακίᾳ καὶ σεμνότητι διὰ τὸ ἔλεος τοῦ κυρίου τοῦ ἐφ' ὑμᾶς στάξαντος τὴν δικαιοσύνην, ἵνα δικαιωθῆτε καὶ ἁγιασθῆτε ἀ","Hermas asks about the completion of the tower and is told that it cannot be finished until the master of the work inspects it. He asks who the master is, and the woman tells him th"
039a4364-88a4-45ff-822a-559e54d7de88,sc53bis_hermas_pastor_chap21_en,sc53bis_hermas_pastor_chap21,"Hermas, Past. 21 (English)","Hermas, Past. 21",0.02,not_translation,"1. Τῇ δὲ τρίτῃ ὁράσει εἶδες αὐτὴν νεωτέραν καὶ καλὴν καὶ ἱλαρὰν καὶ καλὴν τὴν μορφὴν αὐτῆς · 2. Ὡς ἐὰν γάρ τινι λυπουμένῳ ἔλθῃ ἀγγελία ἀγαθή τις, εὐθὺς ἐπελάθετο τῶν προ-τέρων λυπῶ","Hermas is visited by the Angel of Repentance, who commands him to write down two books of commandments, one to be sent to Clement for distribution to the churches in foreign cities"
39c3998f-62ea-4d48-aeee-11619266b00f,sc53bis_hermas_pastor_chap16_en,sc53bis_hermas_pastor_chap16,"Hermas, Past. 16 (English)","Hermas, Past. 16",0.02,not_translation,"1. Ὅτε οὖν ἐπαυσάμην ἐρωτῶν αὐτὴν περὶ πάντων τού-των, λέγει μοι · Θέλεις ἄλλο ἰδεῖν ; κατεπίθυμος ὢν τοῦ θεά-σασθαι περιχαρὴς ἐγενόμην τοῦ ἰδεῖν. 2. Ἐμβλέψασά μοι ὑπεμειδίασεν καὶ","Hermas continues to question the woman about the various types of stones rejected from the tower. She explains that the white, round stones that did not fit into the building repre"
bc570660-629e-40d9-a5a2-4bab7d7f4bb1,sc53bis_hermas_pastor_chap49_en,sc53bis_hermas_pastor_chap49,"Hermas, Past. 49 (English)","Hermas, Past. 49",0.02,not_translation,"1. Ἐγὼ δὲ ὑμῖν λέγω, ὁ ἄγγελος τῆς μετανοίας · μὴ φοβή-θητε τὸν διάβολον. Ἀπεστάλην γάρ, φησί, μεθ' ὑμῶν εἶναι τῶν μετανοούντων ἐξ ὅλης καρδίας αὐτῶν καὶ ἰσχυροποιῆσαι αὐτοὺς ἐν τῇ",The eighth parable (Similitude VIII) begins with a vision of a great willow tree whose branches and shade spread over plains and mountains alike. A large crowd of people has come t
cb7379a9-4f03-4ed4-8485-7935e0049e9b,sc53bis_hermas_pastor_chap53_en,sc53bis_hermas_pastor_chap53,"Hermas, Past. 53 (English)","Hermas, Past. 53",0.02,not_translation,"[Ἄλλη παραβολή.]  1. Ἔδειξέ μοι πάλιν δένδρα πολλά, ἃ μὲν βλαστῶντα, ἃ δὲ ξηρά, καὶ λέγει μοι · Βλέπεις, φησί, τὰ δένδρα ταῦτα ; Βλέπω, φημί, κύριε, τὰ μὲν βλαστῶντα, τὰ δὲ ξηρά. 2",The eighth parable approaches its conclusion as the angel examines the remaining groups. Those who returned branches green and split but bearing fruit are those who always had fait
19d2d986-e158-4b02-bbed-d7728526028e,sc53bis_hermas_pastor_chap54_en,sc53bis_hermas_pastor_chap54,"Hermas, Past. 54 (English)","Hermas, Past. 54",0.02,not_translation,"[Ἄλλη παραβολὴ εʹ.]  1. Νηστεύοντός μου καὶ καθημένου εἰς ὄρος τι καὶ εὐχα-ριστῶν τῷ κυρίῳ περὶ πάντων ὧν ἐποίησε μετ' ἐμοῦ, βλέπω τὸν ποιμένα παρακαθήμενόν μοι καί μοι λέγοντα ταῦ",The eighth parable concludes with the angel of repentance summarizing its meaning for Hermas. He explains that just as different branches from the same tree can be in very differen
17fdc9f0-f791-416d-92ba-91b4da1078e7,sc53bis_hermas_pastor_chap5_en,sc53bis_hermas_pastor_chap5,"Hermas, Past. 5 (English)","Hermas, Past. 5",0.02,not_translation,"[Ὅρασις βʹ.]  1. Πορευομένου μου εἰς Κούμας κατὰ τὸν καιρόν, ὃν καὶ πέρυσι, περιπατῶν ἀνεμνήσθην τῆς περυσινῆς ὁράσεως, καὶ πάλιν με αἴρει πνεῦμα καὶ ἀποφέρει εἰς τὸν αὐτὸν τόπον, ","This chapter records the fourth vision, in which Hermas beholds the Church in a final, transformed state — young, beautiful, and adorned as a bride. She appears bright, cheerful, a"
488a8e9c-659e-4b19-a4f8-adc99eb96901,sc53bis_hermas_pastor_chap63_en,sc53bis_hermas_pastor_chap63,"Hermas, Past. 63 (English)","Hermas, Past. 63",0.02,not_translation,"1. Βλέπων οὖν αὐτὰ οὕτω μαστιγούμενα καὶ ταλαιπωροῦντα ἐλυπούμην ἐπ' αὐτοῖς, ὅτι οὕτως ἐβασανίζοντο καὶ ἀνοχὴν ὅλως οὐκ εἶχον. 2. Λέγω τῷ ποιμένι τῷ μετ' ἐμοῦ λαλοῦντι · Κύριε, τίς","The ninth parable continues with the young men removing stones from the tower at the command of the great man. The stones removed are of various types: those that are black, those "
0ca96265-8cd0-4f9b-9d4a-5d0e506eb4e0,sc53bis_hermas_pastor_chap52_en,sc53bis_hermas_pastor_chap52,"Hermas, Past. 52 (English)","Hermas, Past. 52",0.02,not_translation,"[Παραβολὴ γʹ.]  1. Ἔδειξέ μοι δένδρα πολλὰ μὴ ἔχοντα φύλλα, ἀλλὰ ὡσεὶ ξηρὰ ἐδόκει μοι εἶναι · ὅμοια γὰρ ἦν πάντα. Καὶ λέγει μοι · Βλέπεις, φησί, τὰ δένδρα ταῦτα ; Βλέπω, φημί, κύρι","The eighth parable continues, examining those who returned branches that were half-dry and split. These are persons who were once trustworthy and had good standing in the community"
04743a15-219c-4bfd-ae23-c9dc3da5d8f4,sc53bis_hermas_pastor_chap69_en,sc53bis_hermas_pastor_chap69,"Hermas, Past. 69 (English)","Hermas, Past. 69",0.02,not_translation,"1. Λέγω αὐτῷ · Κύριε, τὸ δένδρον τοῦτο τί ἐστιν γνώρισόν μοι · ἀποροῦμαι γὰρ περὶ αὐτοῦ, ὅτι τοσούτων κλάδων κοπέν-των ὑγιές ἐστι τὸ δένδρον καὶ ὅλως οὐδὲν φαίνεται κεκομμέ-νον ἀπ'",The ninth parable continues with a detailed account of believers from the first mountain — whose character is black as soot — and what the blackness of their branches signifies. Th
951c578d-f81d-450d-bb05-72d448fd5443,sc53bis_hermas_pastor_chap48_en,sc53bis_hermas_pastor_chap48,"Hermas, Past. 48 (English)","Hermas, Past. 48",0.02,not_translation,"1. Λέγω αὐτῷ · Κύριε, ἄκουσόν μου ὀλίγων ῥημάτων. Λέγε, φησίν, ὃ βούλει. Ὁ μὲν ἄνθρωπος, φημί, κύριε, πρόθυμός ἐστι τὰς ἐντολὰς τοῦ θεοῦ φυλάσσειν, καὶ οὐδείς ἐστιν ὁ μὴ αἰτού-μενο",The seventh parable (Similitude VII) presents a further vision of punishment and intercession. Hermas sees himself sitting with the angel of punishment watching over a large flock.
85509934-04ac-4fb4-adbb-7fdbbb31ef9a,sc53bis_hermas_pastor_chap79_en,sc53bis_hermas_pastor_chap79,"Hermas, Past. 79 (English)","Hermas, Past. 79",0.02,not_translation,"1. Εἰς μέσον δὲ τοῦ πεδίου ἔδειξέ μοι πέτραν μεγάλην λευ-κὴν ἐκ τοῦ πεδίου ἀναβεβηκυῖαν. Ἡ δὲ πέτρα ὑψηλοτέρα ἦν τῶν ὀρέων, τετράγωνος δὲ ὥστε δύνασθαι ὅλον τὸν κόσμον χωρῆσαι. 2. ",The ninth parable continues with the vision of the tower being built upon the great white rock. The six builders and an innumerable company of helpers busily bring and lay stones; 
dd422daf-e660-4393-b7e5-1560a0854e00,sc53bis_hermas_pastor_chap7_en,sc53bis_hermas_pastor_chap7,"Hermas, Past. 7 (English)","Hermas, Past. 7",0.02,not_translation,"1. Σὺ δέ, Ἑρμᾶ, μηκέτι μνησικακήσῃς τοῖς τέκνοις σου μηδὲ τὴν ἀδελφήν σου ἐάσῃς, ἵνα καθαρισθῶσιν ἀπὸ τῶν προ-τέρων ἁμαρτιῶν αὐτῶν. Παιδευθήσονται γὰρ παιδείᾳ δικαίᾳ, ἐὰν σὺ μὴ μνη",The first commandment given by the Angel of Repentance to Hermas concerns faith in the one God who created all things and who governs the whole creation with wisdom and power. Herm
49e8f56b-9ce0-48c0-8531-e11696eae064,sc53bis_hermas_pastor_chap90_en,sc53bis_hermas_pastor_chap90,"Hermas, Past. 90 (English)","Hermas, Past. 90",0.02,not_translation,"1. Ὁ δὲ πύργος, φημί, τίς ἐστιν ; Ὁ πύργος, φησίν, οὗτος ἡ ἐκκλησία ἐστίν. 2. Αἱ δὲ παρθένοι αὗται τίνες εἰσίν ; Αὗται, φησίν, ἅγια πνεύματά εἰσι · καὶ ἄλλως ἄνθρωπος οὐ δύναται εὑ",The ninth parable continues with an account of those who came from the first through the fourth mountains and had their branches returned in an improved condition after passing thr
437bb2f5-fcbc-474e-819c-76472dc98d87,sc53bis_hermas_pastor_chap92_en,sc53bis_hermas_pastor_chap92,"Hermas, Past. 92 (English)","Hermas, Past. 92",0.02,not_translation,"1. Δήλωσόν μοι, φημί, κύριε, τῶν παρθένων τὰ ὀνόματα καὶ τῶν γυναικῶν τῶν τὰ μέλανα ἱμάτια ἐνδεδυμένων. Ἄκουε, φησίν, τῶν παρθένων τὰ ὀνόματα τῶν ἰσχυροτέρων, τῶν εἰς τὰς γωνίας στ",The ninth parable describes those from the seventh and eighth mountains after they passed through the gate. Those from the seventh mountain — the lush and fruitful one representing
6371d5ee-7130-480b-bcb6-de877eddf6ab,sc53bis_hermas_pastor_chap95_en,sc53bis_hermas_pastor_chap95,"Hermas, Past. 95 (English)","Hermas, Past. 95",0.02,not_translation,"1. Πῶς, φημί, κύριε, ἐγένοντο χείρονες, θεὸν ἐπεγνωκότες ; Ὁ μὴ γινώσκων, φησί, θεὸν καὶ πονηρευόμενος ἔχει κόλασίν τινα τῆς πονηρίας αὐτοῦ, ὁ δὲ θεὸν ἐπιγνοὺς οὐκέτι ὀφείλει πονηρ","The ninth parable continues with a vision of the gate's glorious and powerful nature. The gate shines with extraordinary radiance because it represents the Son of God, who is the l"
499c8b48-e0df-48ad-aef6-3a0ae46dc923,sc53bis_hermas_pastor_chap94_en,sc53bis_hermas_pastor_chap94,"Hermas, Past. 94 (English)","Hermas, Past. 94",0.02,not_translation,"1. Νῦν οὖν, κύριε, περὶ τῶν ὀρέων μοι δήλωσον · διατί ἄλλαι καὶ ἄλλαι εἰσὶν αἱ ἰδέαι καὶ ποικίλαι ; Ἄκουε, φησί · τὰ ὄρη ταῦτα τὰ δώδεκα δώδεκά εἰσιν φυλαὶ αἱ κατοικοῦσαι ὅλον τὸν ",The ninth parable continues as the angel addresses the condition of the wealthy in the community of faith. Hermas asks whether the round stones — representing the wealthy — can tru
27609a9c-48a8-4c92-971f-52e9d6a42f22,sc53bis_hermas_pastor_chap96_en,sc53bis_hermas_pastor_chap96,"Hermas, Past. 96 (English)","Hermas, Past. 96",0.02,not_translation,"1. Ἐκ τοῦ πρώτου ὄρους τοῦ μέλανος οἱ πιστεύσαντες τοιοῦτοί εἰσιν · ἀποστάται καὶ βλάσφημοι εἰς τὸν κύριον καὶ προδόται τῶν δούλων τοῦ θεοῦ. Τούτοις δὲ μετάνοια οὐκ ἔστι, θάνατος δ",The ninth parable concludes with a final instruction from the angel to Hermas regarding the urgency of repentance. The angel tells Hermas that the tower is nearly complete; only a 
de97fdb3-7d12-45f9-8802-2a354a5a3030,sc53bis_hermas_pastor_chap9_en,sc53bis_hermas_pastor_chap9,"Hermas, Past. 9 (English)","Hermas, Past. 9",0.02,not_translation,"[Ὅρασις γʹ.]  1. Ἣν εἶδον, ἀδελφοί, τοιαύτη. 2. Νηστεύσας πολλάκις καὶ δεηθεὶς τοῦ κυρίου, ἵνα μοι φανερώσῃ τὴν ἀποκάλυψιν, ἥν μοι ἐπηγγείλατο δεῖξαι διὰ τῆς πρεσβυτέρας ἐκείνης, α","The third commandment as given here concerns the absolute necessity of truth as the foundation of the Christian life. God is truth, and his dwelling is truth; those who are truthfu"
f878d05f-ac07-41c8-abff-b04c4cf45a42,sc123_melito_peri_pascha_chap32_en,sc123_melito_peri_pascha_chap32,"Melito, PP 32 (English)","Melito, PP 32",0.03,not_translation,"Λέγε μοι, ὦ ἄγγελε, τί ἐδυσωπήθης, τὴν τοῦ προβάτου σφαγὴν ἢ τὴν τοῦ κυρίου ζωήν, τὸν τοῦ προβάτου θάνατον ἢ τὸν τοῦ κυρίου τύπον, τὸ τοῦ προβάτου αἷμα ἢ τὸ τοῦ κυρίου πνεῦμα ;","For as a son he was born, and as a lamb he was led, and as a sheep he was slaughtered, and as a man he was buried, and he rose from the dead as God, being by nature (physis) both G"
b0d6d102-f82d-457b-92e8-a4fbadad9b9c,sc123_melito_peri_pascha_chap35_en,sc123_melito_peri_pascha_chap35,"Melito, PP 35 (English)","Melito, PP 35",0.03,not_translation,"[Οὐδέν ἐστιν, ἀγα]πητοί, τ[ὸ] λεγόμε[νον καὶ γινόμενον] [δίχα παραβολῆς καὶ προκεντήματος. Πάντα ὅσα ἐὰν γίνε]-[ται καὶ λέγεται, παραβολῆς τυγχάνει] - [τὸ μὲν λεγόμενον παραβολῆς],",This is the mystery of the Passover (pascha) and the reading of the old Law. We shall now explain what the mystery is.
e999c55a-d6bb-48d8-9532-2e010894ea22,sc123_melito_peri_pascha_chap38_en,sc123_melito_peri_pascha_chap38,"Melito, PP 38 (English)","Melito, PP 38",0.03,not_translation,"Ἑκάστῳ γὰρ ἴδιος καιρός · τοῦ τύπου ἴδιος χρόνος, τῆς ὕλης ἴδιος χρόνος. Τῆς ἀληθείας ποιεῖς τὸν τύπον. Τοῦτον ποθεῖς ὅτι τοῦ μέλλοντος ἐν αὐτῷ τὴν εἰκόνα βλέπεις. Προσκομίζεις τὴν","But when the church arose and the Gospel came forth, the type (typos) lost its value by yielding its value to the reality (aletheia), and the Law was fulfilled by yielding its forc"
08aea2cf-0ecb-489d-aa36-1855b40f9d6f,sc123_melito_peri_pascha_chap54_en,sc123_melito_peri_pascha_chap54,"Melito, PP 54 (English)","Melito, PP 54",0.03,not_translation,Ἐπὶ δὲ τούτοις ἡ ἁμαρτία ηὐφραίνετο. Ἡ τοῦ θανά-του συνεργὸς ὑπάρχουσα προωδοιπόρει εἰς τὰς τῶν ἀν-θρώπων ψυχὰς καὶ ἡτοίμαζεν αὐτῷ τροφὰς τὰ τῶν νεκρῶν σώματα. Εἰς πᾶσαν δὲ ψυχὴν ἐ,"But the human being, being by nature (physis) capable of receiving both good and evil -- like a clod of earth that accepts seeds of both kinds -- received the hostile and greedy co"
d4661966-fce3-4640-8570-71b253665ea1,sc123_melito_peri_pascha_chap56_en,sc123_melito_peri_pascha_chap56,"Melito, PP 56 (English)","Melito, PP 56",0.03,not_translation,"Ἦν γὰρ ὁ ἄνθρωπος ὑπὸ τοῦ θανάτου μεριζόμενος. Καινὴ γὰρ συμφορὰ καὶ ἅλωσις περιεῖχεν αὐτόν. Εἵλκετο αἰχμάλωτος ὑπὸ τὰς τοῦ θανάτου σκιάς, ἔκειτο δὲ ἔρημος ἡ τοῦ πατρὸς εἰκών. Διὰ ","Sin rejoiced at this, since it was his companion. Sin, having led him to every desire of the flesh, held sway over him. And every kind of sin entered into him: adultery and fornica"
96bce40d-0946-4fea-b883-6138f5dd52ce,sc123_melito_peri_pascha_chap59_en,sc123_melito_peri_pascha_chap59,"Melito, PP 59 (English)","Melito, PP 59",0.03,not_translation,"Τοιγαροῦν εἰ βούλει τὸ τοῦ [κυρίου μ]υστήριον ἰ-δέσθαι, ἀπόβλεψον δὴ εἰς τὸν Ἀ[βὲλ] τὸν ὁμοίως φονευόμενον, εἰς τὸν Ἰσάκ [τὸ]ν ὁμοίως συμποδιζόμενον, εἰς τὸν Ἰωσὴφ τὸν ὁμοίως πιπρα","O unprecedented murder! O unprecedented injustice! The Master (despotes) is disfigured, and he does not deem it worthy to cry out. His body is stripped bare, and he is not ashamed."
6c929830-f2c9-4566-b461-bc23c837debf,sc123_melito_peri_pascha_chap66_en,sc123_melito_peri_pascha_chap66,"Melito, PP 66 (English)","Melito, PP 66",0.03,not_translation,"Οὗτος, ἀφικό[μενος ἐ]ξ οὐρανῶν ἐπὶ τὴν γῆν [διὰ τὸν] [π]άσχοντα, αὐτὸν δὲ ἐκεῖνον ἐν[δυσάμενος] διὰ παρθένου μή-τρας καὶ π[ροελθὼν ἄνθρωπος, ἀπ]εδέξατο τὰ [τοῦ πάσχοντος] [πάθη διὰ","O unprecedented murder! O unprecedented injustice! The Master (despotes) was disfigured, his body naked, and he was not deemed worthy of a covering, so that he might not be seen. T"
2a2eea0a-f8c4-4a51-a9f4-cf27866fbd87,sc123_melito_peri_pascha_chap85_en,sc123_melito_peri_pascha_chap85,"Melito, PP 85 (English)","Melito, PP 85",0.03,not_translation,"Οὗτός ἐστιν ὁ ἐξ οὐρανοῦ σοι μαννοδοτήσας, ὁ ἐκ πέτρας σε ποτίσας, ὁ ἐν Χωρήβ σοι νομοθετήσας, ὁ ἐν γῇ σοι κληροδοτήσας, ὁ ἐξαποστείλας σοι τοὺς προφήτας, ὁ ἐξεγείρας σου τοὺς βασι","For the people trembled not, but the earth trembled. Israel was not afraid, but the heavens shook. The people did not rend their garments, but the angel tore his. The Lord thundere"
a33524c2-cdfb-426e-b7f2-98634264422a,sc123_melito_peri_pascha_chap86_en,sc123_melito_peri_pascha_chap86,"Melito, PP 86 (English)","Melito, PP 86",0.03,not_translation,"Οὗτός ἐστιν ὁ πρός σε ἀφικόμενος, ὁ τοὺς πάσχοντάς σου θεραπεύσας καὶ τοὺς νεκρούς σου ἀναστήσας. Οὗτός ἐστιν εἰς ὃν ἠσέβησας. Οὗτός ἐστιν εἰς ὃν ἠδίκησας. Οὗτός ἐστιν ὃν ἀπέκτεινα","O Israel, you did not tremble at the presence of the Lord, you were not filled with awe before him, you did not mourn, you did not grieve, you did not lament, you did not rend your"
52617366-76be-42af-8601-74f0e892491b,sc136_origenes_contra_celsum_iii_par62_en,sc136_origenes_contra_celsum_iii_par62,CC III 62 (English),CC III 62,0.03,not_translation,"62. Εἶτα συκοφαντῶν τὰ προτροπῆς ἕνεκα εἰρημένα καὶ γεγραμμένα τῆς πρὸς τοὺς κακῶς βεβιωκότας καὶ καλοῦντα αὐτοὺς ἐπὶ μετάνοιαν καὶ διόρθωσιν τῆς ψυχῆς αὐτῶν, φησὶν ἡμᾶς λέγειν τοῖ","62. After these things, Celsus, wanting to liken the conversion (epistrophe) of sinners from their sins to the sound and noble doctrines among the Greeks -- not to what is done in "
0770aa1b-9783-4b89-a032-0ce899be94c8,sc136_origenes_contra_celsum_iii_par73_en,sc136_origenes_contra_celsum_iii_par73,CC III 73 (English),CC III 73,0.03,not_translation,"73. Μετὰ ταῦτα πάλιν λοιδορεῖται τῷ πρεσβεύοντι χριστιανισμὸν καὶ ἀποφαίνεται μὲν περὶ αὐτοῦ ὡς καταγέ-λαστα διεξιόντος, οὐκ ἀποδείκνυσι δὲ οὐδὲ ἐναργῶς παρίσ-τησιν ἅ φησιν εἶναι κ",73. Celsus's Jew then says: 'What sort of God is this who cannot even convince his own offspring?' By this he means: what kind of God is the Father if he cannot persuade his own pe
792121b9-ea16-4dce-910e-33208168ec11,sc136_origenes_contra_celsum_iii_par78_en,sc136_origenes_contra_celsum_iii_par78,CC III 78 (English),CC III 78,0.03,not_translation,"78. Μετὰ ταῦτα τοσαῦθ' ἡμᾶς αἰτιασάμενος θέλει ἐμφῆναι ὅτι καὶ ἕτερα ἔχων λέγειν παρασιωπᾷ αὐτά. Ἔχει δ' οὕτως αὐτοῦ ἡ λέξις · Ταῦτα μὲν αἰτιῶμαι καὶ τὰ τοιαῦτα, ἵνα μὴ πάντ' ἀπαρι","78. Celsus's Jew then says: 'But that we may not seem to leave any of these points unexamined, let us look at what has been taught by this teacher himself.' He then critiques the m"
f9eb18ad-a053-418f-8a7b-155c7dc0fedc,sc136_origenes_contra_celsum_iii_par7_en,sc136_origenes_contra_celsum_iii_par7,CC III 7 (English),CC III 7,0.03,not_translation,7. Καίτοι γε βαθύτερον ἐξετάζοντα τὰ πράγματα ἔστιν εἰπεῖν περὶ μὲν τῶν ἐξεληλυθότων ἐκ γῆς Αἰγύπτου ὅτι παραδόξως ὁ πᾶς λεὼς οἱονεὶ θεοδώρητον διάλεκτον ἀθρόως ἀνείληφε τὴν καλουμ,"7. Celsus then says that both groups -- Jews and Christians -- are in the wrong. For the Jews, he says, were themselves Egyptians originally who revolted, and the Christians later "
e6cd430c-ad85-4c29-bb86-73cfce910be5,sc136_origenes_contra_celsum_iii_par64_en,sc136_origenes_contra_celsum_iii_par64,CC III 64 (English),CC III 64,0.03,not_translation,"64. Ἐπεὶ δέ φησι καὶ τό. Τίς οὖν αὕτη ποτὲ ἡ τῶν ἁμαρτωλῶν προτίμησις ; καὶ ὅμοια τούτοις ἐπιφέρει, ἀποκρινούμεθα ὅτι καθάπαξ μὲν ἁμαρτωλὸς οὐ προτιμᾶται τοῦ μὴ ἁμαρτωλοῦ · ἔστι δ'",64. Celsus says further that no teacher of philosophy would say 'Let a robber come to me' or 'an unjust man' -- meaning that we do something absurd in calling sinners. But in this 
ec4932c3-2ed0-4961-bbae-6a987580e247,sc147_origenes_contra_celsum_v_par57_a_en,sc147_origenes_contra_celsum_v_par57_a,CC V 57_a (English),CC V 57_a,0.03,not_translation,Ἀλλ' οὐκ εὔλογον οὕτω κρίνειν τὰ περὶ ἀληθευόντων ἢ ψευδομένων. Οἱ γὰρ τὸ ἀνεξαπάτητον ἀσκοῦντες μετὰ πολλῆς καὶ ἀκριβοῦς ἐρεύνης καὶ ἐξετάσεως τῶν κατὰ τοὺς τόπους βράδιον καὶ ἀσφ,"Who among reasonable people would not be astonished at this disparity, that those who are devoted to God and clearly demonstrate their love of truth are less trusted than those who"
ae4b919e-2830-4378-b522-0063e235660d,sc147_origenes_contra_celsum_v_par61_en,sc147_origenes_contra_celsum_v_par61,CC V 61 (English),CC V 61,0.03,partial,"61. Ἑξῆς δὲ τούτοις φησί · Μή με οἰηθῇ τις ἀγνοεῖν, ὡς οἱ μὲν αὐτῶν συνθήσονται τὸν αὐτὸν εἶναι σφίσιν ὅνπερ Ἰουδαίοις θεόν, οἱ δ' ἄλλον, ᾧ τοῦτον ἐναντίον, παρ' ἐκείνου τε ἐλθεῖν ","Next after this Celsus says: 'Let no one think I am ignorant that some of them will agree that their God is the same as the God of the Jews, while others say it is a different one,"
0317bd8c-140f-4ef6-8873-31fbf3c26b3b,sc147_origenes_contra_celsum_vi_par4_en,sc147_origenes_contra_celsum_vi_par4,CC VI 4 (English),CC VI 4,0.03,partial,"4. Ἀλλ' οἱ τοιαῦτα περὶ τοῦ πρώτου ἀγαθοῦ γράψαντες καταβαίνουσιν « εἰς Πειραιέα », προσευξόμενοι ὡς θεῷ τῇ Ἀρτέμιδι καὶ ὀψόμενοι τὴν ὑπὸ ἰδιωτῶν ἐπιτελουμένην πανήγυριν · καὶ τηλι","But those who have written such things about the first Good (proton agathon) go down 'to the Piraeus' to pray to Artemis as to a goddess, and to see the festival celebrated by comm"
32bc9a9f-2e6d-4c19-9f31-4a28dd696890,sc147_origenes_contra_celsum_vi_par39_en,sc147_origenes_contra_celsum_vi_par39,CC VI 39 (English),CC VI 39,0.03,partial,"39. Εἶτα πρὸς τοὺς χρωμένους, ὥς φησι, μαγείᾳ τινὶ καὶ γοητείᾳ καὶ καλοῦντας ὀνόματα βαρβαρικὰ δαιμόνων τινῶν τοιαῦτα, ὅτι ὅμοιον οὗτοι πράττουσι τοῖς ἐπὶ τοῖς αὐτοῖς ὑποκειμένοις ","Then, addressing those who, as he says, employ a certain form of magic and sorcery, invoking barbaric names of certain demons—he says that they do something similar to those who, c"
b24acab1-c0ae-4409-b5ec-0e56391576f3,sc147_origenes_contra_celsum_vi_par50_en,sc147_origenes_contra_celsum_vi_par50,CC VI 50 (English),CC VI 50,0.03,not_translation,50. Ἑξῆς δὲ τούτοις συμφορήσας ἐν ψιλαῖς ἀποφάσεσι τὰς διαφορὰς τῶν περὶ κόσμου καὶ ἀνθρώπων γενέσεώς τισι τῶν ἀρχαίων εἰρημένων φησὶ τοὺς τὰ ἡμέτερα συγγράμματα λιπόντας Μωϋσέα κα,"Next, having gathered together in bare assertions the differences between certain teachings of the ancients about the origin of the world and of human beings, Celsus says that thos"
ddbbbd68-27b1-4c74-9597-879bb8de231a,sc172_epistula_barnabae_chap_17_verset_1_2_en,sc172_epistula_barnabae_chap_17_verset_1_2,Barn. 17.1-2 (English),Barn. 17.1-2,0.03,not_translation,"17, 1. Ἐφ' ὅσον ἦν ἐν δυνατῷ καὶ ἁπλότητι δηλῶσαι ὑμῖν, ἐλπίζει μου ἡ ψυχὴ μὴ παραλελοιπέναι τι. 2. Ἐὰν γὰρ περὶ τῶν ἐνεστώτων ἢ μελλόντων γράφω ὑμῖν, οὐ μὴ νοήσητε διὰ τὸ ἐν παραβ","As much as is possible in simplicity, I wanted to write and show you these things, that I might give you joy. Children of love and peace, may the Lord of glory and all grace be wit"
980b280f-35e0-4298-b819-65c31a6081b4,sc172_epistula_barnabae_chap_7_verset_1_en,sc172_epistula_barnabae_chap_7_verset_1,Barn. 7.1 (English),Barn. 7.1,0.03,not_translation,"7, 1. Οὐκοῦν νοεῖτε, τέκνα εὐφροσύνης, ὅτι πάντα ὁ καλὸς κύριος προεφανέρωσεν ἡμῖν, ἵνα γνῶμεν ᾧ κατὰ πάντα εὐχα-ριστοῦντες ὀφείλομεν αἰνεῖν.","7. 1. Therefore, if the Son of God, being Lord and destined to judge the living and the dead, suffered in order that his wound might give us life (zoe), let us believe that the Son"
75dcfae4-b441-4c60-bda5-ddf649ebc394,sc172_epistula_barnabae_chap_7_verset_11a_11b_en,sc172_epistula_barnabae_chap_7_verset_11a_11b,Barn. 7.11a-11b (English),Barn. 7.11a-11b,0.03,not_translation,"11a. Τί δέ, ὅτι τὸ ἔριον εἰς μέσον τῶν ἀκανθῶν τιθέασιν ; τύπος ἐστὶν τοῦ Ἰησοῦ τῇ ἐκκλησίᾳ κείμενος, ὅτι ὃς ἐὰν θέλῃ τὸ ἔριον ἆραι τὸ κόκκινον, δεῖ αὐτὸν πολλὰ παθεῖν διὰ τὸ εἶναι","11a. What then do you think the type (typos) to be, that a commandment was given to Israel that men of the gravest sins should offer a heifer, and slaughter it and burn it, and tha"
6c692e05-fb39-4050-9ae9-890df6f99349,sc172_epistula_barnabae_chap_7_verset_9a_10b_en,sc172_epistula_barnabae_chap_7_verset_9a_10b,Barn. 7.9a-10b (English),Barn. 7.9a-10b,0.03,not_translation,"9a. Τί οὖν καὶ τοῦτο ; προσέχετε · « Τὸν μὲν ἕνα ἐπὶ τὸ θυσιαστήριον, τὸν δὲ ἕνα ἐπικατάρατον », καὶ ὅτι τὸν ἐπικατά-ρατον ἐστεφανωμένον. 9b. Ἐπειδὴ ὄψονται αὐτὸν τότε τῇ ἡμέρᾳ τὸν","9a. See, therefore, the type of the cross and of the one who was to suffer, because the type of Jesus appears in the goat. 9b. But why is it that they place the wool in the middle "
7764540d-1ed2-49af-9be7-27f0989a92e7,sc172_epistula_barnabae_chap_2_verset_4_6_en,sc172_epistula_barnabae_chap_2_verset_4_6,Barn. 2.4-6 (English),Barn. 2.4-6,0.03,not_translation,"4. Πεφανέρωκεν γὰρ ἡμῖν διὰ πάντων τῶν προφητῶν, ὅτι οὔτε θυσιῶν οὔτε ὁλοκαυτωμάτων οὔτε προσφορῶν χρῄζει, λέγων ὁτὲ μέν · 5. « Τί μοι πλῆθος τῶν θυσιῶν ὑμῶν ; λέγει κύριος. Πλήρης",Moreover he says to them: 'Did I command your fathers when they came out of the land of Egypt to offer me whole burnt offerings and sacrifices? No; but rather this is what I comman
05f82279-e8f3-49b1-96e1-9c1d4f0921dd,sc20_theophilus_ad_autolycum_i_liv_1_le_dieu_des_chretiens_chap_6_en,sc20_theophilus_ad_autolycum_i_liv_1_le_dieu_des_chretiens_chap_6,Ad Aut. I 6 (English),Ad Aut. I 6,0.03,not_translation,"6. Κατανόησον, ὦ ἄνθρωπε, τὰ ἔργα αὐτοῦ, καιρῶν μὲν κατὰ χρόνους ἀλλαγὴν καὶ ἀέρων τροπάς, στοιχείων τὸν εὔτακτον δρόμον, ἡμερῶν τε καὶ νυκτῶν καὶ μηνῶν καὶ ἐνιαυτῶν τὴν εὔτακτον π","6. For as the soul in a human being is not seen, being invisible to people, but is perceived through the motion of the body, so God cannot be seen by human eyes, but is beheld and "
d5a82b08-af05-42bd-9c9d-7b27806faf29,sc20_theophilus_ad_autolycum_i_liv_1_le_dieu_des_chretiens_chap_7_en,sc20_theophilus_ad_autolycum_i_liv_1_le_dieu_des_chretiens_chap_7,Ad Aut. I 7 (English),Ad Aut. I 7,0.03,not_translation,"7. Οὗτός μου θεὸς ὁ τῶν ὅλων κύριος, ὁ τανύσας τὸν οὐρανὸν μόνος καὶ θεὶς τὸ εὖρος τῆς ὑπ' οὐρανόν, ὁ συντα-ράσσων τὸ κύτος τῆς θαλάσσης καὶ ἠχῶν τὰ κύματα αὐτῆς, ὁ δεσπόζων τοῦ κρ","7. If therefore you speak of thunder and lightning, these too are ordered and governed by the will (thelema) of God. And the same holds for the remaining elements. If I call the co"
bbf63333-57b2-4565-b1d2-c45ebbeacc49,sc53bis_hermas_pastor_chap19_en,sc53bis_hermas_pastor_chap19,"Hermas, Past. 19 (English)","Hermas, Past. 19",0.03,not_translation,"1. Ἄκουε, φησίν, περὶ τῶν μορφῶν ὧν ἐπιζητεῖς. 2. Τῇ μὲν πρώτῃ ὁράσει διατί πρεσβυτέρα ὤφθη σοι καὶ ἐπὶ καθέ-δραν καθημένη ; Ὅτι τὸ πνεῦμα ὑμῶν πρεσβύτερον καὶ ἤδη μεμαραμμένον καὶ","Hermas receives the sixth revelation, in which he sees a young man seated on a lofty throne who identifies himself as the Angel of Repentance. The angel tells Hermas that all the v"
d6230866-d85c-4db2-91bc-4eecbff098f1,sc53bis_hermas_pastor_chap37_en,sc53bis_hermas_pastor_chap37,"Hermas, Past. 37 (English)","Hermas, Past. 37",0.03,not_translation,"[Ἐντολὴ ζʹ.]  1. Φοβήθητι, φησί, τὸν κύριον καὶ φύλασσε τὰς ἐντολὰς αὐτοῦ. Φυλάσσων οὖν τὰς ἐντολὰς τοῦ θεοῦ ἔσῃ δυνατὸς ἐν πάσῃ πράξει, καὶ ἡ πρᾶξίς σου ἀσύγκριτος ἔσται. Φοβούμεν","Having completed the twelve commandments, the angel summarizes their importance and encourages Hermas not to regard them as impossible to fulfill. On the contrary, whoever keeps th"
96871eac-26f1-4df6-8864-b8b086cd0de0,sc53bis_hermas_pastor_chap47_en,sc53bis_hermas_pastor_chap47,"Hermas, Past. 47 (English)","Hermas, Past. 47",0.03,not_translation,"1. Καὶ ταῦτά μοι λίαν ὀργίλως ἐλάλησεν, ὥστε με συγχυ-θῆναι καὶ λίαν αὐτὸν φοβηθῆναι · ἡ μορφὴ γὰρ αὐτοῦ ἠλλοιώθη, ὥστε μὴ δύνασθαι ἄνθρωπον ὑπενεγκεῖν τὴν ὀργὴν αὐτοῦ. 2. Ἰδὼν δέ ","The sixth parable, third section, contains the angel's further explanation of the manner in which the punishing shepherd's operation works. Those who are delivered to the punishing"
211e2166-c45b-432d-85fc-ee9951ff70ac,sc53bis_hermas_pastor_chap45_en,sc53bis_hermas_pastor_chap45,"Hermas, Past. 45 (English)","Hermas, Past. 45",0.03,not_translation,1. Πάντων προέχουσα ἐπιθυμία γυναικὸς ἀλλοτρίας ἢ ἀν-δρὸς καὶ πολυτελείας πλούτου καὶ ἐδεσμάτων πολλῶν ματαίων καὶ μεθυσμάτων καὶ ἑτέρων τρυφῶν πολλῶν καὶ μωρῶν · πᾶσα γὰρ τρυφὴ μω,"The sixth parable (Similitude VI), first section, presents a vision of two shepherds: one is a handsome, royal-looking shepherd dressed in white; the other is rough and dark, dress"
67ebded9-0109-4915-919f-df3a1d6a3a75,sc53bis_hermas_pastor_chap25_en,sc53bis_hermas_pastor_chap25,"Hermas, Past. 25 (English)","Hermas, Past. 25",0.03,not_translation,"[Ἀποκάλυψις εʹ.]  1. Προσευξαμένου μου ἐν τῷ οἴκῳ καὶ καθίσαντος εἰς τὴν κλίνην εἰσῆλθεν ἀνήρ τις ἔνδοξος τῇ ὄψει, σχήματι ποιμε-νικῷ, περικείμενος δέρμα αἴγειον λευκὸν καὶ πήραν ἔ","The fourth commandment, the first part, addresses the question of putting away a sinful spouse. Hermas asks about a wife who commits adultery: should she be dismissed or taken back"
37a1bafa-423f-4a54-ae02-199a320240b2,sc53bis_hermas_pastor_chap33_en,sc53bis_hermas_pastor_chap33,"Hermas, Past. 33 (English)","Hermas, Past. 33",0.03,not_translation,"[Ἐντολὴ εʹ.]  1. Μακρόθυμος, φησί, γίνου καὶ συνετός, καὶ πάντων τῶν πονηρῶν ἔργων κατακυριεύσεις καὶ ἐργάσῃ πᾶσαν δικαιοσύνην. 2. Ἐὰν γὰρ μακρόθυμος ἔσῃ, τὸ πνεῦμα τὸ ἅγιον τὸ κατ","The tenth commandment concerns grief and sorrow, warning Hermas to drive away sadness from himself because sadness is the sister of double-mindedness and of irascibility. Grief is "
2b32fbc4-a706-4782-a2ae-3ae44ab13178,sc53bis_hermas_pastor_chap72_en,sc53bis_hermas_pastor_chap72,"Hermas, Past. 72 (English)","Hermas, Past. 72",0.03,not_translation,"1. Μετὰ τὸ πάντων κατανοῆσαι τὰς ῥάβδους τὸν ποιμένα λέγει μοι · Εἶπόν σοι, ὅτι τὸ δένδρον τοῦτο φιλόζωόν ἐστι. Βλέπεις, φησί, πόσοι μετενόησαν καὶ ἐσώθησαν ; Βλέπω, φημί, κύριε. Ἵ",The ninth parable describes those who came from the fifth mountain — rough and steep but green — who returned branches that were green but with dry tips. These represent believers 
c63e0f6b-3475-4c03-aac0-fe2125f18200,sc53bis_hermas_pastor_chap6_en,sc53bis_hermas_pastor_chap6,"Hermas, Past. 6 (English)","Hermas, Past. 6",0.03,not_translation,"1. Μετὰ δὲ δέκα καὶ πέντε ἡμέρας νηστεύσαντός μου καὶ πολλὰ ἐρωτήσαντος τὸν κύριον ἀπεκαλύφθη μοι ἡ γνῶσις τῆς γραφῆς. Ἦν δὲ γεγραμμένα ταῦτα · 2. Τὸ σπέρμα σου, Ἑρμᾶ, ἠθέτησαν εἰς","The fifth vision is a transitional passage between the earlier visions and the subsequent series of commandments and parables. In it, the Shepherd — the Angel of Repentance — appea"
74f529be-1490-4fa0-a97d-6ee132105be3,sc53bis_hermas_pastor_chap74_en,sc53bis_hermas_pastor_chap74,"Hermas, Past. 74 (English)","Hermas, Past. 74",0.03,not_translation,"1. Οἱ δὲ ἐπιδεδωκότες τὰς ῥάβδους ἥμισυ χλωράς, ἥμισυ ξηράς, οὗτοί εἰσιν οἱ ταῖς πραγματείαις αὐτῶν ἐμπεφυρμένοι καὶ τοῖς ἁγίοις μὴ κολλώμενοι · διὰ τοῦτο τὸ ἥμισυ αὐτῶν ζῇ, καὶ τὸ","The ninth parable describes those who came from the ninth and tenth mountains. Those from the ninth mountain — barren, waterless, full of deadly serpents — submitted partially gree"
1c9bd3d7-4f00-4d67-a57c-8f5a3e37a4b0,sc53bis_hermas_pastor_chap82_en,sc53bis_hermas_pastor_chap82,"Hermas, Past. 82 (English)","Hermas, Past. 82",0.03,not_translation,"1. Καὶ ἐτελέσθη ἐκείνῃ τῇ ἡμέρᾳ ἡ οἰκοδομή, οὐκ ἀποτε-λέσθη δὲ ὁ πύργος · ἔμελλε γὰρ πάλιν ἐποικοδομεῖσθαι · ἐγένετο δὲ ἀνοχή τις τῆς οἰκοδομῆς, ἐκέλευσαν δὲ αὐτοὺς οἱ ἓξ ἄνδρες το",The ninth parable continues with Hermas asking about the meaning of the great white rock with the ancient gate cut into it. The angel explains that the rock and the gate represent 
b37aeecc-28c7-4667-9096-2aee714ec8d7,sc53bis_hermas_pastor_chap98_en,sc53bis_hermas_pastor_chap98,"Hermas, Past. 98 (English)","Hermas, Past. 98",0.03,not_translation,"1. Ἐκ δὲ τοῦ τετάρτου ὄρους τοῦ ἔχοντος βοτάνας πολλάς, τὰ μὲν ἐπάνω τῶν βοτανῶν χλωρά, τὰ δὲ πρὸς ταῖς ῥίζαις ξηρά, τινὲς δὲ καὶ ἀπὸ τοῦ ἡλίου ξηραινόμεναι, οἱ πιστεύ-σαντες τοιοῦ",The ninth parable describes the characteristics of those who came from the various mountains and presented stones of intermediate quality. From the mountain representing those who 
a4db1245-b8b2-4007-aee0-4a98f09e9eaf,sc123_melito_peri_pascha_chap30_en,sc123_melito_peri_pascha_chap30,"Melito, PP 30 (English)","Melito, PP 30",0.04,not_translation,"Τοιαύτη συμφορὰ περιέσχεν Αἴγυπτον, ἄφνω δὲ ἠτέκ-νωσεν αὐτήν.","Thus the slaughter of the sheep, and the rite of the Passover (pascha), and the letter of the Law have been consummated in Christ Jesus, toward whom all things in the old Law were "
721f9aa8-e416-4fca-a9b4-5a3dd162d656,sc123_melito_peri_pascha_chap39_en,sc123_melito_peri_pascha_chap39,"Melito, PP 39 (English)","Melito, PP 39",0.04,not_translation,"Ὡς γοῦν ἐν τοῖς φθαρτοῖς παραδείγμασιν, οὕτως δὴ καὶ ἐν τοῖς ἀφθάρτοις · ὡς ἐν τοῖς ἐπιγείοις, οὕτως δὴ καὶ ἐν τοῖς ἐπουρανίοις. Καὶ γὰρ ἡ τοῦ κυρίου σωτηρία καὶ ἀλήθεια ἐν τῷ λα-ῷ","In the same way, the type lost its value when the Lord was made manifest, and today what was once valuable has become worthless, since the truly valuable has been revealed."
ebc9b69e-af9d-46bb-a4e7-fd880eb86632,sc123_melito_peri_pascha_chap58_en,sc123_melito_peri_pascha_chap58,"Melito, PP 58 (English)","Melito, PP 58",0.04,not_translation,"Οὕτω [δὴ καὶ τὸ] τοῦ κυρίου μυστήριον, ἐκ μακροῦ [προτυπωθέν], ὅραθὲν δὲ σήμ[ερον], [πίστε]ως τυγχάνει τετ[ελεσμένον], [καίτοι ὡς καινὸν τοῖς ἀνθρώποις νομιζόμενον]. [Ἔστιν γὰρ πάλ",He who suspended the earth is himself suspended. He who fixed the heavens is himself fixed upon the tree. He who fastened all things is fastened upon the wood. The Master (despotes
408936a6-c2ad-44d3-9637-cfcef4fb3133,sc123_melito_peri_pascha_chap25_en,sc123_melito_peri_pascha_chap25,"Melito, PP 25 (English)","Melito, PP 25",0.04,not_translation,"Πρὸ δὲ τοῦ σιωπῆσαι τὸν πρωτότοκον, ἡ μακρὰ σιω[πὴ] κατέσχεν αὐτὸν προσειποῦσα · « Πρωτότοκος ἐμὸς εἶ · ἐγώ σοι πέπρωμαι ἡ τοῦ θα[νάτου] σιωπή. »","O strange and inexpressible mystery! The slaughter of the sheep was found to be the salvation of Israel, and the death of the sheep became the life of the people, and the blood won"
60e67898-ef05-48bb-9ce2-d7ea307afd99,sc123_melito_peri_pascha_chap65_en,sc123_melito_peri_pascha_chap65,"Melito, PP 65 (English)","Melito, PP 65",0.04,not_translation,"Πολλὰ μὲν καὶ ἕτερα [ὑπὸ πολ]λῶν προφητῶν ἐκηρύχθη εἰς [τὸ τοῦ π]άσχα μυστήριον, ὅ ἐστιν Χριστός, « ᾧ ἡ δό[ξα] [εἰς τοὺ]ς αἰῶνας. Ἀμήν ».",The one who hung the earth in space is himself hung. The one who fixed the heavens is himself fixed to the wood. The one who made firm all things is made firm upon the tree. The Ma
6dcb5c6c-67c0-4bcc-bb25-932e70fe4e68,sc123_melito_peri_pascha_chap92_en,sc123_melito_peri_pascha_chap92,"Melito, PP 92 (English)","Melito, PP 92",0.04,not_translation,"Σὺ δὲ ἐναντίον κατὰ τοῦ [κυρίου] σου ἤνεγκας ψῆφον. Ὃν γὰρ τὰ ἔθνη προσεκύνει καὶ ἀκρόβυστοι ἐθαύμαζ[ον] καὶ ἀλλόφυλοι ἐδόξαζον, ἐφ' ᾧ καὶ Πιλᾶτος ἐνίψατο τὰς χεῖρας, σὺ τοῦτον ἀπέ","Who is the one who has contended with me? Let him stand against me. I set the condemned one free. I gave life to the dead. I raise the buried one. Who will speak against me? I, he "
68305cf0-e2b4-46b1-8333-38bd60e71f69,sc147_origenes_contra_celsum_v_par41_en,sc147_origenes_contra_celsum_v_par41,CC V 41 (English),CC V 41,0.04,not_translation,"41. Ἴδωμεν δὲ καὶ τὰ ἑξῆς τῷ Κέλσῳ λεγόμενα, ἐν οἷς σφόδρα μὲν ἐλάχιστά ἐστι τὰ περὶ Χριστιανῶν πλεῖστα δὲ ὅσα περὶ Ἰουδαίων. Φησὶν οὖν · Εἰ μὲν δὴ κατὰ ταῦτα περιστέλλοιεν Ἰουδαῖο","41. Celsus argues that the Jews, in separating themselves from other nations and refusing to worship other gods, have shown arrogance (alazoneia) and contempt for the rest of human"
fb7f6e70-5506-4016-af09-032fcc0d5932,sc147_origenes_contra_celsum_vi_par15_en,sc147_origenes_contra_celsum_vi_par15,CC VI 15 (English),CC VI 15,0.04,partial,"15. Εἶτα μετὰ ταῦτα ὁ Κέλσος ὡς περιηχηθεὶς τὰ περὶ ταπεινοφροσύνης καὶ μὴ ἐπιμελῶς αὐτὴν νοήσας βούλεται μὲν τὴν παρ' ἡμῖν κακολογεῖν, οἴεται δ' αὐτὴν παράκουσμα εἶναι τῶν Πλάτωνο","Then after this, Celsus, having heard vaguely about humility (tapeinophrosyne) and not having carefully understood it, wishes to criticize this virtue among us, thinking it to be a"
01139be5-8420-41ff-89db-5d4dd4dd3d4d,sc147_origenes_contra_celsum_vi_par19_en,sc147_origenes_contra_celsum_vi_par19,CC VI 19 (English),CC VI 19,0.04,partial,"19. Ἑξῆς δὲ τούτοις φησὶν ὁ Κέλσος παρακούσαντάς τινας Χριστιανοὺς πλατωνικῶν λέξεων αὐχεῖν τὸν ὑπερουράνιον θεόν, ὑπεραναβαίνοντας τὸν Ἰουδαίων οὐρανόν. Ἐν τούτοις δὲ οὐ διασαφεῖ,","Next after this, Celsus says that certain Christians, having half-heard Platonic expressions, boast of a God beyond the heavens (hyperouranios theos), ascending above the heaven of"
4ba760e8-8e71-43e4-9eb5-7c8e607e917a,sc147_origenes_contra_celsum_vi_par23_en,sc147_origenes_contra_celsum_vi_par23,CC VI 23 (English),CC VI 23,0.04,partial,"23. Εἰ δέ τις βούλοιτο μὴ ἀφ' ἧς παρέθετο αἱρέσεως ἀσημοτάτης ἀλλὰ ἀπὸ βιβλίων πῇ μὲν ἰουδαϊκῶν καὶ ἐν ταῖς συναγωγαῖς αὐτῶν ἀναγινωσκομένων, ἅπερ Χριστιανοὶ προσίενται, πῇ δὲ Χρισ","If anyone wishes to learn not from the most obscure heresy he has cited, but from books that are partly Jewish and read in their synagogues—which Christians also accept—and partly "
8462075c-4cf7-4fa5-b17b-af309eaf5aff,sc147_origenes_contra_celsum_vi_par3_en,sc147_origenes_contra_celsum_vi_par3,CC VI 3 (English),CC VI 3,0.04,partial,"3. Παλαιοὶ τοίνυν ἄνδρες καὶ σοφοὶ δηλούσθωσαν τοῖς ἐπίστασθαι δυναμένοις, καὶ δὴ καὶ Πλάτων ὁ τοῦ Ἀρίστωνος τὰ περὶ τοῦ πρώτου ἀγαθοῦ διασημαινέτω ἔν τινι τῶν ἐπιστολῶν καὶ φασκέτ","Let, therefore, the ancient and wise men be recognized by those who are able to understand, and let Plato the son of Ariston also indicate his views about the first Good (proton ag"
6d8789f2-1ec4-4bcc-9a71-eb645b7d29f3,sc147_origenes_contra_celsum_vi_par50_a_en,sc147_origenes_contra_celsum_vi_par50_a,CC VI 50_a (English),CC VI 50_a,0.04,not_translation,"Ἐπεὶ δὲ ὡς σαφῆ καὶ ἀκριβῶς αὐτῷ νενοημένα προφέρει εἰς κατηγορίαν τὰ περὶ τῶν τῆς κοσμοποιΐας ἡμερῶν, ὧν τινὲς μὲν πρὶν φῶς καὶ οὐρανὸν γενέσθαι ἥλιόν τε καὶ σελήνην καὶ ἀστέρας π","Since he presents as clear and precisely understood his criticism of the days of creation—some of which passed before light and heaven came into being, before the sun, moon, and st"
59cb8241-1e20-45f0-a9e5-372c856c34b2,sc147_origenes_contra_celsum_vi_par5_en,sc147_origenes_contra_celsum_vi_par5,CC VI 5 (English),CC VI 5,0.04,partial,"5. Τὸ δ' « ἐξαίφνης οἷον ἀπὸ πυρὸς πηδήσαντος » ἐξάπ-τεσθαι « φῶς ἐν τῇ ψυχῇ » πρότερος οἶδεν ὁ λόγος, εἰπὼν ἐν τῷ προφήτῃ · « Φωτίσατε ἑαυτοῖς φῶς γνώσεως. » Καὶ Ἰωάννης δὲ ὕστερο","The notion of light 'suddenly kindled in the soul as if from a leaping fire' is known earlier by our Scripture, which says through the prophet: 'Light for yourselves the light of k"
76efffad-9877-4bd7-9ad7-8b048bdf1c37,sc150_origenes_contra_celsum_vii_par10_en,sc150_origenes_contra_celsum_vii_par10,CC VII 10 (English),CC VII 10,0.04,not_translation,"10. Ἐχρῆν δὲ αὐτόν, εἴπερ εὐγνωμόνει πρὸς τὴν κατηγο-ρίαν, ἐκθέσθαι αὐταῖς λέξεσι τὰς προφητείας, εἴτ' ἐν αἷς θεὸς παντοκράτωρ ἐπηγγέλλετο εἶναι ὁ λέγων, εἴτ' ἐν αἷς ὁ υἱὸς τοῦ θεο","10. Celsus next argues that there is nothing remarkable about the prophecies, since many nations have had prophets and seers. He compares the Jewish prophets with the Sibyl, with B"
4a2a6e9e-f230-4091-95e3-00122e205483,sc150_origenes_contra_celsum_vii_par1_en,sc150_origenes_contra_celsum_vii_par1,CC VII 1 (English),CC VII 1,0.04,not_translation,"1. Ἐν ἓξ τοῖς πρὸ τούτων, ἱερὲ ἀδελφὲ Ἀμβρόσιε, ἀγωνισάμενοι κατὰ τὸ δυνατὸν ἡμῖν βιβλίοις πρὸς τὰς Κέλσου κατὰ Χριστιανῶν κατηγορίας καὶ μηδὲν ὅση δύναμις ἀβασάνιστον καὶ ἀνεξέτασ","1. After what has been said in the preceding sixth book in response to the charges of Celsus, let us now take up what follows. And his argument proceeds somewhat like this. He pret"
f743c291-f103-436a-a9b4-60d913a8240b,sc172_epistula_barnabae_chap_13_verset_4_6_en,sc172_epistula_barnabae_chap_13_verset_4_6,Barn. 13.4-6 (English),Barn. 13.4-6,0.04,partial,"4. Καὶ ἐν ἄλλῃ προφητείᾳ λέγει φανερώτερον ὁ Ἰακὼβ πρὸς Ἰωσὴφ τὸν υἱὸν αὐτοῦ, λέγων · « Ἰδού, οὐκ ἐστέρησέν με κύριος τοῦ προσώπου σου · προσάγαγέ μοι τοὺς υἱούς σου, ἵνα εὐλογήσω ","See to whom he appointed that this people should be first and heir of the covenant. If this was also said through Abraham, we gain perfect knowledge. What then does he say to Abrah"
95121f59-40a7-4a31-b230-aceaaab99cb3,sc172_epistula_barnabae_chap_21_verset_6_7_en,sc172_epistula_barnabae_chap_21_verset_6_7,Barn. 21.6-7 (English),Barn. 21.6-7,0.04,not_translation,"6. Γίνεσθε δὲ θεοδίδακτοι, ἐκζητοῦντες τί ζητεῖ κύριος ἁφ' ὑμῶν, καὶ ποιεῖτε, ἵνα εὕρητε ἐν ἡμέρᾳ κρίσεως. 7. Εἰ δέ τίς ἐστιν ἀγαθοῦ μνεία, μνημονεύετέ μου μελετῶντες ταῦτα, ἵνα κα","While the good vessel is still with you, do not fail in any of these things; but seek these things out constantly and fulfill every commandment; for these things are worthy. Theref"
2caab0ca-6288-4487-b54d-54d5c026ec8d,sc172_epistula_barnabae_chap_8_verset_7_en,sc172_epistula_barnabae_chap_8_verset_7,Barn. 8.7 (English),Barn. 8.7,0.04,not_translation,"7. Καὶ διὰ τοῦτο οὕτως γενόμενα ἡμῖν μέν ἐστιν φανερά, ἐκείνοις δὲ σκοτεινά, ὅτι οὐκ ἤκουσαν φωνῆς κυρίου.","7. The Lord says in the prophet: 'By the hearing of the ear they obeyed me.' And again he says: 'Those who are far off shall hear with their ears, and they shall know what I have d"
c39a7b08-9407-457a-81a8-d52275b90c54,sc53bis_hermas_pastor_chap13_en,sc53bis_hermas_pastor_chap13,"Hermas, Past. 13 (English)","Hermas, Past. 13",0.04,not_translation,"1. Ἄκουε νῦν περὶ τῶν λίθων τῶν ὑπαγόντων εἰς τὴν οἰκο-δομήν. Οἱ μὲν οὖν λίθοι οἱ τετράγωνοι καὶ λευκοὶ καὶ συμφω-νοῦντες ταῖς ἁρμογαῖς αὐτῶν, οὗτοί εἰσιν οἱ ἀπόστολοι καὶ ἐπίσκοπο","The Church appears to Hermas in a dream, now appearing younger and more joyful than before. She reads from a book and tells him of the glories prepared for the elect who have kept "
49b13012-2fa1-4712-8f3f-b4a5ed7697d0,sc53bis_hermas_pastor_chap15_en,sc53bis_hermas_pastor_chap15,"Hermas, Past. 15 (English)","Hermas, Past. 15",0.04,not_translation,"1. Τοὺς δὲ ἑτέρους λίθους, οὓς εἶδες μακρὰν ἀπὸ τοῦ πύρ-γου ῥιπτομένους καὶ πίπτοντας εἰς τὴν ὁδὸν καὶ κυλιομένους ἐκ τῆς ὁδοῦ εἰς τὰς ἀνοδίας · οὗτοί εἰσιν οἱ πεπιστευκότες μέν, ἀ","Hermas asks the woman to explain to him the tower and its builders, as well as the various kinds of stones. She answers that the tower is the Church; the six young men who build it"
92e89c66-9b09-4ff5-83a4-ce829586118e,sc53bis_hermas_pastor_chap35_en,sc53bis_hermas_pastor_chap35,"Hermas, Past. 35 (English)","Hermas, Past. 35",0.04,not_translation,"[Ἐντολὴ ϛʹ.]  1. Ἐνετειλάμην σοι, φησίν, ἐν τῇ πρώτῃ ἐντολῇ, ἵνα φυ-λάξῃς τὴν πίστιν καὶ τὸν φόβον καὶ τὴν ἐγκράτειαν. Ναί, φημί, κύριε. Ἀλλὰ νῦν θέλω σοι, φησίν, δηλῶσαι καὶ τὰς δ","The twelfth commandment teaches on the subject of evil desire and the capacity to overcome it. Hermas expresses doubt as to whether anyone can keep all these commandments, given th"
689926d0-623e-44e3-a45c-0fb84daa67e8,sc53bis_hermas_pastor_chap4_en,sc53bis_hermas_pastor_chap4,"Hermas, Past. 4 (English)","Hermas, Past. 4",0.04,not_translation,"1. Ὅτε οὖν ἐτέλεσεν ἀναγινώσκουσα καὶ ἠγέρθη ἀπὸ τῆς καθέδρας, ἦλθαν τέσσαρες νεανίαι καὶ ἦραν τὴν καθέδραν καὶ ἀπῆλθον πρὸς τὴν ἀνατολήν. 2. Προσκαλεῖται δέ με καὶ ἥψατο τοῦ στήθο","In the third vision, Hermas is taken up into the wilderness and asked by the elderly woman to choose where he will sit beside her — at her right or at her left. He attempts to sit "
9b8d269a-c6fa-4138-954a-22b0a3773488,sc53bis_hermas_pastor_chap68_en,sc53bis_hermas_pastor_chap68,"Hermas, Past. 68 (English)","Hermas, Past. 68",0.04,not_translation,"1. Ἐκέλευσε δὲ ὁ ἄγγελος τοῦ κυρίου στεφάνους ἐνεχθῆναι. Καὶ ἐνέχθησαν στέφανοι ὡσεὶ ἐκ φοινίκων γεγονότες, καὶ ἐστεφάνωσε τοὺς ἄνδρας τοὺς ἐπιδεδωκότας τὰς ῥάβδους τὰς παραφυάδας ",The ninth parable continues with further explanation of the twelve mountains representing twelve different kinds of people within the community of faith. Hermas asks why the mounta
83af1a96-d247-47ee-807c-5ed349ce78a9,sc53bis_hermas_pastor_chap81_en,sc53bis_hermas_pastor_chap81,"Hermas, Past. 81 (English)","Hermas, Past. 81",0.04,not_translation,"1. Καθὼς δὲ ἐστάθησαν ὁμοῦ κύκλῳ τῆς πύλης, οὕτως ἐβάσταζον αἱ δοκοῦσαι δυναταὶ εἶναι καὶ ὑπὸ τὰς γωνίας τοῦ λίθου ὑποδεδυκυῖαι ἦσαν. Αἱ δὲ ἄλλαι ἐκ τῶν πλευρῶν τοῦ λίθου ὑποδεδύκε",The ninth parable continues with an account of how stones that are placed outside the tower near the gate can still be admitted to the building. The angel explains to Hermas that t
fa1a8990-7422-4c29-ac79-19cdd5ed4b76,sc53bis_hermas_pastor_chap83_en,sc53bis_hermas_pastor_chap83,"Hermas, Past. 83 (English)","Hermas, Past. 83",0.04,not_translation,"1. Καὶ ἰδοὺ μετὰ μικρὸν βλέπω παράταξιν πολλῶν ἀνδρῶν ἐρχομένων · καὶ εἰς τὸ μέσον ἀνήρ τις ὑψηλὸς τῷ μεγέθει, ὥστε τὸν πύργον ὑπερέχειν. 2. Καὶ οἱ ἓξ ἄνδρες οἱ εἰς τὴν οἰκοδομὴν ἐ",The ninth parable continues with the examination of those who submitted stones to the builders from the different mountains. A significant distinction is drawn between those whose 
d0bdebdb-19ee-4d8a-8042-5924ba85774b,sc53bis_hermas_pastor_chap89_en,sc53bis_hermas_pastor_chap89,"Hermas, Past. 89 (English)","Hermas, Past. 89",0.04,not_translation,"1. Πρῶτον, φημί, πάντων, κύριε, τοῦτό μοι δήλωσον · ἡ πέτρα καὶ ἡ πύλη τίς ἐστιν ; Ἡ πέτρα, φησίν, αὕτη καὶ ἡ πύλη ὁ υἱὸς τοῦ θεοῦ ἐστί. Πῶς, φημί, κύριε, ἡ πέτρα παλαιά ἐστιν, ἡ δ",The ninth parable continues with an explanation of the various colors of the stones from the twelve different mountains and what their differences signify. Just as the mountains th
9cfa9bbe-3904-43d3-bb6f-f19ed34b78a4,sc123_melito_peri_pascha_chap31_en,sc123_melito_peri_pascha_chap31,"Melito, PP 31 (English)","Melito, PP 31",0.05,not_translation,"Ὢ μυστηρίου καινοῦ καὶ ἀνεκδιηγήτου · ἡ τοῦ προβάτου σφαγὴ ηὑρίσκετο τοῦ Ἰσραὴλ σω-τηρία, καὶ ὁ τοῦ προβάτου θάνατος ζωὴ τοῦ λαοῦ ἐγένε-το, καὶ τὸ αἷμα ἐδυσώπησεν τὸν ἄγγελον.","For the Law has become Word (Logos), and the old has become new -- having gone forth from Zion and Jerusalem -- and the commandment has become grace (charis), and the type (typos) "
ded41f31-7459-4a29-ab9b-d7d661b8672e,sc123_melito_peri_pascha_chap55_en,sc123_melito_peri_pascha_chap55,"Melito, PP 55 (English)","Melito, PP 55",0.05,not_translation,"Πᾶσα οὖν σὰρξ ὑπὸ ἁμαρτίαν ἔπιπτεν καὶ πᾶν σῶμα ὑπὸ θάνατον, καὶ πᾶσα ψυχὴ ἐκ τοῦ σαρκίνου οἴκου ἐξηλαύνετο, καὶ τὸ λημφθὲν ἐκ γῆς εἰς γῆν ἀνελύετο, καὶ τὸ δωρηθὲν ἐκ θεοῦ εἰς τὸν ","He was cast out into this world (kosmos) as into a prison for the condemned. And when he had multiplied and had a great length of time, and on account of the tasting of the tree ha"
cca54ebe-3805-434e-b4f0-1434f85ac01c,sc132_origenes_contra_celsum_ii_par44_a_en,sc132_origenes_contra_celsum_ii_par44_a,CC II 44_a (English),CC II 44_a,0.05,partial,Ἐπεὶ δὲ καὶ λῃσταῖς αὐτὸν παραβαλὼν ὁ παρὰ τῷ Κέλσῳ Ἰουδαῖός φησιν ὅτι δύναιτο ἄν τις ὁμοίως ἀναισχυντῶν καὶ περὶ λῃστοῦ καὶ ἀνδροφόνου κολασθέντος εἰπεῖν ὅτι οὗτός γε οὐχὶ λῃστὴς ,Since the Jew in Celsus also compares him to robbers and says that one could equally shamelessly say about a robber and murderer who was punished that he was not a robber but a god
b702612b-d5f8-4dc6-916f-4ade93a8481b,sc147_origenes_contra_celsum_v_par36_en,sc147_origenes_contra_celsum_v_par36,CC V 36 (English),CC V 36,0.05,not_translation,"36. Οἷος δὲ καὶ ὁ τοῦ Ἡροδότου ἐστὶν Ἄμμων, οὗ τὰς λέξεις ὁ Κέλσος παρείληφεν, ὡς εἰς ἀπόδειξιν περὶ τοῦ δεῖν ἕκαστον τὰ πάτρια τηρεῖν ; Ὁ γὰρ Ἄμμων αὐτῶν τοῖς τῶν ἀπὸ Μαρέης πόλεω","36. Celsus mentions the god Ammon whom Herodotus discusses—a deity worshipped in Libya under that name, identified with Zeus by the Greeks. We ask: what kind of deity is this Ammon"
69ae540d-ce1f-4b26-8ed6-e6c579d15c8b,sc147_origenes_contra_celsum_v_par38_a_en,sc147_origenes_contra_celsum_v_par38_a,CC V 38_a (English),CC V 38_a,0.05,not_translation,"Τοὺς δὲ περὶ Ὄσιριν καὶ Ἶσιν μύθους περισσόν ἐστιν ἡμῖν νῦν καταλέγειν καὶ οὐκ εὔκαιρον. Κἂν τροπολογῶνται δὲ οἱ μῦθοι, τὸ ἄψυχον ἡμᾶς ὕδωρ σέβειν διδάξουσι καὶ τὴν ὑποκειμένην ἀνθ","The Egyptian gods Osiris, Isis, and Sarapis have their origins in mythological stories about human beings or natural phenomena—stories that educated Egyptians themselves allegorize"
70242128-e731-4e50-a24b-8bd9ea15d016,sc147_origenes_contra_celsum_v_par62_en,sc147_origenes_contra_celsum_v_par62,CC V 62 (English),CC V 62,0.05,partial,"62. Εἶτα σωρὸν καταχέων ἡμῶν ὀνομάτων φησὶν εἰδέναι τινὰς καὶ Σιμωνιανούς, οἳ τὴν Ἑλένην ἤτοι διδάσκαλον Ἕλενον σέβοντες Ἑλενιανοὶ λέγονται. Ἀλλὰ λανθάνει τὸν Κέλσον ὅτι οὐδαμῶς τὸ","Then, pouring out a heap of names upon us, he says he knows of certain Simonians who, worshipping Helen or a certain teacher Helenus, are called Helenians. But it escapes Celsus's "
fe8acd17-991e-457e-be00-fba74e48b2a7,sc147_origenes_contra_celsum_vi_par10_en,sc147_origenes_contra_celsum_vi_par10,CC VI 10 (English),CC VI 10,0.05,partial,"10. Εἶτά φησιν ὅτι ὁρᾷς ὅπως Πλάτων, καίτοι διαβε-βαιωσάμενος ὅτι « ῥητὸν » οὐκ ἔστιν, ὅμως, ἵνα μὴ εἰς ἀνεξέλεγκτον ἀναχωρεῖν δόξῃ, λογισμὸν ὑπέχει ταύτης τῆς ἀπορίας · εἴη γὰρ ἂν","Then he says that you see how Plato, although he has firmly declared that the Good is 'not expressible' (rheton), nevertheless, lest he appear to retreat into something beyond exam"
4e53d881-eee9-4a99-9c15-51e3d8bc0045,sc147_origenes_contra_celsum_vi_par14_a_en,sc147_origenes_contra_celsum_vi_par14_a,CC VI 14_a (English),CC VI 14_a,0.05,partial,"Εἶτα δέον αὐτὸν ἀγωνίζεσθαι περὶ τοῦ λόγου, ὁ δὲ γόητας ἡμᾶς καλεῖ καί φησιν ὅτι φεύγομεν τοὺς χαριεστέρους προ-τροπάδην ὡς οὐχ ἑτοίμους ἀπατᾶσθαι, παλεύομεν δὲ τοὺς ἀγροικοτέρους.","Then, when he ought to be contending about the argument itself, he instead calls us sorcerers (goetas) and says that we flee headlong from the more cultivated (chariesteorous) as n"
31430fc9-e3cb-461d-9b76-f1459ce1a0ee,sc147_origenes_contra_celsum_v_par7_en,sc147_origenes_contra_celsum_v_par7,CC V 7 (English),CC V 7,0.05,partial,"7. Ἀλλὰ καὶ ἑαυτῷ λαβών, ὡς ἄρα θεὸν νομίζουσι τὸν οὐρανὸν Ἰουδαῖοι, τούτῳ ὡς ἄτοπον ἐπιφέρει, ἐγκαλῶν τοῖς προσκυνοῦσι μὲν τὸν οὐρανὸν οὐχὶ δὲ καὶ τὸν ἥλιον καὶ τὴν σελήνην καὶ το","But having assumed on his own that the Jews regard heaven as God, he adds this as something absurd, accusing those who worship heaven but not also the sun, the moon, and the stars,"
2d8eb4a6-aca6-47ab-a70d-44656c15bce4,sc147_origenes_contra_celsum_vi_par29_en,sc147_origenes_contra_celsum_vi_par29,CC VI 29 (English),CC VI 29,0.05,partial,29. Εἶθ' ἑξῆς ὡς Χριστιανοῖς λοιδορούμενος καὶ κατηγορῶν τῶν κατηραμένον εἰπόντων τὸν Μωϋσέως καὶ τοῦ κατ' αὐτὸν νόμου θεὸν καὶ οἰόμενος Χριστιανοὺς εἶναι τοὺς ταῦτα λέγοντάς φησι ,"Then, as if reviling Christians and accusing those who called the God of Moses and his law an accursed god, and supposing these people to be Christians, he says: 'What could be mor"
80ec4eb5-7a46-4f37-b40d-e7179ed9e001,sc147_origenes_contra_celsum_vi_par49_a_en,sc147_origenes_contra_celsum_vi_par49_a,CC VI 49_a (English),CC VI 49_a,0.05,partial,"Εἰ δέ τις βούλεται τὰ κινήσαντα ἡμᾶς καὶ μετὰ τῆς φανείσης ἀποδείξεως κατασκευασθέντα περὶ τῆς κατὰ Μωϋσέα κοσμοποιΐας θεωρῆσαι, λαβέτω τὰ πραγματευθέντα ἡμῖν εἰς τὴν Γένεσιν ἀπὸ τ","If anyone wishes to examine the considerations that moved us and the demonstrations that were constructed regarding the Mosaic account of creation (kosmopoiia), let them take up ou"
262acb49-3a49-4c4b-b85e-620032bd21ef,sc150_origenes_contra_celsum_vii_par17_en,sc150_origenes_contra_celsum_vii_par17,CC VII 17 (English),CC VII 17,0.05,not_translation,17. Ἀληθεύει οὖν ἐν μόνῳ κατὰ τὸν τόπον ὁ Κέλσος τῷ · Ἀλλ' οὐκ ἂν προείποιεν τοῦτο οἱ προφῆται · κακὸν γάρ ἐστι καὶ ἀνόσιον. Τί δὲ τοῦτο ἢ ὅτι ὁ μέγας θεὸς δουλεύσει ἢ τεθνήξεται ;,"17. Celsus goes on to say that if God wished to deliver the human race from evil, he could have done so by simply exercising his divine will, without any need for the incarnation, "
573890d2-f31f-4978-8bb6-b14015965f87,sc147_origenes_contra_celsum_vi_par27_a_en,sc147_origenes_contra_celsum_vi_par27_a,CC VI 27_a (English),CC VI 27_a,0.05,partial,"Εἶτ' ἐπιλαβόμενος τῆς λέξεως εὐλόγως κατηγορεῖ τῶν τοῦτο τολμώντων λέγειν · τούτου δ' ἕνεκα καὶ ἡμεῖς συναγα-νακτοῦμεν τοῖς μεμφομένοις τοὺς τοιούτους, εἰ δή τινες εἰσὶ λέγοντες θε","Then, seizing upon the expression, he rightly denounces those who dare to say such things. On this account we too share the indignation of those who censure such people, if indeed "
2e082bd3-aab5-429b-b7ee-b5ee329a6a3d,sc172_epistula_barnabae_chap_19_verset_1a_6c_en,sc172_epistula_barnabae_chap_19_verset_1a_6c,Barn. 19.1a-6c (English),Barn. 19.1a-6c,0.05,partial,"19, 1a. Ἡ οὖν ὁδὸς τοῦ φωτός ἐστιν αὕτη - ἐάν τις θέλων ὁδὸν ὁδεύειν ἐπὶ τὸν ὡρισμένον τόπον, σπεύσῃ τοῖς ἔργοις αὐτοῦ. 1b. Ἔστιν οὖν ἡ δοθεῖσα ἡμῖν γνῶσις τοῦ περι-πατεῖν ἐν αὐτῇ ","The way of Light is this: if anyone wishes to travel to the appointed place, let him be zealous in his works. The knowledge therefore given to us for walking in this way is as foll"
81f0a7f0-f868-4e46-8ed7-b51290f22ff1,sc20_theophilus_ad_autolycum_i_liv_1_le_dieu_des_chretiens_chap_5_en,sc20_theophilus_ad_autolycum_i_liv_1_le_dieu_des_chretiens_chap_5,Ad Aut. I 5 (English),Ad Aut. I 5,0.05,not_translation,"5. Καθάπερ γὰρ ψυχὴ ἐν ἀνθρώπῳ οὐ βλέπεται, ἀόρατος οὖσα ἀνθρώποις, διὰ δὲ τῆς κινήσεως τοῦ σώματος νοεῖται ἡ ψυχή, οὕτως ἔχοι ἂν καὶ τὸν θεὸν μὴ δύνασθαι ὁραθῆναι ὑπὸ ὀφθαλμῶν ἀνθ","5. And do not wonder that God made the world (kosmos) out of pre-existing matter. For just as an artisan, when he receives material from someone, makes of it whatever he pleases, s"
8ded732f-ec2f-4178-9dfa-91fa3a13c059,sc53bis_hermas_pastor_chap86_en,sc53bis_hermas_pastor_chap86,"Hermas, Past. 86 (English)","Hermas, Past. 86",0.05,not_translation,"1. Εἶτα ἦλθε κατανοῆσαι τοὺς λευκοὺς καὶ στρογγύλους λίθους καὶ λέγει μοι · Τί ποιοῦμεν περὶ τούτων τῶν λίθων ; Τί, φημί, ἐγὼ γινώσκω, κύριε ; Οὐδὲν οὖν ἐπινοεῖς περὶ αὐτῶν ; 2. Ἐγ",The ninth parable continues with the Lord of the tower instructing the builders as to which rejected stones may be restored to the building. He specifies exact conditions: the crac
397f3747-a881-421f-9ee4-0b2a8031db10,sc53bis_hermas_pastor_chap87_en,sc53bis_hermas_pastor_chap87,"Hermas, Past. 87 (English)","Hermas, Past. 87",0.05,not_translation,"1. Κἀγὼ περιπατῶν μετ' αὐτοῦ ἱλαρὸς ἤμην τοιαῦτα ἀγαθὰ βλέπων. Λέγει δέ μοι ὁ ποιμήν · Ὕπαγε καὶ φέρε ἄσβεστον καὶ ὄστρακον λεπτόν, ἵνα τοὺς τύπους τῶν λίθων τῶν ἠρμένων καὶ εἰς τὴ",The ninth parable records Hermas's question to the angel about the meaning of certain stones placed near the tower but outside the wall. These are described as glittering white sto
07249ace-4196-48ee-9153-4a71e3ee30ee,passage_boethius_cons_69_en,passage_boethius_cons_69,"Boethius, Cons. 69: All Seek Preservation (English)","Boethius, Cons. 69: All Seek Preservation",0.06,partial,"Omne na i animal tueri salutem laborat, mortem vero perniciemque {perniciemque} devitat. Sed quid de herbis arboribusque {arboribusque}, quid de inanima omnino consentiam rebus, pr","Boethius, Consolation of Philosophy, passage 69: All Seek Preservation. Every living creature labors to preserve its safety and avoid death and destruction. Even plants and trees g"
b7e0725b-2023-45fa-9fa2-256c9373dc58,sc123_melito_peri_pascha_chap40_en,sc123_melito_peri_pascha_chap40,"Melito, PP 40 (English)","Melito, PP 40",0.06,not_translation,"Ἐγένετο οὖν ὁ λαὸς τύπος προκεντήματος καὶ ὁ νόμος γραφὴ παραβολῆς, τὸ δὲ εὐαγγέλιον διήγημα νόμου καὶ πλήρωμα, ἡ δὲ ἐκκλησία ἀπο[δο]χεῖον τῆς ἀληθείας.","For the model of the city was once valuable, but it was abandoned when the city itself was revealed; and the parable was once admirable, but it was abandoned when the reality was i"
94a60b75-46e6-40fa-bf58-ae75c6fdbc14,sc123_melito_peri_pascha_chap45_en,sc123_melito_peri_pascha_chap45,"Melito, PP 45 (English)","Melito, PP 45",0.06,not_translation,"τίμιος ἡ κάτω Ἰερουσαλήμ, νῦν δὲ ἄτιμος διὰ τὴν ἄνω Ἰερουσαλήμ · τίμιος ἡ στενὴ κληρονομία, νῦν δὲ ἄτιμος διὰ τὴν πλατεῖαν χάριν. Οὐ γὰρ ἐφ' ἑνὶ τόπῳ οὐδὲ ἐν βραχεῖ σχοινίσματι ἡ τ","For once the slaughter of the sheep was precious, but now it is worthless because of the life of the Lord. The death of the sheep was precious, but now it is worthless because of t"
e12edd79-c6d4-42b3-8e8a-26b7ff2e60a7,sc123_melito_peri_pascha_chap90_en,sc123_melito_peri_pascha_chap90,"Melito, PP 90 (English)","Melito, PP 90",0.06,not_translation,Τίμ[ησαί μοι] τοὺς ἐκ γενετῆς τυφλοὺς [οὓς διὰ φωνῆς ἐφωταγώγησεν]. [Τίμησαί μοι τοὺς κειμένους νεκροὺς] [οὓς ἐκ μνημείου] ἀνέστησεν γ' δὴ δ' [ἡμέρων]. Ἀτίμητοι α[ἱ παρ' αὐτοῦ σοι ,The one who hung the earth in space is himself hung. The one who fixed the heavens is himself fixed to the wood. The one who established all things is established upon the tree. Th
ca9c8efd-cfd3-4833-ab22-cb2b6a7db06e,sc123_melito_peri_pascha_chap91_en,sc123_melito_peri_pascha_chap91,"Melito, PP 91 (English)","Melito, PP 91",0.06,not_translation,[ὑπὲρ] οὗ καὶ ἀποθανεῖν σε ἔδει.,"O unheard-of murder! O unheard-of injustice! The Master (despotes) is disfigured, his body naked, and he is not even deemed worthy of a covering for his shame. Therefore the stars "
dac8f9c3-e02a-4f20-89ba-45d1d7206d6e,sc147_origenes_contra_celsum_vi_par10_a_en,sc147_origenes_contra_celsum_vi_par10_a,CC VI 10_a (English),CC VI 10_a,0.06,partial,"Τὸ ὅσον δ' ἐπ' αὐτῷ ἀναγκάζει ἡμᾶς ταυτολογεῖν ταυτολογῶν ὁ Κέλσος, λέγων μετὰ τὰς εἰρημένας ὥσπερ ἀλαζόνων ἀλαζονείας ὅτι ὁ Πλάτων οὐκ ἀλαζονεύεται καὶ ψεύδεται φάσκων αὐτὸς καινό","As far as it concerns him, Celsus compels us to repeat ourselves by repeating himself, saying after the aforementioned boastings, as it were, that Plato does not boast or lie, clai"
3f223f12-db0b-4544-9448-799b246feb38,sc147_origenes_contra_celsum_vi_par34_en,sc147_origenes_contra_celsum_vi_par34,CC VI 34 (English),CC VI 34,0.06,partial,"34. Μετὰ δὲ τὸ ἐκθέσθαι τὰ προειρημένα καὶ τὰ ἀνάλογον αὐτοῖς, ἅτινα ἡμεῖς προσεθήκαμεν, τοιαῦτά φησιν ὁ Κέλσος · Οἱ δ' ἔτι προστιθέασιν ἄλλα ἐπ' ἄλλοις, προφητῶν λόγους καὶ κύκλου","After setting forth the aforementioned matters and the things analogous to them that we have added, Celsus says: 'And still others add yet more things upon things—words of prophets"
55c44cb3-45c6-4568-9285-764dd6c51560,sc147_origenes_contra_celsum_v_par63_a_en,sc147_origenes_contra_celsum_v_par63_a,CC V 63_a (English),CC V 63_a,0.07,partial,"{ Καὶ βλασφημοῦσι δέ, φησίν, εἰς ἀλλήλους οὗτοι πάνδεινα ῥητὰ καὶ ἄρρητα · καὶ οὐκ ἂν εἴξαιεν οὐδὲ καθ' ὁτιοῦν εἰς ὁμόνοιαν, πάντῃ ἀλλήλους ἀποστυγοῦντες. Καὶ πρὸς ταῦτα δ' ἡμῖν εἴ","And 'they blaspheme one another,' he says, 'with terrible things both speakable and unspeakable, and they would not yield in the slightest toward harmony, utterly abhorring one ano"
644c563f-e781-43d8-8874-bfefedca1741,sc147_origenes_contra_celsum_vi_par13_en,sc147_origenes_contra_celsum_vi_par13,CC VI 13 (English),CC VI 13,0.07,partial,"13. Οὐκοῦν κατὰ ταῦτα ἡ μέν τις θεία σοφία ἐστίν, ἡ δ' ἀνθρωπίνη. Καὶ ἡ μὲν ἀνθρωπίνη ἐστὶν ἡ καθ' ἡμᾶς λεγομένη « σοφία τοῦ κόσμου », ἥτις ἐστὶ « μωρία παρὰ τῷ θεῷ » · ἡ δὲ θεία κ","Accordingly, in these terms there is one wisdom that is divine and another that is human. The human wisdom is what we call 'the wisdom of this world' (sophia tou kosmou), which is "
86528ec7-a84a-445d-bc3f-93052933f7eb,sc147_origenes_contra_celsum_vi_par1_en,sc147_origenes_contra_celsum_vi_par1,CC VI 1 (English),CC VI 1,0.07,partial,"1. {Ἕκτον τοῦτον ἐνιστάμενοι λόγον πρὸς τὰς Κέλσου κατὰ Χριστιανῶν κατηγορίας χρῄζομεν ἐν αὐτῷ, ἱερὲ Ἀμβρόσιε, ἀγωνίσασθαι οὐ πρὸς τὰ ἀπὸ φιλοσοφίας ὑπ' αὐτοῦ ἐκτιθέμενα, ὡς οἰηθεί","As we undertake this sixth book against Celsus's accusations of Christians, we need in it, sacred Ambrose, to contend not against arguments set forth by him from philosophy, as one"
346b82ef-fe6d-499e-a700-9c3ac468e325,sc147_origenes_contra_celsum_vi_par42_b_en,sc147_origenes_contra_celsum_vi_par42_b,CC VI 42_b (English),CC VI 42_b,0.07,partial,"Εἶτ' ἐκθέμενος τὰ τοιαῦτα καὶ μὴ παραμυθησάμενος, τίνα τρόπον ἐκεῖνα μὲν λόγου ἔχεται κρείττονος ταῦτα δέ ἐστιν ἐκείνων παρακούσματα, διαλοιδορεῖται ἡμῖν λέγων μὴ εἶναι ἐκεῖνα ὅμοι","Then, having set forth these things without explaining how those ideas are in any way superior to ours or how our teaching is a mere distortion of them, he abuses us saying that ou"
5bef0bb0-d461-497f-b75d-639560ffacb6,sc147_origenes_contra_celsum_vi_par45_en,sc147_origenes_contra_celsum_vi_par45,CC VI 45 (English),CC VI 45,0.07,partial,"45. Ἐπεὶ δὲ καὶ τὰ περὶ τοῦ καλουμένου Ἀντιχρίστου παραρριπτεῖ ὁ Κέλσος, οὔτε τὰ ἐν τῷ Δανιὴλ οὔτε τὰ παρὰ τῷ Παύλῳ ἀναγνοὺς περὶ αὐτοῦ εἰρημένα οὔτε τὰ ἐν τοῖς εὐαγγελίοις ὑπὸ τοῦ","Since Celsus also touches in passing on the doctrine of the so-called Antichrist (Antichristos), not having read what is said about him in Daniel, nor what Paul teaches about him, "
54e53009-c461-4b07-804d-487ce822d479,sc147_origenes_contra_celsum_vi_par49_b_en,sc147_origenes_contra_celsum_vi_par49_b,CC VI 49_b (English),CC VI 49_b,0.07,partial,"Ἀπεφήνατο δὲ μάλα εὐηθικὴν εἶναι καὶ τὴν περὶ ἀνθρώπων γενέσεως γραφήν, μήτε τιθεὶς τὰς λέξεις μήτ' ἀγωνιζόμενος πρὸς αὐτάς · οὐ γὰρ εἶχεν οἶμαι λόγους ἀνατρέψαι δυναμέ-νους τὸ « κ","Celsus has also declared the account of the creation of human beings to be 'quite foolish' (mala euethike), neither quoting the actual words nor contending against them. For he did"
eed5090b-c6f8-44fe-802a-67589dd07b9d,sc150_origenes_contra_celsum_vii_par2_en,sc150_origenes_contra_celsum_vii_par2,CC VII 2 (English),CC VII 2,0.07,not_translation,2. Πρόκειται δὲ νῦν τῷ Κέλσῳ κατηγορῆσαι τοῦ φάσκοντος λόγου ὑπὸ τῶν παρὰ Ἰουδαίοις προφητῶν προφητεύεσθαι τὰ περὶ τὸν Χριστὸν Ἰησοῦν. Καὶ πρῶτόν γε κατ' ἀρχὰς ἐξετάζομεν ὧν οἴεται,"2. Then Celsus says that the prophets foretold things concerning the Christ of God, and he now addresses both Jews and Christians together. But he does not wish to concede that the"
085a0936-0f9b-4336-82af-0389427f195a,sc172_epistula_barnabae_chap_12_verset_5a_7c_en,sc172_epistula_barnabae_chap_12_verset_5a_7c,Barn. 12.5a-7c (English),Barn. 12.5a-7c,0.07,partial,"5a. Πάλιν Μωϋσῆς ποιεῖ τύπον τοῦ Ἰησοῦ, ὅτι δεῖ αὐτὸν παθεῖν, καὶ αὐτὸς ζωοποιήσει, ὃν δόξουσιν ἀπολωλεκέναι ἐν σημείῳ, πίπτοντος τοῦ Ἰσραήλ. 5b. Ἐποίησεν γὰρ κύριος πάντα ὄφιν δάκ","Moreover Moses himself says: 'And the Lord spoke to Moses and said: Make yourself a serpent of bronze and hang it upon a pole; and everyone who is bitten, when he sees it, will liv"
e558cf49-fc0f-4530-ba0c-734af121d2bd,sc172_epistula_barnabae_chap_13_verset_2a_3_en,sc172_epistula_barnabae_chap_13_verset_2a_3,Barn. 13.2a-3 (English),Barn. 13.2a-3,0.07,not_translation,"2a. Ἀκούσατε οὖν περὶ τοῦ λαοῦ τί λέγει ἡ γραφή · « Ἐδεῖτο δὲ Ἰσαὰκ περὶ Ῥεβέκκας τῆς γυναικὸς αὐτοῦ, ὅτι στεῖρα ἧν · καὶ συνέλαβεν. 2b. Εἶτα καὶ ἐξῆλθεν Ῥε-βέκκα πυθέσθαι παρὰ κυρ","And in another prophecy Jacob speaks more clearly to his son Joseph, saying: 'Behold, the Lord has not deprived me of your face; bring me your sons that I may bless them.' And he b"
91989e1a-67ff-4543-8373-3acbdc3a75fc,sc53bis_hermas_pastor_chap2_en,sc53bis_hermas_pastor_chap2,"Hermas, Past. 2 (English)","Hermas, Past. 2",0.07,not_translation,"1. Μετὰ τὸ λαλῆσαι αὐτὴν τὰ ῥήματα ταῦτα ἐκλείσθησαν οἱ οὐρανοί · κἀγὼ ὅλος ἤμην πεφρικὼς καὶ λυπούμενος. Ἔλε-γον δὲ ἐν ἐμαυτῷ · Εἰ αὕτη μοι ἡ ἁμαρτία ἀναγράφεται, πῶς δυνήσομαι σω","In this opening vision, Hermas sees Rhoda, a woman who had previously been his mistress, appearing to him in a heavenly vision after her death. She tells him that she has been rais"
e806cbcf-6c75-4ea2-83b5-96b0013a9be4,sc53bis_hermas_pastor_chap91_en,sc53bis_hermas_pastor_chap91,"Hermas, Past. 91 (English)","Hermas, Past. 91",0.07,not_translation,"1. Τί οὖν, φημί, κύριε, ἐὰν οὗτοι οἱ ἄνθρωποι, τοιοῦτοι ὄντες, μετανοήσωσι καὶ ἀποβάλωσι τὰς ἐπιθυμίας τῶν γυναικῶν τού-των, καὶ ἐπανακάμψωσιν ἐπὶ τὰς παρθένους καὶ ἐν τῇ δυνάμει α",The ninth parable describes those from the fifth and sixth mountains and the condition of their stones after passing through the gate. Those from the fifth mountain — rough and ste
cf37a659-c78e-454e-beb8-e2adb2515e3c,passage_sen_prov_4_1_en,passage_sen_prov_4_1,"Seneca, De Prov. 4.1: Calamity Belongs to Great Men (English)","Seneca, De Prov. 4.1: Calamity Belongs to Great Men",0.08,not_translation,Latin: Prosperae res et in plebem ac vilia ingenia deveniunt ; at calamitates terroresque mortalium sub iugum mittere proprium magni viri est. Semper vero esse felicem et sine mors,"Seneca, On Providence 4.1. On how fortune's severity against the good man is not cruelty but a contest: 'I find nothing worthy of you on earth; therefore I challenge you with what "
b4870ffa-244c-4fe9-8338-3c132dc92320,sc136_origenes_contra_celsum_iv_par2_en,sc136_origenes_contra_celsum_iv_par2,CC IV 2 (English),CC IV 2,0.08,partial,"2. Ὅτι δὲ καὶ Χριστιανῶν τινες καὶ Ἰουδαῖοι, οἱ μὲν καταβεβηκέναι <λέγουσιν,> οἱ δὲ καταβήσεσθαι εἰς τὴν γῆν τινα θεὸν ἢ θεοῦ υἱὸν τῶν τῇδε δικαιωτήν, τοῦτ' αἴσχιστον, καὶ οὐδὲ δεῖ","2. And having said that Christ is said by us to have descended and by the Jews to be about to descend as a judge, he supposes this accusation is self-evident as being most shameful"
0da330f2-b1ca-4396-9753-3c697b059ba4,sc147_origenes_contra_celsum_v_par35_en,sc147_origenes_contra_celsum_v_par35,CC V 35 (English),CC V 35,0.08,partial,"35. {Διὰ τούτων δὲ ὁδεύειν δοκεῖ τῷ Κέλσῳ ὁ λόγος ἐπὶ τὸ δεῖν πάντας ἀνθρώπους κατὰ τὰ πάτρια ζῆν, οὐκ ἂν μεμφθέντας ἐπὶ τούτῳ · Χριστιανοὺς δὲ τὰ πάτρια κατα-λιπόντας καὶ οὐχ ἕν τ","35. Celsus argues, on the basis of the diversity of religious customs, that everyone should live according to the ancestral customs (ta patria) of their own nation, without trying "
329cf8f6-c3bc-4778-b7df-1f72139feb2a,sc147_origenes_contra_celsum_v_par42_en,sc147_origenes_contra_celsum_v_par42,CC V 42 (English),CC V 42,0.08,partial,42. Δῆλον δ' ὅτι ἐν τούτοις ἐγκαλεῖ Ἰουδαίοις ὡς ψευδῶς ὑπολαμβάνουσιν ἑαυτοὺς εἶναι ἐκλεκτὴν μερίδα παρὰ πάντα τὰ ἔθνη τοῦ ἐπὶ πᾶσι θεοῦ. Καὶ ἀλαζονείας γοῦν αὐτῶν κατηγορεῖ ὡς αὐ,42. Celsus charges that it is arrogance (alazoneia) for the Jews to have claimed that God is specially devoted to them and has revealed himself to them in a way he has not to other
5ed925e2-fbbb-404d-a12f-4d7a5eb1afdc,sc147_origenes_contra_celsum_v_par42_a_en,sc147_origenes_contra_celsum_v_par42_a,CC V 42_a (English),CC V 42_a,0.08,partial,"Ὁποῖον δ' ἦν παρ' αὐτοῖς τὸ ἐξ ἔτι ἁπαλῶν ὀνύχων διδάσκεσθαι ὑπεραναβαίνειν μὲν πᾶσαν τὴν αἰσθητὴν φύσιν καὶ μηδαμοῦ αὐτῆς νομίζειν ἱδρῦσθαι τὸν θεόν, ἄνω δὲ καὶ ὑπὲρ τὰ σώματα ζητ",How noble it was for the Jews to be taught to transcend the world of sensory perception and to honor the God who is above all sensory things! Most nations worshipped sensory object
33a88a53-1d53-4f42-a65c-a7a0a1593d6a,sc147_origenes_contra_celsum_v_par8_en,sc147_origenes_contra_celsum_v_par8,CC V 8 (English),CC V 8,0.08,partial,"8. Ἐπεὶ δὲ φάσκομεν αὐτὸν συγκεχύσθαι ἔκ τινων παρα-κουσμάτων, φέρε καὶ ταῦτα ἡμεῖς κατὰ τὸ δυνατὸν ἡμῖν τρανώσωμεν καὶ παραστήσωμεν ὅτι, Κέλσου νομίζοντος ἰουδαϊκὸν εἶναι τὸ προσκ","Since we claim that he is confused by certain misunderstandings, come let us also clarify these matters as best we can, and demonstrate that, while Celsus supposes it to be a Jewis"
9c528e1a-c8fe-493c-922d-20909364236d,sc147_origenes_contra_celsum_vi_par17_en,sc147_origenes_contra_celsum_vi_par17,CC VI 17 (English),CC VI 17,0.08,partial,"17. Ἐπεὶ δ' ἑξῆς ἐξευτελίσαι βουλόμενος τὰ περὶ βασιλείας θεοῦ γεγραμμένα παρ' ἡμῖν τούτων μὲν οὐδὲν παρέθετο ὡς οὐδὲ τῆς παρ' αὐτῷ ἄξιον ἀναγραφῆς, τάχα ἐπεὶ μηδὲ ᾔδει αὐτά, Πλάτω","Since next he wishes to belittle what is written among us concerning the kingdom of God (basileia theou), he cites none of our texts—as though none were worthy of his notice—perhap"
41ef3fb7-9f73-403d-8da3-7274fd151abe,sc147_origenes_contra_celsum_vi_par20_en,sc147_origenes_contra_celsum_vi_par20,CC VI 20 (English),CC VI 20,0.08,partial,"20. Ἄντικρυς γὰρ τοῖς ἀκούειν δυναμένοις παρίστησι τὰ μὲν αἰσθητὰ λέγων αὐτὰ « βλεπόμενα », τὰ δὲ νοητὰ καὶ νῷ μόνῳ καταληπτὰ ὀνομάζων « μὴ βλεπόμενα ». Οὗτος δὲ καὶ « πρόσκαιρα » ","For Paul plainly shows to those who are able to hear that the things perceived by the senses he calls 'visible' (blepomena), while the things apprehended by the intellect (noeta) a"
760bd389-5d31-4c37-a87f-83b3e62c5c36,sc147_origenes_contra_celsum_vi_par16_en,sc147_origenes_contra_celsum_vi_par16,CC VI 16 (English),CC VI 16,0.08,partial,"16. Μετὰ ταῦτα τὴν κατὰ τῶν πλουσίων ἀπόφασιν τοῦ Ἰησοῦ, εἰπόντος · « Εὐκοπώτερον κάμηλον εἰσελθεῖν διὰ τρήματος ῥαφίδος ἢ πλούσιον εἰς τὴν βασιλείαν τοῦ θεοῦ », φησὶν ἄντικρυς ἀπὸ","After this, Celsus takes Jesus's pronouncement against the rich—'It is easier for a camel to go through the eye of a needle than for a rich man to enter the kingdom of God'—and say"
cd4e3c43-6369-4071-a272-4b19c80122cc,passage_boethius_cons_67_en,passage_boethius_cons_67,"Boethius, Cons. 67: Light of Truth (Verse) (English)","Boethius, Cons. 67: Light of Truth (Verse)",0.09,partial,"Non quicquid Tagus aureis harenis donat aut Hermus rutilante ripa aut Indus calido propinquus orbi candidis miscens virides lapillos, inlustrent aciem magisque {magisque} caecos in","Boethius, Consolation of Philosophy, passage 67: Light of Truth (Verse). Whatever the Tagus gives with its golden sands, or the Hermus with its ruddy bank, or the Indus near the to"
c8c775d4-adfa-4456-9a50-ee7d40b2c109,sc123_melito_peri_pascha_chap6_en,sc123_melito_peri_pascha_chap6,"Melito, PP 6 (English)","Melito, PP 6",0.09,not_translation,"Ἡ γοῦν τοῦ προβάτου σφαγὴ καὶ ἡ τοῦ πάσχα πομπὴ καὶ ἡ τοῦ νόμου γραφὴ εἰς Χριστὸν Ἰησοῦν κεχώρηκεν, δι' ὃν τὰ πάντα ἐν τῷ πρεσβυτέρῳ νόμῳ ἐγένετο, μᾶλλον δὲ ἐν τῷ νέῳ λόγῳ.","For instead of the lamb there was a Son, and instead of the sheep a Man, and in the Man, Christ, who has encompassed all things."
447cd4af-9023-4539-8a40-3b33a74f025a,sc147_origenes_contra_celsum_v_par60_en,sc147_origenes_contra_celsum_v_par60,CC V 60 (English),CC V 60,0.09,partial,"60. Εἰ δ' ἀκριβῶς χρὴ ἡμᾶς λέγειν τὰ πρὸς τὸν Κέλσον, οἰόμενον τὰ αὐτὰ ἡμᾶς Ἰουδαίοις περὶ τῶν ἐκκειμένων δοξάζειν, φήσομεν ὅτι τὰ μὲν βιβλία θείῳ γεγράφθαι πνεύματι ὁμολογοῦμεν ἀμ","If we must speak precisely against Celsus, who supposes that we hold the same beliefs as the Jews concerning the matters set forth, we shall say that we both agree that the books w"
0a049834-f1c2-4dca-8ef2-a66382ecbb95,sc147_origenes_contra_celsum_v_par64_a_en,sc147_origenes_contra_celsum_v_par64_a,CC V 64_a (English),CC V 64_a,0.09,partial,"Ἀλλ' οὗτος ὁ πάντ' εἰδέναι ἐπαγγελλόμενος καὶ τοιαῦτά φησι · Πάντων δέ, φησίν, ἀκούσει τῶν ἐπὶ τοσοῦτον διεστη-κότων καὶ σφᾶς αὐτοὺς ταῖς ἔρισιν αἴσχιστα διελεγχόντων λεγόντων τό ·","But this man who professes to know all things also says: 'You will hear all those who are so far divided and who most shamefully refute themselves in their quarrels saying: ""The wo"
a5fd17dc-96d6-499f-9c97-aec1d6a64f50,sc147_origenes_contra_celsum_v_par65_a_en,sc147_origenes_contra_celsum_v_par65_a,CC V 65_a (English),CC V 65_a,0.09,partial,"Μετὰ ταῦτά φησι · Φέρ' οὖν, εἰ καὶ μηδεμίαν ἀρχὴν τοῦ δόγματος ἔχουσιν, αὐτὸν ἐξετάσωμεν τὸν λόγον · πρότερον δὲ ὅσα παρακηκοότες ὑπ' ἀγνοίας διαφθείρουσιν, οὐκ ἐμμελῶς ἐν ἀρχαῖς ε","After this Celsus says: 'Come then, if they have no origin for their doctrine, let us examine the teaching itself. But first, how much they have corrupted through misunderstanding "
a4a886fa-8d68-4f79-8e5e-84197b3b423c,sc147_origenes_contra_celsum_vi_par13_a_en,sc147_origenes_contra_celsum_vi_par13_a,CC VI 13_a (English),CC VI 13_a,0.09,partial,"Καὶ ἀρχαία μὲν ἀληθῶς ἐστιν ἥδε ἡ δόξα, οὐχ, ὡς οἴεται δὲ Κέλσος, τῆς περὶ αὐτῶν ἀρχαιότητος εἰς Ἡράκλειτον καὶ Πλάτωνα ἀναφερομένης. Ἀνωτέρω γὰρ τούτων οἱ προφῆται διέστειλαν τὸ π","And this doctrine is truly ancient, though not, as Celsus supposes, traceable in its antiquity merely to Heraclitus and Plato. For earlier than these, the prophets distinguished th"
b257567b-5b42-41c8-ace8-d94738d41073,sc147_origenes_contra_celsum_vi_par21_en,sc147_origenes_contra_celsum_vi_par21,CC VI 21 (English),CC VI 21,0.09,partial,"21. Ἑπτὰ δὲ οὐρανοὺς ἢ ὅλως περιωρισμένον ἀριθμὸν αὐτῶν αἱ φερόμεναι ἐν ταῖς ἐκκλησίαις τοῦ θεοῦ οὐκ ἀπαγ-γέλλουσι γραφαί, ἀλλ' οὐρανούς, εἴτε τὰς σφαίρας τῶν παρ' Ἕλλησι λεγομένων","Seven heavens, or indeed any fixed number of them, are not proclaimed by the Scriptures recognized in the churches of God. Rather, they speak of 'heavens,' whether referring to the"
844d7baa-56e9-4718-9e36-6b7f0ae6d41d,sc147_origenes_contra_celsum_vi_par44_a_en,sc147_origenes_contra_celsum_vi_par44_a,CC VI 44_a (English),CC VI 44_a,0.09,partial,Ὁ δ' Ἑβραίων διαλέκτῳ Σατᾶν καὶ ἑλληνικώτερον ὑπό τινων ὀνομασθεὶς Σατανᾶς μεταλαμβανόμενος εἰς ἑλλάδα φωνήν ἐστιν ἀντικείμενος. Πᾶς δὲ ὁ τὴν κακίαν ἑλόμενος καὶ τὸν κατ' αὐτὴν βίο,"The one called in the Hebrew language Satan and named more in the Greek manner by some Satanas, when translated into Greek, means 'adversary' (antikeimenos). Everyone who has chose"
6d3408b8-4305-4941-8076-84bf2b03397e,sc53bis_hermas_pastor_chap3_en,sc53bis_hermas_pastor_chap3,"Hermas, Past. 3 (English)","Hermas, Past. 3",0.09,not_translation,"1. Ἀλλ' οὐχ ἕνεκα τούτου ὀργίζεταί σοι ὁ θεός, ἀλλ' ἵνα τὸν οἶκόν σου τὸν ἀνομήσαντα εἰς τὸν κύριον καὶ εἰς ὑμᾶς τοὺς γονεῖς αὐτῶν ἐπιστρέψῃς. Ἀλλὰ φιλότεκνος ὢν οὐκ ἐνου-θέτεις σο","In this second vision, Hermas sees the elderly woman — who represents the Church — reading from a small book. He asks to have the book copied for himself, and she grants this. Afte"
b8ecc69f-c6f0-4f00-a7e4-366881b9148c,sc53bis_hermas_pastor_chap80_en,sc53bis_hermas_pastor_chap80,"Hermas, Past. 80 (English)","Hermas, Past. 80",0.09,not_translation,1. Εἶδον ἓξ ἄνδρας ἐληλυθότας ὑψηλοὺς καὶ ἐνδόξους καὶ ὁμοίους τῇ ἰδέᾳ · ἐκάλεσαν δὲ πλῆθός τι ἀνδρῶν. Κἀκεῖνοι δὲ οἱ ἐληλυθότες ὑψηλοὶ ἄνδρες καὶ λίαν καλοὶ καὶ δυνατοὶ ἦσαν · καὶ,The ninth parable continues with further description of the people who came through the gate from the various mountains. The large and joyful crowds of people who came from the sur
e62c1c15-317e-477b-98fa-1fdc576d3fa0,sc53bis_hermas_pastor_chap84_en,sc53bis_hermas_pastor_chap84,"Hermas, Past. 84 (English)","Hermas, Past. 84",0.09,not_translation,"1. Ταῦτα οὖν συντελέσας ὁ ἀνὴρ ὁ ἔνδοξος καὶ κύριος ὅλου τοῦ πύργου προσεκαλέσατο τὸν ποιμένα καὶ παρέδωκεν αὐτῷ τοὺς λίθους πάντας τοὺς παρὰ τὸν πύργον κειμένους, τοὺς ἀποβεβλημέν","The ninth parable describes the vision of the Lord of the tower coming to inspect the building along with six magnificent angels. He examines each stone in the tower, tapping those"
2e6d424f-a922-4390-a2fb-23320a4e8689,sc123_melito_peri_pascha_chap23_en,sc123_melito_peri_pascha_chap23,"Melito, PP 23 (English)","Melito, PP 23",0.1,not_translation,"Τὸ δὲ καινότερον καὶ φοβερώτερον ἀκοῦσαι ἔχετε. Ἐν τῷ ψηλαφητῷ σκότει ὁ ἀψηλάφητος θάνατος ἐκρύβετο, καὶ τὸ μὲν σκότος ἐψηλάφων οἱ δυστυχεῖς Αἰγύπτιοι, ὁ δὲ θάνατος ἐξεραυνῶν ἐψηλά","For if someone brought a newborn [child] to the striking angel to arouse compassion, the [mercy] of the angel was [not stirred], but [the firstborn child] was snatched away [and ca"
61fed698-85b9-4d6f-bc00-b36060eb14c4,sc132_origenes_contra_celsum_i_par19_en,sc132_origenes_contra_celsum_i_par19,CC I 19 (English),CC I 19,0.1,partial,"19. Ἑξῆς τούτοις ὁ Κέλσος λεληθότως βουλόμενος διαβαλεῖν τὴν κατὰ Μωϋσέα κοσμοποιΐαν, [ἐμφαίνοντα μηδέπω μυρίων ἐτῶν ἀριθμὸν ἔχειν τὸν κόσμον ἀλλὰ πολλῷ τούτου λειπόμενον, προστίθε","19. Next, Celsus, wishing surreptitiously to discredit the Mosaic account of the creation of the world (kosmopoiia), [which indicates that the world does not yet have a span of ten"
49da3834-6749-4af4-af32-0a2bc4afb618,sc132_origenes_contra_celsum_i_par21_en,sc132_origenes_contra_celsum_i_par21,CC I 21 (English),CC I 21,0.1,partial,"21. Τούτου οὖν, φησί, τοῦ λόγου τοῦ παρὰ τοῖς σοφοῖς ἔθνεσι καὶ ἐλλογίμοις ἀνδράσιν ἐπακηκοὼς ὄνομα δαιμόνιον ἔσχε Μωϋσῆς. Καὶ πρὸς τοῦτο δὲ λεκτέον, ἵν' αὐτῷ συγχω-ρηθῇ [Μωϋσέα ἀκ","21. Of this doctrine, then, he says, having heard it from the wise nations and distinguished men, Moses acquired a divine reputation. And in response to this it must be said -- gra"
880d461b-7423-4605-a883-8b3fc54dccc7,sc147_origenes_contra_celsum_v_par34_en,sc147_origenes_contra_celsum_v_par34,CC V 34 (English),CC V 34,0.1,not_translation,"34. Ἵνα δὲ μὴ παρέλθωμεν τὰ ἐν τοῖς μεταξὺ λελεγμένα τῷ Κέλσῳ, φέρ' ἐκθώμεθα καὶ ταῦτα. Χρήσαιτο δ' ἄν τις καὶ Ἡροδότῳ πρὸς τόδε μάρτυρι, λέγοντι ὧδε · « Οἱ γὰρ δὴ ἐκ Μαρέης τε πόλ",34. Celsus cites Herodotus on the customs of different peoples regarding the disposal of their dead—how each people thinks its own customs best and finds those of others shocking. 
1de7e011-363c-4c37-a6d2-954021ed9461,sc147_origenes_contra_celsum_v_par43_en,sc147_origenes_contra_celsum_v_par43,CC V 43 (English),CC V 43,0.1,partial,"43. Τὸ δὲ μὴ ἐξεῖναι δουλεύειν τὸν ἀπὸ τῶν αὐτῶν ὁρμώ-μενον δογμάτων πλεῖον ἐτῶν ἓξ πῶς ἐστι λελογισμένον καὶ οὔτε τὸν δεσπότην οὔτε τὸν δοῦλον ἀδικοῦν, τί χρὴ λέγειν ; Οὐ κατὰ τὰ ",43. Origen notes an example of the humanity of Jewish law that Celsus conspicuously ignores: the law that a fellow Israelite may not be enslaved for more than six years. This law i
c3bb1199-34b7-4f4a-b4f9-df0e9f789f79,sc147_origenes_contra_celsum_v_par36_a_en,sc147_origenes_contra_celsum_v_par36_a,CC V 36_a (English),CC V 36_a,0.1,partial,"Κέλσος μὲν οὖν οὐδὲν ἄδικόν φησι ποιεῖν ἕκαστον, τὰ σφέτερα νόμιμα θρησκεύειν ἐθέλοντα · καὶ ἀκολουθεῖ κατ' αὐτὸν μηδὲν ἄδικον ποιεῖν Σκύθας, ἐπεὶ κατὰ τὰ πάτρια δαίνυνται ἀνθρώπου","Celsus's moral relativism, if taken seriously, implies that the Scythian practice of human sacrifice and even of cannibalism is equally valid with the most refined philosophical re"
c2d22aa0-b0c7-48db-b8d3-cd0955925128,sc147_origenes_contra_celsum_v_par61_a_en,sc147_origenes_contra_celsum_v_par61_a,CC V 61_a (English),CC V 61_a,0.1,partial,"Ἔστω δέ τι καὶ τρίτον γένος τῶν ὀνομαζόντων ψυχικούς τινας καὶ πνευματικοὺς ἑτέρους · οἶμαι δ' αὐτὸν λέγειν τοὺς ἀπὸ Οὐαλεντίνου. Καὶ τί τοῦτο πρὸς ἡμᾶς τοὺς ἀπὸ τῆς ἐκκλησίας, κατ",Let there also be a third class of those who call some people 'psychic' (psychikous) and others 'spiritual' (pneumatikous); I think he means the followers of Valentinus. And what i
d0c1b498-9100-48a7-98ac-f28cdb781be0,sc147_origenes_contra_celsum_vi_par11_en,sc147_origenes_contra_celsum_vi_par11,CC VI 11 (English),CC VI 11,0.1,partial,"11. Μετὰ ταῦτά φησιν ὁ Κέλσος ὅτι, ἐὰν οἵδε μέν -λέγων Χριστιανούς - εἰσηγῶνται τόνδε, ἄλλοι δὲ ἄλλον, κοινὸν δὲ πάντων ᾖ καὶ πρόχειρον · πίστευσον, εἰ σωθῆναι θέλεις, ἢ ἄπιθι · τί","After this Celsus says that if these people—meaning Christians—introduce one teacher, and others introduce another, while the common and ready phrase of all is 'Believe if you wish"
c261a70e-d160-4f8d-81dd-95a7e1eeef02,sc147_origenes_contra_celsum_vi_par19_a_en,sc147_origenes_contra_celsum_vi_par19_a,CC VI 19_a (English),CC VI 19_a,0.1,partial,"Ἐγὼ δὲ οὐκ ἀπογινώσκω τὰς ἀπὸ τοῦ Φαίδρου λέξεις ἀπό τινων Ἑβραίων μεμαθηκότα τὸν Πλάτωνα, ὡς δέ τινες ἀνέγραψαν, ἔτι καὶ τοῖς προφητικοῖς ἐντυχόντα λόγοις ἐκτεθεῖσθαι, ἐν οἷς ἔλεγ","For my part, I do not rule out that Plato learned the passages from the Phaedrus from certain Hebrews, and, as some have recorded, that he even encountered the prophetic writings, "
6c04d5da-138e-4a86-a36e-aebad0b1836a,sc147_origenes_contra_celsum_vi_par36_a_en,sc147_origenes_contra_celsum_vi_par36_a,CC VI 36_a (English),CC VI 36_a,0.1,partial,Περὶ δὲ τοῦ τῆς ζωῆς ξύλου εὐκαιρότερόν τις διηγήσεται ἑρμηνεύων τὰ περὶ τὸν ἐν τῇ Γενέσει ἀναγεγραμμένον παράδεισον τοῦ θεοῦ φυτευόμενον ὑπ' αὐτοῦ. Πολλάκις μὲν οὖν ἐχλεύασεν ὁ Κέ,"Regarding the tree of life (xylon tes zoes), one would more fittingly discuss this when interpreting the narrative of the paradise of God described in Genesis as planted by Him. Ce"
2ac4ecb7-7089-4f5d-8371-9e7a58472518,sc172_epistula_barnabae_chap_21_verset_4_5_en,sc172_epistula_barnabae_chap_21_verset_4_5,Barn. 21.4-5 (English),Barn. 21.4-5,0.1,partial,"4. Ἔτι καὶ ἔτι ἐρωτῶ ὑμᾶς · ἑαυτῶν γίνεσθε νομοθέται ἀγαθοί, ἑαυτῶν μένετε σύμβουλοι πιστοί, ἄρατε ἐξ ὑμῶν πᾶσαν ὑπόκρισιν. 5. Ὁ δὲ θεός, ὁ τοῦ παντὸς κόσμου κυριεύων, δώῃ ὑμῖν σοφ","And may God, who rules over the whole world, give to you wisdom, understanding, insight, knowledge of his ordinances, and patience. And be taught by God, seeking what the Lord requ"
8eaf2dd9-af8f-4454-b926-d029c9d60794,sc172_epistula_barnabae_chap_7_verset_3a_5b_en,sc172_epistula_barnabae_chap_7_verset_3a_5b,Barn. 7.3a-5b (English),Barn. 7.3a-5b,0.1,partial,"3a. Ἀλλὰ καὶ σταυρωθεὶς ἐποτίζετο ὄξει καὶ χολῇ. 3b. Ἀκούσατε, πῶς περὶ τούτου πεφανέρωκαν οἱ ἱερεῖς τοῦ ναοῦ, γεγραμμένης ἐντολῆς · « Ὃς ἂν μὴ νηστεύσῃ τὴν νησ-τείαν, θανάτῳ ἐξολε","3a. In order that the type (typos) established in Isaac, who was offered upon the altar, might also be fulfilled. 3b. What, then, does he say in the prophet? 'And let them eat of t"
bf9b1b10-0e03-4b8c-a42d-e002f3e09d67,sc172_epistula_barnabae_chap_8_verset_5_6b_en,sc172_epistula_barnabae_chap_8_verset_5_6b,Barn. 8.5-6b (English),Barn. 8.5-6b,0.1,partial,"5. Ὅτι δὲ τὸ ἔριον ἐπὶ τὸ ξύλον, ὅτι ἡ βασιλεία Ἰησοῦ ἐπὶ ξύλου, καὶ ὅτι οἱ ἐλπίζοντες ἐπ' αὐτὸν ζήσονται εἰς τὸν αἰῶνα. 6a. Διατί δὲ ἅμα τὸ ἔριον καὶ τὸ ὕσσωπον ; ὅτι ἐν τῇ βασιλε","5. But why the wool and the hyssop together? Because in his kingdom (basileia) there shall be evil and foul days, in which we shall be saved, because the one who is sick in the fle"
6d3ab347-d7d7-4a48-bea9-221840412cc2,sc53bis_hermas_pastor_chap111_en,sc53bis_hermas_pastor_chap111,"Hermas, Past. 111 (English)","Hermas, Past. 111",0.1,not_translation,"[Similitudo X]  1. Postquam perscripseram librum hunc, venit nuntius ille, qui me tradiderat huic pastori, in domum, in qua eram, et consedit supra lectum, et adstitit ad dexteram ","This chapter constitutes an appendix to the Shepherd of Hermas (Similitude X), preserved in a Latin translation. The angelic shepherd takes leave of Hermas after having dwelt with "
f86a78f2-76ad-48a8-a743-bec289fdc549,sc147_origenes_contra_celsum_v_par4_en,sc147_origenes_contra_celsum_v_par4,CC V 4 (English),CC V 4,0.11,partial,"4. Ἐπεὶ δὲ μετὰ ταῦτα, ὡς ἀποκριναμένων ἂν Ἰουδαίων ἢ Χριστιανῶν περὶ τῶν πρὸς ἀνθρώπους καταβαινόντων ὅτι εἶεν ἄγγελοι, φησίν · Εἰ δέ τινας ἀγγέλους φατέ, καὶ προσε-περωτᾷ λέγων ·","4. We worship the supreme God alone with prayer (proseukhē) and supplication (hiketeia), through the Word (Logos) who is next to him. For we do not pray to the angels (angeloi) as "
5f457af8-252e-46d6-9daa-a923a53ed7ab,sc147_origenes_contra_celsum_vi_par18_en,sc147_origenes_contra_celsum_vi_par18,CC VI 18 (English),CC VI 18,0.11,partial,"18. Ταῦτα δ' ἡγησάμην βραχέα ἀπὸ πλείστων ὅσων τῶν περὶ θεοῦ τοῖς ἱεροῖς ἀνδράσι νενοημένων παραθέσθαι, δεικνὺς ὅτι τῶν θαυμασθέντων ὑπὸ Κέλσου πλατωνικῶν λόγων ἔχει τι σεμνότερον ","I thought it right to set forth these few remarks from the very many that have been conceived about God by the holy men, showing that the Platonic sayings admired by Celsus contain"
811b5fed-ac31-448e-a6e5-e15a52c613cd,sc147_origenes_contra_celsum_vi_par22_a_en,sc147_origenes_contra_celsum_vi_par22_a,CC VI 22_a (English),CC VI 22_a,0.11,partial,"Ἑξῆς ἐξετάζει τὴν αἰτίαν τῆς οὕτω κατειλεγμένης τάξεως τῶν ἀστέρων, δηλουμένης διὰ συμβόλων ἐν τοῖς ὀνόμασι τῆς ποικίλης ὕλης, καὶ μουσικοὺς λόγους προσάπτει ᾗ ἐκτίθεται Περσῶν θεο","He then goes on to examine the reason for the order of the stars as thus catalogued, which is indicated through symbols in the names of various materials, and he attaches musical r"
602b77f8-7e5b-4d3a-87f6-97e6e3c7cdc1,sc147_origenes_contra_celsum_vi_par24_en,sc147_origenes_contra_celsum_vi_par24,CC VI 24 (English),CC VI 24,0.11,partial,"24. Ἑξῆς δὲ τῷ ἀπὸ τῶν μιθραϊκῶν ληφθέντι λόγῳ ἐπαγγέλλεται ὁ Κέλσος τελετήν τινα Χριστιανῶν τελετῇ <τῇ> προειρημένῃ Περσῶν τὸν βουλόμενον συνεξετάσαι, ταῦτα ἀλλήλοις παραβαλόντα κ","Next, following his discussion drawn from the Mithraic mysteries, Celsus undertakes to set forth a certain Christian initiation rite (telete) alongside the aforementioned Persian r"
bd1694ca-cae1-47a3-9bc4-7131f01151ec,sc172_epistula_barnabae_chap_2_verset_1_3_en,sc172_epistula_barnabae_chap_2_verset_1_3,Barn. 2.1-3 (English),Barn. 2.1-3,0.11,more,"2. 1. Ἡμερῶν οὖν οὐσῶν πονηρῶν καὶ αὐτοῦ τοῦ ἐνερ-γοῦντος ἔχοντος τὴν ἐξουσίαν, ὀφείλομεν ἑαυτοῖς προσέχοντες ἐκζητεῖν τὰ δικαιώματα κυρίου. 2. Τῆς οὖν πίστεως ἡμῶν εἰσὶν βοηθοὶ φό","Since therefore the days are evil, and the one who is at work holds power, we ought to give heed to ourselves and seek out the righteous ordinances of the Lord. The helpers of our "
f26d3662-671e-4795-8786-cadcef54a716,sc53bis_hermas_pastor_chap70_en,sc53bis_hermas_pastor_chap70,"Hermas, Past. 70 (English)","Hermas, Past. 70",0.11,not_translation,"1. Μετὰ ἡμέρας ὀλίγας ἤλθομεν εἰς τὸν τόπον, καὶ ἐκά-θισεν ὁ ποιμὴν εἰς τὸν τόπον τοῦ ἀγγέλου τοῦ μεγάλου κἀγὼ παρεστάθην αὐτῷ. Καὶ λέγει μοι · Περίζωσαι ὠμόλινον καὶ διακόνει μοι.","The ninth parable describes the condition and future prospects of the people who came from the various mountains, sorted according to the state of their returned branches. Those fr"
f53bfa29-0b14-425e-acb3-aa1cc9472e08,sc53bis_hermas_pastor_chap71_en,sc53bis_hermas_pastor_chap71,"Hermas, Past. 71 (English)","Hermas, Past. 71",0.11,not_translation,"1. Εἶτα ἐπεδίδουν οἱ τὰς ῥάβδους χλωρὰς μὲν ἔχοντες, σχισμὰς δὲ ἐχούσας · οὗτοι πάντες χλωρὰς ἐπέδωκαν καὶ ἔστησαν εἰς τὸ ἴδιον τάγμα. Ἐχάρη ὁ ποιμὴν ἐπὶ τούτοις, ὅτι πάντες ἠλλοιώ","The ninth parable describes those who came from the fourth mountain, the mountain with half-dry and half-green plants. These believers are double-minded, vacillating between commit"
e8f4dd17-8650-4e79-b719-6fb4bee18c2e,sc132_origenes_contra_celsum_i_par15_en,sc132_origenes_contra_celsum_i_par15,CC I 15 (English),CC I 15,0.12,partial,"15. Πόσῳ δὲ βελτίων Κέλσου καὶ διὰ πολλῶν δείξας εἶναι ἐλλογιμώτατος καὶ πλείονα βασανίσας δόγματα καὶ ἀπὸ πλειόνων συναγαγὼν ἃ ἐφαντάσθη εἶναι ἀληθῆ ὁ πυθαγόρειος Νουμήνιος, ὅστις","15. How much better than Celsus, and how much more learned -- as demonstrated through many works -- and how much more thoroughly did he examine doctrines and gather from many sourc"
a56b4b97-4727-4939-979f-269fbcb170c1,sc147_origenes_contra_celsum_vi_par24_a_en,sc147_origenes_contra_celsum_vi_par24_a,CC VI 24_a (English),CC VI 24_a,0.12,partial,"Δοκεῖ δέ μοι καὶ ἐκ τούτων ἐκ παρακουσμάτων ἀσημο-τάτης αἱρέσεως Ὀφιανῶν οἶμαι ἐκτεθεῖσθαι τὰ τοῦ διαγράμ-ματος ἀπὸ μέρους. Τούτῳ δ' ἡμεῖς κατὰ τὸ φιλομαθὲς ἡμῶν περιτετεύχαμεν, ἐν","It seems to me that from partial hearings of a most obscure heresy—the Ophians (Ophianoi), I think—Celsus has set forth the contents of the diagram. This we ourselves have encounte"
9160246a-6817-459b-8362-29b020ee9d8c,sc147_origenes_contra_celsum_vi_par28_en,sc147_origenes_contra_celsum_vi_par28,CC VI 28 (English),CC VI 28,0.12,partial,"28. Τοιοῦτόν τι δή μοι φαίνεται ὁ Κέλσος οἰκονομῶν ἐκτεθεῖσθαι, ὡς ἄρα Χριστιανοὶ λέγουσι κατηραμένον θεὸν τὸν δημιουργόν, ἵν' ὁ πιστεύων αὐτῷ ταῦτα καθ' ἡμῶν λέγοντι εἰ δυνατὸν κα",It seems to me that Celsus has contrived something like the following: he has set forth the claim that Christians call the Creator (demiourgos) an accursed god so that anyone who b
ae100a3c-3251-4d8f-94f1-ecbf8b92aa29,sc147_origenes_contra_celsum_vi_par37_en,sc147_origenes_contra_celsum_vi_par37,CC VI 37 (English),CC VI 37,0.12,partial,"37. Οἴεται δὲ καὶ τροπολογοῦντας ἡμᾶς περὶ τοῦ σταυροῦ ἀναπεπλακέναι τὸ ξύλον τῆς ζωῆς καὶ ἀκολούθως ἑαυτοῦ τῷ περὶ τούτου σφάλματί φησιν ὅτι, εἴπερ ἔτυχεν ἐκεῖνος κατὰ κρημνοῦ ἐρρ","He thinks that when we interpret the cross allegorically, we have fabricated the tree of life. Consistent with his error on this point, he says that if that man had happened to be "
16fa93ff-73ad-4adb-b758-b7ded62d78bd,sc147_origenes_contra_celsum_vi_par42_en,sc147_origenes_contra_celsum_vi_par42,CC VI 42 (English),CC VI 42,0.12,partial,"42. Ἑξῆς δὲ τούτοις ἀπὸ ἄλλης ἀρχῆς ὁ Κέλσος τοιαῦτά φησι καθ' ἡμῶν · Σφάλλονται δὲ ἀσεβέστατα ἄττα καὶ περὶ τήνδε τὴν μεγίστην ἄγνοιαν, ὁμοίως ἀπὸ θείων αἰνιγμάτων πεπλανημένην, π","Next, beginning from a different starting point, Celsus says the following against us: 'They err most impiously also in this regard, concerning this greatest ignorance, equally mis"
6fc8beaa-7986-403b-a0e2-8522765edeb2,sc147_origenes_contra_celsum_vi_par46_a_en,sc147_origenes_contra_celsum_vi_par46_a,CC VI 46_a (English),CC VI 46_a,0.12,partial,"Ἕκαστον δὲ τούτων σαφηνίσαι οὐ τῇ παρούσῃ ἁρμόζει πραγματείᾳ. Ἡ περὶ αὐτοῦ δὲ προφητεία ἐν τῷ Δανιὴλ λέλεκται, δυναμένη τὸν φρονίμως καὶ εὐγνωμόνως ἀναγι-νώσκοντα ἐπιστρέψαι ἐπὶ τὸ","To clarify each of these points does not suit the present treatise. But the prophecy about the Antichrist is contained in Daniel, capable of turning the one who reads it wisely and"
a2463554-ae0d-44d8-aca6-f982b3f801dd,sc53bis_hermas_pastor_chap18_en,sc53bis_hermas_pastor_chap18,"Hermas, Past. 18 (English)","Hermas, Past. 18",0.12,partial,"1. Ὅτε οὖν ἐπαύσατο μετ' ἐμοῦ λαλοῦσα, ἦλθον οἱ ἓξ νεα-νίσκοι οἱ οἰκοδομοῦντες καὶ ἀπήνεγκαν αὐτὴν πρὸς τὸν πύργον, καὶ ἄλλοι τέσσαρες ἦραν τὸ συμψέλιον καὶ ἀπήνεγκαν καὶ αὐτὸ πρὸς","After the vision of the tower, Hermas asks the woman sitting in the chair — who is revealed to be the Church — why she has appeared to him in three different forms: first as old an"
a75ec947-dbef-4c2b-817a-ae63f7b2111c,sc132_origenes_contra_celsum_i_par31_en,sc132_origenes_contra_celsum_i_par31,CC I 31 (English),CC I 31,0.13,partial,"31. Πρὸς τούτοις δὲ θαυμάσαι ἄν τις, πόθεν ἐπῆλθε τοῖς μαθηταῖς αὐτοῦ, ὡς λέγουσιν οἱ κακολογοῦντες τὸν Ἰησοῦν, μὴ ἑωρακόσιν αὐτὸν ἀναστάντα ἀπὸ τῶν νεκρῶν μηδὲ πεισθεῖσιν ὅτι θειό","31. Now that this teaching has spread throughout the whole world and has prevailed over all opposing forces, it is clear that it was God's will that this doctrine be disseminated a"
547ac89d-82b2-4271-b451-f42c4813faa5,sc132_origenes_contra_celsum_ii_par76_a_en,sc132_origenes_contra_celsum_ii_par76_a,CC II 76_a (English),CC II 76_a,0.13,partial,"Ἔτι δὲ φήσαιμ' ἂν περὶ αὐτῶν τοῖς οἰομένοις τὸν παρὰ τῷ Κέλσῳ Ἰουδαῖον εὖ ταῦτα τῷ Ἰησοῦ ἐγκαλεῖν ὅτι ἀραὶ πλεῖσται ὅσαι ἀναγεγραμμέναι εἰσὶν ἐν Λευϊτικῷ καὶ Δευτερονομίῳ, περὶ ὧν ",Furthermore I would say to those who think that the Jew in Celsus rightly brings these charges against Jesus: there are very many curses recorded in Leviticus and Deuteronomy; and 
c9a0a917-327d-4998-ba04-8c0baeffddaa,sc147_origenes_contra_celsum_vi_par15_a_en,sc147_origenes_contra_celsum_vi_par15_a,CC VI 15_a (English),CC VI 15_a,0.13,partial,"Εἰ δέ τινες διὰ τὴν ἰδιωτείαν μὴ τρανώσαντες τὸ περὶ τῆς ταπεινοφροσύνης δόγμα τοιαῦτα ποιοῦσιν, οὐ τὸν λόγον αἰτιατέον, ἀλλὰ τῇ ἰδιωτείᾳ τῶν προθεμένων μὲν τὰ κρείττονα διὰ δὲ τὸν","If some, through lack of education, fail to articulate clearly the doctrine of humility (tapeinophrosyne) and act accordingly, it is not the teaching itself that should be blamed, "
78f5477d-4618-47fc-8404-e964d4791638,sc147_origenes_contra_celsum_vi_par38_en,sc147_origenes_contra_celsum_vi_par38,CC VI 38 (English),CC VI 38,0.13,partial,"38. Οὐκ ἀρκεσθεὶς δ' ὁ γεννάδας τοῖς ἀπὸ τοῦ διαγράμ-ματος ἐβουλήθη ὑπὲρ τοῦ αὐξῆσαι τὰς καθ' ἡμῶν κατηγορίας, τῶν μηδὲν ἐχόντων κοινὸν πρὸς ἐκεῖνο, διὰ μέσου ἄλλ' ἄττα εἰπεῖν, ἐπα","Not content with what he drew from the diagram, the noble fellow wished to augment his accusations against us—accusations that have nothing in common with the diagram—by interjecti"
e28e2750-a940-4cab-bc2a-82e65272da43,sc172_epistula_barnabae_chap_9_verset_7_8c_en,sc172_epistula_barnabae_chap_9_verset_7_8c,Barn. 9.7-8c (English),Barn. 9.7-8c,0.13,partial,"7. Μάθετε οὖν, τέκνα ἀγάπης, περὶ πάντων πλουσίως, ὅτι Ἀβραάμ, πρῶτος περιτομὴν δούς, ἐν πνεύματι προβλέψας εἰς τὸν Ἰησοῦν περιέτεμεν, λαβὼν τριῶν γραμμάτων δόγματα. 8a. Λέγει γάρ ",7. For it says: 'And Abraham circumcised from his household eighteen men and three hundred.' What then was the knowledge (gnosis) given to him? Notice that he first mentions the ei
dec24958-a3b8-429b-b3c3-5654d8374deb,sc53bis_hermas_pastor_chap36_en,sc53bis_hermas_pastor_chap36,"Hermas, Past. 36 (English)","Hermas, Past. 36",0.13,partial,"1. Ἄκουε νῦν, φησί, περὶ τῆς πίστεως. Δύο εἰσὶν ἄγγελοι μετὰ τοῦ ἀνθρώπου, εἷς τῆς δικαιοσύνης καὶ εἷς τῆς πονηρίας. 2. Πῶς οὖν, φημί, κύριε, γνώσομαι τὰς αὐτῶν ἐνεργείας, ὅτι ἀμφό",This chapter continues the twelfth commandment by setting out in positive terms the imperative to abandon evil desires and embrace the desire for righteousness. The two paths are s
db066cf0-d666-4435-9ff9-635017f05608,passage_boethius_cons_78_en,passage_boethius_cons_78,"Boethius, Cons. 78: Good are Powerful, Evil Weak (English)","Boethius, Cons. 78: Good are Powerful, Evil Weak",0.14,partial,"Sed non ita est; nam si ea, quae paulo ante conclusa sunt, inconvulsa servantur, ipso, de cuius nunc regno loquimur, auctore cognosces semper quidem potentes esse bonos, malos vero","Boethius, Consolation of Philosophy, passage 78: Good are Powerful, Evil Weak. Philosophy responds: if the previous conclusions stand unshaken, Boethius will learn from the very Au"
39e25504-775e-4f1c-89be-701a96b76aae,passage_boethius_cons_80_en,passage_boethius_cons_80,"Boethius, Cons. 80: Beatitude is the Good (English)","Boethius, Cons. 80: Beatitude is the Good",0.14,partial,"— Meministine {Meministine} igitur, inquit, superioribus rationibus esse collectum intentionem omnem voluntatis humanae, quae diversis studiis agitur, ad beatitudinem festinare? — ","Boethius, Consolation of Philosophy, passage 80: Beatitude is the Good. Philosophy asks Boethius to recall the earlier demonstrations: that the aim of all human will, though driven"
466359fe-8972-4f50-abe9-af5703e40466,sc123_melito_peri_pascha_chap44_en,sc123_melito_peri_pascha_chap44,"Melito, PP 44 (English)","Melito, PP 44",0.14,partial,"Ἦν γάρ ποτε τίμιος ἡ τοῦ προβάτου σφαγή, νῦν δὲ ἄτιμος διὰ τὴν τοῦ κυρίου ζωήν · τίμιος ὁ τοῦ προβάτου θάνατος, νῦν δὲ ἄτιμος διὰ τὴν τοῦ κυρίου σωτηρίαν · τίμιον τὸ τοῦ προβάτου α","The model was dissolved when the city was revealed, and the type (typos) was destroyed when the Lord appeared. And today what was once precious has become worthless, since what is "
12608a31-8c2c-419e-b818-6e92b6e55552,sc123_melito_peri_pascha_chap96_en,sc123_melito_peri_pascha_chap96,"Melito, PP 96 (English)","Melito, PP 96",0.14,partial,Ὁ κρεμάσας τὴν γῆν κρέμαται. Ὁ πήξας τοὺς οὐρανοὺς πέπεκ[ται]. Ὁ στηρίξας τὰ πάντα ἐπὶ ξύλου ἐστήρικται. Ὁ δεσπότης παρύβρισται. Ὁ θεὸς πεφόνευται. Ὁ βασιλεὺς τοῦ Ἰσραὴλ ἀνῄρεται ὑ,This is he who made the heavens and the earth. This is he who fashioned humanity in the beginning. This is he who is proclaimed through the Law and the Prophets. This is he who was
a411c4b8-027f-4f19-a5df-119f92b27c47,sc147_origenes_contra_celsum_v_par64_en,sc147_origenes_contra_celsum_v_par64,CC V 64 (English),CC V 64,0.14,partial,"64. Παρακηκοέναι δέ μοι φαίνεται τῆς τε ἀποστολικῆς λέξεως φασκούσης · « Ἐν ὑστέροις καιροῖς ἀποστήσονταί τινες τῆς πίστεως, προσέχοντες πνεύμασι πλάνοις καὶ διδασκαλίαις δαιμονίων","He appears to have half-heard the apostolic text that says: 'In later times some shall depart from the faith, giving heed to seducing spirits and doctrines of demons, in the hypocr"
dd7bf3a5-9a27-4681-bd7f-5d2329885d3c,sc147_origenes_contra_celsum_vi_par12_en,sc147_origenes_contra_celsum_vi_par12,CC VI 12 (English),CC VI 12,0.14,partial,"12. Διὸ μεταβαίνομεν ἐπ' ἄλλην Κέλσου κατηγορίαν, οὐδὲ τὰς λέξεις ἡμῶν εἰδότος ἀλλ' ἐκ παρακουσματίων φήσαντος ὅτι φαμὲν τὴν ἐν ἀνθρώποις σοφίαν μωρίαν εἶναι παρὰ θεῷ, τοῦ Παύλου λ","Therefore we pass on to another of Celsus's accusations, wherein he does not even know our exact words, but from partial hearings claims that we say the wisdom among human beings i"
c5054df6-bb07-41b7-b571-fc854690de00,sc147_origenes_contra_celsum_vi_par2_a_en,sc147_origenes_contra_celsum_vi_par2_a,CC VI 2_a (English),CC VI 2_a,0.14,partial,Καὶ ταῦτά γε οὐκ ἐγκαλοῦντες Πλάτωνί φαμεν - ὁ γὰρ πολὺς τῶν ἀνθρώπων κόσμος χρησίμως καὶ τοῦτον ἤνεγκεν -ἀλλὰ καὶ δεικνύντες τὸ βούλημα τῶν εἰπόντων τό · « Καὶ ὁ λόγος μου καὶ τὸ ,And we say these things not in accusation of Plato—for the great mass of humanity has profited from him as well—but to demonstrate the intention of those who said: 'My speech and m
1ede8d79-8644-4e71-bfc6-ff3a508b2302,sc147_origenes_contra_celsum_vi_par32_a_en,sc147_origenes_contra_celsum_vi_par32_a,CC VI 32_a (English),CC VI 32_a,0.14,partial,"Χρὴ μέντοι εἰδέναι ὅτι οἱ ταῦτα συνταξάμενοι, οὔτε τὰ μαγείας νοήσαντες οὔτε τὰ τῶν θείων γραφῶν διακρίναντες, πάντ' ἔφυραν · ἀπὸ μὲν μαγείας τὸν Ἰαλδαβαὼθ <λαβόντες> καὶ τὸν Ἀσταφ","One must know, however, that those who compiled these things, having understood neither the principles of magic nor those of the divine Scriptures, confused everything together. Fr"
3902e4cc-ba31-4667-ad18-7dfb83e220f7,sc147_origenes_contra_celsum_vi_par36_en,sc147_origenes_contra_celsum_vi_par36,CC VI 36 (English),CC VI 36,0.14,partial,"36. Παυόμενον δὲ ἐν κόσμῳ θάνατον, ὅταν ἀποθάνῃ ἡ τοῦ κόσμου ἁμαρτία, λέγοιμεν ἂν ἡμεῖς τὸ παρὰ τῷ ἀποστόλῳ μυστικὸν διηγούμενοι οὕτως ἔχον · ὅταν δὲ « πάντας τοὺς ἐχθροὺς » ὑποτάξ","We ourselves might speak of 'death ceasing in the world' when the sin of the world dies, explaining the apostle's mystical teaching (mystikon) that runs thus: 'when he has put all "
ccb57a11-8fc9-45f0-a5bd-72a4154b4d0e,sc172_epistula_barnabae_chap_19_verset_7a_12c_en,sc172_epistula_barnabae_chap_19_verset_7a_12c,Barn. 19.7a-12c (English),Barn. 19.7a-12c,0.14,partial,7a. Οὐκ ἔσῃ διγνώμων οὐδὲ δίγλωσσος · παγὶς γὰρ θανάτου ἐστὶν ἡ διγλωσσία. 7b. Ὑποταγήσῃ κυρίοις ὡς τύπῳ θεοῦ ἐν αἰσχύνῃ καὶ φόβῳ. 7c. Οὐ μὴ ἐπιτάξῃς δούλῳ σου ἢ παιδίσκῃ ἐν πικρίᾳ,"You shall love your neighbor more than your own soul. You shall not murder a child by abortion, nor kill the newborn. You shall not remove your hand from your son or daughter, but "
8e4b8b17-6ecd-4b5c-a4b7-c8e34747d3d4,sc53bis_hermas_pastor_chap14_en,sc53bis_hermas_pastor_chap14,"Hermas, Past. 14 (English)","Hermas, Past. 14",0.14,partial,"1. Τοὺς δὲ κατακοπτομένους καὶ μακρὰν ῥιπτομένους ἀπὸ τοῦ πύργου θέλεις γνῶναι ; Οὗτοί εἰσιν οἱ υἱοὶ τῆς ἀνομίας · ἐπίστευσαν δὲ ἐν ὑποκρίσει, καὶ πᾶσα πονηρία οὐκ ἀπέστη ἀπ' αὐτῶν","Hermas sees the elderly woman again, and she shows him a vision of the tower being built upon water, using large, square, bright white stones that fit together seamlessly without a"
1aae6338-4c4d-43fb-ab9d-1b5ab7a9cc2e,sc53bis_hermas_pastor_chap85_en,sc53bis_hermas_pastor_chap85,"Hermas, Past. 85 (English)","Hermas, Past. 85",0.14,partial,"1. Καὶ ἀρξάμενοι πρῶτον τοὺς μέλανας κατενοοῦμεν λί-θους. Καὶ οἷοι ἐκ τῆς οἰκοδομῆς ἐτέθησαν, τοιοῦτοι καὶ εὑρέ-θησαν. Καὶ ἐκέλευσεν αὐτοὺς ὁ ποιμὴν ἐκ τοῦ πύργου μετενεχθῆναι καὶ ",The ninth parable continues with the interpretation of the removal of defective stones from the tower. The black stones represent apostates who have completely denied the faith; th
755189db-2d16-4654-a5e7-03c0731f1206,sc123_melito_peri_pascha_chap37_en,sc123_melito_peri_pascha_chap37,"Melito, PP 37 (English)","Melito, PP 37",0.15,not_translation,"διὰ μικροῦ καὶ φθαρτοῦ προκεντήματος ὁραθῇ. Ὁπό-ταν δὲ ἀναστῇ πρὸς ὃ ὁ τύπος, τό ποτε τοῦ μέλλοντος τὴν εἰκόνα φέρον, τοῦτ' ὡς ἄχρηστον γινόμενον λύεται, παραχωρῆσαν τῷ φύσει ἀληθε","Beloved, nothing is comparable to the type or the ordinance without the reality. The type is valuable before the reality; the likeness is admirable before the interpretation. That "
ffea08d5-74a9-4f96-8e4a-2fd67d4741ed,sc123_melito_peri_pascha_chap81_en,sc123_melito_peri_pascha_chap81,"Melito, PP 81 (English)","Melito, PP 81",0.15,not_translation,"Ὦ Ἰσραὴλ παράνομε, τί δὴ τοῦτο ἀπηργάσω τὸ και-νὸν ἀδίκημα, καινοῖς ἐμβαλών σου τὸν κύριον πάθεσιν, τὸν δεσπότην σου, τὸν πλάσαντά σε, τὸν ποιήσαντά σε, τὸν τιμήσαντά σε, τὸν Ἰσραὴ",He who suspended the earth is himself suspended. He who fixed the heavens is himself fixed. He who fastened all things is fastened upon the wood. The Master (despotes) has been ins
16d1fd40-6b27-4da1-a881-17b204bca425,sc132_origenes_contra_celsum_i_par48_b_en,sc132_origenes_contra_celsum_i_par48_b,CC I 48_b (English),CC I 48_b,0.15,partial,"Ἔτι δὲ προσθήσω τῷ λόγῳ καὶ αὐτά, ἃ [οἴεται ὁ Κέλσος, ὅτι αὐτὸς Ἰησοῦς εἶπε τὰ περὶ τὴν ἄνοιξιν τῶν οὐρανῶν καὶ τὸ καταβὰν πνεῦμα ἅγιον ἐπ' αὐτὸν <ἐν> εἴδει περιστερᾶς παρὰ τῷ Ἰορδ",I shall add further to the discussion [what Celsus himself thinks — that Jesus himself spoke about the opening of the heavens and the descent of the Holy Spirit upon him in the for
7af289ec-e9e0-428a-8a2a-62237db063dd,sc136_origenes_contra_celsum_iv_par26_a_en,sc136_origenes_contra_celsum_iv_par26_a,CC IV 26_a (English),CC IV 26_a,0.15,partial,"Εἰ μὴ ἄρα ἡ τηλικαύτη εὐσέβεια, οὔθ' ὑπὸ πόνων οὔθ'ὑπὸ κινδύνου θανάτου οὔθ' ὑπὸ λογικῶν πιθανοτήτων νικωμένη, οὐδὲν βοηθεῖ τοῖς ἀνειληφόσιν αὐτὴν πρὸς τὸ μηκέτι αὐτοὺς παραβάλλεσθ","Unless so great a piety, conquered neither by labours nor by the danger of death nor by rational plausibilities, benefits in nothing those who have embraced it toward no longer bei"
d1d53c8e-c47b-48f7-a09a-4ef0c2bde6b8,sc147_origenes_contra_celsum_vi_par22_en,sc147_origenes_contra_celsum_vi_par22,CC VI 22 (English),CC VI 22,0.15,partial,"22. Ἑξῆς δὲ τούτοις βουλόμενος ὁ Κέλσος πολυμάθειαν ἑαυτοῦ ἐπιδείξασθαι ἐν τῷ καθ' ἡμῶν λόγῳ ἐκτίθεταί τινα καὶ περσικὰ μυστήρια ἐν οἷς φησιν · Αἰνίττεται ταῦτα καὶ ὁ Περσῶν λόγος,","Next, wishing to display his erudition in his polemic against us, Celsus sets forth certain Persian mysteries, in which he says: 'These things are hinted at also in the Persian doc"
8e07a73c-ad33-44e1-90a5-07fd7da14564,sc147_origenes_contra_celsum_vi_par2_en,sc147_origenes_contra_celsum_vi_par2,CC VI 2 (English),CC VI 2,0.15,partial,"2. Ταῦτα δέ μοι λέλεκται ἀπολογουμένῳ περὶ τῆς κατηγο-ρουμένης ὑπὸ Κέλσου καὶ ἑτέρων ἐν λέξεσιν εὐτελείας τῶν γραφῶν, ἀμαυροῦσθαι δοκούσης ὑπὸ τῆς ἐν συνθέσει λέξεως λαμπρότητος · ","These things I have said in defense against the charge brought by Celsus and others concerning the supposed lowliness of style (euteleia) of the Scriptures, which appears to be obs"
e391fbf7-b6d0-4052-82bc-22bff9fcbe00,sc147_origenes_contra_celsum_vi_par41_en,sc147_origenes_contra_celsum_vi_par41,CC VI 41 (English),CC VI 41,0.15,partial,41. Μετὰ ταῦτα ὡσπερεὶ ἐπιλαθόμενος ὅτι κατὰ Χρισ-τιανῶν αὐτῷ πρόκειται γράφειν φησὶ Διονύσιόν τινα μου-σικὸν Αἰγύπτιον συγγενόμενον αὐτῷ εἰρηκέναι περὶ τῶν κατὰ τὴν μαγείαν ὅτι πρ,"After this, as if forgetting that his purpose is to write against Christians, he says that a certain Dionysius, an Egyptian musician, conversed with him and told him about magic: t"
f06ffa01-ebfe-4a4b-a7d1-1aef08d2202c,sc147_origenes_contra_celsum_vi_par26_b_en,sc147_origenes_contra_celsum_vi_par26_b,CC VI 26_b (English),CC VI 26_b,0.15,partial,"Οὔτ' οὖν <οἱ κατασκευάσαντες> τὸ διάγραμμα οὔτε Κέλσος οἶδε τὸν περὶ Γεέννης λόγον · ἐπεὶ οὔτ' ἂν ἐκεῖνοι ζωγραφίας καὶ διαγράμματα ἐσεμνοποίουν ὡς δι' αὐτῶν παριστάντες τὸ ἀληθές,","Therefore neither those who constructed the diagram nor Celsus understands the true account of Gehenna. For if they did, the former would not have dignified their paintings and dia"
7ed1b540-871f-4982-b9e8-a1b6ae2bbead,sc147_origenes_contra_celsum_vi_par35_en,sc147_origenes_contra_celsum_vi_par35,CC VI 35 (English),CC VI 35,0.15,partial,"35. Τὸ μὲν γὰρ χρῆσθαι προφητῶν λόγοις ἡμῶν ἐστι, τῶν παριστάντων Ἰησοῦν εἶναι τὸν προκεκηρυγμένον ὑπ' αὐτῶν Χριστὸν καὶ ἀποδεικνύντων ἐκ τῶν προφητικῶν τὰ ἐν τοῖς εὐαγγελίοις περὶ","For the use of the words of the prophets belongs to us, who demonstrate that Jesus is the Christ (Christos) proclaimed in advance by them, and who prove from the prophetic writings"
7a011760-5b72-47bb-8d60-5f45aa0d242d,sc172_epistula_barnabae_chap_14_verset_1a_3c_en,sc172_epistula_barnabae_chap_14_verset_1a_3c,Barn. 14.1a-3c (English),Barn. 14.1a-3c,0.15,partial,"14, 1a. Ναί. Ἀλλὰ ἴδωμεν εἰ ἡ διαθήκη, ἣν ὤμοσεν τοῖς πατράσιν δοῦναι τῷ λαῷ, εἰ δέδωκεν, ζητῶμεν. 1b. Δέδω-κεν · αὐτοὶ δὲ οὐκ ἐγένοντο ἄξιοι λαβεῖν διὰ τὰς ἁμαρτίας αὐτῶν. 2a. Λέγ",But we should inquire whether the Lord gave the old covenant to them or to us. Hear what Scripture says: 'The Lord commanded Moses to give the covenant to the people on Mount Sinai
8180193a-483c-401d-9322-e6c9fb86d3b8,sc172_epistula_barnabae_chap_15_verset_6a_7b_en,sc172_epistula_barnabae_chap_15_verset_6a_7b,Barn. 15.6a-7b (English),Barn. 15.6a-7b,0.15,partial,"6a. Πέρας γέ τοι λέγει · « Ἁγιάσεις αὐτὴν χερσὶν καθαραῖς καὶ καρδίᾳ καθαρᾷ. » 6b. Εἰ οὖν ἣν ὁ θεὸς ἡμέραν ἡγίασεν νῦν τις δύναται ἁγιάσαι καθαρὸς ὢν τῇ καρδίᾳ, ἐν πᾶσιν πεπλανήμεθ","Furthermore he says: 'You shall sanctify it with clean hands and a clean heart.' Therefore if anyone can now purify his heart and be clean, we have been deceived. But if we are not"
f32fd59d-cdfd-4ac9-8cdb-426fad8cbe2c,sc123_melito_peri_pascha_chap22_en,sc123_melito_peri_pascha_chap22,"Melito, PP 22 (English)","Melito, PP 22",0.16,partial,"Καινὴν δὲ συμφοράν, ἐὰν ἀκούσητε, θαυμάσετε. Τάδε γὰρ περιέσχεν τοὺς Αἰγυπτίους, νὺξ μακρὰ καὶ σκότος ψηλαφητὸν καὶ θάνατος ψηλαφῶν καὶ ἄγγελος ἐκθλίβων καὶ ᾅδης καταπίνων τοὺς πρω",And you would have been astonished had you heard the account of the mystery. For one could see in one place those who were being struck and in another those already fallen; and the
6ba49196-1cd8-43b6-8f8f-5f725f6d8f58,sc132_origenes_contra_celsum_i_par14_en,sc132_origenes_contra_celsum_i_par14,CC I 14 (English),CC I 14,0.16,partial,14. Συγγένειαν παρὰ πολλοῖς τῶν ἐθνῶν νομίζων εἶναι ὁ Κέλσος τοῦ αὐτοῦ λόγου πάντα μὲν ὀνομάζει τὰ ἔθνη ὡς ἀρξάμενα τοῦ τοιοῦδε δόγματος · οὐκ οἶδα δ' ὅπως μόνους Ἰουδαίους συκοφαν,"14. Celsus, believing there to be an affinity of the same doctrine among many nations, names all the nations as having originated such teachings. But I do not know why he alone mal"
e651ecdc-e97f-4ee8-8e54-d26aba0a924d,sc132_origenes_contra_celsum_i_par26_a_en,sc132_origenes_contra_celsum_i_par26_a,CC I 26_a (English),CC I 26_a,0.16,partial,"Ἐπαγγειλάμενος δ' ὁ Κέλσος ὕστερον διδάξειν τὰ περὶ Ἰουδαίων, πρῶτον ποιεῖται τὸν λόγον περὶ τοῦ σωτῆρος ἡμῶν, ὡς γενομένου ἡγεμόνος τῇ καθὸ Χριστιανοί ἐσμεν γενέσει ἡμῶν, καί φησι","Having promised to teach later about the Jews, Celsus first addresses the topic of our Savior, as the one who became the leader of what makes us Christians, and he says that a very"
cccea9e7-9607-4311-b805-4d7141870257,sc136_origenes_contra_celsum_iii_par15_en,sc136_origenes_contra_celsum_iii_par15,CC III 15 (English),CC III 15,0.16,partial,15. Ὅτι δὲ οὐδὲ τὸ <τῶν> ἔξωθεν δέος τὸ σύνθημα ἡμῶν διακρατεῖ δῆλον ἐκ τοῦ καὶ τοῦτο βουληθέντος θεοῦ πεπαῦσθαι ἤδη χρόνῳ πλείονι. Καὶ εἰκὸς παύσεσθαι τὸ ὡς πρὸς τὸν βίον τοῦτον τ,"15. That the fear of those without does not maintain our agreement is clear from the fact that God, having willed it, has already for a long time brought this persecution to an end"
e1767ea0-80d2-4533-b352-e6de1b51b88a,sc136_origenes_contra_celsum_iv_par3_b_en,sc136_origenes_contra_celsum_iv_par3_b,CC IV 3_b (English),CC IV 3_b,0.16,partial,"Οὐκ οἶδα δὲ καὶ ποταπὴν ἐπανόρθωσιν βουλόμενος ὁ Κέλσος γενέσθαι ἐπηπόρησε λέγων · Ἆρ' οὐχ οἶόν τε αὐτῷ δυνάμει θείᾳ ἐπανορθοῦν, ἐὰν μὴ φύσει τινὰ ἐπὶ τοῦτο πέμψη ; Ἆρα γὰρ ἤθελε φ",I do not know what kind of correction Celsus had in mind when he raised the difficulty by asking: 'Is it then not possible for him to correct by divine power without sending someon
78773ae3-fb55-4441-b898-ea08088150b2,sc147_origenes_contra_celsum_v_par33_en,sc147_origenes_contra_celsum_v_par33,CC V 33 (English),CC V 33,0.16,partial,"33. Ταῦτα δέ, οὐ μόνον πρὸς τὰ ἐκκείμενα περὶ τῶν ἐποπτῶν ἡμῖν λέλεκται, ἀλλὰ καὶ μετρίως προλαμβάνουσι τὰ ὑπὸ τοῦ Κέλσου πρὸς ἡμᾶς λεγόμενα, ἐν οἷς φησιν · Ἴτω δὲ ὁ δεύτερος · ἐρή","33. We Christians have come 'to the mountain of the Lord in the last days,' as the Prophet Isaiah foretold—'In the last days the mountain of the house of the Lord shall be establis"
a86bbec1-a734-4baa-a6f4-912d2f9392f2,sc147_origenes_contra_celsum_v_par6_en,sc147_origenes_contra_celsum_v_par6,CC V 6 (English),CC V 6,0.16,partial,"6. Μετὰ ταῦτα δὲ τοιαύτην ἐκτίθεται περὶ Ἰουδαίων λέξιν · Πρῶτον οὖν τῶν Ἰουδαίων θαυμάζειν ἄξιον, εἰ τὸν μὲν οὐρανὸν καὶ τοὺς ἐν τῷδε ἀγγέλους σέβουσι, τὰ σεμνότατα δὲ αὐτοῦ μέρη ","After this, Celsus sets forth the following statement about the Jews: 'First, concerning the Jews, it is worth wondering whether they worship heaven and the angels therein, but neg"
ff36e750-8f7b-46c5-b0fb-a31721402c5a,sc147_origenes_contra_celsum_vi_par31_en,sc147_origenes_contra_celsum_vi_par31,CC VI 31 (English),CC VI 31,0.16,partial,"31. Εἰ δέ τις βούλεται καὶ τὰ πλάσματα τῶν γοήτων ἐκείνων μαθεῖν, δι' ὧν ἐβουλήθησαν μὲν ὑπάγειν ἀνθρώπους ἑαυτῶν τῇ διδασκαλίᾳ ὡς ἀπόρρητά τινα ἔχοντες οὐ πάνυ δ' ἐδυνήθησαν, ἀκου","If anyone wishes to learn also the fabrications of those sorcerers (goetes), by which they wished to lead people into their teaching as though possessing certain secret doctrines ("
965b1680-70cf-4525-af04-caebae90c0ef,sc147_origenes_contra_celsum_vi_par38_a_en,sc147_origenes_contra_celsum_vi_par38_a,CC VI 38_a (English),CC VI 38_a,0.16,partial,"Καὶ ταῦτα δὲ παρειλήφαμεν εἰς τὸν κατὰ Κέλσου λόγον, ἵνα παραστήσωμεν τοῖς ἐντυγχάνουσι τρανότερον ἐκείνου ἐγνωκέναι καὶ οὐκ ἐκ παρακουσμάτων τὰ καὶ ὑφ' ἡμῶν κατηγορούμενα. Εἰ δὲ κ","We have included these things in our reply against Celsus in order to demonstrate to our readers that we have understood these matters more clearly than he did, and not from hearsa"
f237f230-3352-4872-9974-81dcf1c8b971,sc147_origenes_contra_celsum_vi_par44_en,sc147_origenes_contra_celsum_vi_par44,CC VI 44 (English),CC VI 44,0.16,partial,"44. Οὐ γὰρ οἷόν τ' ἦν ὁμοίως εἶναι τῷ οὐσιωδῶς ἀγαθῷ ἀγαθὸν τὸ κατὰ συμβεβηκὸς καὶ ἐξ ἐπιγενήματος ἀγαθόν · ὅπερ τῷ μέν, ἵν' οὕτως ὀνομάσω, τὸν ζῶντα ἄρτον ἀναλαμ-βάνοντι εἰς τὴν τ",For it was not possible for that which is good by accident (kata symbebekos) and by addition to be equally good as that which is good in essence (ousiodos agathon). For the one who
5bf6e21f-7c31-4dfe-ae0d-fecb4101cba3,sc172_epistula_barnabae_chap_13_verset_7a_7b_en,sc172_epistula_barnabae_chap_13_verset_7a_7b,Barn. 13.7a-7b (English),Barn. 13.7a-7b,0.16,partial,"7a. Εἰ οὖν ἔτι καὶ διὰ τοῦ Ἀβραὰμ ἐμνήσθη, ἀπέχομεν τὸ τέλειον τῆς γνώσεως ἡμῶν. 7b. Τί οὖν λέγει τῷ Ἀβραάμ, ὅτε μόνος πιστεύσας ἐτέθη εἰς δικαιοσύνην ; « Ἰδού, τέθεικά σε, Ἀβραάμ,","Therefore both things have been brought to completion: 'Behold, I have made you a father of nations'—those who trust in the Lord in uncircumcision—Abraham, who also trusted and saw"
3a8dac8e-4495-4a6f-8f2e-e40772a39d32,sc79_chrysostomus_de_providentia_chap14_en,sc79_chrysostomus_de_providentia_chap14,"Chrys., Prov. 14 (English)","Chrys., Prov. 14",0.16,partial,"1. Τί δέ, ἐπὶ τῶν ἀποστόλων, εἰπέ μοι ; οὐ μυρία τοιαῦτα ἐγίνετο ; Ἄκουσον γοῦν τί φησιν ὁ Παῦλος · « Οἶδας τοῦτο ὅτι ἀπεστράφησάν με πάντες οἱ ἐν τῇ Ἀσίᾳ, ὧν ἐστι Φύγελλος καὶ Ἑρμ",Chapter 14 of Chrysostom's On Providence turns to the apostolic age as further evidence that the pattern of providential scandal followed by triumph has been constant throughout th
00c9ec3a-48f6-448f-9913-c3274617e559,passage_boethius_cons_49_en,passage_boethius_cons_49,"Boethius, Cons. 49: Avarice Never Satisfied (English)","Boethius, Cons. 49: Avarice Never Satisfied",0.17,partial,"Sed hoc modo consolari quidem divitiis indigentia potest, auferri penitus non potest; nam si haec hians semper atque aliquid poscens opibus expletur, maneat necesse est, quae possi","Boethius, Consolation of Philosophy, passage 49. Riches can console want in some fashion but cannot wholly remove it; for if this ever-gaping, ever-demanding need is filled by weal"
c2524e5c-52a4-41bb-bec2-4364154be3a0,passage_boethius_cons_51_en,passage_boethius_cons_51,"Boethius, Cons. 51: Dignity's Failure (English)","Boethius, Cons. 51: Dignity's Failure",0.17,partial,"ut enim paulo ante diximus, quod nihil habet proprii decoris. opinione utentium nunc splendorem accipit, nunc amittit. Si igitur reverendos facere nequeunt dignitates, si ultro imp","Boethius, Consolation of Philosophy, passage 51. What has no proper dignity of its own sometimes gains splendor and sometimes loses it through the opinion of those who use it. If d"
6884f25e-f545-4eb2-8adc-56c1f19ddad7,sc132_origenes_contra_celsum_i_par20_en,sc132_origenes_contra_celsum_i_par20,CC I 20 (English),CC I 20,0.17,partial,"20. [Πλὴν καὶ ἄκων ἐνέπεσεν ὁ Κέλσος εἰς τὸ μαρτυρεῖν τῷ νεώτερον εἶναι τὸν κόσμον καὶ οὐδέπω μυρίων ἐτῶν εἰπὼν καὶ Ἕλληνας ταῦτα νομίζειν ἀρχαῖα, ὡς πρεσβύτερα διὰ τοὺς κατακλυσμο","20. [Moreover, Celsus unwittingly fell into testifying that the world is younger and has not yet reached ten thousand years, when he said that even the Greeks consider these things"
91d8f7ec-e961-4ab5-b668-e933904d4ec4,sc147_origenes_contra_celsum_v_par38_en,sc147_origenes_contra_celsum_v_par38,CC V 38 (English),CC V 38,0.17,partial,"38. Βούλομαι δὲ παραστῆσαι, τίνα τρόπον οὐκ εὐλόγως ὁ Κέλσος φησὶν ἕκαστον τὰ οἰκεῖα καὶ πάτρια σέβειν. Φησὶ γὰρ οὗτος τοὺς οἰκοῦντας τὴν Μερόην Αἰθίοπας δύο μόνους εἰδέναι θεούς, ","38. If an Ethiopian visits Arabia, should he worship the Ethiopian gods or the Arabian gods? And if an Arabian visits Ethiopia, should he adopt the Ethiopian customs? Celsus's prin"
f814b98d-1f7a-4c13-9e42-5111f86ee2b1,sc147_origenes_contra_celsum_v_par46_en,sc147_origenes_contra_celsum_v_par46,CC V 46 (English),CC V 46,0.17,partial,"46. Ταῦτα δὴ καὶ τὰ τούτοις ἀνάλογον ἀπόρρητα ἐπιστά-μενοι Μωϋσῆς καὶ οἱ προφῆται ἀπαγορεύουσιν « ὄνομα θεῶν ἑτέρων » ὀνομάζειν ἐν στόματι, μελετήσαντι τῷ ἐπὶ πᾶσι μόνῳ εὔχεσθαι θε","46. Moses and the prophets absolutely forbade the naming of other gods (onomazein allous theous)—not because God is jealous in a petty human sense, but because to name a false god "
f12558d5-76a6-4aed-b106-f8f26b2b0ba8,sc147_origenes_contra_celsum_v_par45_en,sc147_origenes_contra_celsum_v_par45,CC V 45 (English),CC V 45,0.17,partial,"45. {Ἀλλ' ἐπεὶ Κέλσος οἴεται μηδὲν διαφέρειν Δία Ὕψιστον καλεῖν ἢ Ζῆνα ἢ Ἀδωναῖον ἢ Σαβαὼθ ἤ, ὡς Αἰγύπτιοι, Ἀμοῦν ἤ, ὡς Σκύθαι, Παπαῖον, φέρε καὶ περὶ τούτων ὀλίγα διαλεχθῶμεν, ὑπο","45. On the nature of divine names (onomata): names are not merely arbitrary conventional labels (kata synthēkēn, in Aristotle's phrase) attached to things by human agreement. There"
00f654b3-a2d3-439b-b69a-ea7a5bcbf4a4,sc147_origenes_contra_celsum_vi_par14_en,sc147_origenes_contra_celsum_vi_par14,CC VI 14 (English),CC VI 14,0.17,partial,"14. Καίτοι γε ἄλλους μέν φησιν ἀπαιδευτοτάτους εἶναι καὶ ἀνδράποδα καὶ ἀμαθεστάτους ὁ Κέλσος, τοὺς μὴ ἐπιστα-μένους αὐτοῦ τὰ πράγματα μηδὲ παιδευθέντας τὰ Ἑλλήνων μαθήματα · ἡμεῖς ","And yet Celsus says that some are most uneducated, slavish, and utterly ignorant—those who do not know his subjects or have not been trained in Greek learning. But we say that the "
54f0046d-20bb-4a09-99b0-e0694d97c38f,sc147_origenes_contra_celsum_vi_par44_b_en,sc147_origenes_contra_celsum_vi_par44_b,CC VI 44_b (English),CC VI 44_b,0.17,partial,Ταῦτα μὲν οὖν ὀλίγα ἀποτετολμημένως καὶ παρακεκιν-δυνευμένως τῇδε τῇ γραφῇ πιστεύσαντες ἐξεθέμεθα τάχα οὐδέν · εἰ δέ τις σχολάσας τῇ βασάνῳ τῶν ἱερῶν γραμμάτων πανταχόθεν σωματοποι,"We have set forth these few things, entrusting them to this writing perhaps in a somewhat daring and risky manner. But if anyone were to devote time to the careful examination of t"
aea6e4ea-6be5-4f42-9247-6abd74936725,sc172_epistula_barnabae_chap_12_verset_8_9b_en,sc172_epistula_barnabae_chap_12_verset_8_9b,Barn. 12.8-9b (English),Barn. 12.8-9b,0.17,more,"8. Τί λέγει πάλιν Μωϋσῆς Ἰησοῦ, υἱῷ Ναυή, ἐπιθεὶς αὐτῷ τοῦτο τὸ ὄνομα, ὄντι προφήτῃ, ἵνα μόνον ἀκούσῃ πᾶς ὁ λαός, ὅτι πάντα ὁ πατὴρ φανεροῖ περὶ τοῦ υἱοῦ Ἰησοῦ ; 9a Λέγει οὖν Μωϋσῆ","Moses therefore says to Joshua son of Nave, giving him this name when he sent him to scout the land: 'Take a book in your hands and write what the Lord says, that the Son of God wi"
cee77874-a629-4ef3-89e5-8a6acf0b2398,passage_epict_114_en,passage_epict_114,"Epictetus, Discourses III.23: Who Do You Want to Be? - Choose Your Identity (English)","Epictetus, Discourses III.23: Who Do You Want to Be? - Choose Your Identity",0.17,partial,Greek: • τίς εἶναι θέλεις; σαυτῷ πρῶτον εἰπέ - Who do you want to be? Tell yourself first! • οἱ ἀθλοῦντες πρῶτον κρίνουσιν τίνες εἶναι θέλουσιν - athletes first decide who they wan,"Key phrases: thus they do what follows.  Before reading and arguing for display, ask: WHO DO YOU WANT TO BE? (τίς εἶναι θέλεις). Athletes first decide their identity - sprinter, wr"
c16e0233-1ba1-48f3-aa41-9a60f1eef478,passage_boethius_cons_6_en,passage_boethius_cons_6,"Boethius, Cons. 6: The Fate of Philosophers (English)","Boethius, Cons. 6: The Fate of Philosophers",0.18,partial,n Cuius hereditatem cum deinceps Epicureum vulgus ac Stoi -. cum ceterique {ceterique} pro sua quisque parte raptum ire molirentur meque {meque} reclamantem renitentemque {renitent,"Boethius, Consolation of Philosophy, passage 6: The Fate of Philosophers. Philosophy describes how, after her tradition had been established, the Epicurean mob, the Stoics, and oth"
9c8cf52a-2c6f-469f-80d9-374dae628f43,sc123_melito_peri_pascha_chap83_en,sc123_melito_peri_pascha_chap83,"Melito, PP 83 (English)","Melito, PP 83",0.18,partial,"ὁ τοὺς ἐν οὐρανῷ ἁρμόσας ἀ[στέρας], ὁ τοὺς φωστῆρας λαμπρύ[νας], [ὁ τοὺς] ἐν οὐρανῷ ποιήσα[ς ἀγγέλους], ὁ τοὺς ἐκεῖ πήξας θ[ρόνους], [ὁ τὸν ἐπὶ γῆς ἀναπλασσάμενος ἄνθρωπον]. [Οὗτος","Raise your eyes, O Israel, and look upon the one who wrought these marvels. Behold your life hanging before your eyes, and yet you do not recognize -- you do not know -- that this "
77df82f1-b8a0-4c38-8032-15c08fb730bd,sc132_origenes_contra_celsum_i_par16_en,sc132_origenes_contra_celsum_i_par16,CC I 16 (English),CC I 16,0.18,partial,"16. Θαυμάζω δέ, πῶς Ὀδρύσας μὲν καὶ Σαμόθρᾳκας καὶ Ἐλευσινίους καὶ Ὑπερβορέους ἐν τοῖς ἀρχαιοτάτοις καὶ σοφωτάτοις ἔταξεν ἔθνεσιν ὁ Κέλσος, τοὺς δὲ Ἰουδαίους οὐκ ἠξίωσεν οὔτε εἰς σ","16. I am amazed that Celsus placed the Odrysians and Samothracians and Eleusinians and Hyperboreans among the most ancient and wisest nations, but did not deem the Jews worthy of b"
92444d9f-9547-4d0f-8b0b-d107944934a3,sc136_origenes_contra_celsum_iii_par2_en,sc136_origenes_contra_celsum_iii_par2,CC III 2 (English),CC III 2,0.18,partial,"2. Λεγέτωσαν δὴ ἡμῖν ὁ Κέλσος καὶ οἱ ἀρεσκόμενοι τοῖς καθ' ἡμῶν ὑπ' αὐτοῦ λεγομένοις, εἰ ὄνου σκιᾷ ἔοικε τὸ προειρηκέναι τοὺς Ἰουδαίων προφήτας τόπον γενέσεως τοῦ ἡγησομένου τῶν κα",2. Let Celsus and those who are pleased with what he says against us tell us whether the prophets of the Jews having foretold the place of birth of the one who would rule over thos
ceb0e363-880e-4407-9b98-59502e6d71da,sc147_origenes_contra_celsum_v_par63_en,sc147_origenes_contra_celsum_v_par63,CC V 63 (English),CC V 63,0.18,partial,"63. Εἶθ' ἵνα δοκῇ καὶ ἄλλους εἰδέναι παρ' οὓς ὠνόμασε, φησὶν ἑαυτῷ συνήθως ὅτι ἄλλοι ἄλλον διδάσκαλόν τε καὶ δαίμονα, κακῶς πλαζόμενοι καὶ καλινδούμενοι <εὕραντο προ-στάτην> κατὰ σ","Then, in order to seem to know still other groups beyond those he has named, Celsus says in his habitual manner that different ones found different teachers and demons, wandering w"
2328e765-cdf8-42aa-a101-b8393842249e,sc147_origenes_contra_celsum_vi_par17_a_en,sc147_origenes_contra_celsum_vi_par17_a,CC VI 17_a (English),CC VI 17_a,0.18,partial,Τρόπῳ δὴ ἑβραϊκῷ τινι λέγεται περὶ τοῦ θεοῦ ἐν ἑπτακαι-δεκάτῳ ψαλμῷ ὅτι « Ἔθετο σκότος ἀποκρυφὴν ὁ θεός » · ἵνα δηλωθῇ ὅτι ἀφανῆ καὶ ἄγνωστά ἐστι τὰ κατ' ἀξίαν νοηθέντα ἂν περὶ τοῦ,"In a certain Hebrew manner, it is said of God in the seventeenth Psalm: 'God made darkness his hiding place,' in order to indicate that the things that would be worthily thought ab"
b4de7ba1-0d59-467e-81ac-d9f41b49b761,sc147_origenes_contra_celsum_vi_par30_en,sc147_origenes_contra_celsum_vi_par30,CC VI 30 (English),CC VI 30,0.18,partial,"30. Εἶθ' ἑξῆς ἐπαναλαμβάνει τὰ περὶ τῶν ἑπτὰ ἀρχόν-των δαιμόνων, μηδαμῶς μὲν ὑπὸ Χριστιανῶν ὀνομαζομένων οἶμαι δ' ὑπὸ Ὀφιανῶν παραλαμβανομένων. Καὶ εὕρομέν γε ἐν ᾧ καὶ ἡμεῖς δι' ἐκ","Then Celsus takes up again the subject of the seven ruling demons (archontes daimones), which are by no means named by Christians but, I think, are employed by the Ophians. And we "
1f90088d-3065-4de4-8bec-410bda7f7cc6,sc147_origenes_contra_celsum_vi_par33_en,sc147_origenes_contra_celsum_vi_par33,CC VI 33 (English),CC VI 33,0.18,partial,"33. Εἶθ' ἑξῆς ἄλλους μύθους ὁ Κέλσος ἐκτίθεται, ὥς τινων εἰς τὰς ἀρχοντικὰς μορφὰς ἐπανερχομένων, ὥστε τινὰς μὲν γίνεσθαι λέοντας ἄλλους δὲ ταύρους καὶ ἄλλους δράκοντας ἢ ἀετοὺς ἢ ","Then Celsus sets forth other myths, about certain people returning to the forms of the ruling archons, so that some become lions, others bulls, others dragons, eagles, bears, or do"
bdc9c722-9e1d-45f4-81ea-1111e146d138,sc53bis_hermas_pastor_chap78_en,sc53bis_hermas_pastor_chap78,"Hermas, Past. 78 (English)","Hermas, Past. 78",0.18,partial,"[Παραβολὴ θʹ.]  1. Μετὰ τὸ γράψαι με τὰς ἐντολὰς καὶ παραβολὰς τοῦ ποι-μένος, τοῦ ἀγγέλου τῆς μετανοίας, ἦλθε πρός με καὶ λέγει μοι · Θέλω σοι δεῖξαι, ὅσα σοι ἔδειξε τὸ πνεῦμα τὸ ἅ","This chapter opens the ninth parable (Similitude IX), the longest and most elaborate of all the parables of the Shepherd of Hermas. After Hermas has written down the commandments a"
22782595-734c-4e66-8823-7df5abc4c18c,passage_boethius_cons_54_en,passage_boethius_cons_54,"Boethius, Cons. 54: Nobility and Ancestry (English)","Boethius, Cons. 54: Nobility and Ancestry",0.19,partial,"Quodsi claritudinem praedicatio facit, illi sint clari necesse est, qui praedicantur; quare splendidum te, si tuam non habes, aliena claritudo non efficit. Quodsi quid est in nobil","Boethius, Consolation of Philosophy, passage 54. If renown is produced by being praised, then those who are praised must be renowned; another's fame cannot make you splendid if you"
26e1a136-71f2-4b71-acc8-e1721416fac7,passage_boethius_cons_64_en,passage_boethius_cons_64,"Boethius, Cons. 64: God is Beatitude (English)","Boethius, Cons. 64: God is Beatitude",0.19,partial,"Omnino enim nullius rei natura suo principio melior poterit exsistere, quare, quod omnium principium sit, id etiam sui substantia summum esse bonum verissima ratione concluserim. —","Boethius, Consolation of Philosophy, passage 64: God is Beatitude. Nothing in nature can be better than its own principle. Since God is the principle of all things, it follows by t"
4f427fa2-d7f6-45f6-97a7-126fdecba7b2,sc132_origenes_contra_celsum_i_par24_en,sc132_origenes_contra_celsum_i_par24,CC I 24 (English),CC I 24,0.19,partial,"24. {Μετὰ ταῦτά φησιν ὅτι οἱ αἰπόλοι καὶ ποιμένες ἕνα ἐνόμισαν θεόν, εἴτε Ὕψιστον εἴτ' Ἀδωναῖον εἴτ' Οὐράνιον εἴτε Σαβαώθ, εἴτε καὶ ὅπῃ καὶ ὅπως χαίρουσιν ὀνομάζοντες τόνδε τὸν κόσ","24. {After this he says that the goatherds and shepherds believed in one God, whether Most High (Hypsistos) or Adonai or Heavenly (Ouranios) or Sabaoth, or however and by whatever "
7deac8ed-3fcb-4a76-82e2-316384b8c1d8,sc132_origenes_contra_celsum_ii_par45_en,sc132_origenes_contra_celsum_ii_par45,CC II 45 (English),CC II 45,0.19,partial,"45. Πρόσχες δὲ καὶ τῷ ἐπιπολαίῳ τοῦ περὶ τῶν τότε μαθητῶν Ἰησοῦ λόγου, ἐν ᾧ φησιν · Εἶτα οἱ μὲν τότε [ ζῶντι αὐτῷ συνόντες ] καὶ τῆς φωνῆς ἐπακούοντες αὐτοῦ [ καὶ διδασκάλῳ χρώμενο","45. Consider also the superficiality of the argument about the disciples of Jesus at that time, in which he says: 'Then those who [were with him while he lived] and heard his voice"
15b76ee3-da61-40cf-89ef-9ed515a3e407,sc132_origenes_contra_celsum_ii_par79_a_en,sc132_origenes_contra_celsum_ii_par79_a,CC II 79_a (English),CC II 79_a,0.19,partial,"Ἡμεῖς οὖν οὐ παυσόμεθα πιστεύοντες τῷ θεῷ κατὰ τὰς Ἰησοῦ Χριστοῦ ὑποθήκας καὶ τοὺς τυφλώττοντας περὶ θεοσέβειαν ἐθέλοντες ἐπιστρέφειν, κἂν οἱ ἀληθῶς τυφλώτ-τοντες λοιδορῶνται ἡμῖν ","We therefore shall not cease from believing in God according to the teachings of Jesus Christ and wishing to turn those who are blind in matters of piety, even if those who are tru"
4e8ed1c1-7024-44aa-af37-d12348baafd8,sc132_origenes_contra_celsum_ii_par8_en,sc132_origenes_contra_celsum_ii_par8,CC II 8 (English),CC II 8,0.19,partial,"8. Φησὶ δὲ πολλοὺς ἂν καὶ ἄλλους φανῆναι τοιούτους τοῖς ἐξαπατᾶσθαι θέλουσιν, ὁποῖος ἦν ὁ Ἰησοῦς. Μὴ πολλοὺς οὖν ἀλλὰ μηδ' ὀλίγους ἀλλὰ κἂν ἕνα δεικνύτω ὁ παρὰ τῷ Κέλσῳ Ἰουδαῖος το","8. He says that many others of the same kind as Jesus would have appeared to those wishing to be deceived. Let the Jew of Celsus show, not many but even a few — or even one — such "
a5ffaab6-d8b5-425b-9463-14ed2235b2bb,sc132_origenes_contra_celsum_ii_par78_en,sc132_origenes_contra_celsum_ii_par78,CC II 78 (English),CC II 78,0.19,partial,"78. Μετὰ ταῦτα λέγει ὁ Ἰουδαῖος · [ Ἢ ἐπὶ τοῦτο κατῆλθεν, ἵν' ἀπιστήσωμεν ;] Πρὸς ὃν λελέξεται · [οὐκ ἐπὶ τοῦτο μὲν ἦλθεν, ἵν' ἐργάσηται τὴν ἀπιστίαν Ἰουδαίοις, προγινώσκων δ' αὐτὴ","78. After this the Jew says: 'Or did he come down for this purpose, that we should disbelieve?' To whom one may say in reply: he did not come in order to produce unbelief among the"
c8c1c519-c35d-43a0-a814-f049dad6c80b,sc132_origenes_contra_celsum_praef_par4_en,sc132_origenes_contra_celsum_praef_par4,CC Praef. 4 (English),CC Praef. 4,0.19,partial,"4. Καὶ ἀληθῶς ἄξιον μὲν ἡμᾶς σεμνύνεσθαι ἐπὶ θλίψει μὴ χωριζούσῃ ἢ τοῖς ἑξῆς αὐτῇ κατειλεγμένοις, οὐχὶ δὲ Παῦλον καὶ τοὺς ἀποστόλους, καὶ εἴ τις ἐκείνοις γέγονε παραπλήσιος, διὰ τὸ","4. And truly it is right for us to boast in tribulation that does not separate us, or in the things listed after it — but not so for Paul and the apostles, and whoever has become s"
5a381c55-6ee8-4f4e-8612-95b7b91e8cbb,sc147_origenes_contra_celsum_vi_par29_a_en,sc147_origenes_contra_celsum_vi_par29_a,CC VI 29_a (English),CC VI 29_a,0.19,partial,"Καὶ ἐν τούτοις δὴ ὁ γενναιότατος φιλόσοφος Κέλσος σαφῶς Χριστιανοὺς συκοφαντεῖ, λέγων τοὺς αὐτούς, ἡνίκα μὲν ἂν Ἰουδαῖοι αὐτοὺς βιάζωνται, τὸν αὐτὸν αὐτοῖς θεὸν ὁμολογεῖν · ὅταν δὲ","And in these matters the most noble philosopher Celsus clearly slanders Christians, saying that they confess the same God as the Jews when Jews press them, but when Jesus says the "
3c9c7780-9d7c-44f4-abf1-6367221442c3,sc147_origenes_contra_celsum_vi_par35_b_en,sc147_origenes_contra_celsum_vi_par35_b,CC VI 35_b (English),CC VI 35_b,0.19,partial,"Ψυχὴ δὲ ζῶσα τάχα μὲν ἐν ἀπορρήτοις λέλεκται παρά τισι τῶν ἀπὸ Οὐαλεντίνου εἰς τὸν ὑπ' αὐτῶν ὀνομαζόμενον « ψυχικὸν δημιουργόν », τάχα δὲ καὶ πρὸς ἀντιδιαστολὴν ψυχῆς νεκρᾶς ἡ ζῶσα",The phrase 'living soul' (psyche zosa) has perhaps been used in secret teachings among some followers of Valentinus with reference to the one they call the 'psychic demiurge' (psyc
27f09b2b-1230-49aa-9223-d76e35577864,sc167_clemens_epistula_ad_corinthios_chap8_en,sc167_clemens_epistula_ad_corinthios_chap8,I Clem. 8 (English),I Clem. 8,0.19,partial,"8. 1. Οἱ λειτουργοὶ τῆς χάριτος τοῦ θεοῦ διὰ πνεύματος ἁγίου περὶ μετανοίας ἐλάλησαν 2. καὶ αὐτὸς δὲ ὁ δεσπότης τῶν ἁπάντων περὶ μετανοίας ἐλάλησεν μετὰ ὅρκου · « Ζῶ γὰρ ἐγώ, λέγει","8.1. The ministers of God's grace spoke through the Holy Spirit concerning repentance; 2. and the Master of all things himself spoke about repentance with an oath: 'For I live, say"
e7da9a95-31d6-4338-8f0d-e40b63ebd3a4,passage_boethius_cons_47_en,passage_boethius_cons_47,"Boethius, Cons. 47: Nature's Laws (Verse) (English)","Boethius, Cons. 47: Nature's Laws (Verse)",0.2,partial,"Cadit Hesperias Phoebus in undas, sed secreto tramite rursus currum solitos vertit ad ortus. Repetunt proprios quaeque recursus redituque {redituque} suo singula gaudent nec manet ","Boethius, Consolation of Philosophy, passage 47. A verse: Phoebus sinks into the western waves but by a hidden path turns his chariot back to its accustomed rising. All things seek"
20cd553b-ef16-471c-b011-391a63f4d979,passage_boethius_cons_7_en,passage_boethius_cons_7,"Boethius, Cons. 7: Fate Under Foot (Verse) (English)","Boethius, Cons. 7: Fate Under Foot (Verse)",0.2,partial,"Quisquis composito serenus aevo fatum sub pedibus egit superbum fortunamque {fortunamque} tuens utramque rectus invictum potuit tenere vultum, non illum rabies minaeque {minaeque} ","Boethius, Consolation of Philosophy, passage 7: Fate Under Foot (Verse). Whoever, serene in a well-ordered life, has trampled proud fate (fatum) beneath his feet, and looking fortu"
458f93a1-c394-429e-a07c-9dbb4732d40b,sc132_origenes_contra_celsum_i_par22_en,sc132_origenes_contra_celsum_i_par22,CC I 22 (English),CC I 22,0.2,partial,"22. Μετὰ ταῦτα [τὸ περιτέμνεσθαι τὰ αἰδοῖα μὴ διαβαλὼν ὁ Κέλσος ὑπὸ Ἰουδαίων γινόμενον, φησὶν ἀπὸ Αἰγυπτίων αὐτὸ ἐληλυθέναι ], Αἰγυπτίοις μᾶλλον ἢ Μωϋσεῖ πιστεύσας, λέγοντι πρῶτον ","22. After this, [Celsus, without attacking the practice of circumcision (peritome) of the genitals by the Jews, says it came from the Egyptians,] trusting the Egyptians rather than"
69b335f1-dace-4d6f-b25f-fea30e0bee91,sc132_origenes_contra_celsum_i_par3_en,sc132_origenes_contra_celsum_i_par3,CC I 3 (English),CC I 3,0.2,partial,"3. Μετὰ ταῦτα περὶ τοῦ κρύφα Χριστιανοὺς τὰ ἀρέσκοντα ἑαυτοῖς ποιεῖν καὶ διδάσκειν εἰπών, καὶ ὅτι οὐ μάτην τοῦτο ποιοῦσιν, ἅτε διωθούμενοι τὴν ἐπηρτημένην αὐτοῖς δίκην τοῦ θανάτου,","3. After this, having said that Christians secretly practice and teach what pleases them, and that they do so not without reason since they are repelling the penalty of death that "
2587111f-6119-4fd1-9354-ad585705bc45,sc132_origenes_contra_celsum_i_par57_en,sc132_origenes_contra_celsum_i_par57,CC I 57 (English),CC I 57,0.2,partial,"57. Ἔτι δὲ πρὸς τὸν σωτῆρα αὐτῷ ὁ Ἰουδαῖός φησιν ὅτι, εἰ τοῦτο λέγεις, ὅτι πᾶς ἄνθρωπος κατὰ θείαν πρόνοιαν γεγονὼς υἱός ἐστι θεοῦ, τί ἂν σὺ ἄλλου διαφέροις ; Πρὸς ὃν ἐροῦμεν ὅτι π","57. Still further, the Jew in Celsus says to the Savior: if you say this — that every human being born according to divine providence is a son of God — how would you differ from an"
7697eb68-e6a8-4ae8-abeb-cf1c782557cc,sc132_origenes_contra_celsum_ii_par75_en,sc132_origenes_contra_celsum_ii_par75,CC II 75 (English),CC II 75,0.2,partial,"75. Καὶ ἱκανά γε νομίζω ταῦτα εἶναι τῷ βουλομένῳ παραστῆσαι τὴν Ἰουδαίων πρὸς τὸν Ἰησοῦν ἀπιστίαν, ὅτι ἀκόλουθος ἦν αὕτη τοῖς ἐξ ἀρχῆς περὶ τοῦ λαοῦ ἀναγεγραμ-μένοις. Εἴποιμι γὰρ ἂ",75. And I consider these things sufficient for anyone wishing to demonstrate that the unbelief of the Jews toward Jesus was consistent with what had been written from the beginning
30918e9e-994a-4707-9a5f-63259c22cd70,sc132_origenes_contra_celsum_ii_par8_a_en,sc132_origenes_contra_celsum_ii_par8_a,CC II 8_a (English),CC II 8_a,0.2,partial,"Εἰ δὲ δεῖ προσθεῖναι καὶ ἄλλην αἰτίαν, φήσομεν ὅτι καὶ τοῦτ' αὐτὸ προεῖπον οἱ προφῆται. Σαφῶς γοῦν Ἡσαΐας λέγει · « Ἀκοῇ ἀκούσετε καὶ οὐ μὴ συνῆτε, καὶ βλέποντες βλέψετε καὶ οὐ μὴ ","And if it is necessary to add yet another reason, we shall say that this very thing was also foretold by the prophets. For Isaiah says plainly: 'Hearing ye shall hear, and shall no"
d184258d-bebf-47f6-9aab-7c9c15f4d066,sc136_origenes_contra_celsum_iv_par11_en,sc136_origenes_contra_celsum_iv_par11,CC IV 11 (English),CC IV 11,0.2,partial,"11. Μετὰ ταῦτα βουλόμενος ἡμᾶς παραδεῖξαι μηδὲν παράδοξον μηδὲ καινὸν λέγειν περὶ κατακλυσμοῦ ἢ ἐκπυ-ρώσεως, ἀλλὰ καὶ παρακούσαντας τῶν παρ' Ἕλλησιν ἢ βαρβάροις περὶ τούτων λεγομέν","11. After this, wishing to show that we say nothing paradoxical or new concerning the flood or conflagration, but that we have misheard what is said among the Greeks or barbarians "
cd8ad545-46aa-4f6e-a384-87bd01ff5ff9,sc136_origenes_contra_celsum_iv_par27_en,sc136_origenes_contra_celsum_iv_par27,CC IV 27 (English),CC IV 27,0.2,partial,"27. Καὶ οὔπω λέγω τὰ λοιπὰ ἐν ἀνθρώποις κακά, ὧν οὐ ταχέως οὐδ' οἱ φιλοσοφεῖν δοκοῦντες καθαρεύουσι - πολλοὶ γὰρ καὶ οἱ ἐν φιλοσοφίᾳ νόθοι - οὐδέ φημι πὼ ὅτι πολλὰ μέν ἐστι τὰ τοια","27. And I have not yet spoken of the other evils among humans, from which not even those who seem to philosophize quickly free themselves — for many are counterfeit in philosophy —"
bd0a2235-d83c-4b9a-8575-af9fddec9f40,sc147_origenes_contra_celsum_v_par37_a_en,sc147_origenes_contra_celsum_v_par37_a,CC V 37_a (English),CC V 37_a,0.2,partial,"Εἴπερ δὲ εὔλογον ἐπὶ τῶν ἄλλων τὸν τῆς φύσεως προτιμᾶν νόμον, ὄντα νόμον τοῦ θεοῦ, παρὰ τὸν γεγραμμένον καὶ ὑπὸ τῶν ἀνθρώπων ἐναντίως τῷ νόμῳ τοῦ θεοῦ νενομοθε-τημένον, πῶς οὐχὶ το",We should honor the law of nature (phusei nomos) above ancestral customs in religious matters. For the law of nature directs us to worship the supreme God and to live in accordance
8b8c5145-2398-4181-a3b9-91bc8945843b,sc147_origenes_contra_celsum_vi_par39_a_en,sc147_origenes_contra_celsum_vi_par39_a,CC VI 39_a (English),CC VI 39_a,0.2,partial,"Εἶτα πάλιν φύρων τὰ ἀπὸ τῆς μαγικῆς γοητείας καὶ προσάπτων τάχα μὲν οὐδενὶ τῷ μὴ εἶναι τοὺς μαγγανεύοντας προφάσει τῆς κατὰ τὸν χαρακτῆρα τοῦτον θεοσεβείας, τάχα δέ τισι καὶ πρὸς τ","Then again, conflating practices from magical sorcery and attributing them perhaps to no one in particular—since there may be no sorcerers using the pretext of this form of worship"
c7e326cf-38a0-432d-9ea6-9f218b93c807,sc167_clemens_epistula_ad_corinthios_chap4_en,sc167_clemens_epistula_ad_corinthios_chap4,I Clem. 4 (English),I Clem. 4,0.2,partial,"4. 1. Γέγραπται γὰρ οὕτως · « Καὶ ἐγένετο μεθ' ἡμέρας ἤνεγκεν Κάϊν ἀπὸ τῶν καρπῶν τῆς γῆς θυσίαν τῷ θεῷ, καὶ Ἄβελ ἤνεγκεν καὶ αὐτὸς ἀπὸ τῶν πρωτοτόκων τῶν προβάτων καὶ ἀπὸ τῶν στεά","4.1. For it is written as follows: 'And it came about after some days that Cain brought a sacrifice to God from the fruits of the earth, and Abel also brought, from the firstborn o"
07dc057d-25f6-4b79-b6e9-28613fd407ee,sc172_epistula_barnabae_chap_21_verset_2_3_en,sc172_epistula_barnabae_chap_21_verset_2_3,Barn. 21.2-3 (English),Barn. 21.2-3,0.2,more,"2. Ἐρωτῶ τοὺς ὑπερέχοντας - εἴ τινά μου γνώμης ἀγαθῆς λαμβάνετε συμβουλίαν - ἔχετε μεθ' ἑαυτῶν εἰς οὓς ἐργάσεσθε τὸ καλόν · μὴ ἐλλείπητε. 3. Ἐγγὺς ἡ ἡμέρα, ἐν ᾗ συνα-πολεῖται πάντα","I beseech those of you who are in higher positions, if you will receive a counsel of my goodwill: you have with you those to whom you may do good—do not fail them. The day is near "
c99f0c0a-ecb4-4d30-9c56-405f92a5c1af,sc20_theophilus_ad_autolycum_iii_liv_3_sur_la_question_prealable_chap_22_en,sc20_theophilus_ad_autolycum_iii_liv_3_sur_la_question_prealable_chap_22,Ad Aut. III 22 (English),Ad Aut. III 22,0.2,partial,"22. Ἀλλὰ καὶ περὶ τοῦ ναοῦ τῆς οἰκοδομῆς τοῦ ἐν τῇ Ἰουδαίᾳ, ὅν ᾠκοδόμησεν ὁ βασιλεὺς Σολομὼν μετὰ ἔτη πεντακόσια ἑξήκοντα ἕξ τῆς Αἰγύπτου ἐξοδίας τῶν Ἰουδαίων, παρὰ Τυρίοις ἀναγέγρ","22. Also concerning the construction of the temple in Judea, which King Solomon built five hundred and sixty-six years after the Exodus from Egypt of the Jews, it has been recorded"
081038f5-e74f-441d-86e3-42c8ec4cb9f0,passage_boethius_cons_9_en,passage_boethius_cons_9,"Boethius, Cons. 9: Defense of the Senate (English)","Boethius, Cons. 9: Defense of the Senate",0.21,partial,"Cum acerbae famis tempore gravis atque inexplicabilis indicta coemptio profligatura inopia Campaniam provinciam videretur, certamen adversum praefectum praetorii communis commodi r","Boethius, Consolation of Philosophy, passage 9: Defense of the Senate. When a severe and oppressive forced purchase was imposed during a bitter famine that seemed certain to devast"
a2dd6915-45b0-4cbd-aaf7-457b22a6bc8a,sc132_origenes_contra_celsum_i_par12_en,sc132_origenes_contra_celsum_i_par12,CC I 12 (English),CC I 12,0.21,partial,"12. {Εἶτ' ἐπεί φησιν ὁ Κέλσος αὐταῖς λέξεσιν · Εἰ μὲν δὴ θελήσουσιν ἀποκρίνεσθαί μοι, ὡς οὐ διαπειρωμένῳ - πάντα γὰρ οἶδα - ἀλλ' ὡς ἐξ ἴσου πάντων κηδομένῳ, εὖ ἂν ἔχοι · εἰ δ' οὐκ ","12. {Then, since Celsus says in his very words: 'If they will consent to answer me, not as one testing them -- for I know everything -- but as one who cares equally for all, it wou"
a77ca355-7cac-406c-b142-4debe619290c,sc132_origenes_contra_celsum_ii_par62_en,sc132_origenes_contra_celsum_ii_par62,CC II 62 (English),CC II 62,0.21,partial,"62. Καὶ ἀκόλουθόν γε ἦν πᾶσι τοῖς τε προφητευθεῖσι περὶ αὐτοῦ, ἐν οἷς καὶ τοῦτο ἦν, καὶ τοῖς πραχθεῖσιν αὐτῷ καὶ τοῖς συμβεβηκόσι τοῦτο παρὰ πάντα παράδοξον γενέσθαι. Προελέλεκτο γ","62. And it was consistent with all the prophecies made concerning him, among which this too was included, and with the events of his life and with what had befallen him, that this "
18eeb2dc-dd23-4b32-9f6b-cae28110bd66,sc132_origenes_contra_celsum_ii_par65_a_en,sc132_origenes_contra_celsum_ii_par65_a,CC II 65_a (English),CC II 65_a,0.21,partial,"Χρήσιμον δ' οἶμαι πρὸς ἀπολογίαν τῶν προκειμένων ἐστὶ καὶ τὸ οὕτως εἰρημένον περὶ αὐτοῦ · « Εἰς τοῦτο γὰρ Χριστὸς ἀπέθανε καὶ ἀνέστη, ἵνα καὶ νεκρῶν καὶ ζώντων κυριεύσῃ. » Ὅρα γὰρ ","I think it is also useful for the defence of the matters before us that what is said concerning him is of this kind: 'For to this end Christ died and rose again, that he might be L"
9c232c60-1d9c-4655-b017-32c56323eedd,sc132_origenes_contra_celsum_ii_par9_en,sc132_origenes_contra_celsum_ii_par9,CC II 9 (English),CC II 9,0.21,partial,"9. Μετὰ ταῦτά φησιν ὁ Ἰουδαῖος · Πῶς δ' ἐμέλλομεν τοῦτον νομίζειν θεόν, ὃς τά τε ἄλλα, ὥσπερ ἐπηκούετο, οὐδὲν ὧν ἐπηγγέλλετο ἐπεδείκνυτο, καὶ ἐπειδὴ ἡμεῖς ἐλέγξαντες αὐτὸν καὶ κατα","9. After this the Jew says: 'How were we to regard this man as a God, who, in other respects as was reported, performed none of the things he had promised, and who, when we had con"
f43ec98a-a985-4148-ae0b-6e2e6cc6eaa2,sc147_origenes_contra_celsum_vi_par28_a_en,sc147_origenes_contra_celsum_vi_par28_a,CC VI 28_a (English),CC VI 28_a,0.21,partial,Εἰδέναι δ' αὐτὸν ἐχρῆν ὅτι οἱ τὰ τοῦ ὄφεως ἑλόμενοι ὡς καλῶς τοῖς πρώτοις ἀνθρώποις συμβουλεύσαντος καὶ Τιτᾶνας καὶ Γίγαντας τοὺς μυθικοὺς ὑπερβαλόντες καὶ Ὀφιανοὶ διὰ τοῦτο καλούμ,He ought to know that those who chose the serpent's cause as having given good counsel to the first human beings—surpassing even the mythical Titans and Giants and hence called Oph
01ce38ea-1797-48e5-94af-27449aa39cef,sc147_origenes_contra_celsum_vi_par43_en,sc147_origenes_contra_celsum_vi_par43,CC VI 43 (English),CC VI 43,0.21,partial,"43. Ὅρα οὖν εἰ μὴ ὁ ἐγκαλῶν ἡμῖν <ὡς> σφαλλομένοις ἀσεβέστατα καὶ ἀποπεπλανημένοις θείων αἰνιγμάτων αὐτὸς σαφῶς σφάλλεται, μὴ κατανοήσας ὅτι τὰ πολλῷ οὐ μόνον Ἡρακλείτου καὶ Φερεκύ","Consider then whether the one who accuses us of erring most impiously and of being led astray from divine enigmas is not himself clearly in error, not having perceived that the wri"
004d854e-d2b1-4e10-962a-090adae2ae35,sc172_epistula_barnabae_chap_7_verset_6a_8c_en,sc172_epistula_barnabae_chap_7_verset_6a_8c,Barn. 7.6a-8c (English),Barn. 7.6a-8c,0.21,more,"6a. Πῶς οὖν ἐνετείλατο ; προσέχετε · « Λάβετε δύο τράγους καλοὺς καὶ ὁμοίους καὶ προσενέγκατε, καὶ λαβέτω ὁ ἱερεὺς τὸν ἕνα εἰς ὁλοκαύτωμα ὑπὲρ ἁμαρτιῶν. » 6b (7). Τὸν δὲ ἕνα τί ποι","6a. Pay attention to how the type of Jesus is revealed: 6b. 'And you shall all spit on it and pierce it and wind the scarlet wool around its head, and so let it be cast into the wi"
4a674346-6895-48ee-b02d-282576fb25f8,sc123_melito_peri_pascha_chap42_en,sc123_melito_peri_pascha_chap42,"Melito, PP 42 (English)","Melito, PP 42",0.22,partial,"[Ὁπότε δὲ ἡ ἐκκλ]ησία ἀνέστη καὶ [τὸ εὐαγγέλιον προέσ]τη, [ὁ τύπος ἐκενώθη] [παραδοὺς τῇ ἀληθείᾳ τὴν δύναμιν], [καὶ ὁ νόμος ἐπληρώθη] [παραδοὺς τῷ εὐαγγελίῳ τὴν δύναμιν]. [Ὃν τρόπο","And the type (typos) was once valuable before the reality (aletheia), and the parable was once admirable before the interpretation. That is, the people of Israel was once valuable "
0490e479-1f1c-4124-ace2-fd7d08f89b11,sc123_melito_peri_pascha_chap5_en,sc123_melito_peri_pascha_chap5,"Melito, PP 5 (English)","Melito, PP 5",0.22,partial,"Ἀντὶ γὰρ τοῦ [ἀμνοῦ θε]ὸς ἐγένετο καὶ ἀντὶ τοῦ προβάτου ἄν[θρωπ]ος, [ἐ]ν δὲ τῷ ἀνθρώπῳ Χριστός, ὃς κεχώρηκεν [τὰ] πάντα.","For 'like a sheep he was led to the slaughter,' yet he was not a sheep. And 'like a silent lamb,' yet he was not a lamb. For the type (typos) has passed away, and the reality (alet"
de648904-3a51-40ce-a736-9cea3a4e27a0,sc132_origenes_contra_celsum_i_par23_en,sc132_origenes_contra_celsum_i_par23,CC I 23 (English),CC I 23,0.22,partial,"23. Ἑξῆς τούτοις φησὶν ὁ Κέλσος ὅτι τῷ ἡγησαμένῳ σφῶν [ ἑπόμενοι Μωϋσεῖ αἰπόλοι καὶ ποιμένες ], ἀγροίκοις ἀπάταις ψυχαγωγηθέντες [ ἕνα ἐνόμισαν εἶναι θεόν. Δεικνύτω] τοίνυν πῶς, αἰ","23. Next, Celsus says that following their leader [Moses, goatherds and shepherds], beguiled by rustic deceptions, [believed there was one God. Let him show,] then, how -- given th"
7447f023-abda-4784-8ec4-7f092dafd6ae,sc132_origenes_contra_celsum_i_par6_en,sc132_origenes_contra_celsum_i_par6,CC I 6 (English),CC I 6,0.22,partial,"6. Μετὰ ταῦτα οὐκ οἶδα πόθεν κινούμενος ὁ Κέλσος φησὶ [ δαιμόνων τινῶν ὀνόμασι καὶ κατακλήσεσι δοκεῖν ἰσχύειν Χριστιανούς ], ὡς οἶμαι αἰνισσόμενος τὰ περὶ τῶν κατεπᾳ-δόντων τοὺς δα","6. After this, I do not know from where Celsus is moved to say [that Christians seem to have power through the names and invocations of certain demons], by which I think he alludes"
63af3218-80b8-4e91-b498-8a2b2ec27f14,sc132_origenes_contra_celsum_ii_par64_en,sc132_origenes_contra_celsum_ii_par64,CC II 64 (English),CC II 64,0.22,partial,"64. Ὁ Ἰησοῦς εἷς ὢν πλείονα τῇ ἐπινοίᾳ ἦν, καὶ τοῖς βλέπουσιν οὐχ ὁμοίως πᾶσιν ὁρώμενος. Καὶ ὅτι μὲν τῇ ἐπινοίᾳ πλείονα ἦν, καὶ σαφὲς ἐκ τοῦ « Ἐγώ εἰμι ἡ ὁδὸς καὶ ἡ ἀλήθεια καὶ ἡ ζ","64. Jesus, being one, was many in conception, and was not seen in the same way by all who looked upon him. That he was many in conception is clear from: 'I am the way and the truth"
a57ea07b-8989-4a7b-80d7-01158edd21dd,sc132_origenes_contra_celsum_ii_par70_en,sc132_origenes_contra_celsum_ii_par70,CC II 70 (English),CC II 70,0.22,partial,"70. Πόθεν δὲ τῷ Κέλσου Ἰουδαίῳ λέλεκται ὅτι ἐκρύπτετο Ἰησοῦς ; Λέγει γὰρ περὶ αὐτοῦ · [ Τίς δὲ πώποτε πεμφθεὶς ἄγγελος, δέον ἀγγέλλειν τὰ κεκελευσμένα, κρύπτεται ; Οὐ γὰρ ἐκρύπτετο","70. From where did the Jew of Celsus derive the claim that Jesus was in hiding? For he says concerning him: 'What messenger ever sent on an errand, who ought to announce what has b"
9ac3c25b-b8d2-4ab9-b18b-b274de1d7dfe,sc132_origenes_contra_celsum_ii_par74_en,sc132_origenes_contra_celsum_ii_par74,CC II 74 (English),CC II 74,0.22,partial,"74. Καὶ πᾶσί γε τούτοις ἐπιλέγει ὁ Κέλσου Ἰουδαῖος · Ταῦτα μὲν οὖν ὑμῖν ἐκ τῶν ὑμετέρων συγγραμμάτων, ἐφ'οἷς οὐδενὸς ἄλλου μάρτυρος χρῄζομεν · αὐτοὶ γὰρ ἑαυτοῖς περιπίπτετε. Ἠλέγξα","74. And to all these things the Jew of Celsus adds: 'These things then we take from your own writings, for which we need no other witness; for you yourselves contradict yourselves."
05bcec67-60a4-4a61-aaf5-0b38b718a1d6,sc147_origenes_contra_celsum_v_par9_en,sc147_origenes_contra_celsum_v_par9,CC V 9 (English),CC V 9,0.22,partial,9. Ἔτι δ' ὑποσυγκεχυμένος καὶ μὴ ἐπιμελῶς ἰδὼν τὰ κατὰ τὸν τόπον ᾠήθη ἀπὸ τῶν ἐν μαγγανείαις καὶ γοητείαις ἐπῳδῶν προτραπέντας Ἰουδαίους ἔκ τινων κατὰ τὰς ἐπῳδὰς φασμάτων ἐπιφαινομ,"Still further confused and not having carefully examined the relevant material, Celsus supposed that the Jews were led by incantations used in sorcery and magic, and from certain a"
0c42a9f3-7593-4e12-aac1-128c6ec2fb77,sc147_origenes_contra_celsum_vi_par16_a_en,sc147_origenes_contra_celsum_vi_par16_a,CC VI 16_a (English),CC VI 16_a,0.22,partial,"Εἰ δὲ μὴ μετὰ τοῦ μισεῖν καὶ ἀπεχθάνεσθαι ἐντυχὼν τοῖς εὐαγγελίοις φιλαλήθης ἦν ὁ Κέλσος, ἐπέστησεν ἄν, τί δή ποτε παρελήφθη κάμηλος, τὸ τῶν ζῴων ὅσον ἐπὶ τῇ κατα-σκευῇ σκολιόν, πα","If Celsus had approached the Gospels with a love of truth rather than hatred and hostility, he would have considered why the 'camel' (kamelos) was chosen—an animal that by its phys"
1b585cc9-655b-46c4-be66-973e950f097d,sc147_origenes_contra_celsum_vi_par4_a_en,sc147_origenes_contra_celsum_vi_par4_a,CC VI 4_a (English),CC VI 4_a,0.22,partial,"Πρῶτον δὲ ἡμῶν σοφοί, Μωϋσῆς ὁ ἀρχαιότατος καὶ οἱ ἑξῆς αὐτῷ προφῆται, « οὐδαμῶς » « ῥητὸν » ἐπιστάμενοι τὸ πρῶτον ἀγαθὸν ἔγραψαν μέν, ὡς θεοῦ ἑαυτὸν ἐμφανίζοντος τοῖς ἀξίοις καὶ ἐπ","The first of our sages, Moses the most ancient and the prophets who followed him, knowing full well that the first Good is in no way 'expressible' (rheton), nonetheless wrote—as Go"
15441a5e-4523-4f3b-b8e3-4c280a152555,sc20_theophilus_ad_autolycum_i_liv_1_le_dieu_des_chretiens_chap_2_en,sc20_theophilus_ad_autolycum_i_liv_1_le_dieu_des_chretiens_chap_2,Ad Aut. I 2 (English),Ad Aut. I 2,0.22,partial,"2. Αλλὰ καὶ ἐὰν φῇς · « Δεῖξόν μοι τὸν θεόν σου », κἀγώ σοι εἴποιμι ἄν · « Δεῖξόν μοι τὸν ἄνθρωπόν σου κἀγώ σοι δείξω τὸν θεόν μου. » Ἐπεὶ δεῖξον βλέποντας τοὺς ὀφθαλμοὺς τῆς ψυχῆς","2. If you say, 'Show me your God,' I would say to you, 'Show me yourself, and I shall show you my God.' Show then that the eyes of your soul see, and the ears of your heart hear. F"
62df462b-550d-4ec0-b0bd-18f8e3286518,passage_boethius_cons_55_en,passage_boethius_cons_55,"Boethius, Cons. 55: Pleasure's Sting (English)","Boethius, Cons. 55: Pleasure's Sting",0.23,partial,"Honestissima quidem coniugis foret liberorumque {liberorumque} iucunditas, sed nimis e natura dictum est nescio quem filios invenisse tortores; quorum quam sit mordax quaecumque co","Boethius, Consolation of Philosophy, passage 55. The delight in a most honorable wife and children would be the finest thing, but it has been said, all too truly, that someone or o"
09c20d29-b752-4086-b0fe-74627415ee31,passage_boethius_cons_85_en,passage_boethius_cons_85,"Boethius, Cons. 85: Virtue Its Own Reward (English)","Boethius, Cons. 85: Virtue Its Own Reward",0.23,partial,"Atqui hoc a bonis non potest separari — neque enim bonus ultra iure vocabitur, qui careat bono - quare probos mores sua praemia non relinquunt. ua - ntumlibet igitur saeviant mali,","Boethius, Consolation of Philosophy, passage 85: Virtue Its Own Reward. The good cannot be separated from virtue -- for whoever lacks the good can no longer rightly be called good."
a01c3957-f211-4961-bba8-f9467a9784f1,sc123_melito_peri_pascha_chap57_en,sc123_melito_peri_pascha_chap57,"Melito, PP 57 (English)","Melito, PP 57",0.23,partial,"Πρότερον δὲ ὁ κύριος προῳκονόμησεν τὰ ἑαυτοῦ πάθη ἐν πατριάρχαις καὶ ἐν προφήταις καὶ ἐν παντὶ τῷ λαῷ, διά τε νόμου καὶ προφητῶν ἐπισφραγισάμενος. Τὸ γὰρ μέλ-λον καινῶς [καὶ με]γάλ",For these things and more than these the mystery (mysterion) of the Passover (pascha) was accomplished in the body of the Lord. The Lord arranged beforehand his own sufferings (pat
359d0684-acf8-4b73-8702-1fe854850e24,sc132_origenes_contra_celsum_i_par25_en,sc132_origenes_contra_celsum_i_par25,CC I 25 (English),CC I 25,0.23,partial,"25. Καὶ τάχα οὐκ ἐλάττων ὁ κίνδυνος τῷ τὸ ὄνομα τοῦ θεοῦ ἢ τὸ ὄνομα τοῦ ἀγαθοῦ ἐφ' ἃ μὴ χρὴ κατάγοντι, ἤπερ τῷ τὰ κατά τινα ἀπόρρητον λόγον ὀνόματα ἐναλλάσσοντι καὶ τὰ μὲν κατὰ τῶν","25. And perhaps the danger is no less for one who misapplies the name of God or the name of the good than for one who, according to a certain mysterious principle, transposes names"
da86f45b-963d-49c7-aa6b-59ca05896a47,sc147_origenes_contra_celsum_vi_par48_a_en,sc147_origenes_contra_celsum_vi_par48_a,CC VI 48_a (English),CC VI 48_a,0.23,partial,"Ἵνα δὲ προσαγάγωμεν τῇ παραδοχῇ τοῦ λεγομένου τὸν βουλόμενον ἀκολουθίαις δογμάτων ἕπεσθαι καὶ ὠφελεῖσθαι, λέγομεν ὅτι σῶμα Χριστοῦ φασιν εἶναι οἱ θεῖοι λόγοι ὑπὸ τοῦ υἱοῦ τοῦ θεοῦ ","To lead the one who wishes to follow a sequence of doctrines and be profited to acceptance of what is said, let us note that the divine words say that the entire Church is 'the bod"
f992b8fb-23d2-4a85-8579-0a20a8bb52f5,sc167_clemens_epistula_ad_corinthios_chap12_en,sc167_clemens_epistula_ad_corinthios_chap12,I Clem. 12 (English),I Clem. 12,0.23,partial,12. 1. Διὰ πίστιν καὶ φιλοξενίαν ἐσώθη Ῥαὰβ ἡ πόρνη. 2. Ἐκπεμφθέντων γὰρ ὑπὸ Ἰησοῦ τοῦ τοῦ Ναυὴ κατασκόπων εἰς τὴν Ἱεριχὼ ἔγνω ὁ βασιλεὺς τῆς γῆς ὅτι ἥκασιν κατασκο-πεῦσαι τὴν χώρα,"12.1. Because of her faith and hospitality Rahab the harlot was saved. 2. For when the spies were sent by Joshua son of Nun to Jericho, the king of the land learned that they had c"
07eae534-3aca-4a08-ab50-c0f96588cb74,passage_boethius_cons_93_en,passage_boethius_cons_93,"Boethius, Cons. 93: Wisdom Replaces Hatred (English)","Boethius, Cons. 93: Wisdom Replaces Hatred",0.24,partial,compensatione adipiscendae probitatis nec hos cruciatus esse ducerent defensorumque {defensorumque} operam repudiarent ac se totos accusatoribus iudicibusque {iudicibusque} permitt,"Boethius, Consolation of Philosophy, passage 93: Wisdom Replaces Hatred. If the wicked recognized their condition, they would seek the compensation of acquiring virtue and would no"
53e320b4-bc20-4c81-8248-fc797e1ce8f1,sc136_origenes_contra_celsum_iv_par23_en,sc136_origenes_contra_celsum_iv_par23,CC IV 23 (English),CC IV 23,0.24,partial,23. Μετὰ ταῦτα συνήθως ἑαυτῷ γελῶν τὸ Ἰουδαίων καὶ Χριστιανῶν γένος πάντας παραβέβληκε νυκτερίδων ὁρμαθῷ ἢ μύρμηξιν ἐκ καλιᾶς προελθοῦσιν ἢ βατράχοις περὶ τέλμα συνεδρεύουσιν ἢ σκώ,"23. After this, in his customary manner of mockery, Celsus has compared the entire race of Jews and Christians to a swarm of bats, or to ants coming out of a nest, or to frogs sitt"
8fea5d37-ffb9-44a3-aa79-8069af87b707,sc136_origenes_contra_celsum_iv_par49_a_en,sc136_origenes_contra_celsum_iv_par49_a,CC IV 49_a (English),CC IV 49_a,0.24,partial,Ὀλίγα δ' ἀπὸ πάνυ πολλῶν παραθησόμεθα πρὸς τὸ δεῖξαι ὅτι μάτην συκοφαντεῖ τοὺς λόγους ὁ Κέλσος ὡς οὐχ οἵους τε ἐπιδέξασθαι ἀλληγορίαν. Φησὶ δὴ ὁ τοῦ Ἰησοῦ ἀπόστολος Παῦλος · « Ἐν τ,"We shall set forth a few instances from very many to show that Celsus falsely accuses our scriptures of being incapable of allegory. The apostle Paul, the apostle of Jesus, says: '"
7590a80a-121b-4535-b556-b82f8c75f5be,sc136_origenes_contra_celsum_iv_par41_en,sc136_origenes_contra_celsum_iv_par41,CC IV 41 (English),CC IV 41,0.24,partial,"41. Ἑξῆς δὲ τοιαῦτά φησιν · Εἶτα κατακλυσμόν τινα καὶ κιβωτὸν ἀλλόκοτον, ἅπαντα ἔνδον ἔχουσαν, καὶ περιστεράν τινα καὶ κορώνην ἀγγέλους, παραχαράττοντες καὶ ῥᾳδιουρ-γοῦντες τὸν Δευ","41. Next he says the following: then some flood and a strange ark containing everything within, and some dove and crow as messengers—they corrupt and fraudulently rework the story "
304d9cc1-8bda-477a-ba93-848a3ffc5bb8,sc167_clemens_epistula_ad_corinthios_chap35_en,sc167_clemens_epistula_ad_corinthios_chap35,I Clem. 35 (English),I Clem. 35,0.24,partial,"35. 1. Ὡς μακάρια καὶ θαυμαστὰ τὰ δῶρα τοῦ θεοῦ, ἀγαπητοί. 2. Ζωὴ ἐν ἀθανασίᾳ, λαμπρότης ἐν δικαιοσύνῃ, ἀλήθεια ἐν παρρησίᾳ, πίστις ἐν πεποιθήσει, ἐγκράτεια ἐν ἁγιασμῷ · καὶ ταῦτα ","35.1. How blessed and wonderful, beloved, are the gifts of God! 2. Life in immortality, splendor in righteousness, truth in boldness, faith in confidence, self-control in holiness—"
2d1fd690-a168-4b67-95b8-0c9b01928ad1,sc379_athenagoras_legatio_chap29_en,sc379_athenagoras_legatio_chap29,"Athenag., Leg. 29 (English)","Athenag., Leg. 29",0.24,partial,"XXIX 1. Αλλὰ καὶ Ἑλλήνων οἱ περὶ ποίησιν καὶ ἱστορίαν σοφοὶ περὶ μὲν Ἡρακλέους · σχέτλιος, οὐδὲ θεῶν ὄπιν ᾐδέσατ' οὐδὲ τράπεζαν τὴν ἣν οἱ παρέθηκεν · ἔπειτα δὲ πέφνε καὶ αὐτόν, Ἴφι","XXIX 1. And the learned Greeks in poetry and history concerning Heracles: 'Wretch, he felt no shame before the gods nor before the table which his host had set for him; and then he"
41d7906c-80d1-40f9-8f48-8d502036acb0,sc79_chrysostomus_de_providentia_chap10_en,sc79_chrysostomus_de_providentia_chap10,"Chrys., Prov. 10 (English)","Chrys., Prov. 10",0.24,partial,1. Γέροντι γενομένῳ ποτὲ τῷ Ἀβραὰμ καὶ πρὸς παιδοποι-ίαν ἐκ τῆς ἡλικίας νεκρωθέντι λοιπόν - εἰς γὰρ τὸ γενέσθαι πατὴρ οὐδὲν ἄμεινον τῶν τετελευτηκότων διέκειτο ζῶν -γέροντι τοίνυν ,Chapter 10 of Chrysostom's On Providence offers a sustained meditation on Abraham as the supreme exemplar of trust in divine providence against all appearances. Abraham was elderly
59295460-605e-46d9-87da-1af63f75e0a5,passage_boethius_cons_35_en,passage_boethius_cons_35,"Boethius, Cons. 35: Death Ends All (English)","Boethius, Cons. 35: Death Ends All",0.25,partial,"ut adversum se factae coniurationis conscios proderet, linguam ille momordit atque abscidit et in os tyranni saevientis abiecit; ita cruciatus, quos putabat tyrannus materiam crude","Boethius, Consolation of Philosophy, passage 35: Death Ends All. When a tyrant thought he could force a free man by torture to betray the conspirators against him, the man bit off "
44c7142b-49a9-4952-9a8b-fa33dffef748,passage_boethius_cons_63_en,passage_boethius_cons_63,"Boethius, Cons. 63: God is Supreme Good (English)","Boethius, Cons. 63: God is Supreme Good",0.25,partial,"Nam ni tale sit, rerum omnium princeps esse non poterit; erit enim eo praestantius aliquid perfectum possidens bonum, quod hoc prius atque antiquius esse videatur; omnia namque per","Boethius, Consolation of Philosophy, passage 63: God is Supreme Good. If something perfect did not exist, it could not be the first principle of all things, for there would always "
c3ee1296-63a5-4450-a3e6-d6b5c07bab53,passage_boethius_cons_66_en,passage_boethius_cons_66,"Boethius, Cons. 66: Good as Cause (English)","Boethius, Cons. 66: Good as Cause",0.25,partial,"- Ad bonum vero cetera referri palam est. Ideirco enim sufficientia petitur, quoniam bonum esse iudicatur, idcirco potentia, quoniam id quoque esse creditur bonum; idem de reverent","Boethius, Consolation of Philosophy, passage 66: Good as Cause. All other things are clearly referred to the good. Self-sufficiency is sought because it is judged to be good; power"
66a169fd-054f-43a8-a478-a04d12ecbd83,passage_boethius_cons_94_en,passage_boethius_cons_94,"Boethius, Cons. 94: Fortune and Justice (English)","Boethius, Cons. 94: Fortune and Justice",0.25,partial,"Sic enim cianus testatiusque {testatiusque} sapientiae tractatur officium, cum in contingentes populos regentium quodam modo beatitudo transfunditur, cum praesertim carcer ceteraqu","Boethius, Consolation of Philosophy, passage 94: Fortune and Justice. The office of wisdom is exercised more clearly and more manifestly when the happiness of rulers is poured out "
d89a3428-85ed-4087-9a3d-66f1a4f2b4e3,passage_sen_prov_4_5_en,passage_sen_prov_4_5,"Seneca, De Prov. 4.5: God Provides Material for Virtue (English)","Seneca, De Prov. 4.5: God Provides Material for Virtue",0.25,partial,"Latin: Ipsis, inquam, deus consulit, quos esse quam honestissimos cupit, quotiens illis materiam praebet aliquid animose fortiterque faciendi, ad quam rem opus est aliqua rerum dif","Seneca, On Providence 4.5: God Provides Material for Virtue. God, I say, is looking out for those whom He wishes to be as honorable as possible whenever He provides them material f"
8f74cdb7-47c1-4559-bcb8-989f79b710db,sc147_origenes_contra_celsum_v_par39_en,sc147_origenes_contra_celsum_v_par39,CC V 39 (English),CC V 39,0.25,partial,"39. Χρὴ οὖν ζητεῖν τὸ ἁρμοζόντως τῷ λογικῷ καὶ ἡμέρῳ ζῴῳ καὶ λελογισμένως πάντα πράττοντι βρωτὸν καὶ οὐ βρωτόν, καὶ μὴ κατὰ ἀποκλήρωσιν σέβειν ὄϊς ἢ αἶγας ἢ τὰς θηλείας βοῦς. Καὶ τ","39. We should worship virtue rationally (meta logou), not crocodiles and goats and serpents. The Egyptian worship of animals is the reductio ad absurdum of the principle that ances"
72ceab62-d7eb-4245-ab6a-9651bc4a5fd0,sc167_clemens_epistula_ad_corinthios_chap6_en,sc167_clemens_epistula_ad_corinthios_chap6,I Clem. 6 (English),I Clem. 6,0.25,partial,"6. 1. Τούτοις τοῖς ἀνδράσιν ὁσίως πολιτευσαμένοις συνη-θροίσθη πολὺ πλῆθος ἐκλεκτῶν, οἵτινες πολλαῖς αἰκίαις καὶ βασάνοις διὰ ζῆλος παθόντες ὑπόδειγμα κάλλιστον ἐγένοντο ἐν ἡμῖν. 2","6.1. To these men who conducted their lives in holiness there was joined a great multitude of the chosen, who suffered many indignities and torments through jealousy and thus becam"
db3f5baa-0b76-436d-8d23-a99f73fe0f6f,sc172_epistula_barnabae_chap_9_verset_4a_5c_en,sc172_epistula_barnabae_chap_9_verset_4a_5c,Barn. 9.4a-5c (English),Barn. 9.4a-5c,0.25,more,"4a. Ἀλλὰ καὶ ἡ περιτομὴ ἐφ' ᾗ πεποίθασιν κατήργηται. 4b. Περιτομὴν γὰρ εἴρηκεν οὐ σαρκὸς γενηθῆναι · ἀλλὰ παρέ-βησαν, ὅτι ἄγγελος πονηρὸς ἐσόφιζεν αὐτούς. 5a. Λέγει δὲ πρὸς αὐτούς ",4a. But also the circumcision (peritome) in which they trusted has been abolished. For he declared that circumcision was not of the flesh; but they transgressed because an evil ang
8a70c241-d8f6-4403-973e-7297984ae925,passage_sen_prov_5_1_en,passage_sen_prov_5_1,"Seneca, De Prov. 5.1: The Good Serve Willingly (English)","Seneca, De Prov. 5.1: The Good Serve Willingly",0.26,partial,"Latin: Adice nunc, quod pro omnibus est optimum quemque, ut ita dicam, militare et edere operas. Hoc est propositum deo quod sapienti viro, ostendere haec quae vulgus appetit, quae","Seneca, On Providence 5.1. Seneca addresses the objection: 'Why does God allow anything bad to happen to good men?' He answers that God in fact allows nothing bad to happen to them"
fc237e9d-ab63-4f32-b1af-aed529d75ccb,sc132_origenes_contra_celsum_ii_par68_en,sc132_origenes_contra_celsum_ii_par68,CC II 68 (English),CC II 68,0.26,partial,"68. Ἴδωμεν δὲ τίνα τρόπον φησὶν ὁ παρὰ τῷ Κέλσῳ Ἰουδαῖος ὅτι εἰ δ' οὖν τό γε τοσοῦτον [ ὤφειλεν εἰς ἐπίδειξιν ] θεότητος, [ ἀπὸ τοῦ σκόλοπος ] γοῦν εὐθὺς [ ἀφανὴς γενέσθαι.] Καὶ το","68. Let us see in what manner the Jew in Celsus says: 'If then he ought at least to that extent to have shown his divinity, he should at once from the cross have made himself invis"
4b84849b-709d-45f4-aaf6-eb1dc8e96d83,sc136_origenes_contra_celsum_iv_par17_en,sc136_origenes_contra_celsum_iv_par17,CC IV 17 (English),CC IV 17,0.26,partial,"17. Ἆρα δὲ οὐ πολλῷ ταῦτα, καὶ μάλιστα ὅτε ὃν δεῖ τρόπον νοεῖται, σεμνότερα φανεῖται Διονύσου ὑπὸ τῶν Τιτάνων ἐπατωμένου καὶ ἐκπίπτοντος ἀπὸ τοῦ Διὸς θρόνου καὶ σπαρασσομένου ὑπ' α","17. Do these things not appear, especially when understood as they ought to be, far more elevated than Dionysus being trampled upon by the Titans and falling from the throne of Zeu"
d3f3a0e9-493e-4984-b80c-3c042c2332d5,sc136_origenes_contra_celsum_iv_par13_en,sc136_origenes_contra_celsum_iv_par13,CC IV 13 (English),CC IV 13,0.26,partial,"13. Ἐπεὶ δὲ χλευάζων ὁ Κέλσος φησὶν ἡμᾶς λέγειν τὸν θεὸν δίκην βασανιστοῦ πῦρ φέροντα καταβαίνειν καὶ ἀναγκάζει ἡμᾶς οὐ κατὰ καιρὸν βαθυτέρους ἐξετάζειν λόγους, ὀλίγα εἰπόντες, ὅσο","13. Since Celsus mockingly says we speak of God descending like a torturer carrying fire, and forces us to examine deeper arguments out of season, we shall say a few things, just e"
eec6391c-81e4-4df7-8ff5-7164e42a920c,sc147_origenes_contra_celsum_vi_par10_b_en,sc147_origenes_contra_celsum_vi_par10_b,CC VI 10_b (English),CC VI 10_b,0.26,partial,"Οὐ πρὸς πάντα οὖν τὸν προσιόντα φαμὲν ὅτι πρῶτον πίστευσον ὃν εἰσηγοῦμαί σοι τοῦτον εἶναι υἱὸν θεοῦ, ἀλλ'ἑκάστῳ κατὰ τὸ πρέπον αὐτοῦ τῷ ἤθει καὶ τῇ καταστάσει προσάγομεν τὸν λόγον,","We do not, therefore, say to every person who approaches: 'First believe that the one I introduce is the Son of God.' Rather, we present the teaching (logos) to each person in a ma"
88ce2418-2cc7-498e-9b19-6e1b21050115,sc147_origenes_contra_celsum_vi_par23_a_en,sc147_origenes_contra_celsum_vi_par23_a,CC VI 23_a (English),CC VI 23_a,0.26,partial,Ἴστω δὲ Κέλσος καὶ οἱ ἐντυγχάνοντες αὐτοῦ τῷ βιβλίῳ ὅτι οὐδαμοῦ τῶν γνησίων καὶ θείων πεπιστευμένων γραφῶν ἑπτὰ εἴρηνται οὐρανοί · οὔτ' ἀπὸ Περσῶν ἢ Καβείρων λαβόντες ἡμῶν οἱ προφῆ,Let Celsus and those who read his book know that nowhere in the genuine and divinely-inspired Scriptures (graphai) are seven heavens mentioned. Neither did our prophets take anythi
4e43a3b8-3852-4c9a-970f-c6cee4741d81,sc147_origenes_contra_celsum_vi_par47_en,sc147_origenes_contra_celsum_vi_par47,CC VI 47 (English),CC VI 47,0.26,partial,"47. Ἔλεγε δὴ μετὰ τὰ ἐκκείμενα τοιαῦτα · Ὁπόθεν δὲ καὶ αὐτὸ τοῦτο ἐπῆλθεν αὐτοῖς θεοῦ υἱὸν καλεῖν, σημαίνω. Ἄνδρες παλαιοὶ τόνδε τὸν κόσμον ὡς ἐκ θεοῦ γενόμενον παῖδά τε αὐτοῦ καὶ ","After the above, Celsus said the following: 'From what source did it occur to them to call him Son of God? I will explain. Ancient men called this world, as having come from God, b"
f5eeef62-f172-47e9-9396-9f9aa6bb87bb,sc172_epistula_barnabae_chap_8_verset_2a_4_en,sc172_epistula_barnabae_chap_8_verset_2a_4,Barn. 8.2a-4 (English),Barn. 8.2a-4,0.26,more,"2a. Νοεῖτε, πῶς ἐν ἁπλότητι λέγει ὑμῖν. 2b. Ὁ μόσχος Ἰησοῦς ἐστίν, οἱ προσφέροντες ἄνδρες ἁμαρτωλοὶ οἱ προσε-νέγκαντες αὐτὸν ἐπὶ τὴν σφαγήν. 2c. Εἶτα οὐκέτι ἄνδρες, οὐκέτι ἁμαρτωλῶ",2a. Perceive how he speaks to you in simplicity. The calf is Jesus; the sinful men who offer it are those who brought him to the slaughter. Then they are men no longer; no longer i
78cf9d5f-9438-404c-b78b-5db6e1646c0d,sc53bis_hermas_pastor_chap76_en,sc53bis_hermas_pastor_chap76,"Hermas, Past. 76 (English)","Hermas, Past. 76",0.26,partial,"1. Οἱ δὲ τὰς ῥάβδους ἐπιδεδωκότες χλωράς, αὐτὰ δὲ τὰ ἄκρα ξηρὰ καὶ σχισμὰς ἔχοντα, οὗτοι πάντοτε ἀγαθοὶ καὶ πιστοὶ καὶ ἔνδοξοι παρὰ τῷ θεῷ ἐγένοντο, ἐλάχιστον δὲ ἐξήμαρ-τον διὰ μικ","The ninth parable describes those from the twelfth mountain — entirely white and gleaming — who submitted entirely green, luxuriant branches full of new shoots. These are innocent,"
b17c31bd-e6e7-4ea7-93e8-cd5f3215d576,sc132_origenes_contra_celsum_i_par26_en,sc132_origenes_contra_celsum_i_par26,CC I 26 (English),CC I 26,0.27,partial,"26. Ἴδωμεν δὲ τίνα τρόπον συκοφαντεῖ Ἰουδαίους ὁ πάντ' ἐπαγγελλόμενος εἰδέναι Κέλσος, λέγων αὐτοὺς σέβειν ἀγγέλους καὶ γοητείᾳ προσκεῖσθαι, ἧς ὁ Μωϋσῆς αὐτοῖς γέγονεν ἐξηγητής. Ποῦ","26. Let us see in what way Celsus, who professes to know everything, slanders the Jews, saying that they worship angels and are devoted to sorcery (goeteia), of which Moses was the"
d700bbbf-d1e7-4047-830b-bac3584b65c5,sc132_origenes_contra_celsum_i_par27_en,sc132_origenes_contra_celsum_i_par27,CC I 27 (English),CC I 27,0.27,partial,27. Ἐξετάζων δέ τις τὰ πράγματα ὄψεται ὅτι μείζω τῆς ἀνθρωπίνης φύσεως ἐτόλμησεν ὁ Ἰησοῦς καὶ τολμήσας ἤνυσε. Πάντων γὰρ ἀρχῆθεν ἀντιπραττόντων τῷ σπαρῆναι τὸν λόγον αὐτοῦ ἐπὶ τὴν ,"27. And anyone who examines the facts will see that Jesus dared things greater than human nature (physis) and, having dared them, succeeded. For though from the beginning all thing"
5581814b-6019-4002-b7e4-6c10be7ef915,sc132_origenes_contra_celsum_ii_par63_en,sc132_origenes_contra_celsum_ii_par63,CC II 63 (English),CC II 63,0.27,partial,"63. Μετὰ ταῦτα ὁ Κέλσος οὐκ εὐκαταφρονήτως τὰ γεγραμμένα κακολογῶν φησιν ὅτι ἐχρῆν, εἴπερ ὄντως θείαν δύναμιν ἐκφῆναι ἤθελεν ὁ Ἰησοῦς, αὐτοῖς τοῖς ἐπηρεά-σασι καὶ τῷ καταδικάσαντι ","63. After this Celsus, not without a certain plausibility, criticises what is written and says that if Jesus truly wished to display divine power, he ought to have appeared to thos"
2f6252ad-567a-447b-8182-22d731ac4be2,sc132_origenes_contra_celsum_ii_par69_a_en,sc132_origenes_contra_celsum_ii_par69_a,CC II 69_a (English),CC II 69_a,0.27,partial,"Ἡμεῖς δὲ καὶ τὰ περὶ τῆς ταφῆς καὶ τοῦ μνημείου καὶ τοῦ θάψαντος ἀναγεγραμμένα εὐκαιρότερον διὰ πλειόνων ἐν ἄλλοις, ἔνθα προηγουμένως ἔστι περὶ τούτων λέγειν, διηγη-σόμεθα. Νυνὶ δ'","We shall explain the things written concerning the burial and the tomb and the one who buried him more opportunely and at greater length in other places, where it is appropriate to"
44abea14-ac3b-479e-8d29-436d45b73c73,sc147_origenes_contra_celsum_vi_par25_a_en,sc147_origenes_contra_celsum_vi_par25_a,CC VI 25_a (English),CC VI 25_a,0.27,partial,"Ἔτι δὲ ὁ Κέλσος μελαίνῃ γραμμῇ παχείᾳ φησὶ διειλημ-μένον εἶναι τὸ διάγραμμα, καὶ ταύτην ἔφασκεν εἰρῆσθαι αὐτῷ τὴν Γέενναν, οὖσαν καὶ Τάρταρον. Τὴν δὲ Γέενναν ἡμεῖς ἐν τῷ εὐαγγελίῳ ","Furthermore, Celsus says that the diagram was divided by a thick black line, and that this was said to represent Gehenna (Geenna), which is also Tartarus. But we who find Gehenna w"
f7b3c96f-1987-4d5e-9d79-b2342173ca9d,sc167_clemens_epistula_ad_corinthios_chap10_en,sc167_clemens_epistula_ad_corinthios_chap10,I Clem. 10 (English),I Clem. 10,0.27,partial,"10. 1. Ἀβραάμ, ὁ φίλος προσαγορευθείς, πιστὸς εὑρέθη ἐν τῷ αὐτὸν ὑπήκοον γενέσθαι τοῖς ῥήμασιν τοῦ θεοῦ. 2. Οὗτος δι' ὑπακοῆς ἐξῆλθεν ἐκ τῆς γῆς αὐτοῦ καὶ ἐκ τῆς συγγενείας αὐτοῦ κ","10.1. Abraham, who was called 'the Friend,' was found faithful by his becoming obedient to the words of God. 2. He went out from his country and from his kindred and from the house"
29a4e547-db32-40b3-9bf5-0cb29fc9b45d,sc20_theophilus_ad_autolycum_ii_liv_2_superiorite_des_auteurs_sacres_sur_les_profanes_chap_37_en,sc20_theophilus_ad_autolycum_ii_liv_2_superiorite_des_auteurs_sacres_sur_les_profanes_chap_37,Ad Aut. II 37 (English),Ad Aut. II 37,0.27,partial,37. Ἤδη δὲ καὶ τῶν ποιητῶν τινες ὡσπερεὶ λόγια ἑαυτοῖς ἐξεῖπον ταῦτα καὶ εἰς μαρτύριον τοῖς τὰ ἄδικα πράσσουσι λέγοντες ὅτι μέλλουσιν κολάζεσθαι. Αἰσχύλος ἔφη ·   Δράσαντι γάρ τοι ,"37. Already some of the poets too have spoken these things as though as oracles to themselves and as testimony against those who practice injustice, saying that they are destined t"
ecd28f10-8695-4a8a-93b6-8f80d1a545f7,sc132_origenes_contra_celsum_i_par13_en,sc132_origenes_contra_celsum_i_par13,CC I 13 (English),CC I 13,0.28,partial,"13. Ἐπεὶ δ' ὁ Κέλσος ἔθηκεν ὡς λεγόμενον ὑπὸ πολλῶν Χριστιανῶν « Κακὸν μέν γε ἡ ἐν τῷ βίῳ σοφία ἀγαθὸν δ' ἡ μωρία », λεκτέον ὅτι συκοφαντεῖ τὸν λόγον, μὴ ἐκθέμενος αὐτὴν τὴν παρὰ τ","13. Since Celsus has quoted as being said by many Christians: 'The wisdom of this world is an evil, and foolishness is a good,' it must be said that he misrepresents the argument b"
699fcebc-4e3f-44f6-ab0c-08714da16d3f,sc172_epistula_barnabae_chap_13_verset_1_en,sc172_epistula_barnabae_chap_13_verset_1,Barn. 13.1 (English),Barn. 13.1,0.28,more,"13, 1. Ἴδωμεν δέ, εἰ οὗτος ὁ λαὸς κληρονόμος ἢ ὁ πρῶτος, καὶ εἰ ἡ διαθήκη εἰς ἡμᾶς ἢ εἰς ἐκείνους.","But let us also see whether this people or the former people is the heir, and whether the covenant applies to us or to them. Hear then what Scripture says about the people: 'And Is"
a370d044-75c2-47ba-86a8-3f8a07ed8dab,sc464_pamphilus_apologia_pro_origene_par72_en,sc464_pamphilus_apologia_pro_origene_par72,"Pamph., Apol. 72 (English)","Pamph., Apol. 72",0.28,partial,"72. Origenes. De Spiritu uero Sancto quia est multae nos Scripturae docuerunt, sicut Dauid in quiquagesimo psalmo dicit : Et Spiritum Sanctum tuum ne auferas a me ; et in Daniele d","72. Origen. That the Holy Spirit exists, many scriptural passages have taught us — as David says in the fiftieth psalm: 'Take not your Holy Spirit from me'; and in Daniel it is sai"
dc74a4fe-7b8e-4a37-b230-639bd411bf84,sc470_aristides_apologia_chap11_en,sc470_aristides_apologia_chap11,"Aristides, Apol. 11 (English)","Aristides, Apol. 11",0.28,partial,"1. Τὸν δὲ Ἀπόλλωνα παρεισάγουσι θεὸν εἶναι ζηλωτήν, ἔτι δὲ καὶ τόξον καὶ φαρέτραν κρατοῦντα, ποτὲ δὲ καὶ κιθάραν καὶ ἐπαυθίδα, καὶ μαντευόμενον τοῖς ἀνθρώποις χάριν μισθοῦ · ἆρα ἐπ","1. They introduce Apollo as a god who is jealous, and one who holds a bow and quiver, and at times also a lyre and a plectrum, and who gives oracles to men for payment. Is he there"
51a54cf5-3c18-4a4a-965a-35e32a02c243,passage_boethius_cons_61_en,passage_boethius_cons_61,"Boethius, Cons. 61: O God Who Governs (Verse) (English)","Boethius, Cons. 61: O God Who Governs (Verse)",0.29,partial,"O qui perpetua mundum ratione gubernas, terrarum caelique {caelique} sator, qui tempus ab aevo ire iubes stabilisque {stabilisque} manens das cuncta moveri, quem non externae pepul","Boethius, Consolation of Philosophy, passage 61: Hymn to the Creator (O qui perpetua). O You who govern the world by eternal reason (perpetua ratio), Sower of heaven and earth, who"
a7bbc454-b33b-4f80-a770-c4dbb2ac021e,passage_boethius_cons_74_en,passage_boethius_cons_74,"Boethius, Cons. 74: Nothing Opposes God (English)","Boethius, Cons. 74: Nothing Opposes God",0.29,partial,"— Quodsi conetur, ait, num tandem proficiet quicquam adversum eum, quem iure beatitudinis potentissimum esse concessimus? - Prorsus. inquam, nihil valeret. - Non est igitur aliquid","Boethius, Consolation of Philosophy, passage 74: Nothing Opposes God. If anything should attempt to oppose the supreme good, could it accomplish anything against the one whom we ha"
1af94021-3ed0-4566-84c6-920034a5ca90,sc132_origenes_contra_celsum_i_par30_en,sc132_origenes_contra_celsum_i_par30,CC I 30 (English),CC I 30,0.29,partial,"30. Τίς οὖν μὴ παρέργως ἀνερευνῶν τὴν τῶν πραγμάτων φύσιν οὐκ ἂν αὐτὸν καταπλαγείη νικήσαντα καὶ ὑπεραναβῆναι δυνηθέντα τῇ δόξῃ τὰ ποιητικὰ ἀδοξίας πάντα <καὶ> πάντα, τοὺς πώποτ' ἐ","30. Who, then, investigating the nature of things not superficially, would not be astonished at this man who prevailed and was able to rise in renown above all the things that prod"
49054ac7-1f25-41fb-836b-99d7d1356c2f,sc147_origenes_contra_celsum_vi_par25_en,sc147_origenes_contra_celsum_vi_par25,CC VI 25 (English),CC VI 25,0.29,partial,"25. Ἐν ᾧ ἦν διαγραφὴ κύκλων, ἀπολελυμένων μὲν ἀπ' ἀλλήλων δέκα συνδουμένων δὲ ὑφ' ἑνὸς κύκλου, ὃς ἐλέγετο εἶναι ἡ τῶν ὅλων ψυχὴ καὶ ὠνομάζετο Λευϊαθάν, ὅντινα αἱ Ἰουδαίων γραφαὶ ὅ ","In this diagram there was a drawing of circles—ten separate from one another but bound together by a single circle, which was said to be the soul of all things (psyche ton holon) a"
42cfad72-7388-4a8f-9d2c-98b480763d52,sc172_epistula_barnabae_chap_15_verset_1_2_en,sc172_epistula_barnabae_chap_15_verset_1_2,Barn. 15.1-2 (English),Barn. 15.1-2,0.29,more,"15. 1. Ἔτι οὖν καὶ περὶ τοῦ σαββάτου, γέγραπται ἐν τοῖς δέκα λόγοις, ἐν οἷς ἐλάλησεν ἐν τῷ ὄρει Σινᾶ πρὸς Μωϋσῆν κατὰ πρόσωπον · « Καὶ ἁγιάσατε τὸ σάββατον κυρίου χερσὶν καθαραῖς κ","Moreover concerning the Sabbath also it is written, in the ten words that he spoke to Moses face to face on Mount Sinai: 'And sanctify the Sabbath of the Lord with clean hands and "
e30a6ca9-9125-415b-bcfa-0825c03ca496,sc172_epistula_barnabae_chap_4_verset_9a_en,sc172_epistula_barnabae_chap_4_verset_9a,Barn. 4.9a (English),Barn. 4.9a,0.29,partial,"9a. Πολλὰ δὲ θέλων γράφειν, οὐχ ὡς διδάσκαλος ἀλλ' ὡς πρέπει ἀγαπῶντι, ἀφ' ὧν ἔχομεν μὴ ἐλλείπειν, γράφειν ἐσπούδασα - περίψημα ὑμῶν.","9a. Concerning which I wish to write many things, not as a teacher but as befits one who loves you, that we may not fall short of anything."
9fe83bfc-b10a-4b8e-abd5-e96f94dc914b,passage_boethius_cons_57_en,passage_boethius_cons_57,"Boethius, Cons. 57: The Simple Good (English)","Boethius, Cons. 57: The Simple Good",0.3,partial,"Hactenus mendacis formam felicitatis ostendisse suffecerit quam si perspicaciter intueris, ordo est deincepsquae {deincepsquae} sit vera. monstrare. — Atqui video, inquam, nec opib","Boethius, Consolation of Philosophy, passage 57. It has been sufficient up to this point to have shown the form of false happiness. If Boethius looks at it clearly, the next step i"
0f855d77-a370-48b9-8a2a-5d49f3439351,passage_boethius_cons_75_en,passage_boethius_cons_75,"Boethius, Cons. 75: Summary of Conclusions (English)","Boethius, Cons. 75: Summary of Conclusions",0.3,partial,"Etenim paulo ante beatitudine incipiens eam summum bonum esse dicebas, quam in summo deo sitam loquebare. Ipsum quoe deum summum esse bonum plenamque {plenamque} beatitudinem disse","Boethius, Consolation of Philosophy, passage 75: Summary of Conclusions. Boethius recapitulates: beginning with happiness, Philosophy said it was the supreme good, residing in the "
013cae97-3a08-4c30-ba86-8945bebee63f,sc132_origenes_contra_celsum_i_par11_en,sc132_origenes_contra_celsum_i_par11,CC I 11 (English),CC I 11,0.3,partial,"11. Περὶ ὧν ὁ μὴ πιστεύων μόνον ἀλλὰ καὶ λόγῳ θεωρῶν τὰ πράγματα ἐρεῖ τὰς ὑποπιπτούσας αὐτῷ καὶ εὑρισκομένας ἐκ τοῦ πάνυ ζητεῖν ἀποδείξεις. Πῶς δ' οὐκ εὐλογώτερον, πάντων τῶν ἀνθρω","11. Concerning these matters, the one who does not merely believe but also contemplates things through reason (logos) will state the proofs that present themselves to him and are d"
5aec0449-e7aa-4712-abf0-766b411deb4b,sc147_origenes_contra_celsum_v_par37_en,sc147_origenes_contra_celsum_v_par37,CC V 37 (English),CC V 37,0.3,partial,"37. Δύο τοίνυν νόμων προκειμένων γενικῶς, καὶ τοῦ μὲν ὄντος τῆς φύσεως νόμου, ὃν θεὸς ἂν νομοθετήσαι, ἑτέρου δὲ τοῦ ἐν ταῖς πόλεσι γραπτοῦ, καλὸν ὅπου μὲν μὴ ἐναντιοῦται ὁ γραπτὸς ","37. There are two kinds of law: the natural law (phusei nomos) of God, which is universal and applies to all rational beings, and the written civil law (nomos engraphos), which var"
f38f387e-430b-43f2-b508-ee72f72bc7a7,sc147_origenes_contra_celsum_v_par49_en,sc147_origenes_contra_celsum_v_par49,CC V 49 (English),CC V 49,0.3,partial,"49. Ἀλλ' οὐδὲ ἐπὶ τῷ συῶν ἀπέχεσθαι ὡς μεγάλῳ τινὶ Ἰουδαῖοι σεμνύνονται, ἐπὶ δὲ τῷ τὴν καθαρῶν καὶ ἀκαθάρτων ζῴων φύσιν μεμαθηκέναι καὶ τὴν τούτου αἰτίαν ἐγνωκέναι καὶ τὸν σῦν ἐν ἀ","49. But neither do Jews take pride in abstaining from pork as something great in itself, but rather in their knowledge of the nature of clean and unclean animals and their understa"
ea9ba329-9270-4f8e-92f2-903862b22fe2,sc147_origenes_contra_celsum_vi_par42_c_en,sc147_origenes_contra_celsum_vi_par42_c,CC VI 42_c (English),CC VI 42_c,0.3,partial,"Ἀποδεξάμενος δὲ τὰ Ἑλλήνων πλάσματα ἐπιλέγει κατηγορῶν τῶν ἡμετέρων τοιαῦτα, ὅτι <τὸ> θεοῦ υἱὸν ὑπὸ διαβόλου κολάζεσθαι καὶ ἡμᾶς διδάσκει, ὡς ἂν ὑπὸ τοῦ αὐτοῦ κολαζόμενοι καρτεροῖμ","Having approved the Greek myths, he adds in accusation of our teaching that we say the Son of God is punished by the Devil, and teaches us to endure the same punishments so that we"
a8719e6f-3300-4f92-83f8-27a88eda9cf3,sc20_theophilus_ad_autolycum_ii_liv_2_superiorite_des_auteurs_sacres_sur_les_profanes_chap_18_en,sc20_theophilus_ad_autolycum_ii_liv_2_superiorite_des_auteurs_sacres_sur_les_profanes_chap_18,Ad Aut. II 18 (English),Ad Aut. II 18,0.3,partial,"18. Τὰ δὲ περὶ τῆς τοῦ ἀνθρώπου ποιήσεως, ἀνέκφραστός ἐστιν ὡς πρὸς ἄνθρωπον ἡ κατ' αὐτὸν δημιουργία, καίπερ σύντομον ἔχει ἡ θεία γραφή τὴν κατ' αὐτὸν ἐκφώνησιν. Ἐν τῷ γὰρ εἰπεῖν τ","18. As for the creation of humanity, the fashioning of man is beyond human utterance to express, even though the divine scripture has only a brief declaration about it. For in God'"
73a4b3cd-c8a5-485f-9b0d-bbcba0461ede,sc20_theophilus_ad_autolycum_ii_liv_2_superiorite_des_auteurs_sacres_sur_les_profanes_chap_7_en,sc20_theophilus_ad_autolycum_ii_liv_2_superiorite_des_auteurs_sacres_sur_les_profanes_chap_7,Ad Aut. II 7 (English),Ad Aut. II 7,0.3,partial,"7. Τί δέ μοι λέγειν τοὺς κατὰ Ἕλληνας μύθους καὶ τὴν ἐν αὐτοῖς ματαιοπονίαν, Πλούτωνα μὲν σκότους βασιλεύοντα, καὶ Ποσειδῶνα ὑπὸ πόντον δύνοντα καὶ τῇ Μελανίππῃ περιπλεκόμενον καὶ ","7. Why should I speak of the myths among the Greeks and the futile labor in them—Pluto reigning over darkness, and Poseidon diving beneath the sea and coupling with Melanippe and b"
f26c6025-60e4-4943-a067-c6a5dbe60031,sc470_aristides_apologia_chap16_en,sc470_aristides_apologia_chap16,"Aristides, Apol. 16 (English)","Aristides, Apol. 16",0.3,partial,"1-2. Ὄντως οὖν αὕτη ἐστὶν ἡ ὁδὸς τῆς ἀληθείας, ἥτις τοὺς ὁδεύοντας αὐτὴν εἰς τὴν αἰώνιον χειραγωγεῖ βασιλείαν τὴν ἐπηγγελμένην παρὰ Χριστοῦ ἐν τῇ μελλούσῃ ζωῇ.  4. Καὶ ἵνα γνῷς, ὦ ","1–2. Truly, therefore, this is the way of truth, which guides those who walk it to the eternal kingdom promised by Christ in the life to come. 4. And so that you may know, O King, "
