node_id,label,type,period,language,p_language,description_excerpt
scholarly_work_andresen_1955_logos_nomos,Logos und Nomos: Die Polemik des Kelsos wider das Christentum,publication,Contemporary,de,1,Logos und Nomos: Die Polemik des Kelsos wider das Christentum
scholarly_work_haacker_1997_die_geschichtstheologie_von_rom_im_licht,Haacker 1997 — Die Geschichtstheologie von Röm 9-11 im Lichte philonischer Schriftauslegung,publication,Contemporary,de,1,Die Geschichtstheologie von Röm 9-11 im Lichte philonischer Schriftauslegung
scholarly_work_lindemann_1979_paulus_im_ltesten_christentum_das_bild_d,Lindemann 1979 — Paulus im ältesten Christentum: Das Bild des Apostels und die Rezeption der paul,publication,Contemporary,de,1,Paulus im ältesten Christentum: Das Bild des Apostels und die Rezeption der paulinischen Theologie in der frühchristlichen Literatur bis Marcion
pub_dolidze_2004_der_begriff_des_freien_willens_als_gegenstand_der_origeneischen,Tina D. Dolidze 2004 — Der Begriff des Freien Willens als Gegenstand der origeneischen Hermeneutik,publication,Contemporary,de,1,"Die Frage nach dem Begriff der Willensfreiheit in der Bibelauslegung des Origenes ist ein Aspekt seiner gesamten Freiheitslehre. Man kann wohl sagen, dass die Deutung dieser ontologisch-anthropologischen Kategorie bei de"
pub_eijk_1988_origenes_verteidigung_des_freien_willens_in_de_oratione,"Ph J. Van Der Eijk 1988 — Origenes' Verteidigung Des Freien Willens in De Oratione 6, 1-2",publication,Contemporary,de,1,"Origenes' Verteidigung Des Freien Willens in De Oratione 6, 1-2"
pub_emmenegger_2011_die_heiligen_pflichten_mussen_wir_erfullen_origenes_und_kelsos,Gregor Emmenegger 2011 — Die heiligen Pflichten müssen wir erfüllen - Origenes und Kelsos,publication,Contemporary,de,1,Die heiligen Pflichten müssen wir erfüllen - Origenes und Kelsos
pub_furst_2012_autonomie_und_menschenwurde_origenes_in_der_philosophie_der_neuz,Alfons Fürst et al. 2012 — Autonomie und Menschenwürde : Origenes in der Philosophie der Neuzeit,publication,Contemporary,de,1,Autonomie und Menschenwürde : Origenes in der Philosophie der Neuzeit
pub_furst_2017_origenes_grieche_und_christ_in_romischer_zeit,Alfons Fürst 2017 — Origenes : Grieche und Christ in römischer Zeit,publication,Contemporary,de,1,"Christ sein und Grieche bleiben – das war sozusagen das Lebens- und Arbeitsprogramm des frühchristlichen Theologen Origenes aus Alexandria (185–253/54). Als “das Wunder der christlichen Welt” gepriesen, wurde er zu einem"
pub_heither_1996_das_gebet_bei_origenes_abtei_mariendonk_47906_kempen_1996_pp_24,"Heither T. 1996 — Das Gebet bei Origenes, Abtei Mariendonk (D-47906 Kempen) 1996, pp. 24",publication,Contemporary,de,1,"[1. Gebet als Wunder. 2. Gebet als Begegnung mit dem lebendigen, personalen Gott. 3. Gebet und Vorsehung. 4. Gebet bewirkt Gemeinschaft. 5. Das Gebet erstrebt das Göttliche und Große. Das Gebet soll unabläßig sein]."
pub_klein_1894_die_freiheitslehre_des_origenes_in_ihren_ethisch_theologischen_v,Carl Klein 1894 — Die Freiheitslehre des Origenes in ihren ethisch-theologischen Voraussetzungen und Folgerungen im Zusammenhang mit der altgriechischen Ethik :Inaugural-Dissertation ... / von Carl Klein,publication,Contemporary,de,1,Die Freiheitslehre des Origenes in ihren ethisch-theologischen Voraussetzungen und Folgerungen im Zusammenhang mit der altgriechischen Ethik :Inaugural-Dissertation ... / von Carl Klein
pub_schmidt_2016_freiheit_zur_haresie_rezeption_und_aktualitat_des_origenes_im_fr,Bernward Schmidt 2016 — Freiheit zur Häresie? Rezeption und Aktualität des Origenes im frühneuzeitlichen Frankreich,publication,Contemporary,de,1,Freiheit zur Häresie? Rezeption und Aktualität des Origenes im frühneuzeitlichen Frankreich
pub_koch_1979_pronoia_und_paideusis_studien_ueber_origenes_und_sein_verhaeltni,Hal Koch 1979 — Pronoia und Paideusis : Studien ueber Origenes und sein Verhaeltnis zum Platonismus,publication,Contemporary,de,0.99,Pronoia und Paideusis : Studien ueber Origenes und sein Verhaeltnis zum Platonismus
pub_cohen_2010_sabbath_law_and_mishnah_shabbat_in_origen_de_principiis,Shaye J. D. Cohen 2010 — Sabbath Law and Mishnah Shabbat in Origen De Principiis,publication,Contemporary,de,0.98,"»Vielmehr bietet [der Kommentar] auf höchstem Niveau eine substantielle Auseinandersetzung mit den Hintergründen, den Zusammenhängen, der Theorie und der Praxis des Grundgesetzes. Besseres lässt sich von einem Verfassung"
pub_furst_2015_origenes_humanista_pico_della_mirandolas_traktat_de_salute_orige,Alfons Fürst et al. 2015 — Origenes Humanista : Pico della Mirandolas Traktat De salute Origenis disputatio ; [Kolloquium zum Nachleben des Origenes über Pico della Mirandolas Traktat De salute Origenis Disputatio ... am 12. und 13. Oktober 2012 an der Katholisch-Theologischen Fakultät der Westfälischen Wilhelm-Universität Münster],publication,Contemporary,de,0.96,"""Die Schriften des Origenes waren eine wichtige Inspirationsquelle für die geistigen Aufbrüche der Renaissance und des Humanismus. Ein Schlüsseltext hierfür ist die 1496 postum veröffentlichte Rede des Giovanni Pico dell"
pub_lies_1992_origenes_peri_archon_eine_undogmatische_dogmatik_einfuhrung_und,"Lothar Lies 1992 — Origenes' ""Peri archon"" : eine undogmatische Dogmatik ; Einführung und Erläuterung",publication,Contemporary,de,0.9,"Origenes' ""Peri archon"" : eine undogmatische Dogmatik ; Einführung und Erläuterung"
pub_perkams_2010_ethischer_intellektualismus_und_willensbegriff_handlungstheorie,Matthias Perkams 2010 — Ethischer Intellektualismus und Willensbegriff. Handlungstheorie beim griechischen und lateinischen Origenes,publication,Contemporary,de,0.88,Ethischer Intellektualismus und Willensbegriff. Handlungstheorie beim griechischen und lateinischen Origenes was published in Wille und Handlung in der Philosophie der Kaiserzeit und Spätantike on page 237.
pub_holz_1970_uber_den_begriff_des_willens_und_der_freiheit_bei_origenes,Harald Holz 1970 — Über den Begriff des Willens und der Freiheit bei Origenes.,publication,Contemporary,de,0.75,"Article Über den Begriff des Willens und der Freiheit bei Origenes. was published on January 1, 1970 in the journal Neue Zeitschrift für Systematische Theologie und Religionsphilosophie (volume 12, issue 1)."
pub_muller_2009_willensschwache_und_innerer_mensch_in_rom_und_bei_origenes_zur_c,Jörn Müller 2009 — Willensschwäche und innerer Mensch in Röm 7 und bei Origenes : zur christlichen Tradition des Handelns wider besseres Wissen,publication,Contemporary,de,0.72,"Article Willensschwäche und innerer Mensch in Röm 7 und bei Origenes: Zur christlichen Tradition des Handelns wider besseres Wissen was published on July 1, 2009 in the journal Zeitschrift für die neutestamentliche Wisse"
scholarly_work_butticaz_2015_vers_une_anthropologie_universelle_la_cr,Butticaz 2015 — Vers une anthropologie universelle ? La crise galate : fragile gestion de l'ethn,publication,Contemporary,fr,1,Vers une anthropologie universelle ? La crise galate : fragile gestion de l'ethnicité juive
scholarly_work_boulnois_2000_libert_origine_du_mal_et_prescience_divi,"Boulnois 2000 — Liberté, origine du mal et prescience divine selon Cyrille d'Alexandrie",publication,Contemporary,fr,1,"Liberté, origine du mal et prescience divine selon Cyrille d'Alexandrie"
scholarly_work_dettwiler_1995_l_p_tre_aux_colossiens_un_exemple_de_r_c,DETTWILER 1995 — L'épître aux Colossiens: un exemple de réception de la théologie paulinienne,publication,Contemporary,fr,1,L'épître aux Colossiens: un exemple de réception de la théologie paulinienne
scholarly_work_dettwiler_2007_une_exhortation_de_paul_aux_thessalonici,"Dettwiler 2007 — Une exhortation de Paul aux Thessaloniciens: ""Priez sans cesse""",publication,Contemporary,fr,1,"Une exhortation de Paul aux Thessaloniciens: ""Priez sans cesse"""
scholarly_work_djeranian_0_responsabilit_morale_et_destin_une_r_pon,D'Jeranian — Responsabilité morale et destin : une solution possible chez Épictète à l'objection de Cicéron (De fato 39-45),publication,Contemporary,fr,1,Responsabilité morale et destin : une réponse possible chez Épictète à l'objection de Cicéron (De fato 39-45)
scholarly_work_fantino_1998_le_passage_du_premier_adam_au_second_ada,Fantino 1998 — Le passage du premier Adam au second Adam comme expression du salut chez Irénée ,publication,Contemporary,fr,1,Le passage du premier Adam au second Adam comme expression du salut chez Irénée de Lyon
scholarly_work_koch_2019_la_causalit_humaine_sur_le_de_fato_d_ale,Koch 2019 — La Causalité humaine : Sur le De fato d'Alexandre d'Aphrodise,publication,Contemporary,fr,1,La Causalité humaine: Sur le De fato d'Alexandre d'Aphrodise
scholarly_work_koch_2015_le_destin_et_la_providence_sur_deux_trai,Koch 2015 — Le destin et la providence : sur deux traités «jumeaux» d'Alexandre d'Aphrodise,publication,Contemporary,fr,1,Le destin et la providence : sur deux traités «jumeaux» d'Alexandre d'Aphrodise
scholarly_work_koch_piettre_2004_paul_et_les_picuriens_d_ath_nes_entre_po,"Koch Piettre 2004 — Paul et les Épicuriens d'Athènes entre polythéismes, athéismes, et monothéismes",publication,Contemporary,fr,1,"Paul et les Épicuriens d'Athènes entre polythéismes, athéismes, et monothéismes"
scholarly_work_pouderon_2011_l_origine_du_mal_chez_les_apologistes_gr,Pouderon 2011 — L'origine du mal chez les Apologistes grecs : matière et esprit,publication,Contemporary,fr,1,L'origine du mal chez les Apologistes grecs : matière et esprit
scholarly_work_jurasz_2020_l_ex_g_se_platonicienne_et_chr_tienne_du,"Jurasz 2020 — L'exégèse platonicienne et chrétienne du Timée 39e7-9 : Atticus, Justin et Valen",publication,Contemporary,fr,1,"L'exégèse platonicienne et chrétienne du Timée 39e7-9 : Atticus, Justin et Valentin"
pub_chomarat_1986_sur_erasme_et_origene,Jacques Chomarat 1986 — Sur Érasme et Origène,publication,Contemporary,fr,1,"Il y a trois ans paraissait la magnifique thèse d’André Godin sur Érasme lecteur d’Origine ; par des rapprochements précis, des analyses fines et savantes, l’auteur montrait l’influence profonde, décisive qu’Origène a ex"
pub_fedou_2026_augustin_dir_gott_in_die_mitt_damit_glauben_gelingen_kann_fur_ku,"Michel Fédou 2026 — augustin G. (dir.), Gott in die Mitt e. Damit Glauben gelingen kann. Für Kurt Kardinal Koch, Freiburg, Herder, 2025, 536 p., 68,00 €. isbn 9783451024436.",publication,Contemporary,fr,1,"Le Traité sur la prière d’Origène, désormais accessible dans l’édition critique et la traduction de Daniel Vigne, constitue une œuvre majeure de la théologie chrétienne ancienne. Origène y développe une apologie rigoureu"
pub_fedou_2026_aumer_the_light_in_between_journey_of_recognition_new_delhi_arya,"Michel Fédou 2026 — B aümer B. S., The Light In-Between . A journey of Recognition, New Delhi, Aryan Books International, 2025, 376 p., 40,00 $. ISBN 9788173057267",publication,Contemporary,fr,1,"Le Traité sur la prière d’Origène, désormais accessible dans l’édition critique et la traduction de Daniel Vigne, constitue une œuvre majeure de la théologie chrétienne ancienne. Origène y développe une apologie rigoureu"
pub_fedou_2026_aurens_influences_et_delires_influences_de_la_perception_interpr,"Michel Fédou 2026 — L aurens S., Influences et délires d’influences . De la perception à l’interprétation, coll. Travaux de sciences sociales 222, Genève, Librairie Droz, 2025, 232 p., 35,00 €. ISBN 9782600066204.",publication,Contemporary,fr,1,"Le Traité sur la prière d’Origène, désormais accessible dans l’édition critique et la traduction de Daniel Vigne, constitue une œuvre majeure de la théologie chrétienne ancienne. Origène y développe une apologie rigoureu"
pub_fedou_2026_capelle_dumont_emmanuel_levinas_et_le_christianisme_coll_philoso,"Michel Fédou 2026 — Capelle-Dumont P., Emmanuel Levinas et le christianisme, coll. Philosophie et Théologie, Paris, Cerf, 2025, 164 p., 18,00 €. ISBN 9782204174879.",publication,Contemporary,fr,1,"Le Traité sur la prière d’Origène, désormais accessible dans l’édition critique et la traduction de Daniel Vigne, constitue une œuvre majeure de la théologie chrétienne ancienne. Origène y développe une apologie rigoureu"
pub_fedou_2026_dart_le_diable_dans_ses_uvres_comprendre_action_invisible_du_mal,"Michel Fédou 2026 — E dart J.-B., Le diable dans ses œuvres . Comprendre l’action invisible du mal et s’en libérer, Perpignan, Artège, 2025, 468 p., 24,00 €. ISBN 9791033616801.",publication,Contemporary,fr,1,"Le Traité sur la prière d’Origène, désormais accessible dans l’édition critique et la traduction de Daniel Vigne, constitue une œuvre majeure de la théologie chrétienne ancienne. Origène y développe une apologie rigoureu"
pub_fedou_2026_davy_rigaux_dompnier_gomis_dir_des_musiciens_au_service_des_egli,"Michel Fédou 2026 — davy-Rigaux a., dompnier B., Gomis s. (dir.), Des musiciens au service des églises (xviie et xviiie siècles). Hommage à Sylvie Granger, Rennes, pur, 2025, 400 p., 28,00 €. isbn 9791041301331.",publication,Contemporary,fr,1,"Le Traité sur la prière d’Origène, désormais accessible dans l’édition critique et la traduction de Daniel Vigne, constitue une œuvre majeure de la théologie chrétienne ancienne. Origène y développe une apologie rigoureu"
pub_fedou_2026_de_illeneuve_aimer_pour_rien_la_forme_intellectuelle_de_amour_pu,"Michel Fédou 2026 — de V illeneuve C., Aimer pour rien. La forme intellectuelle de l’amour pur, xii-xx e siècle, Paris, Cerf, 2025, 304 p., 24,00 €. ISBN 9782204169110.",publication,Contemporary,fr,1,"Le Traité sur la prière d’Origène, désormais accessible dans l’édition critique et la traduction de Daniel Vigne, constitue une œuvre majeure de la théologie chrétienne ancienne. Origène y développe une apologie rigoureu"
pub_fedou_2026_adam_time_and_tradition_temporal_thinking_in_ecclesiastes_in_the,"Michel Fédou 2026 — Adam M. F., Time and Tradition. Temporal Thinking in Ecclesiastes in the Context of Emerging Apocalypticism and the History of Ideas in the Hellenistic Period, coll. Forschungen zum Alten Testament 191, Tübingen, Mohr Siebeck, 2025, 336 p., 139,00 €. ISBN 9783161647970.",publication,Contemporary,fr,1,"Le Traité sur la prière d’Origène, désormais accessible dans l’édition critique et la traduction de Daniel Vigne, constitue une œuvre majeure de la théologie chrétienne ancienne. Origène y développe une apologie rigoureu"
pub_fedou_2026_de_segni_misere_de_la_condition_humaine_intro_trad_et_commentair,"Michel Fédou 2026 — de Segni L., Misère de la condition humaine, intro., trad. et commentaires O. Hanne, coll. La roue à livres 106, Paris, Les Belles Lettres, 2025, 232 p., 35,00 €. ISBN 9782251457475.",publication,Contemporary,fr,1,"Le Traité sur la prière d’Origène, désormais accessible dans l’édition critique et la traduction de Daniel Vigne, constitue une œuvre majeure de la théologie chrétienne ancienne. Origène y développe une apologie rigoureu"
pub_fedou_2026_delsol_la_tragedie_migratoire_et_la_chute_des_empires_saint_augu,"Michel Fédou 2026 — Delsol C., La tragédie migratoire et la chute des empires. Saint Augustin et nous, Paris, Odile Jacob, 2026, 208 p., 22,90€. ISBN 9782415013981.",publication,Contemporary,fr,1,"Le Traité sur la prière d’Origène, désormais accessible dans l’édition critique et la traduction de Daniel Vigne, constitue une œuvre majeure de la théologie chrétienne ancienne. Origène y développe une apologie rigoureu"
pub_fedou_2026_falque_nouvelle_lettre_sur_apologetique_paris_cerf_2025_150_16_0,"Michel Fédou 2026 — Falque E., Nouvelle lettre sur l’apologétique, Paris, Cerf, 2025, 150 p., 16,00 €. ISBN 9782204172783.",publication,Contemporary,fr,1,"Le Traité sur la prière d’Origène, désormais accessible dans l’édition critique et la traduction de Daniel Vigne, constitue une œuvre majeure de la théologie chrétienne ancienne. Origène y développe une apologie rigoureu"
pub_fedou_2026_barth_destin_et_idee_dans_la_theologie_pref_holzer_postf_chalame,"Michel Fédou 2026 — Barth K., Destin et idée dans la théologie, préf. V. Holzer, postf. C. Chalamet, Paris, Ad Solem, 2024, 128 p., 17,00 €. ISBN 9782372981125.",publication,Contemporary,fr,1,"Le Traité sur la prière d’Origène, désormais accessible dans l’édition critique et la traduction de Daniel Vigne, constitue une œuvre majeure de la théologie chrétienne ancienne. Origène y développe une apologie rigoureu"
pub_fedou_2026_henin_salvador_vermeren_dir_face_obscurantisme_woke_paris_puf_20,"Michel Fédou 2026 — hénin E., salvador x.-l., vermeren P. (dir.), Face à l’obscurantisme woke, Paris, puf, 2025, 454 p., 22,00 €. isbn 9782130849131.",publication,Contemporary,fr,1,"Le Traité sur la prière d’Origène, désormais accessible dans l’édition critique et la traduction de Daniel Vigne, constitue une œuvre majeure de la théologie chrétienne ancienne. Origène y développe une apologie rigoureu"
pub_fedou_2026_ouvrages_analyses,Michel Fédou 2026 — Ouvrages analysés,publication,Contemporary,fr,1,"Le Traité sur la prière d’Origène, désormais accessible dans l’édition critique et la traduction de Daniel Vigne, constitue une œuvre majeure de la théologie chrétienne ancienne. Origène y développe une apologie rigoureu"
pub_fedou_2026_pages_de_fin,Michel Fédou 2026 — Pages de fin,publication,Contemporary,fr,1,"Le Traité sur la prière d’Origène, désormais accessible dans l’édition critique et la traduction de Daniel Vigne, constitue une œuvre majeure de la théologie chrétienne ancienne. Origène y développe une apologie rigoureu"
pub_fedou_2026_richards_james_trompes_par_notre_individualisme_saint_legier_sui,"Michel Fédou 2026 — Richards E.R., James R., Trompés par notre individualisme, Saint-Légier (Suisse), HET-PRO, 2025, 368p., 25,00€. ISBN 9782940650255.",publication,Contemporary,fr,1,"Le Traité sur la prière d’Origène, désormais accessible dans l’édition critique et la traduction de Daniel Vigne, constitue une œuvre majeure de la théologie chrétienne ancienne. Origène y développe une apologie rigoureu"
pub_fedou_2026_siret_nadeau_lacour_dir_marie_guyart_de_incarnation_autrement_mo,"Michel Fédou 2026 — Siret V., Nadeau-Lacour T. (dir.), Marie Guyart de l’Incarnation : « autrement moderne ». Actes du colloque de Rome (8-10 juin 2022), coll. Bibliothèque d’études guyartiennes 1, Paris, Cerf, 2025, 368 p., 34,00 €. ISBN 9782204171434.",publication,Contemporary,fr,1,"Le Traité sur la prière d’Origène, désormais accessible dans l’édition critique et la traduction de Daniel Vigne, constitue une œuvre majeure de la théologie chrétienne ancienne. Origène y développe une apologie rigoureu"
pub_fedou_2026_taguieff_du_racisme_en_general_et_du_racisme_anti_blancs_en_part,"Michel Fédou 2026 — Taguieff P.-A., Du racisme en général et du racisme anti-Blancs en particulier, Saint-Martin-de-Londres, H&O, 2025, 192 p., 17,00 €. ISBN 9782845474338.",publication,Contemporary,fr,1,"Le Traité sur la prière d’Origène, désormais accessible dans l’édition critique et la traduction de Daniel Vigne, constitue une œuvre majeure de la théologie chrétienne ancienne. Origène y développe une apologie rigoureu"
pub_fedou_2026_huguenin_le_je_le_nous_une_histoire_de_la_pensee_politique_des_o,"Michel Fédou 2026 — Huguenin F., Le Je & le Nous. Une histoire de la pensée politique des origines à nos jours, Paris, Cerf, 2025, 448p., 25,00€. ISBN 9782204157827.",publication,Contemporary,fr,1,"Le Traité sur la prière d’Origène, désormais accessible dans l’édition critique et la traduction de Daniel Vigne, constitue une œuvre majeure de la théologie chrétienne ancienne. Origène y développe une apologie rigoureu"
pub_fedou_2026_ende_dir_souffle_meditation_et_lecture_la_recherche_de_resonance,"Michel Fédou 2026 — V endé Y. (dir.), Souffle, méditation et lecture . À la recherche de résonances, postf. P. Rodrigues, Sion, Parole et Silence, 2025, 286 p., 25,00 €. ISBN 9782889596393.",publication,Contemporary,fr,1,"Le Traité sur la prière d’Origène, désormais accessible dans l’édition critique et la traduction de Daniel Vigne, constitue une œuvre majeure de la théologie chrétienne ancienne. Origène y développe une apologie rigoureu"
pub_fedou_2026_icard_apparition_disparition_le_statut_de_la_resurrection_dans_l,"Michel Fédou 2026 — P icard J., Apparition / Disparition. Le statut de la Résurrection dans la théologie de Hans Urs von Balthasar, coll. Cerf Patrimoines, Paris, Cerf, 2025, 448 p., 44,00 €. ISBN 9782204159487.",publication,Contemporary,fr,1,"Le Traité sur la prière d’Origène, désormais accessible dans l’édition critique et la traduction de Daniel Vigne, constitue une œuvre majeure de la théologie chrétienne ancienne. Origène y développe une apologie rigoureu"
pub_fedou_2026_trublet_les_reves_dans_ancien_testament_coll_cahiers_evangile_21,"Michel Fédou 2026 — Trublet J., Les rêves dans l’Ancien Testament, coll. Cahiers Évangile 212, Paris, Cerf - Service biblique catholique évangile et vie, 2025, 64 p., 13,00 €. ISBN 9782204174503.",publication,Contemporary,fr,1,"Le Traité sur la prière d’Origène, désormais accessible dans l’édition critique et la traduction de Daniel Vigne, constitue une œuvre majeure de la théologie chrétienne ancienne. Origène y développe une apologie rigoureu"
pub_fedou_2026_maritain_maritain_30_fifth_avenue_carnets_de_guerre_tome_1939_19,"Michel Fédou 2026 — Maritain J., Maritain R., 30, Fifth Avenue. Carnets de guerre, Tome i : 1939-1942, éd. D. et R. Mougel, M. Fourcade, préf. J.-F. Muracciole, Paris, Desclée de Brouwer, 2025, 768p., 48,00€. ISBN 9782220098654.",publication,Contemporary,fr,1,"Le Traité sur la prière d’Origène, désormais accessible dans l’édition critique et la traduction de Daniel Vigne, constitue une œuvre majeure de la théologie chrétienne ancienne. Origène y développe une apologie rigoureu"
pub_fedou_2026_collectif_le_centenaire_de_accord_poincare_cerretti_de_1924_acte,"Michel Fédou 2026 — Collectif, Le centenaire de l’accord Poincaré-Cerretti de 1924. Actes des colloques de Rome et Paris, 21 mai 2024 - 16 janvier 2025, Paris, Cerf, 2025, 230 p., 21,90 €. ISBN 9782204168069.",publication,Contemporary,fr,1,"Le Traité sur la prière d’Origène, désormais accessible dans l’édition critique et la traduction de Daniel Vigne, constitue une œuvre majeure de la théologie chrétienne ancienne. Origène y développe une apologie rigoureu"
pub_fedou_2026_teilhard_de_chardin_le_milieu_divin_intro_et_notes_inedites_euve,"Michel Fédou 2026 — Teilhard de Chardin P., Le Milieu divin, intro. et notes inédites F. Euvé, préf. A. Leproux, Paris, Éd. Loyola, 2026, 250 p., 22,00 €. ISBN 9782204174114.",publication,Contemporary,fr,1,"Le Traité sur la prière d’Origène, désormais accessible dans l’édition critique et la traduction de Daniel Vigne, constitue une œuvre majeure de la théologie chrétienne ancienne. Origène y développe une apologie rigoureu"
pub_fedou_2026_dard_dumons_dir_ordre_moral_1873_1877_royalisme_catholicisme_et,"Michel Fédou 2026 — Dard O., Dumons B. (dir.), L’ordre moral (1873-1877). Royalisme, catholicisme et conservatisme, Paris, Cerf, 2025, 432 p., 29,00 €. ISBN 9782204170031.",publication,Contemporary,fr,1,"Le Traité sur la prière d’Origène, désormais accessible dans l’édition critique et la traduction de Daniel Vigne, constitue une œuvre majeure de la théologie chrétienne ancienne. Origène y développe une apologie rigoureu"
pub_fedou_2026_karakash_marc_subtilite_et_surprises_du_plus_ancien_des_evangile,"Michel Fédou 2026 — Karakash I., Marc : subtilité et surprises du plus ancien des évangiles, préf. F. Vouga, coll. Au fil des Écritures, Lyon, Olivétan, 2025, 236 p., 16,00 €. ISBN 9782354797034.",publication,Contemporary,fr,1,"Le Traité sur la prière d’Origène, désormais accessible dans l’édition critique et la traduction de Daniel Vigne, constitue une œuvre majeure de la théologie chrétienne ancienne. Origène y développe une apologie rigoureu"
pub_fedou_2026_kooi_la_reforme_aux_pays_bas_1500_1620_coll_bibliotheque_de_la_r,"Michel Fédou 2026 — Kooi C., La Réforme aux Pays-Bas,1500-1620, coll. Bibliothèque de la Revue d’histoire ecclésiastique 120, Turnhout, Brepols, 2025, 230 p., 74,00 €. ISBN 9782503613376.",publication,Contemporary,fr,1,"Le Traité sur la prière d’Origène, désormais accessible dans l’édition critique et la traduction de Daniel Vigne, constitue une œuvre majeure de la théologie chrétienne ancienne. Origène y développe une apologie rigoureu"
pub_georgios_1996_liberte_et_progres_chez_origene,Lekkas Georgios 1996 — Liberté et progrès chez Origène,publication,Contemporary,fr,1,La creation de l'homme s'acheve avec sa perfection et elle ne peut s'accomplir sans la contribution decisive de son libre arbitre. La rationalite de l'homme est due au fait que dieu l'a cree en tant que miroir de sa pres
pub_pesty_1996_descente_aux_enfers_et_bonne_captivite_chez_origene_in_origene,"Pesty M. 1996 — Descente aux enfers et bonne captivité chez Origène, in Origène",publication,Contemporary,fr,1,[Le thème de la bonne captivité avant Origène. Interprétations juives. La bonne captivité chez Origène: La guerre spirituelle; La captivité; La bonne captivité; Pourquoi le Christ fait-il des captifs?; Etre captif du Chr
pub_tiziano_2020_contro_apotelesmatica_la_genetlialogia_il_caso_singolare_di_giov,"Ottobrini Tiziano F. 2020 — Contro l'apotelesmatica e la genetlialogia: il caso singolare di Giovanni Filopono, ""De opificio mundi"" IV, 18 tra la logica aristotelica e l'""auctoritas"" di Origene",publication,Contemporary,fr,1,"Sur la survivance d'Origène chez Jean Philopon, commentateur d'Aristote, illustrée à partir de la controverse sur le libre arbitre humain."
pub_lekkas_2001_liberte_et_progres_chez_origene,Geōrgios Lekkas 2001 — Liberté et progrès chez Origène,publication,Contemporary,fr,1,"Contre le fatalisme des astrologues ou contre les théories du hasard, contre le déterminisme gnostique ou contre l'irrévocabilité des anathèmes ecclésiastiques, contre l'arbitraire despotique, aussi, Origène a constammen"
pub_valerry_2019_origene_et_le_probleme_du_mal,Wilson P. Valerry 2019 — Origène et le problème du mal,publication,Contemporary,fr,1,Origène sur la question du premier péché et de ses conséquences sur la condition humaine.
scholarly_work_dettwiler_2009_d_mystification_c_leste_la_fonction_argu,"DETTWILER 2009 — Démystification céleste. La fonction argumentative de l'hymne au Christ (Col 1,1",publication,Contemporary,fr,0.99,"Démystification céleste. La fonction argumentative de l'hymne au Christ (Col 1,15-20) dans la lettre aux Colossiens"
scholarly_work_jourdan_2011_la_th_odic_e_d_velopp_e_sur_le_th_me_du_,"Jourdan 2011 — La théodicée développée sur le thème du larcin des Grecs : origine du mal, liber",publication,Contemporary,fr,0.99,"La théodicée développée sur le thème du larcin des Grecs : origine du mal, liberté et Providence chez Clément d'Alexandrie (Stromates I 17,81-87)"
scholarly_work_bardy_1943_ath_nagore_supplique_au_sujet_des_chr_ti,Bardy 1943 — Athénagore: Supplique au sujet des Chrétiens (Introduction et traduction),publication,Contemporary,fr,0.99,Athénagore: Supplique au sujet des Chrétiens (Introduction et traduction)
scholarly_work_pironet_2003_faiblesse_de_la_raison_ou_faiblesse_de_v,Pironet 2003 — Faiblesse de la raison ou faiblesse de volonté: peut-on choisir?,publication,Contemporary,fr,0.99,Faiblesse de la raison ou faiblesse de volonté: peut-on choisir? Article co-authored by Fabienne Pironet and Christine Tappolet.
pub_arruzza_2009_le_refus_du_bonheur_negligence_et_chute_dans_la_pensee_origene,Cinzia Arruzza 2009 — Le refus du bonheur : négligence et chute dans la pensée d'Origène,publication,Contemporary,fr,0.99,"Comme cela a deja ete mis en lumiere, c'est probablement dans la negligence (αμeλeαap) qu'il faut voir la cause premiere de la chute des creatures rationnelles qui a donne lieu a la vie dans le monde sensible et dont Ori"
argument_carneadean_legislation_amand1945,Argument carnéadien II — La législation et la répression pénale sont absurdes (futility of legislation),argument,Hellenistic,fr,0.98,"Deuxième des six titres argumentatifs reconstruits par Amand (1945, p. 574-576). Énoncé d'Amand : « Dans l'hypothèse du fatalisme astrologique, la législation et la répression pénale sont inutiles et doivent être supprim"
scholarly_work_munier_1995_saint_justin_apologie_pour_les_chr_tiens,Munier 1995 — Saint Justin: Apologie pour les chrétiens. Édition et traduction,publication,Contemporary,fr,0.98,Saint Justin: Apologie pour les chrétiens. Édition et traduction
scholarly_work_bobichon_2003_uvres_de_justin_martyr_le_manuscrit_loan,"Bobichon 2003 — Œuvres de Justin martyr : le manuscrit Loan 36/13 de la British Library, un apog",publication,Contemporary,fr,0.97,"Œuvres de Justin martyr : le manuscrit Loan 36/13 de la British Library, un apographe du manuscrit de Paris (Parisinus Graecus 450)"
scholarly_work_koch_2014_distinctions_causales_sto_ciennes_et_aca,Koch 2014 — Distinctions causales stoïciennes et académiciennes dans le De fato de Cicéron,publication,Contemporary,fr,0.97,Distinctions causales stoïciennes et académiciennes dans le De fato de Cicéron
scholarly_work_sagnard_1952_ir_n_e_de_lyon_contre_les_h_r_sies_livre,"Sagnard 1952 — Irénée de Lyon, Contre les hérésies, Livre III: Mise en lumière et réfutation de",publication,Contemporary,fr,0.97,"Irénée de Lyon, Contre les hérésies, Livre III: Mise en lumière et réfutation de la prétendue « Connaissance »"
scholar_wetzel_james,James Wetzel,person,Modern,fr,0.96,"James Wetzel, philosophe américain, Augustinian Endowed Chair in the Thought of Saint Augustine à Villanova University. Thèse Columbia (sous Wayne Proudfoot). Spécialiste de la psychologie morale augustinienne, de la tra"
scholarly_work_rousseau_1982_ir_n_e_de_lyon_contre_les_h_r_sies_livre,"Rousseau 1982 — Irénée de Lyon: Contre les hérésies, Livre II. Tome II: Texte et traduction",publication,Contemporary,fr,0.96,"Irénée de Lyon: Contre les hérésies, Livre II. Tome II: Texte et traduction"
scholarly_work_rousseau_1979_ir_n_e_de_lyon_contre_les_h_r_sies_livre,"Rousseau 1979 — Irénée de Lyon: Contre les hérésies, Livre I. Tome II: Texte et traduction",publication,Contemporary,fr,0.96,"Irénée de Lyon: Contre les hérésies, Livre I. Tome II: Texte et traduction"
person_sorabji_richard_contemporary,Richard Sorabji,person,Modern,fr,0.95,"Richard Sorabji (né 1934). Professeur émérite de philosophie ancienne à King's College London ; Fellow of the British Academy. Patristicien et historien de la philosophie antique. Ouvrage-pivot : *Necessity, Cause, and B"
scholarly_work_rousseau_1969_ir_n_e_de_lyon_contre_les_h_r_sies_livre,"Rousseau 1969 — Irénée de Lyon: Contre les hérésies, Livre V, Tome II (Texte et Traduction)",publication,Contemporary,fr,0.95,"Irénée de Lyon: Contre les hérésies, Livre V, Tome II (Texte et Traduction)"
pub_aubineau_1978_origene_philocalie_21_27_sur_le_libre_arbitre_introduction_texte,"Michel Aubineau 1978 — Origène. Philocalie 21-27 : Sur le Libre arbitre. Introduction, Texte, Traduction et Notes par E. Junod (Sources Chrétiennes, 226)",publication,Contemporary,fr,0.95,"Aubineau Michel. Origène. Philocalie 21-27 : Sur le Libre arbitre. Introduction, Texte, Traduction et Notes par E. Junod (Sources Chrétiennes, 226). In: Scriptorium, Tome 32 n°1, 1978. pp. 174-176."
pub_junod_1989_apologetes_origene_theologie_critique,Junod 1989 — Des apologètes à Origène : aux origines d'une forme de théologie critique,publication,Contemporary,fr,0.93,"Éric Junod, 'Des apologètes à Origène : aux origines d'une forme de théologie critique,' Revue de Théologie et de Philosophie 121 (1989), pp. 149-164; read in full from the local PDF."
scholar_timpe_k,Kevin Timpe,person,Contemporary,fr,0.92,"Philosophe américain (né 1972), William H. Jellema Chair in Christian Philosophy à Calvin University. Défenseur d'un libertarianisme vertueux (« virtue libertarianism ») : Free Will in Philosophical Theology (Bloomsbury "
person_fischer_john_martin_3w4x5y6z,John Martin Fischer,person,Modern,fr,0.91,"John Martin Fischer (né 1952). Distinguished Professor of Philosophy à UC Riverside. Compatibiliste contemporain majeur. Ouvrages : *The Metaphysics of Free Will: An Essay on Control* (Blackwell, 1994) ; *Responsibility "
scholar_huby_pamela,Pamela M. Huby,person,Modern,fr,0.91,"Pamela M. Huby (1922-2019), philosophe britannique, Reader in Philosophy à l'Université de Liverpool. Spécialiste de Théophraste (éditrice du projet international *Theophrastus of Eresus: Sources for His Life, Writings, "
concept_heimarmene_astrologica_amand,εἱμαρμένη astrologique (Empire romain),concept,Roman Imperial,fr,0.9,"Framework concept, distilled by Amand 1945 (Introduction §I.VI, p. 14-16) from the Astronomiques de Manilius, the Anthologies de Vettius Valens, and the testimony of Seneca: under the Roman Empire, astrological εἱμαρμένη"
scholarly_work_pouderon_1998_les_apologistes_chr_tiens_et_la_culture_,Pouderon 1998 — Les Apologistes chrétiens et la culture grecque,publication,Contemporary,fr,0.9,"Les Apologistes chrétiens et la culture grecque, collective volume co-edited by Bernard Pouderon and Joseph Doré."
argument_carneadean_assent_chain_via_cicero_amand1945,"Argument carnéadien de la chaîne fatale (assentiment-tendance-action) — De fato 17, 40 (témoin cicéronien)",argument,Hellenistic,fr,0.89,"Carneadean anti-fatalist argument, transmitted in abbreviated form by Cicero De fato 17, 40 (according to Amand p. 79-80, ll. 5169-5206): If everything is fated, everything is the effect of a prior cause; if impulse (ὁρμ"
person_frankfurt_harry_1929_2023,Harry G. Frankfurt,person,Modern,fr,0.89,"Harry Gordon Frankfurt (1929-2023). Professeur émérite de philosophie à Princeton. Philosophe analytique de l'action, auteur des contributions les plus citées du débat contemporain sur la liberté et la responsabilité mor"
scholar_louth_a,Andrew Louth,person,Contemporary,fr,0.89,"Patristicien britannique (né 1944), professeur émérite à Durham University, prêtre orthodoxe. Spécialiste majeur anglophone de Maxime le Confesseur : Maximus the Confessor (Routledge 1996), édition + traduction commentée"
scholar_tieleman_t,Teun Tieleman,person,Contemporary,fr,0.89,"Historien de la philosophie hellénistique néerlandais (né 1962), professeur à l'Université d'Utrecht. Spécialiste majeur de Chrysippe et du stoïcisme moyen. Auteur de Chrysippus' On Affections: Reconstruction and Interpr"
synthesis_amand1945_bardesanes_secondary_witness_ethnographic,Bardesane = temoin secondaire crucial avec amplification ethnographique sans precedent (Amand 1945),synthesis,Patristic,fr,0.88,"Synthesis Amand 1945, Book II ch. III (p. 229-257): Bardesanes of Edessa, Syrian philosopher-theologian (154-222), is a fundamental secondary witness to Carneadean transmission thanks to the Livre des lois des pays (a Sy"
person_salles_ricardo_contemporary,Ricardo Salles,person,Contemporary,fr,0.87,"Ricardo Salles, philosophe argentin-mexicain, professeur à l'Instituto de Investigaciones Filosóficas de l'UNAM (Mexico). Spécialiste du stoïcisme, du déterminisme stoïcien et de la philosophie de l'action ancienne. Aute"
scholarly_argument_labarri_re_voluntary_and_involuntary_heko_1,Labarrière: Aristotle's analysis of hekousion/akousion in EN III has primarily juridical sig,argument,Contemporary,fr,0.85,"Labarrière recalls, with Vernant ('non sans raison'), that Aristotle's analyses of hekousion/akousion in EN III 'avaient aussi et peut-être surtout une portée juridique': what is at stake is the imputability of fault, an"
pub_lewis_1977_origene_philocalie_21_27_sur_le_libre_arbitre_introduction_greek,"LeMoine Gaunce Lewis 1977 — Origène. Philocalie 21–27, Sur Le Libre Arbitre. Introduction, Greek text, translation and notes by Éric Junod. Sources Chrétiennes, no. 226. Paris: Les Éditions du Cerf, 1976. 346 pp.",publication,Contemporary,fr,0.85,"Origène. Philocalie 21–27, Sur Le Libre Arbitre. Introduction, Greek text, translation and notes by Éric Junod. Sources Chrétiennes, no. 226. Paris: Les Éditions du Cerf, 1976. 346 pp. - Volume 46 Issue 3"
synthesis_amand1945_intro_stoic_integral_fatalism,Fatalisme intégral stoïcien (Amand 1945),synthesis,Hellenistic,fr,0.84,"Amand’s 1945 thesis (Introduction §I.IV, p. 6-13): it was the Stoics who, broadening Heraclitus’ views on εἱμαρμένη, made determinism a cardinal doctrine and elevated εἱμαρμένη to the status of a central concept analogou"
synthesis_amand1945_philo_early_period_school_compilation,Amand 1945 — Les écrits philosophiques de jeunesse de Philon comme compilations scolaires hellénisantes,synthesis,,fr,0.84,"Amand's thesis (p. 81-83, ll. 5232-5360, following Wendland 1892, Bousset 1915, Christ-Schmid-Stählin): before the great biblical commentaries, Philo passed through a 'Greek period', attested by the writings Περὶ ἀφθαρσί"
argument_carneadean_virtue_vice_amand1945,"Argument carnéadien III — Vertu et vice, louange et blâme sont sans objet (collapse of moral evaluation)",argument,Hellenistic,fr,0.83,"Third of the six argumentative headings reconstructed by Amand (1945, p. 576-577). Amand's formulation: ""Under the hypothesis of absolute fatalism, virtue and vice, praise and blame are useless, because they no longer ha"
scholar_djeranian_o,Olivier D'Jeranian,person,,fr,0.8,"French scholar of ancient philosophy, specialist of Stoicism and Epictetus; author of « Responsabilité morale et destin : une réponse possible chez Épictète à l'objection anti-stoïcienne de Cicéron (De fato 39-45) » and "
scholarly_argument_koch_aristotle_s_alleged_doctrine_o_3,Koch: Aristotle developed no doctrine of fate and never used the term εἱμαρμένη in his,argument,Contemporary,fr,0.79,"Koch (pp. 36-37) stresses Alexander's 'travail de construction' undertaken 'sur la base d'un donné aristotélicien quasi inexistant'. Facing the De fato's announced aim of expounding Aristotle's doctrine on fate, modern r"
argument_pseudo_chrysostom_de_fato_v_witness6_amand1945,Pseudo-Chrysostom De Fato V — texte témoin n°6 (récapitulation carnéadienne),argument,Late Antiquity,fr,0.78,"Central argument of Pseudo-Chrysostom in the Discours sur le Destin et la Providence V (PG 50, 765 l.24 — 768 l.44). For Amand 1945 (chapter on John Chrysostom, « 3. Troisième texte », p. 519-532), this passage constitut"
person_diogenes_babylon_240_152bce,Diogène de Babylone,person,Hellenistic,fr,0.78,"Fifth scholarch of the Stoa around 152 BC, successor to Chrysippus and then to Zeno of Tarsus. Teacher of Panaetius of Rhodes. Member of the Stoic philosophical embassy sent to Rome in 155 BC with Carneades (Academy) and"
argument_justin_prophecy_freedom,Justin's Prophecy-Freedom Reconciliation (1 Apol. 44),argument,Roman Imperial,fr,0.77,"**Source primaire** : Justin Martyr, *Apologie I* 44 (SC 507, Munier, 2006). **Prémisse 1** : Dieu préconnaît (προγινώσκει) les actions humaines futures et les annonce par les prophètes. **Prémisse 2** : La préconnaissan"
work_chrysostom_de_babylas_contra_julianum,"John Chrysostom, Liber in S. Babylam contra Iulianum et gentiles",work,Late Antiquity,fr,0.76,"Discours de Jean Chrysostome en l'honneur de saint Babylas, contre Julien et contre les Grecs (PG 50, 533-572). For Amand 1945 (Book II ch. XII p. 485, 488-489), Amand cites ch. 2 (PG 50, 536 l.56-60) and ch. 9 (PG 50, 5"
argument_augustine_massa_damnata,Augustine's Massa Damnata (Mass of Perdition),argument,Patristic,fr,0.75,"**Source primaire** : Augustin, *Enchiridion* 99 + *De Civitate Dei* XXI.12 (CCSL 47-48, Dombart & Kalb, 1955). **Prémisse 1** : Tous les hommes sont solidaires d'Adam dans la chute (Rom. 5.12), constituant après la Chut"
argument_chrysostom_anti_hellenism_amand1945,Chrysostome — anti-philosophie hellénique (triobolimaios),argument,Late Antiquity,fr,0.75,"A recurrent framing argument by which Chrysostom disparages Greek philosophy as a whole: triobolimaios (worth only three obols), fables, words, ostentation, vainglory (Hom. 21 Eph 3, PG 62, 153; Hom. 9 Jean 1, PG 59, 70-"
argument_origen_argos_logos,Origen's Refutation of the Argos Logos (Lazy Argument),argument,Patristic,fr,0.73,"**Source primaire** : Origène, *Contra Celsum* II.20 (SC 132, Borret, 1967) ; transmis aussi dans *Philocalie* 23. **Prémisse 1** : Si tout est fatalement déterminé, l'effort humain (πρᾶξις) est superflu (argos logos). *"
scholarly_argument_pr_aux_fate_and_free_will_in_minucius_0,Préaux: Minucius Felix's Octavius contains a sophisticated philosophical treatment of fa,argument,Contemporary,fr,0.73,"Préaux (pp. 395-398) reconsiders an aspect 'jusqu'ici curieusement négligé' of the Octavius: the argument drawn from 'la doctrine du fatalisme philosophique' advanced by the pagan Caecilius (XI, 5-6) and Octavius' refuta"
pub_furst_2021_perspectives_origen_ad21,Fürst (ed.) 2021 — Perspectives on Origen and the History of his Reception (Adamantiana 21),publication,Modern,fr,0.72,"Alfons Fürst (ed.), *Perspectives on Origen and the History of his Reception*, Münster: Aschendorff, 2021, Adamantiana 21, 368 p. CC BY-NC-ND (OA complet sur OAPEN, financement EU Marie Skłodowska-Curie n°676258). **Volu"
synthesis_amand1945_origen_first_christian_prescience_problem,"Amand 1945 — Origène, premier théologien chrétien à problématiser méthodiquement prescience vs libre arbitre",synthesis,,fr,0.72,"Amand’s synthesis: Origen (Phil. 23.7-11, Robinson p. 194-198) is, according to Amand, the first Christian theologian to have considered in its full scope the formidable difficulty that divine foreknowledge raises agains"
scholarly_argument_dettwiler_determinism_and_the_elements_o_3,"Dettwiler: The adversaries' teaching is characterized as based on 'the tradition of men, th",argument,Contemporary,fr,0.7,"Dettwiler: with Col 2,8 the tone changes — the community is warned against a movement the author calls 'philosophie' and immediately disqualifies as 'creuse duperie à l'enseigne de la tradition des hommes, des éléments d"
scholarly_work_natali_2005_la_catena_delle_cause_determinismo_e_ant,Natali 2005 — La catena delle cause. Determinismo e antideterminismo nel pensiero antico e con,publication,Contemporary,it,1,La catena delle cause. Determinismo e antideterminismo nel pensiero antico e contemporaneo
pub_barilli_2012_lexis_paidike_infanzia_in_origene,Chiara Barilli 2012 — Lexis paidike. L'infanzia in Origene,publication,Contemporary,it,1,La tesi considera la trattazione del tema dell’infanzia nell’opera di Origene di Alessandria attraverso l’analisi dei testi trasmessi nell’originale greco e delle traduzioni latine di Rufino e Gerolamo. Il motivo dell’in
pub_caruso_2012_ramusculus_origenis_eredita_dell_antropologia_origeniana_nei_pel,Giuseppe Caruso 2012 — Ramusculus Origenis : l'eredità dell'antropologia origeniana nei pelagiani e in Girolamo,publication,Contemporary,it,1,Ramusculus Origenis : l'eredità dell'antropologia origeniana nei pelagiani e in Girolamo
pub_arfe_2009_servano_da_segni_gen_14_la_confutazione_del_fatalismo_astrologic,"Pasquale Arfé et al. 2009 — “E servano da segni” (Gen. 1,14). La confutazione del fatalismo astrologico nel Commento a Genesi di Origene",publication,Contemporary,it,1,"Questo saggio storico-filosofico ricostruisce il rapporto di Origene con i temi del fatalismo astrologico e del valore della scienza astrologica, a partire da uno studio della Filocalia, l’antologia di testi origeniani r"
pub_castagno_2000_male_origene_dizionario_la_cultura_il_pensiero_le_opere_cura_di,"Monaci Castagno A. 2000 — Male, Origene. Dizionario: la cultura, il pensiero, le opere, a cura di A. Monaci Castagno",publication,Contemporary,it,1,[1. Definizione del male in funzione antignostica. 2. Critica del platonismo di Celso].
pub_eijk_1993_il_cuore_indurito_del_faraone_origene_il_problema_del_libero_arb,Ph J. Van Der Eijk et al. 1993 — Il cuore indurito del Faraone. Origene e il problema del libero arbitrio,publication,Contemporary,it,1,Il cuore indurito del Faraone. Origene e il problema del libero arbitrio
pub_concato_2013_astrologia_fatalismo_libero_arbitrio_nel_pensiero_di_origene,"Adriano Concato 2013 — Astrologia, fatalismo e libero arbitrio nel pensiero di Origene",publication,Contemporary,it,1,"Astrologia, fatalismo e libero arbitrio nel pensiero di Origene"
pub_gasparro_2000_creazione_origene_dizionario_la_cultura_il_pensiero_le_opere_cur,"Sfameni Gasparro G. 2000 — Creazione, Origene. Dizionario: la cultura, il pensiero, le opere, a cura di A. Monaci Castagno",publication,Contemporary,it,1,"[1. Fondamenti biblici e componenti platoniche della dottrina origeniana. 2. Creazione, libertà delle creature intelligenti e peccato: la «doppia creaziona». 3. Il Logos e la creazione]."
pub_gasparro_2017_tra_esegesi_biblica_platonismo_la_riflessione_di_origene_su_gen,"Giulia Sfameni Gasparro 2017 — Tra esegesi biblica e platonismo : la riflessione di Origene su Gen 1, 26–27, 2, 7 e 3, 21 : una risposta alla sfida dell'antropologia gnostica?",publication,Contemporary,it,1,"Tra esegesi biblica e platonismo : la riflessione di Origene su Gen 1, 26–27, 2, 7 e 3, 21 : una risposta alla sfida dell'antropologia gnostica?"
pub_moreschini_2002_critica_all_apocatastasi_origeniana_in_massimo_il_confessore_in,"Moreschini C. 2002 — Critica all`apocatastasi origeniana in Massimo il Confessore, in«Millennium»: L`attesa della fine nei primi secoli cristiani. Atti delle III Giornate Patristiche Torinesi, Torino 23-24 ottobre 2000, a cura di R. Uglione",publication,Contemporary,it,1,"[1. L`enade e la protologia. 2. Per una lettura dell`ambiguum 7. 3. Interpretazioni critiche. / «In conclusione, se la divinizzazione di tutti gli uomini è voluta continuamente da Dio, anche prima della creazione e fino "
pub_norelli_2000_gnosticismo_origene_dizionario_la_cultura_il_pensiero_le_opere_c,"Norelli E. 2000 — Gnosticismo, Origene. Dizionario: la cultura, il pensiero, le opere, a cura di A. Monaci Castagno",publication,Contemporary,it,1,[1. Origene e lo gnosticismo: 1.1. Equivalenza tra eresia e gnosticismo; 1.2. Orientamento antignostico della teologia di O.; 1.3. Dottrina della natura e libero arbitrio; 1.4. Funzione antignostica (e antimarcionita) de
pub_perrone_2000_libero_arbitrio_origene_dizionario_la_cultura_il_pensiero_le_ope,"Perrone L. 2000 — Libero arbitrio, Origene. Dizionario: la cultura, il pensiero, le opere, a cura di A. Monaci Castagno",publication,Contemporary,it,1,[1. Centralità del tema nell`opera di O.: 1.1. Il complesso dei motivi collegati al libero arbitrio; 1.2. Il libero arbitrio come elemento essenziale della predicazione ecclesiastica; 1.3. Lo sfondo cosmologico del liber
pub_perrone_2001_omelie_xix_xx_inganno_castigo_come_modalita_correlate_dell_econo,Perrone L. 2001 — Omelie XIX e XX: Inganno e castigo come modalità correlate dell`economia divina di salvezza,publication,Contemporary,it,1,[Un testo biblico «fuori del comune». La pericope commentata. L`Omelia XIX: inganno pedagogico e prospettiva dei castighi. L`Omelia XX: l`esperienza del peccato e la medicina dell`inganno in relazione ai castighi. La tra
pub_perrone_2000_provvidenza_origene_dizionario_la_cultura_il_pensiero_le_opere_c,"Perrone L. 2000 — Provvidenza, Origene. Dizionario: la cultura, il pensiero, le opere, a cura di A. Monaci Castagno",publication,Contemporary,it,1,[1. Provvidenza come piano salvifico di Dio per gli uomini. 2. La prescienza divina come presupposto dell`economia provvidenziale e il suo rapporto col libero arbitrio].
pub_perrone_1992_il_cuore_indurito_del_faraone_origene_il_problema_del_libero_arb,Lorenzo Perrone 1992 — Il cuore indurito del Faraone : Origene e il problema del libero arbitrio,publication,Contemporary,it,1,Il cuore indurito del Faraone : Origene e il problema del libero arbitrio
pub_prinzivalli_1999_omelia_la_creazione,Prinzivalli E. 1999 — Omelia I: La creazione,publication,Contemporary,it,1,[Premessa. Strategia compositiva e chiave interpretativa dell`omelia. Le tappe del programma spirituale iscritte nei sei giorni della creazione. Due imperativi per l`uomo: saper scegliere e saper volgere al bene gli stim
pub_terracciano_2012_omnia_in_figura,Pasquale Terracciano 2012 — Omnia in figura,publication,Contemporary,it,1,"Origene d’Alessandria fu uno dei Padri della Chiesa piu autorevoli e discussi; le sue dottrine, seppur parzialmente condannate post mortem, ebbero una grande influenza nella tradizione dell’Occidente. Le opere origeniane"
pub_perrone_2000_peccato_origene_dizionario_la_cultura_il_pensiero_le_opere_cura,"Perrone L. 2000 — Peccato, Origene. Dizionario: la cultura, il pensiero, le opere, a cura di A. Monaci Castagno",publication,Contemporary,it,1,"[1. Premessa: libero arbitrio, peccato e redenzione nel pensiero di O. 2. Il peccato premondano: la caduta degli intelletti. 3. L`esperienza umana del peccato e il combattimento spirituale. 4. La liberazione dal peccato "
pub_scardia_2017_sostanza_vita_libero_arbitrio_tradizione_origeniana_innovazione,"Daniela Scardia 2017 — Sostanza, vita e libero arbitrio: tradizione origeniana e innovazione nell'esegesi geronimiana della parabola del Padre misericordioso",publication,Contemporary,it,1,"Sostanza, vita e libero arbitrio: tradizione origeniana e innovazione nell'esegesi geronimiana della parabola del Padre misericordioso"
pub_dal_2001_omelie_su_geremia_lettura_origeniana_cura_di_dal_covolo_maritano,"E. Dal et al. 2001 — Omelie su Geremia. Lettura origeniana, a cura di E. Dal Covolo e M. Maritano (Biblioteca di Scienze Religiose, 165)",publication,Contemporary,it,0.99,"[E. Dal Covolo - M. Maritano, Prefazione, 5-8. M. Simonetti, Omelia I: Elezione del profeta, 11-22. G. Bendinelli, Omelia IX: Che cosa mi gioverebbe se il Verbo fosse entrato nel mondo senza che io l`avessi, 23-40. F. Pi"
pub_danieli_1998_origene_commento_al_vangelo_di_matteo_libri_xii_introduzione_not,"M.I. Danieli et al. 1998 — Origene. Commento al Vangelo di Matteo/1 (Libri X-XII). Introduzione e note a cura di M.I. Danieli, Traduzione di R. Scognamiglio (CTePa, 145)",publication,Contemporary,it,0.98,[Introduzione (M.I. Danieli): 1. Il Vangelo della Chiesa. 2. Il kerygma da Matteo a Origene. 3. I discepoli. 4. Alcuni temi: a) L`intelligenza della fede; b) Le vie della economia salvifica. 5. Il testo. Congedo (pp. 5-4
pub_scognamiglio_1997_prhoairhesis_tra_scelta_fede_nel_commento_matteo_di_origene,Scognamiglio R. 1997 — Prhoairhesis tra scelta e fede nel Commento a Matteo di Origene,publication,Contemporary,it,0.98,[1. Libera scelta o natura delle anime?: 1.1. Pesci buoni e pesci cattivi; 1.2. Gli scandali; 1.3. Puro e impuro; 1.4. L`interno e l`esterno. 2. Morale pagana e morale cristiana: 2.1. Il termine adiaphorhon in relazione 
pub_rist_2013_caruso_ramusculus_origenis_eredita_dell_antropologia_origeniana,"John Μ. Rist et al. 2013 — G. Caruso, Ramusculus Origenis: L’eredità dell’antropologia origeniana nei pelagiani e in Girolamo",publication,Contemporary,it,0.97,"G. Caruso, Ramusculus Origenis: L’eredità dell’antropologia origeniana nei pelagiani e in Girolamo"
scholarly_work_matteoli_2011_alle_origini_della_teologia_di_pelagio_t,Matteoli 2011 — Alle origini della teologia di Pelagio: Tematiche e fonti delle Expositiones XIII epistularum Pauli,publication,Contemporary,it,0.95,Alle origini della teologia di Pelagio: Tematiche e fonti delle Expositiones XIII epistularum Pauli
concept_eph_hemin_kyrion_plut,Eph' hēmin as Master / τὸ ἐφ' ἡμῖν ὡς κύριον (Pseudo-Plutarch),concept,Roman Imperial,mixed,1,"τὸ ἐφ' ἡμῖν ὡς κύριον χρῆσθαι τῷ ἐνδεχομένῳ - What is up to us, as master, uses the contingent.  Fat. 6: Eph' hēmin is KYRION (sovereign, authoritative, master) over contingency Fat. 6: ""τὸ δ’ ἐφ’ ἡμῖν θάτερον μέρος τοῦ "
scholarly_work_acosta_l_pez_de_mesa_2012_plotinus_aristotle_and_the_origin_of_the,"Acosta López de Mesa 2012 — Plotinus, Aristotle and the Origin of the Free Will / Plotino, Aristóteles y el ",publication,Contemporary,mixed,1,"Plotinus, Aristotle and the Origin of the Free Will / Plotino, Aristóteles y el origen del libre albedrío"
pub_grunert_2025_untitled,Anna Grünert 2025 — Оригеновские исследования: современные проблемы и исследовательские направления,publication,Contemporary,mixed,1,Публикация представляет краткий обзор современных исследовательских направлений в области изучения наследия Оригена Александрийского (ок. 185−253). Особое внимание уделяется переводам на современные языки и исследованию 
pub_jozic_1993_origen_problem_slobode_origene_et_le_probleme_de_la_liberte,Branko Jozić 1993 — Origen i problem slobode. Origène et le problème de la liberté.,publication,Contemporary,mixed,1,Origen i problem slobode. Origène et le problème de la liberté.
concept_triple_providence_plut,Triple Providence / τριττὴ πρόνοια (Pseudo-Plutarch),concept,Roman Imperial,mixed,0.99,"τριττὴ πρόνοια (trittē pronoia) - Providence at three levels: first god's thought, celestial gods' governance, daimones' guardianship.  Fat. 9 (573A): ""πρόνοια ἡ μὲν ἀνωτάτω καὶ πρώτη τοῦ πρώτου θεοῦ νόησις... ἡ δὲ δευτέ"
scholarly_argument_crouzel_christ_s_redemption_of_free_wi_2,Crouzel: Christ must deliver human libre arbitre from the slavery where sin held it; huma,argument,Contemporary,mixed,0.98,"Crouzel: Origen's conversion is Platonic in form but Christian in substance because of the stress on Christ's action and grace. 'Ce n'est pas nous qui nous convertissons, mais le Christ qui nous convertit'; man's collabo"
scholarly_argument_f_rst_stoic_compatibilism_chrysippus_2,Fürst: Interprets Chrysippus as developing a 'causal determinism and self-responsibilit,argument,Contemporary,mixed,0.98,Stoic compatibilism (Chrysippus) — Interprets Chrysippus as developing a 'causal determinism and self-responsibility' (Kausaldeterminismus und Eigenverantwortung) — a compatibilist position where fate (heimarmenē) operat
concept_self_happiness_alex,Self-Achieved Happiness (Alexander),concept,Roman Imperial,mixed,0.98,Being happy through oneself: self-produced flourishing achieved through one's own virtuous activity. (Le syntagme « δι᾽ αὑτῶν εὐδαιμονεῖν » n'est attesté nulle part chez Alexandre — recherche TLG négative — et εὐδαιμονεῖ
concept_synheimarmena_plut,Co-Fated Things / συνειμαρμένα (Pseudo-Plutarch),concept,Roman Imperial,mixed,0.98,"συνειμαρμένα (synheimarmena) - Things co-fated with universals; particulars that fit within fate without being directly determined by it.  Fat. 5: ""ἔστι θ' εἱμαρμένα τρόπον τινὰ καὶ ταῦτα, ὄντ' ἐκείνοις συνειμαρμένα""  Ke"
concept_synkatathesis_logike_alex,Logikē Synkatathesis (Rational Assent),concept,Roman Imperial,mixed,0.98,λογικὴ συγκατάθεσις (logikē synkatathesis) - Rational assent Alexander's refinement of the Stoic concept of synkatathesis (assent) by adding the requirement of rationality. Freedom = assent to impressions. Both humans an
synthesis_cic_fat_index,Cicero De Fato: Thematic Index for Cross-Reference,synthesis,Roman Republican,mixed,0.98,"═══════════════════════════════════════ I. IN NOSTRA POTESTATE (Core Doctrine) ═══════════════════════════════════════ • §9: foundational - ""nihil esset in nostra potestate"" • §25: foundational - ""ut sit in nostra potest"
concept_kompatibilistischer_libertarismus_origenian,Libertarisme compatibiliste (Kompatibilistischer Libertarismus) — caractérisation origénienne,concept,Patristic,mixed,0.97,"“Compatibilist libertarianism” (kompatibilistischer Libertarismus): a characterization coined by Fürst 2022 (Kap. VI 4, p. 282-290) to describe Origen’s philosophical position. Origen professes a radical libertarianism ("
concept_liberum_arbitrium_u3v4w5x6,Free Choice (Liberum Arbitrium),concept,Medieval,mixed,0.97,"**Étymologie** : *liberum arbitrium*, syntagme nominal latin associant *liber* (« libre, non-asservi », racine indo-européenne *leudʰ- « croître, peuple libre ») et *arbitrium* (« jugement, décision arbitrale », < *arbit"
pub_bergjan_2001_celsus_the_epicurean_the_interpretation_of_an_argument_in_origen,"Bergjan S.-P. 2001 — Celsus the Epicurean? The Interpretation of an Argument in Origen, Contra Celsum",publication,Contemporary,mixed,0.97,"[Celsus` Critique of Christianity, and the Doctrine of Providence. Origen`s Identification of Celsus as an Epicurean and the Development of His Argument. Celsus and Origen in the Context of the Second Century Debate on D"
argument_furst_2022_freedom_principle_of_substance,Freedom as a principle of substance (not accident) in Origen (Fürst/Hengstermann 2022),argument,Modern,mixed,0.96,"Fürst 2022's thesis (Kap. VI 1, p. 252-254; following Hengstermann 2016): Origen's revolutionary innovation is not to regard freedom as an accident in the manner of Aristotle, but to make it the ""principle of substance"" "
concept_exousia_alex,Exousia (ἐξουσία) - Power/Authority,concept,Roman Imperial,mixed,0.96,"ἘΞΟΥΣΊΑ (exousia) - power/AUTHORITY/CAPABILITY Alexander of Aphrodisias's key term for the capacity to choose between alternatives. From ἔξεστι (exesti, ""it is permitted"") - originally political/legal authority, evolved "
concept_arche_alex,Archē (ἀρχή) - Origin/Principle,concept,Roman Imperial,mixed,0.96,"ἈΡΧΉ (ARCHĒ) - origin/PRINCIPLE/cause Alexander of Aphrodisias's foundational concept for what modern scholars term libertarian freedom: humans are ARCHAI (origins) of their actions. From ἄρχω (archō, ""to begin, to rule"""
concept_exercitatio_adversity_seneca_c4d5e6f7,Exercitatio (Adversity as Training) - Seneca,concept,Roman Imperial,mixed,0.96,"Exercitatio is the Stoic doctrine that adversity and suffering are not evils but training exercises that strengthen virtue.  • ""Omnia adversa exercitationes putat"" (2.2) - He considers all adversity as exercises • ""Marce"
concept_for_most_part_alex,For the Most Part / ὡς ἐπὶ τὸ πολύ (Alexander),concept,Roman Imperial,mixed,0.96,ὡς ἐπὶ τὸ πολύ (hōs epi to poly) - Natural regularities that hold generally but admit exceptions; the characteristic mode of natural causation distinct from strict necessity.  De Fato VI (Bruns 170.1-19): «ἀλλὰ μὴν τὰ γι
concept_practical_life_alex,Practical Life / πρακτικὸς βίος (Alexander),concept,Roman Imperial,mixed,0.96,"πρακτικὸς βίος (praktikos bios) - The whole domain of human practical activity, encompassing deliberation, choice, and action oriented toward goals. In De fato 11-12 (Bruns 178-180) Alexander argues that determinism make"
scholarly_argument_voelke_stoic_reason_is_will,Voelke: in Stoic rationalism reason itself is will — against the thesis that Greek thought ignored the will,argument,Contemporary,mixed,0.96,Voelke opens against the frequently held thesis (Opstelten's special study; Pohlenz's claim that the Greeks recognised no volitional function distinct from the intellectual ones) that the philosophical notion of will ori
scholarly_argument_markschies_fall_is_freedom_and_providence,Markschies: the fall realizes creaturely freedom and simultaneously manifests providence,argument,Contemporary,mixed,0.96,Markschies presents Origen's differentiated fall of rational beings as both their own free act and an event encompassed by providence: “Jener Fall der geistigen Entitäten ist eine Realisierung ihrer Freiheit und doch zug
pub_colpani_2020_ombra_della_liberta_corpo_materia_nel_pensiero_di_origene,Giovanni Colpani 2020 — L’ombra della libertà. Corpo e materia nel pensiero di Origene,publication,Contemporary,mixed,0.96,"A partire da un'analisi della terminologia riguardante il corpo e la materia in Origene, se ne individuano e descrivono le caratteristiche dal punto di vista filosofico. Viene proposta una soluzione al problema dell'inco"
pub_giorgio_2018_una_polemica_cruciale_celso_origene_in_tema_di_corporeita,Camassa Giorgio 2018 — Una polemica cruciale: Celso e Origene in tema di corporeità,publication,Contemporary,mixed,0.96,"«By means of Celsus' and Origen's works, two opposing worldviews take shape. The former excludes any active intervention by God in the world, hypostatizing the existing state of things, while rigorously focusing on the c"
argument_furst_2022_josephus_three_jewish_sects_freedom_taxonomy,Josephus classifies Pharisees/Sadducees/Essenes according to their positions on freedom (Fürst 2022 Kap. III 1),argument,,mixed,0.95,"Fürst 2022 thesis (Kap. III 1, p. 103-105): Flavius Josephus (AJ XIII 5,9 = 171-173; AJ XVIII 1,3 = 13; BJ II 8,14 = 163-165) maps the three principal Jewish sects according to their positions on the determination of fat"
argument_methodius_libre_arbitre_obeissance_irenean,"Methode, De Autex. 16-17 - libre arbitre comme don d'obeissance irenenne",argument,Patristic,mixed,0.95,Methodius’ argument in De Autexusio ch. 16-17 (ed. Bonwetsch GCS 27 p. 186-190; ed. Vaillant PO 22.5 p. 795-801). Methodius takes up the Irenaean conception of free will as the 'greatest gift that God has bestowed upon m
scholarly_argument_matteoli_impeccantia_sinlessness_4,Matteoli: Pelagius believed moral progress toward perfection was possible and that humans ,argument,Contemporary,mixed,0.95,"Matteoli starts from Jerome's term impeccantia (the principle that man, if he wills, can be without sin), contested by Jerome (Ep. 133, Dialogus adversus Pelagianos, In Hieremiam) and Augustine. Her examination of the Ex"
scholarly_argument_pironet_freedom_and_intentionality_in__2,"Pironet: Strict akrasia requires that the akratic action be free and intentional, not com",argument,Contemporary,mixed,0.95,"Reporting the post-Davidson debate, Pironet and Tappolet note that most now hold 'strict akrasia' (Mele) possible: the agent judges y better than x, is or believes himself free and able to do y, yet does x 'librement et "
concept_duplex_necessitas_boethius_i4j5k6l7,Duplex Necessitas (Two Types of Necessity) - Boethius,concept,Late Antiquity,mixed,0.95,"Boethius distinguishes two types of necessity to show that divine knowledge does not impose absolute necessity on contingent events. [Latin KEY TEXT - V.6.26-27] ""Duae sunt etenim necessitates, simplex una, altera condic"
concept_logos_krites_alex,Logos as Kritēs (Reason as Judge),concept,Roman Imperial,mixed,0.95,"ΛΌΓΟΣ ΩΣ ΚΡΙΤΉΣ (logos HŌS KRITĒS) - reason AS JUDGE Alexander's account of how human reason evaluates impressions before assent, distinguishing us from animals. External impressions (phantasiai) strike us. Reason (logos"
concept_praebere_se_fato_seneca_d5e6f7g8,Praebere se Fato (Willing Assent to Fate) - Seneca,concept,Roman Imperial,mixed,0.95,"Praebere se fato (""to offer oneself to fate"") is the Stoic ideal of accepting destiny willingly. This transforms necessity into freedom.  • ""Quid est boni viri? Praebere se fato"" (5.8) - What is proper to a good man? To "
concept_synkatathesis_stoic_assent,"Synkatathesis (Stoic Assent, συγκατάθεσις)",concept,Hellenistic,mixed,0.95,"**Étymologie** : συγκατάθεσις < συν- (« avec, ensemble ») + κατάθεσις (« dépôt, position », de κατατίθημι), littéralement « co-déposition / assentiment ». Terme technique stoïcien (Chrysippe, SVF II.74-91) pour l'acte me"
scholarly_work_velardo_2013_notas_teol_gicas_de_bellum_judaicum,"Velardo 2013 — Τὴν εἱμαρμένην ἄφυκτον: Notas teológicas de Bellum Judaicum 6,267-268",publication,Contemporary,mixed,0.95,"Τὴν εἱμαρμένην ἄφυκτον: Notas teológicas de Bellum Judaicum 6,267-268"
synthesis_cic_fat_in_nostra_potestate,Cicero De Fato: In Nostra Potestate - Complete Latin Doctrine Synthesis,synthesis,Roman Republican,mixed,0.95,"I. TERMINOLOGICAL FOUNDATION Cicero's Latin terminology for Greek τὸ ἐφ' ἡμῖν: • IN NOSTRA POTESTATE: ""in our power"" (primary term) • NOBISQUE PAREAT: ""and obeys us"" (§25 - active obedience) • VOLUNTAS LIBERA: ""free will"
work_plato_apology,"Plato, Ἀπολογία Σωκράτους",work,Classical Greek,mixed,0.95,"Plato, Ἀπολογία Σωκράτους. Work shell created from the live corpus so DB passages can be represented in the KG at passage level."
pub_benjamins_1994_eingeordnete_freiheit,Eingeordnete Freiheit. Freiheit und Vorsehung bei Origenes,publication,Contemporary,mixed,0.95,"H. S. Benjamins, Eingeordnete Freiheit. Freiheit und Vorsehung bei Origenes (SVigChr 28), Leiden: Brill, 1994. Reported thesis, on the converging testimony of three held witnesses: freedom and providence are the systemat"
concept_kleronomia_tois_teknois,Κληρονομία τοῖς τέκνοις - Inheritance to the Children,concept,Patristic,mixed,0.9400000000000001,"Melito's term for the transmission of Adam's fall. Greek: κληρονομία τοῖς τέκνοις αὐτοῦ (klēronomia tois teknois autou, ""inheritance to his children""). From Pasch. 49: Adam ""left an inheritance to his children"": not free"
argument_furst_2022_christian_philosophers_freedom_innovation,Early Christian Platonists as neglected innovators of the concept of freedom (Fürst 2022),argument,Modern,mixed,0.94,"Fürst 2022's thesis (Kap. IV introduction, p. 139-141): the early Christian philosophers (Justin, Theophilus of Antioch, Irenaeus, Clement, Tertullian, Tatian) made a decisive and largely unrecognized contribution to the"
argument_furst_2022_kompatibilistischer_libertarismus,Origène = libertarisme compatibiliste (Fürst 2022),argument,Modern,mixed,0.94,"A characteristic thesis of Fürst 2022 (Kap. VI 4, p. 282-290): Origen's philosophical position is correctly captured by the formula 'compatibilist libertarianism' (kompatibilistischer Libertarismus). Radical libertariani"
argument_furst_2022_origen_dynamic_freedom_ontology_replaces_static_being,Origène : transformation de la Seinslehre statique en Freiheitslehre dynamique (Fürst 2022 Zum Ausklang),argument,,mixed,0.94,"Fürst 2022's final cosmological thesis (Zum Ausklang, p. 292): the metaphysical consequence of the Origenian conception of freedom as an ontological principle is the transition from a 'static doctrine of being' (statisch"
scholarly_argument_f_rst_origen_s_libertarian_compatibi_4,Fürst: Develops the concept of 'kompatibilistischer Libertarismus' (compatibilist liber,argument,Contemporary,mixed,0.94,Origen's kompatibilistischer Libertarismus — Fürst coins 'kompatibilistischer Libertarismus' (compatibilist libertarianism) as a deliberately double-edged characterization of Origen. Insofar as Origen frames freedom with
scholarly_argument_matteoli_free_will_libero_arbitrio_in_p_0,"Matteoli: Pelagius defended free will against deterministic readings of Paul, particularly",argument,Contemporary,mixed,0.94,"Matteoli reads the Expositiones on Rm 1,24 and 11,8 (God 'abandons' sinners to safeguard free will), 7,14-21 and 9,16-24 as Pelagius's defence of 'libero arbitrio' against a 'lettura in senso deterministico' of Paul, bef"
concept_autexousion_christian_freedom_u1v2w3x4,Autexousion (Αὐτεξούσιον) - Christian Free Will,concept,Patristic,mixed,0.94,"**Étymologie** : αὐτεξούσιον < αὐτο- (réflexif, « soi-même ») + ἐξουσία (« autorité, pouvoir d'agir »), terme déjà attesté dans le grec juif et profane du Iᵉʳ s. ap. J.-C. (Philon d'Alexandrie, TLG 0018) ; le sens propre"
concept_hypothetical_fate_middle_platonist,Hypothetical Fate (ex hypotheseos),concept,Roman Imperial,mixed,0.94,**Termes** : εἱμαρμένη ἐξ ὑποθέσεως (heimarmenē ex hypotheseōs) ; lat. fatum ex hypothesi ; le destin sous condition vs absolu (haplōs) du Moyen Platonisme.  The Middle Platonist doctrine that events are fated HYPOTHETIC
pub_schockenhoff_1990_fest_freiheit,Zum Fest der Freiheit: Theologie des christlichen Handelns bei Origenes,publication,Contemporary,mixed,0.94,"Schockenhoff, E. (1990). Zum Fest der Freiheit: Theologie des christlichen Handelns bei Origenes. Mainz: Grünewald Verlag. Thesis: Schockenhoff's Habilitationsschrift (under Walter Kasper, Tübingen) on the theology of Ch"
synthesis_furst2022_origen_central_freedom,Origen — freedom at the centre of dogma and philosophy (Fürst 2022),synthesis,Modern,mixed,0.94,"Synthesis Fürst 2022, Kap. V (p. 187-246): Origen made freedom the central pivot of his system. Four definitive features: (1) free self-determination is a fundamental article of ecclesiastical preaching (Princ. I praef. "
scholarly_argument_f_rst_scope_and_chronological_framew_2,"Fürst: The temporal framework extends from Homer to Origenes, covering Greek, Roman, an",argument,Contemporary,mixed,0.93,"The book tells 'in Kurzform' the more than thousand-year 'Geschichte des Weges zur Freiheit im Sinne freier menschlicher Selbstbestimmung von Homer bis Origenes', from the 8th c. BCE to its 'Höhepunkt' in the 3rd c. CE; "
concept_freiheitsmetaphysik_origenian,Freiheitsmetaphysik (métaphysique de la liberté origénienne),concept,Patristic,mixed,0.93,"Freiheitsmetaphysik (""metaphysics of freedom""): a concept coined by Hengstermann 2016 and systematised by Fürst 2022 to designate Origen’s fundamental philosophical innovation—the elevation of freedom from the status of "
concept_prohairesis_deliberate_choice_aristotle_c3d4e5f6,Prohairesis (Προαίρεσις) - Deliberate Choice,concept,Classical Greek,mixed,0.93,"**Étymologie** : προαίρεσις < πρό- (« avant ») + αἵρεσις (« choix, prise », de αἱρέω « prendre, saisir »), littéralement « choix préalable / antérieur ». Premier emploi technique chez Aristote, *Éthique à Nicomaque* III."
concept_voluntas_y7z8a9b0,Will (Voluntas),concept,Medieval,mixed,0.93,"**Étymologie** : *voluntas* < radical *vol-* du verbe *velle* (« vouloir »), même racine que *voluptas* (« plaisir ») (le rapprochement avec le grec βούλομαι, d'une racine distincte, est contesté). Suffixe nominal -*tas*"
pub_markschies_2007_origenes_erbe,Markschies 2007 — Origenes und sein Erbe. Gesammelte Studien,publication,Modern,mixed,0.93,"Christoph Markschies, *Origenes und sein Erbe. Gesammelte Studien*, Berlin: De Gruyter, 2007, Texte und Untersuchungen 160, 294 p., ISBN 978-3-11-019278-0. Collection of 12 studies + 2 editorial texts + Anhang. **Four ce"
work_galen_de_naturalibus_facultatibus,"Galen, De naturalibus facultatibus",work,Roman Imperial,mixed,0.93,"Galen, De naturalibus facultatibus (Περὶ φυσικῶν δυνάμεων), books I-III."
scholarly_argument_bardy_free_will_in_athenagoras_0,"Bardy: The introduction does not directly address Athenagoras's position on free will, ",argument,Contemporary,mixed,0.92,"Bardy's introduction does address freedom, in its doctrinal chapters. On providence he expounds Athenagoras's distinction between general and particular providence (Leg. XXIV-XXV), Schwartz's three-level scheme and Puech"
scholarly_argument_crouzel_origen_s_relationship_to_greek_0,Crouzel: Origen was not a philosopher but a theologian who subordinated philosophy to Chr,argument,Contemporary,mixed,0.92,"Crouzel (1962, p. 11): against de Faye and Hal Koch, Origen, though possessing a considerable philosophical culture which he constantly uses, 'n'est philosophe ni par son but ni par sa méthode'. A pure philosopher draws "
scholarly_argument_crouzel_origen_s_conception_of_human_f_0,Crouzel: Origen's true conception of freedom is not mere 'free choice' or the 'omnipotenc,argument,Contemporary,mixed,0.92,"Origen's conception of human freedom vs. free will (libre arbitre) — Origen's true conception of freedom is not mere 'free choice' or the 'omnipotence du libre arbitre' often attributed to him, but rather freedom as adhe"
scholarly_argument_dettwiler_eschatology_and_determinism_in_1,Dettwiler: Describes 2 Thessalonians 2:1-12 as using apocalyptic concepts to present a dete,argument,Contemporary,mixed,0.92,"Dettwiler: 2 Th 2,1-12 is the letter's thematic centre. Against an adverse 'eschatologie présentéiste' (2,2), the author describes a series of eschatological events that must occur before Christ's coming (2,3-12), in ima"
concept_hairoumenous_pepeisthai,Αἱρουμένους πεπεῖσθαι - Those Who Choose to Be Persuaded,concept,Patristic,mixed,0.92,"Justin's synergistic formula for salvation. Greek: τοὺς... αἱρουμένους πεπεῖσθαι (tous... hairoumenous pepeisthai, ""those who choose to be PERSUADED""). From Dial. 130.3: those from every race ""who choose to be persuaded "
concept_heimarmene_fate_stoics_j0k1l2m3,Heimarmenê (Εἱμαρμένη) - Stoic Fate,concept,Roman Imperial,mixed,0.92,"**Étymologie** : εἱμαρμένη, participe parfait passif féminin substantivé du verbe défectif μείρομαι / εἵμαρται (« recevoir en partage, échoir »), littéralement « ce qui est départi/assigné » — d'où « le destin ».  Heimar"
concept_prohairesis_alex,Prohairesis (προαίρεσις) - Alexander,concept,Roman Imperial,mixed,0.92,"Alexander defines prohairesis at De Fato 12 (Bruns ~180): «ἡ γὰρ ἐπὶ τὸ προκριθὲν ἐκ τῆς βουλῆς μετὰ ὀρέξεως ὁρμὴ προαίρεσις» — ""for prohairesis is the impulse (ὁρμή), accompanied by desire (ὄρεξις), toward what has been"
concept_two_senses_fate_plut,Two Senses of Fate / εἱμαρμένη διχῶς (Pseudo-Plutarch),concept,Roman Imperial,mixed,0.92,"εἱμαρμένη διχῶς (heimarmenē dichōs) - Fate in two senses: as activity (energeia) and as substance (ousia).  Fat. 1: ""εἱμαρμένη διχῶς καὶ λέγεται καὶ νοεῖται: ἡ μὲν γάρ ἐστιν ἐνέργεια ἡ δ' οὐσία""  Fate as ENERGEIA: The di"
synthesis_furst2022_alexander_alternativenoffenheit,Alexandre d'Aphrodise exige des alternatives ouvertes (Fürst 2022),synthesis,Modern,mixed,0.92,"Synthesis Fürst 2022, Kap. III 3c (p. 132-138): Alexander of Aphrodisias, a Peripatetic holder of the Aristotelian chair at Athens (198-209), produced the only fully preserved treatise Sur le destin from the imperial per"
synthesis_furst2022_origenian_freiheitsmetaphysik,Origenian Metaphysics of Freedom (Fürst 2022),synthesis,Modern,mixed,0.92,"Summary Fürst 2022, Kap. VI (p. 247-290): Origen did not merely affirm human freedom—he made it the metaphysical principle of all reality (Freiheitsmetaphysik). Six elements: (1) a four-level ontology of movement (Princ."
scholar_benjamins_hendrik_s,Hendrik S. Benjamins,person,Contemporary,mixed,0.92,"Dutch patristic scholar; author of Eingeordnete Freiheit. Freiheit und Vorsehung bei Origenes (Supplements to Vigiliae Christianae 28), Leiden: Brill, 1994 — the standard monograph on the articulation of human freedom an"
scholarly_argument_holz_restoration_without_coercion,Holz: restoration requires the good to prevail without coercion,argument,Contemporary,mixed,0.92,"Holz reads apokatastasis as the complete self-assertion of the absolute will in the creaturely realm: it must prevail 'bis in die letzte konkrete Einzelheit', yet 'nicht durch Zwang, sondern allein durch die innere Gewal"
argument_maximus_proairesis_baptismal_repair,Maximus: baptism restores προαίρεσις (post-baptismal gnomic restoration),argument,Late Antiquity,mixed,0.91,"**Primary source**: Maximus the Confessor, *Quaestiones ad Thalassium* 6 (ed. Laga–Steel, CCSG 7; PG 90, 280-285): « Διττὸς ἐν ἡμῖν τῆς ἐκ θεοῦ γεννήσεως ὁ τρόπος· ὁ μὲν πᾶσαν δυνάμει παροῦσαν τοῖς γεννωμένοις διδοὺς τὴν"
scholarly_argument_dettwiler_authorship_of_colossians_and_p_0,Dettwiler: Colossians was not written by Paul himself but by an unknown figure very familia,argument,Contemporary,mixed,0.91,"Dettwiler: Colossians presents itself as Paul's, but exegesis has shown — 'avec un degré de probabilité encore à préciser' — that it was written not by Paul but by 'quelqu'un de très familier avec sa pensée', an unknown "
scholarly_argument_dettwiler_moral_responsibility_and_failu_4,"Dettwiler: Peter's failure is attributed to his 'little faith' (oligopistia), a recurring M",argument,Contemporary,mixed,0.91,"Peter's failure is 'oligopistia', a key Matthean concept distinct from apistia (unbelief, reserved for the crowd): not a smaller faith but 'l'incrédulité au sein de la foi', born of the tension between Jesus' word and th"
scholarly_argument_dettwiler_moral_responsibility_and_ethic_2,Dettwiler: The ethical exhortation invites believers to pass from the 'old man' to the 'new,argument,Contemporary,mixed,0.91,"Dettwiler: the ethical exhortation has two parts — 3,5-17 invites the passage 'du «vieil homme» à «l'homme nouveau»' (with catalogues of vices and virtues), a new existence culminating in mutual love; 3,18-4,1 contains t"
scholarly_argument_f_rst_early_christian_freedom_theory_6,Fürst: Contends that early Christianity developed a distinctive 'freedom pathos' (Freih,argument,Contemporary,mixed,0.91,"Fürst: from the mid-2nd century Christian Platonists shared the Platonic critique of Stoic Kompatibilismus but, with unprecedented 'Vehemenz', called τὸ ἐφ᾽ ἡμῖν and τὸ αὐτεξούσιον 'frei' and ascribed freedom of self-det"
work_augustine_adversus_fulgentium,"Augustine, Libellus Adversus Fulgentium Donatistam",work,Late Antiquity,mixed,0.91,"Libellus adversus Fulgentium Donatistam, transmitted in the Augustinian corpus (CPL 351; its authenticity is debated). Anti-Donatist polemic. 26 passages in this corpus."
scholarly_argument_f_rst_origen_s_metaphysics_of_freedo_5,Fürst: Argues Origen develops a 'theology of freedom' (Theologie der Freiheit) where Go,argument,Contemporary,mixed,0.9,"Fürst reads Origen's Freiheitsmetaphysik as a 'Theologie der Freiheit': God is 'ungezeugte Freiheit', pure 'Eigenbewegung', origin of the whole moved world; creation is a 'Welt in Bewegung' of self-moving rational beings"
scholarly_argument_pouderon_transformation_of_human_nature_12,Pouderon: Adam and Eve's fault profoundly transformed human nature. The main consequence i,argument,Contemporary,mixed,0.9,"Pouderon: a leitmotiv of the Apologists is that the fault of Adam and Eve profoundly transformed human nature in its very essence. Its main consequence is the intrusion of biological necessities — suffering, illness, bod"
concept_eph_hemin_in_our_power_aristotle_d4e5f6g7,To Eph' Hêmin (Τὸ ἐφ' ἡμῖν) - What is In Our Power,concept,Classical Greek,mixed,0.9,"**Étymologie** : τὸ ἐφ' ἡμῖν, syntagme attributif « ce qui est sur nous / en notre pouvoir » < ἐπί + datif pronom personnel 1ʳᵉ pl. Locution technique aristotélicienne (*EN* III.5) reprise par les Stoïciens et les Médio-"
concept_freiheitspathos_furst,Freiheitspathos (pathos de la liberté — catégorie historique Fürst 2022),concept,,mixed,0.9,"Historical category introduced by Fürst (title of Kap. IV: « Freiheitspathos — Die frühchristliche Freiheitstheorie »). It designates the new emphasis, qualitatively distinct from Stoicism and Middle Platonism, with whic"
scholarly_argument_bonaiuti_augustine_s_predestination_and_2,Bonaiuti: Augustine's system of grace and predestination prevailed for centuries with oppo,argument,Contemporary,mixed,0.89,"Augustine's predestination and grace system — Augustine's system of grace and predestination prevailed for centuries with opposition, underwent scholastic changes to save freedom of the will, and reappeared in Luther and"
scholarly_argument_crouzel_platonism_and_free_will_2,Crouzel: Platonism dominates Origen's conception of libre arbitre; Platonism is Origen's ,argument,Contemporary,mixed,0.89,"Crouzel: in Origen's reading (Contra Celsum), the doctrines that raise the soul from things here below to the beatitude awaiting it near God, and that teach contempt of the sensible as transitory so that one hastens towa"
scholarly_argument_dettwiler_theological_character_of_ephes_1,Dettwiler: Ephesians represents a developed theological reflection on the nature and task o,argument,Contemporary,mixed,0.89,"Dettwiler: Ephesians is characterised above all by a deepened reflection on the nature and task of the one, universal Church, a theological reflection without comparison in the canon. Col and Eph form the backbone of the"
scholarly_argument_velardo_determinism_and_free_will_in_j_1,Velardo: Josephus's formula introduces a paradoxical relationship between 'determinism' a,argument,Contemporary,mixed,0.89,"Determinism and free will in Josephus — Josephus's formula introduces a paradoxical relationship between 'determinism' and 'free will' (libre albedrío), using Stoic terminology of fate as a hermeneutical mechanism to pro"
scholarly_argument_voelke_prohairesis_and_the_will_2,Voelke: The Stoic prohairesis (faculty of choice/assent) constitutes the core of the sel,argument,Contemporary,mixed,0.89,"Voelke: in Epictetus (the old Stoics scarcely used the notion) the prohairesis is the primordial choice rooting our moral project — a power of judging, choosing and willing accompanied by reflexive consciousness, immanen"
concept_ananke_necessity_democritus_h8i9j0k1,Ananke (Ἀνάγκη) - Necessity/Determinism,concept,Classical Greek,mixed,0.89,"**Étymologie** : ἀνάγκη, terme archaïque (Homère, *Il.* VI.85 ; Hésiode, *Théog.* 517) signifiant « contrainte, nécessité, destin », étymologie incertaine (peut-être lié à un radical *ank- « serrer, étrangler »). Substan"
concept_endechomenon_contingent_aristotle_e5f6g7h8,To Endechomenon (Τὸ ἐνδεχόμενον) - The Contingent,concept,Classical Greek,mixed,0.89,"**Étymologie** : τὸ ἐνδεχόμενον, participe présent neutre substantivé du verbe ἐνδέχομαι (« admettre, accepter, être possible »), littéralement « ce qui admet d'être (autrement) » — concept modal central d'Aristote (*De "
concept_non_causa_sed_occasio,Non Causa Sed Occasio - Not Cause But Occasion,concept,Patristic,mixed,0.89,"Origen's permissive theodicy formula. Latin: non causa sed occasio (""not cause but occasion""). Explaining Pharaoh's hardening in Com. Rom. VII.14 (SC 543), Origen writes: ""Non ergo quem uult Deus indurat sed qui patienti"
argument_origen_witness_possibilitas_utriusque_amand1945,Origène — Possibilitas utriusque partis (laudis et culpae capax) (Amand 1945),argument,Patristic,mixed,0.88,"Amand (p. 299): The *possibilitas utriusque partis* constitutes the essential and active property of the rational created being (λογικὸν ζῷον). Origen (Princ. I.5,2 ed. Koetschau p. 70,4-7): « every intellectual creature"
scholarly_argument_crouzel_hierarchy_of_philosophical_sch_5,Crouzel: Origen ranks philosophical schools from worst to best: Epicureans (voluptuous an,argument,Contemporary,mixed,0.88,"Crouzel: a Contra Celsum passage gives Origen's order of preference among schools, starting from the worst—the parade of Celsus's 'mauvais médecins': Epicurus and his followers (deniers of Providence, partisans of pleasu"
scholarly_argument_koch_middle_platonic_conditional_fa_5,Koch: Middle Platonists developed a theory of conditional fate (destin conditionnel) f,argument,Contemporary,mixed,0.88,"Koch (p. 35): the Platonists 'ont actualisé leur platonisme' by rereading founding texts to develop 'la théorie originale du destin conditionnel', found in Alcinous Did. 26, Calcidius In Tim. 142-144, Nemesius Nat. hom. "
scholarly_argument_prigent_free_will_and_moral_choice_in__0,Prigent: The Two Ways material in Barnabas 18-20 represents a distinct genre from the ear,argument,Contemporary,mixed,0.88,"Prigent: with 18,1 Barnabas consciously changes genre — no longer Testimonia or liturgical traditions but 'la morale concrète'; ch. 18 lays the theological foundation and chs. 19-20 list precise commandments and prohibit"
argument_furst_2022_origen_first_freedom_thinker,Origène = premier penseur de la liberté de l'histoire (Fürst 2022),argument,Modern,mixed,0.87,"Central thesis of Fürst 2022 (Kap. VI): Origen is, chronologically prior to Plotinus, the first thinker of freedom in history. He was the first to grasp freedom as the principle of being as a whole and, on this basis, to"
argument_lucian_zeus_confutatus_carneadean_topos,Argumentation morale carnéadienne dans Iuppiter confutatus 18 (Lucien),argument,Roman Imperial,mixed,0.87,"Framework argument deployed by Cyniscus in Lucian Iuppiter confutatus 18 (ed. Jacobitz II, p. 347) — a direct reductio ad absurdum of fatalism. Key text: Ὅτι οὐδὲν ἑκόντες οἱ ἄνθρωποι ποιοῦμεν, ἀλλά τινι ἀνάγκῃ ἀφύκτῳ κε"
scholarly_argument_dettwiler_human_moral_agency_and_ethical_1,Dettwiler: The letter develops an ethics of contrast emphasizing necessary distance from th,argument,Contemporary,mixed,0.87,"Dettwiler: Ephesians insists on an 'éthique du contraste' (4,17-5,20), stressing the necessary distance of the Pauline communities from the surrounding world and warning against excessive acculturation. This ethic is gro"
scholarly_argument_f_rst_terminology_of_will_and_freedo_1,Fürst: The work will address both the concept of will (Willensbegriff) and the concept ,argument,Contemporary,mixed,0.87,"In 'Thematische Eingrenzungen' Fürst delimits his terms negatively: the Willensbegriff is discussed only to be excluded — antiquity before Augustine had no concept of will, so he avoids the word and stays close to the an"
scholarly_argument_gourinat_multiple_senses_of_prohairesis_1,"Gourinat: prohairesis in Epictetus has three main senses: (1) a punctual decision, (2) the",argument,Contemporary,mixed,0.87,"multiple senses of prohairesis in Epictetus — prohairesis in Epictetus has three main senses: (1) a punctual decision, (2) the faculty of making decisions (also called 'faculté prohairetique'), and (3) in a more restrict"
scholarly_argument_koch_peripatetic_definitions_of_fat_1,Koch: The Peripatetic definitions of providence and fate in Alexander's two treatises ,argument,Contemporary,mixed,0.87,"Koch (p. 34) holds that the Peripatetic definitions of providence and of fate in the two treatises 'sont très proches et cherchent visiblement à répondre à des préoccupations identiques', so close 'qu'on pourrait se dema"
scholarly_argument_pouderon_determinism_and_fate_vs_christ_1,Pouderon: The apologists combated gnostic determinism which distinguished the transcendent,argument,Contemporary,mixed,0.87,"Pouderon's back-cover presentation says the apologists, besides defending Christians against pagan accusations and building 'un premier pont' between pagan philosophy and Christianity, fought closer adversaries: the gnos"
scholarly_argument_pouderon_original_human_nature_as_moral_1,Pouderon: God did not create humans naturally or entirely good. The original human was nei,argument,Contemporary,mixed,0.87,"Pouderon: God did not create man naturally (or entirely) good. Man does have a propensity to good (kinship with God, individual reason), but since God made him free, the original man must be supposed by nature neither go"
concept_logikon_zoon_origen_amand1945,Λογικὸν ζῷον — rational being in Origen (Amand 1945),concept,Patristic,mixed,0.87,"Origenian pivot-concept: λογικὸν ζῷον (rational being) — the human subject as endowed with reason AND freedom. Amand (p. 299) characterizes it by its active property: *possibilitas utriusque partis*, which makes it *laud"
pub_lienemann_2012_review_frede,"Lienemann 2012 — Review of M. Frede, A Free Will (Sather, 2011) — BPJAM 15",publication,Modern,mixed,0.87,"Béatrice Lienemann, recension critique de Michael Frede, *A Free Will. Origins of the Notion in Ancient Thought* (University of California Press, 2011), parue dans *Bochumer Philosophisches Jahrbuch für Antike und Mittel"
scholarly_argument_andresen_heimarmene_fate_and_free_will_1,Andresen: Justin's arguments against Stoic determinism are 'largely identical' (weithin id,argument,Contemporary,mixed,0.86,Heimarmene (fate) and free will — Justin's arguments against Stoic determinism are 'largely identical' (weithin identisch) to Middle Platonist critiques; Justin and Alcinous share the same structural solution: the soul i
scholarly_argument_amand_de_mendieta_reconstruction_of_carneades_ar_4,Amand de Mendieta: The reconstruction of the general architecture of the Neo-Academic demonstration,argument,Contemporary,mixed,0.86,Amand: the reconstruction of the general architecture of the Neo-Academic demonstration attempted in the Conclusion is 'conjecturale et toute fragmentaire' and only sketches the partial canvas of the Carneadean argumenta
concept_common_cause_alex,"Common Cause (Alexander, De fato, Bruns 194-195)",concept,Roman Imperial,mixed,0.86,"Modern label, not an Alexandrian technical term: neither κοινὴ αἰτία nor ἀρχὴ πολλῶν occurs anywhere in Alexander (exhaustive TLG search). Alexander's own formulation, De fato (Bruns 194-195): ὁρῶμεν γὰρ ἐπὶ πολλῶν τὸ αὐ"
pub_forschner_2018_philosophie_stoa,"Die Philosophie der Stoa: Logik, Physik und Ethik",publication,Contemporary,mixed,0.86,"Forschner, M. (2018). Die Philosophie der Stoa: Logik, Physik und Ethik. Darmstadt: Wissenschaftliche Buchgesellschaft. 357pp. Thesis: A systematic presentation of Stoic philosophy organized by the traditional tripartite"
scholarly_argument_markschies_apokatastasis_is_consequence_but_not_settled_verdict,Markschies: universal restoration is a systematic consequence on which Origen remained unsure,argument,Contemporary,mixed,0.86,"Markschies treats universal restoration as a consequence generated by Origen's system, not as an everywhere-settled verdict. Origen considers it in some places, qualifies or denies it in others, and addresses a question "
scholarly_argument_dettwiler_hellenistic_influence_on_pauli_4,"Dettwiler: Despite Hebrew monistic tendencies, Paul's literature is also permeated by speci",argument,Contemporary,mixed,0.85,"Because Paul's Judaism, like any minority culture of the time, is influenced by Hellenistic culture, Pauline literature is also 'imprégnée' by specifically Greco-Roman anthropological elements: Paul's extensive use of ty"
scholarly_argument_pouderon_free_will_libre_arbitre_in_gre_0,"Pouderon: The Greek Apologists (Justin, Tatian, Theophilus, Athenagoras) affirm that God c",argument,Contemporary,mixed,0.85,"Pouderon: God created humans, like the angels, free — a 'libre arbitre' (the autexousion, in his transliteration), not a full freedom like God's — so that they can turn toward good or evil. Hence the 'constat paradoxal':"
concept_autokrateia_alex,Self-Governance / αὐτεξούσιον (Alexander),concept,Roman Imperial,mixed,0.85,"αὐτεξούσιον (to autexousion) — Self-governance, self-rule; not being ruled by another but by oneself.  The free is the self-governing, and choice is self-governing: what is self-governing is ruled not by another but by i"
concept_hekousion_voluntary_aristotle_a1b2c3d4,Hekousion (Ἑκούσιον) - Voluntary,concept,Classical Greek,mixed,0.85,"**Étymologie** : ἑκούσιον < adjectif neutre substantivé de ἑκών (« de plein gré, volontaire »), sémantiquement proche de ἐθέλω (« vouloir »), sans parenté étymologique établie. Opposé technique chez Aristote : ἀκούσιον ("
scholar_dettwiler_a,Andreas DETTWILER,person,Modern,mixed,0.85,"Andreas Dettwiler (born 1959). Professor of New Testament at the Faculty of Theology of the University of Geneva. Swiss New Testament scholar. Contribution: chapter « L'épître aux Éphésiens » in Daniel Marguerat (ed.), *"
scholarly_argument_voelke_post_panaetian_dualism,"Voelke: from Panaetius onward, psychological dualism detaches tendency from the will of reason",argument,Contemporary,mixed,0.85,"Second-part thesis: from Panaetius on, Stoic anthropology undergoes modifications that bear on the conception of will. The psychological monism which had reached its most achieved form with Chrysippus gives way to a more"
pub_nikolaou_1977_willensfreiheit_clement,Nikolaou 1977 — Die Willensfreiheit bei Klemens von Alexandrien,publication,Contemporary,mixed,0.85,"Theodor Nikolaou, 'Die Willensfreiheit bei Klemens von Alexandrien,' Philosophia 7 (1977), pp. 384-403; read in full from the local PDF."
argument_furst_2022_aristotle_no_will_intellectualism,"Pas de concept de volonté chez Aristote — intellectualisme grec (Fürst 2022, suivant Frede)",argument,Modern,mixed,0.84,"Fürst 2022's thesis (Thematische Eingrenzungen 1a), following Frede 2011 and Dihle 1985: neither Plato nor Aristotle possesses a concept of will (Wille) as a mental-psychic force independent of the intellect. Socratic-Pl"
scholarly_argument_belcastro_origen_s_doctrine_of_predestin_1,Belcastro: Origen is the first Christian author to formulate an organic doctrine of predest,argument,Contemporary,mixed,0.84,Belcastro: Origen is the first Christian author to think an organic doctrine of predestination — 'anche se normalizzata e svuotata di qualunque senso paradossale' — and he does so in structural confrontation with gnostic
scholarly_argument_crouzel_free_will_libre_arbitre_in_ori_1,"Crouzel: Origen gives great importance to libre arbitre, partly because of its central ro",argument,Contemporary,mixed,0.84,"Crouzel (1962): when philosophy's methods become sovereign in the Church the result is heresy; the gnostics show it, with their aeons, contempt of matter, 'aristocratisme de pneumatiques', 'refus du libre arbitre et de l"
scholarly_argument_labarri_re_to_eph_h_min_ce_qui_d_pend_de__0,Labarrière: The article examines the Greek concept of 'to eph' hēmin' (what depends on us) a,argument,Contemporary,mixed,0.84,"Labarrière's article asks what the fashionable category Self/Soi can mean for ancient philosophy — 'Soi' as a substantive being Pierre Coste's 1700 coinage to render Locke's Self, distinguished from the Cartesian Moi by "
scholarly_argument_pouderon_stoic_determinism_and_divine_i_2,"Pouderon: Unlike the Stoics who, according to their adversaries, make God immanent in chan",argument,Contemporary,mixed,0.84,"Pouderon: whereas the Stoics — 'à en croire leurs adversaires' — implicate God in evil by proclaiming him immanent in changeable, passible matter, and hence in matter that carries evil, the Christian Apologists insist th"
concept_autexousion_methodian_doctrine_141258ec,Autexousion (Free Will) - Methodian Doctrine,concept,Patristic,mixed,0.84,"Methodius's autexousion doctrine synthesizes biblical anthropology with Aristotelian metaphysics. Methodius does deploy the Aristotelian οὐσία/συμβεβηκός distinction, but he applies it to evil rather than to free will: '"
concept_three_contingent_types_plut,Three Types of Contingent / τριττὸν ἐνδεχόμενον (Pseudo-Plutarch),concept,Roman Imperial,mixed,0.84,"Three types of contingent: for the most part (hōs epi to poly), less often (hōs ep' elatton), equally either way (hōs episēs / hopoteron etychon).  Fat. 6 (571e–572a): ""τὸ μὲν ὡς ἐπὶ τὸ πολύ, τὸ δ' ὡς ἐπ' ἔλαττον, τὸ δ' "
scholarly_argument_belcastro_prescience_as_prevision_of_pos_3,Belcastro: Origen specifically reworks the problem of prescience (prescienza) as prevision ,argument,Contemporary,mixed,0.83,"Prescience as prevision of possibilities — Origen specifically reworks the problem of prescience (prescienza) as prevision of possibilities, rather than as determining foreknowledge; this is central to his normalization "
scholarly_argument_crouzel_status_of_peri_archon_6,Crouzel: Crouzel cautions against overemphasizing Peri Archon as it is a youthful work (',argument,Contemporary,mixed,0.83,Status of Peri Archon — Crouzel cautions against overemphasizing Peri Archon as it is a youthful work ('une oeuvre de jeunesse'); Origen's antithetical thought in this work does not truly furnish elements for a system
scholarly_argument_dettwiler_divine_election_and_predestina_0,Dettwiler: The language of election and 'predestination' (Ephesians 1:5) preceding all huma,argument,Contemporary,mixed,0.83,"Dettwiler on Eph 1,4-6: the verses stress the election of the addressees 'dès avant la création' by the God of Jesus Christ; the language of election or 'prédestination' (v. 5), 'précédant tout agir humain', expresses 'l"
scholarly_argument_pouderon_christian_apologetics_and_gree_0,Pouderon: The encounter between Christian faith and Greek culture was fundamentally a conf,argument,Contemporary,mixed,0.83,"Joseph Doré (Préface): the meeting of Christian faith with Greek culture was 'la rencontre et l'affrontement de deux visions du monde et de deux systèmes de valeurs' — faith and confessing approach on one side, rationali"
concept_axioma_dignity_alex,Human Dignity / ἀξία (Alexander),concept,Roman Imperial,mixed,0.83,"ἀξία (axia) — Worth, dignity, status; what makes someone deserving of respect.  For Alexander, our worth (ἀξία; Alexander's own idiom is the adverbial κατ' ἀξίαν, ""according to desert"") lies in being self-determining and"
concept_four_categories_alex,Four Categories of Sublunary Events (Alexander),concept,Roman Imperial,mixed,0.83,"Greek terminology: • ἐξ ἀνάγκης, ὡς ἐπὶ τὸ πολύ, ἀπὸ τύχης, ἐφ᾽ ἡμῖν necessary (ἐξ ἀνάγκης). Applies fully to superlunary realm. In sublunary: logical and mathematical truths. FOR THE MOST PART (ὡς ἐπὶ τὸ πολύ). Natural "
scholarly_argument_fries_pharaoh_analogies,Fries: the Pharaoh analogies refute a fixed evil nature,argument,Contemporary,mixed,0.83,"Fries reads Origen's Pharaoh exegesis as reducing the heretics' 'schlechte Natur' to absurdity (p. 95-96). The rain/soil, sun/wax-mud and sower analogies show the same divine action making manifest a pre-existing individ"
concept_pedagogical_theodicy,Pedagogical Theodicy (ἀφορμὴ προκοπῆς),concept,Patristic,mixed,0.8200000000000001,Theophilus' innovation: Evil as ἀφορμὴ προκοπῆς (opportunity for progress/growth). God's pedagogical purpose in granting free choice enabling evil possibility. Pre-emptive defense against objection that granting freedom 
scholarly_argument_koch_chronological_and_conceptual_r_2,Koch: The De fato serves to specify and complete themes addressed in the writings on p,argument,Contemporary,mixed,0.82,Koch (p. 34): the formal and doctrinal resemblances between the De fato and the writings on providence are such that 'il est … difficile de proposer une hypothèse sur la chronologie des deux traités'. Her reading hypothe
scholar_nilsen_fredrik,Fredrik Nilsen,person,Contemporary,mixed,0.82,"Author of Den frie viljens opphav hos Clemens av Alexandria, identified from the local article title page."
argument_firmicus_witness3_religion_useless_amand1945,"Témoin n°3 (Firmicus Math I, 2, 8-9) — Deuxième argument : mépris des dieux et inutilité des rites",argument,Hellenistic,mixed,0.81,"Second anti-fatalist moral argument reconstructed in Firmicus Mathesis I, 2, 8-9 (Kroll-Skutsch I p. 8) by Amand 1945 (analysis p. 186, Latin text p. 187). Logical conclusion of astrological fatalism: contempt for the go"
argument_fate_equals_nature_alex,Alexander's Fate = Nature Thesis (Heimarmene = Phusis),argument,Roman Imperial,mixed,0.81,"ALEXANDRIAN KEY Thesis (De Fato 6 (Bruns 169–170)): Fate (εἱμαρμένη) is identical with nature (φύσις). ""It remains to say that fate is among things that come to be by nature, so that fate and nature are the same"" (ταὐτὸν"
argument_eus_carneadean_pe_vi_6_general_theme,"Eusebius PE VI.6.5: General theme — fatalism ruins morality, piety, religion",argument,Late Antiquity,mixed,0.81,"Eusebius’ general theme in PE VI.6.5: 'For if we must attribute to the constellations and to εἱμαρμένη not only external events, but also desires and volitions in accordance with reason, and if an inexorable Necessity co"
argument_furst_2022_stoic_eph_hemin_late_substantive,"The substantivized τὸ ἐφ᾽ ἡμῖν unattested in the Early Stoa (Fürst 2022, following Bobzien)",argument,Modern,mixed,0.81,"Philological thesis of Fürst 2022 (Anm. 9 ; suivant Bobzien Determinism and Freedom 280 Anm. 95): the substantivized Greek form τὸ ἐφ᾽ ἡμῖν is not attested for the Early Stoa. At most, it may lie behind the corresponding"
argument_origen_witness_diss_precession_equinoxes_amand1945,Origène — Précession des équinoxes mobilisée contre l'astrologie scientifique (Amand 1945),argument,Patristic,mixed,0.81,"Amand (p. 314) [specific sub-theme drawn from Problem 3]: Amand emphasizes the exceptional scientific-philological significance of Origen's argument. Origen distinguishes (Phil. 23.18, Robinson p. 206,29 — 207,6) the νοη"
scholarly_argument_dettwiler_authorship_of_colossians_1,"Dettwiler: Adheres to the third option (deutero-Pauline, written after Paul's death by a di",argument,Contemporary,mixed,0.81,"Among three options on Colossians' author (Paul himself; a close disciple authenticated by Paul during his lifetime, the 'secretary' hypothesis; composition after the Apostle's death by a disciple or someone very familia"
scholarly_argument_f_rst_libertarian_critique_of_stoic__3,Fürst: Traces a tradition of libertarian critique of Stoic compatibilism through Cicero,argument,Contemporary,mixed,0.81,"Fürst (ch. III.3, 'Kritik am stoischen Kompatibilismus') traces the imperial-age criticism of Chrysippus' Kompatibilismus: Cicero, first witness, drawing on Carneades, posits a 'Wille' as mental cause ('Postulat der Will"
scholarly_argument_munier_free_will_and_determinism_in_j_0,Munier: The work is a comprehensive study of Justin's Apology that addresses theological,argument,Contemporary,mixed,0.81,"Munier treats free will within ch. IX.4 'L'homme et son salut'. Moral responsibility and free will are closely interdependent in Justin, as in most Apologists; free will is a 'pièce maîtresse' of early Christian moral do"
scholarly_argument_rousseau_free_will_in_gnosticism_0,Rousseau: The edition presents Irenaeus's report that Valentinian Gnostics held determinis,argument,Contemporary,mixed,0.81,"SC 264 presents Irenaeus's report (AH I,6,1-2; I,7,5) that the Valentinians posit three elements or races — hylic, psychic, pneumatic (Cain, Abel, Seth). The hylic perishes of necessity, incapable of incorruptibility; th"
concept_selbstbestimmung_modern_furst,Selbstbestimmung (autodétermination — terme allemand moderne),concept,Modern,mixed,0.81,"“Selbstbestimmung” (self-determination), a modern German term that Fürst 2022 employs as a heuristic category to designate the human capacity to determine oneself, tracing it back from Kant and Schiller (“reine Selbstbes"
concept_tripartite_descent_iamblichus,Tripartite Descent Typology - Iamblichus's Rehabilitation of Embodiment,concept,Late Antiquity,mixed,0.81,"Iamblichus's threefold classification of the MODES of the soul's descent, stated verbatim at De anima ap. Stobaeus I.49 (= Finamore-Dillon §§ 26-27): since the ends (τέλη) differ, the manners of descent differ too. (1) T"
person_melito_sardis,Melito of Sardis,person,Roman Imperial,mixed,0.81,"Bishop of Sardis (fl. c. 160–180 CE), listed by Eusebius (HE IV.26) among the most prolific second-century Christian writers. His sole surviving complete work, the Peri Pascha, was rediscovered by Campbell Bonner in 1940"
scholar_markschies_christoph,Christoph Markschies,person,Modern,mixed,0.81,"Christoph Markschies (born 1962), German theologian and historian of dogma, Professor für Antikes Christentum at the Humboldt-Universität zu Berlin, president of the Berlin-Brandenburgische Akademie der Wissenschaften (s"
scholarly_argument_voelke_perfect_cause_free_assent,Voelke: assent is free because its perfect and principal cause is in us — a will identical with our rational nature,argument,Contemporary,mixed,0.81,"Voelke's reading of the Stoic reconciliation of freedom and fate: every tension-produced nature is a cause 'parfaite en elle-même' (perfecta et principalis, Cicero, De Fato 18, 41), acting by its own virtue while externa"
scholarly_argument_amand_de_mendieta_methodological_approach_3,"Amand de Mendieta: The work is strictly philological and historical, primarily documentary, present",argument,Contemporary,mixed,0.8099999999999999,"Amand never intended to write a history of the anti-fatalist polemic; the title 'Fatalisme et liberté' should not mislead readers seeking a synthetic, philosophically conceived exposition. His 'méthode strictement philol"
argument_basil_carneadean_hex_vi_7_christian_hopes_destroyed,Basil Hex VI.7: Carneadean topos — Christian hopes destroyed by heimarmene,argument,Late Antiquity,mixed,0.8,"Second explicit Carneadean topos + Christian adaptation, Basil Hex VI.7 (PG 29.133BC): 'Our great hopes as Christians vanish (αἱ δὲ μεγάλαι τῶν χριστιανῶν ἐλπίδες φροῦδαι ἡμῖν οἰχήσονται), since there is neither reward f"
scholarly_argument_f_rst_free_will_and_self_determinati_0,Fürst: The study of free will/self-determination (Selbstbestimmung) has deep roots in a,argument,Contemporary,mixed,0.8,"In the Vorwort Fürst notes that Schiller's aesthetic definition (freedom as 'reine Selbstbestimmung' transferred to natural objects) has, as far as he sees, no analogy in antiquity, whereas the elements of the Kantian fr"
scholarly_argument_djeranian_the_cylinder_analogy_and_its_l_3,"D'Jeranian: Chrysippus's cylinder analogy, which makes fate the antecedent and auxiliary cau",argument,Contemporary,mixed,0.8,D'Jeranian: in De fato 42-43 Chrysippus's manoeuvre dissociates the necessity of fate and preserves the individual's autonomy by making fate the antecedent and auxiliary cause of his action; man's movement is like a cyli
scholarly_argument_koch_alexander_s_target_stoic_deter_1,Koch: Alexander's critique is directed against a reconstructed and simplified Stoic do,argument,Contemporary,mixed,0.8,"Koch reports, without endorsing, the verdict of Gercke, Long, Duhot and Inwood that Alexander attacks 'une doctrine reconstruite et simplifiée', an adversary made to measure, with distortions that seem deliberate. Agains"
scholarly_argument_pr_aux_minucius_felix_s_originality_o_1,Préaux: Minucius Felix was not original on the problem of fate and providence; his treat,argument,Contemporary,mixed,0.8,Préaux (p. 398) holds it 'impossible d'admettre que Minucius Felix ait fait preuve d'originalité' on the fatum/providence problem: his characteristic way of resolving it 'lui a été inspirée par la démonstration d'un doct
concept_axia_biblos_tou_theou_origen_amand1945,Τὰ σημεῖα τοῦ θεοῦ — le ciel comme livre digne de Dieu (Amand 1945),concept,Patristic,mixed,0.8,"Origenian concept (Comm. Gen. III via Philocalia 23.20-21): τὰ σημεῖα τοῦ θεοῦ (the signs of God), a phrase attested in Origen (TLG2042, Philocalia 23). Amand (p. 315-316): From sun, moon, and stars in their sidereal rev"
concept_providentia_stoic_seneca_b3c4d5e6,Providentia (Stoic Providence) - Seneca,concept,Roman Imperial,mixed,0.8,"Providentia (providence) in Seneca refers to divine governance of the cosmos and especially divine care for good people. The world is ruled by reason (ratio), not chance.  • ""si providentia mundus regeretur"" (1.1) - if p"
person_athanasius_alexandria_298_373,Athanase d'Alexandrie,person,Patristic,mixed,0.8,"Bishop of Alexandria 328-373 (with five exiles under Constantius II, Julian, and Valens), Doctor of the Church and the principal Nicene theorist in opposition to Arianism. With regard to the problem of free will, three w"
pub_kobusch_2018_selbstwerdung,Selbstwerdung und Personalität: Spätantike Philosophie und ihr Einfluß auf die Moderne,publication,Contemporary,mixed,0.8,"Kobusch, T. (2018). Selbstwerdung und Personalität: Spätantike Philosophie und ihr Einfluß auf die Moderne. Tria Corda 9. Tübingen: Mohr Siebeck. Thesis: Late antique philosophy—a ""philosophy of interiority""—shaped moder"
argument_furst_2022_freedom_fourth_article_of_faith,Origène élève la liberté en quatrième article de foi (Fürst 2022),argument,Modern,mixed,0.79,"The thesis of Fürst 2022 (Kap. V 1, p. 193-194): in the Commentary on John XXXII 16,187-189, Origen adds a fourth article to the Trinitarian confession of faith (creative Father, Son, Holy Spirit): « we must believe that"
argument_furst_2022_irenaeus_against_gnostic_natures,Irénée défend la libre Selbstbestimmung contre les natures gnostiques fixes (Fürst 2022 Kap. IV 4-5),argument,,mixed,0.79,"Fürst 2022's thesis (Kap. IV 4-5, p. 178-186 ; Adv. Haer. IV 37,6-7 = FC 8/4, 328-330): Irenaeus of Lyons proclaims human free self-determination against the Gnostic conception of fixed ""natures"" (choïque/hylique/sarkiqu"
argument_willing_assent_fate_seneca_h9i0j1k2,Willing Assent to Fate Argument (Seneca),argument,Roman Imperial,mixed,0.79,"Premise 1: Fate governs all events (""Fata nos ducunt"") Premise 2: What must happen will happen regardless Premise 3: We can choose to assent or resist internally Conclusion: Willing assent transforms necessity into freed"
concept_heimarmene_demonic_invention_eus,Heimarmene as demonic invention (Eusebius PE VI.6.4),concept,Patristic,mixed,0.79,Christian theological colouring distinctive of Eusebius: εἱμαρμένη is presented as an invention of the deceptive demon (δαίμων) to account for cases in which the oracles prove false (PE VI.6.4 : πάντα δ' εἱμαρμένης διὰ τ
concept_tyrannike_hamartia,Τυραννικὴ ἁμαρτία (Tyrannike Hamartia) - Tyrannical Sin,concept,Patristic,mixed,0.79,"Melito's personification of sin as a tyrannical power. Greek: ἡ τυραννικὴ ἁμαρτία (hē tyrannikē hamartia, ""tyrannical sin""). In Peri Pascha 49-54, Melito describes humanity as ἀνηρπάζοντο ὑπὸ τῆς τυραννικῆς ἁμαρτίας (""sn"
person_philo_larissa_159_84bce,Philon de Larissa,person,Hellenistic,mixed,0.79,"Last scholarch of the New Academy, 110/109-84 BCE; pupil of Clitomachus; Cicero’s teacher in Rome, 88-87 BCE. A mitigated probabilistic turn: partial abandonment of Carneadean ἐποχή in favour of a moderate epistemology—a"
pub_connell_1993_eberhard_schockenhoff_zum_fest_der_freiheit_theologie_des_christ,"Michael O’Connell 1993 — Eberhard Schockenhoff, Zum Fest der Freiheit, Theologie des christlichen Handelns bei Origenes, Mainz, Matthias-Grünewald Verlag, 1990, (= Tübingen theologische Studien, Band 33)",publication,Contemporary,mixed,0.79,"O'Connell M.-A. Eberhard Schockenhoff, Zum Fest der Freiheit, Theologie des christlichen Handelns bei Origenes, Mainz, Matthias-Grünewald Verlag, 1990, (= Tübingen theologische Studien, Band 33). In: Revue d'histoire et "
scholarly_argument_koenig_pastoral_punishment,König: legal punishment has a pastoral function,argument,Contemporary,mixed,0.79,"For König, Clement treats the law as an outflow of God's care (Fürsorge): the lawgiver, like a good shepherd, aims at the sheep's development, educating people to obedience so that the good in them unfolds. The law has a"
concept_to_eph_hemin_basil,To eph' hemin identified as autexousion (Basil Hom. 'Quod Deus non est auctor malorum' 7),concept,Patristic,mixed,0.78,"Basil’s central articulation: 'what depends on us is precisely free will' (τὸ ἐφ' ἡμῖν ἐστι τὸ αὐτεξούσιον), in the homily 'Que Dieu n'est pas l'auteur du mal', ch. 7 (PG 31.345B; Garnier-Maran II, p. 79E). Explicit iden"
pub_amand_1945_fatalisme,Fatalisme et liberté dans l'antiquité grecque,publication,Contemporary,mixed,0.78,"David Amand, Fatalisme et liberté dans l'antiquité grecque: Recherches sur la survivance de l'argumentation morale antifataliste de Carnéade chez les philosophes grecs et les théologiens chrétiens des quatre premiers siè"
pub_muller_2009_willensschwache,Willensschwäche in Antike und Mittelalter: Eine Problemgeschichte von Sokrates bis Johannes Duns Scotus,publication,Contemporary,mixed,0.78,"Müller, J. (2009). Willensschwäche in Antike und Mittelalter: Eine Problemgeschichte von Sokrates bis Johannes Duns Scotus. Leuven: Leuven University Press. Thesis: The first comprehensive history of akrasia (weakness of"
work_plotinus_enneads_iv_8,"Plotinus, Enneads IV.8 - On the Descent of the Soul into Bodies",work,Late Antiquity,mixed,0.78,"Περὶ τῆς εἰς τὰ σώματα καθόδου τῆς ψυχῆς (On the Descent of the Soul into Bodies). IV.8 in Porphyry’s arrangement; chronological treatise [6], one of Plotinus’s earliest compositions. Opens with the famous first-person p"
argument_furst_2022_critique_dihle_augustine_thesis,Critique de la thèse augusto-centrique de Dihle (Fürst 2022),argument,Modern,mixed,0.77,"Fürst 2022's polemical thesis (Zum Geleit p. 2 + Anm. 1): the dominant Augustine-centred perspective (Dihle 1982/1985; Warnach, Art. Freiheit; Rosenberger, Determinismus und Freiheit), which regards Augustine as the deci"
scholarly_argument_dettwiler_relationship_between_colossian_2,Dettwiler: Colossians' radical presentism raises the question of whether its author has cro,argument,Contemporary,mixed,0.77,"Colossians' radical presentism (believers already raised, Col 2,12-13; 3,1-4, against Paul's asymmetry in Rom 6,3-11) raises the question whether its author 'a dépassé une limite théologique chère à la pensée de Paul'. D"
scholarly_argument_koch_academic_reactions_to_stoic_ca_1,"Koch: The Academic reactions to Chrysippus's causal distinctions, as carefully describ",argument,Contemporary,mixed,0.77,"Koch: the Academic reactions to Chrysippus's causal distinctions, traces of which Cicero's De fato preserves, met the distinctions with 'de très fortes résistances'; she studies them in section II and then links these St"
concept_nepios_adam_infant_doctrine,Νήπιος Doctrine - Adam as Infant,concept,Patristic,mixed,0.77,"Distinctive patristic teaching pioneered by Theophilus of Antioch (Ad Autol. 2.25-28) and developed extensively by Irenaeus of Lyon (AH 4.38.1-4, Epid. 12-14). Characterizes prelapsarian humanity as νήπιοι (nēpioi, infan"
pub_horn_1996_augustinus_wille,Augustinus und die Entstehung des philosophischen Willensbegriffs,publication,Contemporary,mixed,0.77,"Horn, C. (1996). ""Augustinus und die Entstehung des philosophischen Willensbegriffs."" Zeitschrift für philosophische Forschung 50: 113-132. Thesis: Examines Augustine's role in the emergence of ""will"" (voluntas) as an in"
work_seneca_epistulae_morales,"Seneca, Epistulae Morales ad Lucilium",work,Roman Imperial,mixed,0.77,"Seneca, Epistulae Morales ad Lucilium. Work shell created from the live corpus so DB passages can be represented in the KG at passage level."
scholar_leroux_g,Georges Leroux,person,Contemporary,mixed,0.77,"Georges Leroux, Professor of Ancient Philosophy at the Universite du Quebec a Montreal. Editor and commentator of Plotinus, Ennead VI.8 (Traite sur la liberte et la volonte de l'Un, Vrin 1990) and author of the chapter '"
work_plutarch_epitome_animae_procreatione_timaeo,"Plutarch, Epitome libri de animae procreatione in Timaeo",work,Roman Imperial,mixed,0.77,"Plutarch, Epitome libri de animae procreatione in Timaeo (Ἐπιτομὴ τοῦ περὶ τῆς ἐν τῷ Τιμαίῳ ψυχογονίας), Moralia 1030d-1032f. The six sections epitomize the preceding De animae procreatione in Timaeo and treat Plato's ac"
argument_clement_alex_strom_1_83_5_praise_blame,"Clement, Strom. I, 83, 5 - argument incomplet sur louange/blame",argument,Patristic,mixed,0.76,"Incomplete and brief Carneadean echo in Clement of Alexandria’s Stromates I, 83, 5: 'neither praises nor reproaches are just, neither rewards nor punishments equitable, if the soul does not possess the spontaneous power "
argument_justin_equals_alcinous_heimarmene,Justin = Alcinous on Heimarmene (Andresen),argument,Contemporary,mixed,0.76,Andresen's central demonstration (1953 article) that Justin's doctrine on fate (1 Apol. 43.7) structurally mirrors Alcinous Didask. 26. parallel Argument (Andresen p. 184): Justin (1 Apol. 43.2): If everything happens ac
scholarly_argument_dettwiler_spatial_vs_temporal_categories_1,DETTWILER: Colossians shifts from Paul's temporal categories to spatial categories ('en hau,argument,Contemporary,mixed,0.76,"spatial vs. temporal categories in Colossians — Colossians shifts from Paul's temporal categories to spatial categories ('en haut-en bas', 'caché-révélé'), representing a significant structural change in theological thin"
scholarly_position_sharples_alexander_libertarian_unsupported,Sharples 1983: Alexander posits libertarianism but does not demonstrate it philosophically,argument,Modern,mixed,0.76,"La position centrale de R. W. Sharples dans son commentaire De Fato (Duckworth 1983) distingue ce qu'Alexandre stipule (« Alexander's own conception of responsibility is a libertarian one », p. 22) de ce qu'il démontre p"
work_oinomaos_goeton_phora,"Oinomaos, Les Charlatans démasqués (Γοήτων φώρα)",work,Roman Imperial,mixed,0.76,"Γοήτων φώρα (The charlatans unmasked) by Oenomaus of Gadara, a Cynic pamphlet lost in its entirety but transmitted through extensive quotations in Eusebius of Caesarea's Préparation évangélique (V, ch. 19-36, and VI, ch."
argument_carneadean_anti_mantike_amand1945,"Argument carnéadien anti-mantique général (refutation de la μαντική, ch. II §IV)",argument,Hellenistic,mixed,0.75,"General anti-divinatory argument reconstructed by Amand in Carneades (1945, p. 46-49, Intro §II ch. II §IV). In accordance with Amand's polemical plan, this argument constitutes the general framework within which the spe"
argument_four_categories_alex,Four Categories of Being (Alexander),argument,Roman Imperial,mixed,0.75,Greek terminology: • ἐξ ἀνάγκης (ex anankēs) - by necessity • ὡς ἐπὶ τὸ πολύ (hōs epi to poly) - for the most part • ἀπὸ τύχης (apo tychēs) - from chance • τὸ ἐφ᾽ ἡμῖν (to eph' hēmin) - what is up to us  Argument structu
argument_origen_diatribe_inversion,Origen's Diatribe Inversion (Com. Rm VII.16),argument,Patristic,mixed,0.75,"Exegetical technique to neutralize Rom 9:14-19. Structure: (1) Rom 9:14-19 APPEARS to teach determinism: ""not of him who wills... but of God who shows mercy"" (9:16); ""he hardens whom he wills"" (9:18). (2) BUT Paul uses P"
argument_zeno_paradox_analogy_alex,Zeno's Paradox Analogy (Alexander),argument,Roman Imperial,mixed,0.75,"Greek terminology: • τὰ φαινόμενα (ta phainomena) - the evident facts • σοφίσματα (sophismata) - sophisms/fallacies • ἐνάργεια (enargeia) - clarity/evidence [De Fato XXVI, Bruns 196.19-21: «οὐδὲ γὰρ τῷ μὴ δυναμένῳ λύειν "
scholarly_argument_amand_de_mendieta_astrology_and_fatalism_in_anti_1,Amand de Mendieta: Astrology in Greek and Christian antiquity was essentially and radically fatalis,argument,Contemporary,mixed,0.75,"Amand: throughout Greek and Christian antiquity astrology was 'essentiellement et radicalement fataliste'; the theory of heimarmene and that of 'universal sympathy' formed its doctrinal basis, and absolute fatalism was a"
scholarly_argument_boys_stones_hypothetical_fate_ex_hypothese_3,Boys-Stones: The distinction is NOT about scope (some events fated vs. others not) but about ,argument,Contemporary,mixed,0.75,Hypothetical fate (ex hypotheseōs) vs. absolute fate — The distinction is NOT about scope (some events fated vs. others not) but about description: all events are 'en heimarmenēi' (within fate qua caused) but none are 'k
scholarly_argument_dettwiler_free_will_and_human_agency_in__3,Dettwiler: The text implies that faith involves human initiative and response—Peter activel,argument,Contemporary,mixed,0.75,"Dettwiler reads Peter's request ('Seigneur, si c'est toi...') as a faith-filled response, not an initiative: his walk 'ne saurait résulter d'une initiative propre à Pierre' and is made possible 'exclusivement' by Jesus' "
scholarly_argument_crouzel_the_selon_l_image_and_its_rela_1,Crouzel: The 'selon-l'image' (according to the image) is not merely free will (libre arbi,argument,Contemporary,mixed,0.75,The 'selon-l'image' and its relation to free will — The 'selon-l'image' (according to the image) is not merely free will (libre arbitre) but something deeper: a constitutive relation to God that corresponds to what later
scholarly_argument_labarri_re_anachronism_of_self_in_ancient_2,Labarrière: The use of 'Self' as a substantive category for studying ancient philosophy is p,argument,Contemporary,mixed,0.75,"Labarrière opens by asking what Self/Soi can mean in ancient philosophy, recalling that 'Soi, employé substantivement' is an innovation of Locke's French translator Pierre Coste (1700), coined to render Self and to disti"
work_hierocles_peri_pronoias,"Hiéroclès d'Alexandrie, Περὶ προνοίας καὶ εἱμαρμένης",work,Late Antiquity,mixed,0.75,"Περὶ προνοίας καὶ εἱμαρμένης καὶ τῆς τοῦ ἐφ' ἡμῖν πρὸς τὴν θείαν ἡγεμονίαν συντάξεως — a major Neoplatonic treatise in seven books by Hierocles of Alexandria (composed shortly after 412 CE). Lost in its entirety, but Pho"
scholarly_argument_koch_2011_cicero_indeterminist_bias,Koch: Cicero's concordist reading of Chrysippus is already indeterminist; Gellius is closer to the doctrine,argument,Contemporary,mixed,0.75,"Cicero holds that Chrysippus 'approaches' the antifatalist thesis and finally says the same thing in other words (alia ratio reduced to alia locutio, § 44), because he takes the Chrysippean causal distinction, applied to"
work_sextus_outlines_pyrrhonism_f9a7c8e4,Outlines of Pyrrhonism (Πυρρώνειοι Ὑποτυπώσεις) - Sextus Empiricus,work,Roman Imperial,mixed,0.75,Πυρρώνειοι ὑποτυπώσεις (Pyrrhonian Sketches). The fullest extant systematic account of Pyrrhonian skepticism in three books. PH I (general theory) introduces the skeptical ability — finding for every argument an equipoll
argument_saving_teaching_alex,Legacy reconstruction (discovery only): Saving Teaching Argument (Alexander),argument,Roman Imperial,mixed,0.74,"Practical-risk argument cluster, discovery only. De fato 16-21 gives polemical consequences for human practices. Sharples calls chapter XXI a tour de force comparable to Pascal's wager, not a demonstrated metaphysical pr"
synthesis_amand1945_origen_first_precession_polemicist,"Amand 1945 — Origen, the first (or among the first) to invoke the precession of the equinoxes against astrology",synthesis,,mixed,0.74,"Amand's synthesis (p. 314): Origen is ""the first or one of the first among the opponents of apotelesmatics to invoke the law of the precession of the equinoxes discovered by Hipparchus."" An exceptional scientific-technic"
synthesis_bobzien2001_ch5_idle_argument,Bobzien 2001 Ch. 5 — L'argument paresseux (argos logos) et la solution des evenements co-fated (confatalia),synthesis,Hellenistic,mixed,0.74,Synthesis of Bobzien 2001 Ch. 5 (p. 180-233): definitive reconstruction of the lazy argument (argos logos / ignava ratio) and of its Chrysippean refutation. (1) Presentation of the argument (§5.1.1): if everything is fix
synthesis_furst2022_clement_phusis_prohairesis,Clément d'Alexandrie pose l'opposition phusis/prohairesis (Fürst 2022),synthesis,Modern,mixed,0.74,"Synthesis Fürst 2022, Kap. IV 5 (p. 180-186): Clement of Alexandria posits the opposition φύσις / προαίρεσις that paves the way for Origen. Human ethical perfecting ""becomes his nature""—his inner disposition (διάθεσις) i"
argument_carneadean_incentives_amand1945,"Argument carnéadien IV — Encouragements, récompenses, réprimandes et châtiments sont sans objet (futility of incentives)",argument,Hellenistic,mixed,0.73,"Fourth of the six argumentative headings reconstructed by Amand (1945, p. 577-578). Amand’s formulation: « Under the hypothesis of absolute fatalism, encouragements and rewards, reproaches, reprimands, and punishments ar"
argument_frede_2011_origen_differences_from_platonism_not_christianity,"Origen’s differences with the Stoics derive from his Platonism, not from his Christianity (Frede 2011)",argument,Modern,mixed,0.73,Frede 2011 ch. 7 argument (p. 120-124). Origen differs from classical Stoicism on five points: (1) he identifies autexousion with eph' hēmin (whereas the Stoics distinguish the freedom of the sage from the eph' hēmin of 
scholarly_argument_crouzel_synthesis_of_patristic_attitud_3,Crouzel: Origen achieves an original synthesis of two opposing patristic attitudes: the n,argument,Contemporary,mixed,0.73,"Crouzel: before Origen two contrary currents. Tatian, Hermias, Irenaeus, Tertullian and the author of the Elenchos show a negative attitude, a will to rupture (violent except in the 'pacifique' bishop of Lyons), judging "
scholarly_argument_crubellier_two_definitions_of_prohairesis_1,Crubellier: There are two definitions of prohairesis in Aristotle's Ethics: Definition (A) a,argument,Contemporary,mixed,0.73,"two definitions of prohairesis in the Ethics — There are two definitions of prohairesis in Aristotle's Ethics: Definition (A) as 'deliberative desire of things that depend on us' (βουλευτικὴ ὄρεξις τῶν ἐφ’ ἡμῖν), and Def"
scholarly_argument_matteoli_grace_gratia_and_merit_3,"Matteoli: Pelagius understood grace as forgiveness of sins, reconciliation with God, and a",argument,Contemporary,mixed,0.73,"Matteoli finds that gratia in the Expositiones has several meanings: the prevailing exemplum Christi, but also forgiveness of sins and reconciliation with God, and adiutorium (Rm 8,26, the Spirit helping our weak capacit"
scholarly_argument_olive_translation_and_interpretation_1,Olive: Against Frede's radical suggestion that aition/aitia should not be translated as,argument,Contemporary,mixed,0.73,"Olive reports Frede's suggestion that aition/aitia were perhaps wrongly translated 'cause', grants this 'option radicale' the merit of dissolving some pseudo-problems (e.g. final causes), but holds that a 'strictly lexic"
concept_cyclical_return_great_year,Cyclical Return (Great Year),concept,Hellenistic,mixed,0.73,"The doctrine that all events repeat exactly in cosmic cycles. When all celestial bodies return to their original positions (the ""Great Year""), history begins anew with numerically identical events. PS.-PLUTARCH (De Fato "
concept_plurality_goods_alex,"Plurality of Goods (Noble, Pleasant, Advantageous)",concept,Roman Imperial,mixed,0.73,"THE three GOODS: TO KALON, TO HĒDY, TO SYMPHERON Alexander's explanation for why human judgments VARY: we evaluate by different criteria. TO KALON (τὸ καλόν): THE NOBLE - moral beauty, virtue. TO HĒDY (τὸ ἡδύ): THE PLEAS"
pub_fries_1930_willensfreiheit_origenes,Carl Fries 1930 — Zur Willensfreiheit bei Origenes,publication,Contemporary,mixed,0.73,"Carl Fries, Zur Willensfreiheit bei Origenes (1930); local PDF read at recorded scope."
argument_dihle_1982_paul_romans_7_split_will,Dihle 1982 — Romains 7 manifeste la scission volonte/non-volonte chez Paul,argument,Contemporary,mixed,0.72,"Argument de Dihle 1982 (Lect. IV §II-III, p. 84-87 / md ll. 3480-3609, 3719-3734). Le passage cle est Rom 7,15-24 : 'je ne fais pas ce que je veux, mais je fais ce que je hais' (thelo / poio / miso). Dihle conteste que c"
scholarly_argument_djeranian_chrysippus_s_compatibilism_0,D'Jeranian: Chrysippus's attempt to reconcile fate and moral responsibility through the cyli,argument,Contemporary,mixed,0.72,"D'Jeranian: as reported by Cicero (De fato 41-43), Chrysippus's strategy (cylinder analogy; fate as antecedent and auxiliary cause, assent as principal cause) guarantees 'a minima' man's causal autonomy within the determ"
scholarly_argument_schneider_free_will_and_determinism_in_p_0,Schneider: Proclus addresses freedom on two hierarchical levels: (1) moral responsibility f,argument,Contemporary,mixed,0.72,"free will and determinism in Proclus — Proclus addresses freedom on two hierarchical levels: (1) moral responsibility for concrete human choices that guide action in this life and beyond, and (2) metaphysical salvation o"
person_josephus_flavius_e5f6g7h8,Flavius Josephus,person,Roman Imperial,mixed,0.72,"Flavius Josèphe (Josephus) | Jewish historian who documented three Jewish philosophical schools (Pharisees, Sadducees, Essenes) and their distinct positions on fate and free will. Himself aligned with Pharisees. Provided"
synthesis_aug_superbia,Augustine: Pride (Superbia) as Root of All Sin (De Libero Arbitrio 3.25.76),synthesis,Late Antiquity,mixed,0.72,"pride AS THE origin OF EVIL Augustine identifies SUPERBIA (pride) as the ultimate root of all sin, explaining even the devil's fall. KEY Passage: 3.25.76 (passage_aug_lib_arb_3_25_76): ""Initium omnis peccati superbia; In"
work_chrysostom_hom_john,"John Chrysostom, Homiliae in Iohannem",work,Late Antiquity,mixed,0.72,"Homélies de Jean Chrysostome sur l'Évangile de Jean (PG 59). For Amand 1945 (Book II ch. XII p. 486, 488), Amand cites several homilies (Hom. IX, XLIII, LXVI) for their anti-Hellenic polemics: 'It is a great good that ph"
argument_fortuna_boethius_l7m8n9o0,Fortune Argument (Boethius),argument,Late Antiquity,mixed,0.71,"Problem: Boethius laments his reversal of fortune - from prosperity to prison.  PHILOSOPHY'S Response: 1. Fortune's nature IS change - she promised nothing stable 2. ""Haec nostra vis est"" - This is my power (II.2) 3. You"
argument_future_contingents_alex,Future Contingents and Divine Foreknowledge (Alexander),argument,Roman Imperial,mixed,0.71,Greek terminology: • προγιγνώσκει (progiginōskei) - foreknows • τὸ ἐνδεχόμενον ὡς ἐνδεχόμενον (to endechomenon hōs endechomenon) - contingent as contingent • ναυμαχία (naumachia) - sea battle  Argument structure: Alexand
scholarly_argument_pr_aux_interpretation_of_genitura_in__5,Préaux: genitura should be understood as 'theme of geniture' (astrological birth chart) ,argument,Contemporary,mixed,0.71,"In his translation of Oct. XXXVI, 2 Préaux renders genitura as 'thème de géniture' and notes (p. 397 n. 2) that it is 'rapproché intentionnellement de ingenii natura pour former un jeu de mots, lourd de sens'. In the dis"
concept_dektikon_amphoteron,Δεκτικὸν ἀμφοτέρων (Dektikon Amphoteron) - Capable of Both,concept,Patristic,mixed,0.71,"Anthropological formula expressing human neutrality between good and evil. Greek: δεκτικὸν ἀμφοτέρων (dektikon amphoterōn, ""capable of receiving both""). First used by Theophilus (Autol. II.27): man created neither mortal"
concept_autexousion_alex,Autexousion (Self-Determination) in Alexander,concept,Roman Imperial,mixed,0.71,"ΑΥ̓ΤΕΞΟΎΣΙΟΝ (autexousion) - Self-determination Alexander's key term for human freedom, meaning ""having power/authority from oneself"" (αὐτο- + ἐξουσία). The capacity to be the origin (archē) of one's own actions, not mer"
concept_sympatheia_universal_posidonius_nyssa,Universal Sympatheia (μία ἐν τοῖς οὖσι συμπάθεια) — Posidonian dogma in Gregory CF,concept,Late Antiquity,mixed,0.71,"Posidonian doctrine of universal sympatheia (mia tis estin en tois ousi sympatheia, kai syneches esti to pan heauto), as expounded by the Stoicizing pagan philosopher who is Gregory of Nyssa's interlocutor in Against Fat"
concept_synergism,Synergism (Synergy),concept,Patristic,mixed,0.71,**Termes** : συνέργεια (synergeia) ; lat. cooperatio ; « œuvre conjointe » — coopération du libre arbitre humain avec la grâce.  Eastern Christian doctrine that human free will cooperates (synergei) with divine grace in 
scholar_renard_m,Maguelone Renard,person,Modern,mixed,0.71,"French doctoral researcher in patristics and late ancient philosophy, Université Paul Valéry – Montpellier 3, working on Augustine. Co-director of *Du Jésus des Écritures au Christ des théologiens: Pères de l'Église, lec"
pub_andresen_1953_justin_platonismus,Justin und der mittlere Platonismus,publication,Contemporary,mixed,0.71,"MODERN SCHOLARSHIP: Carl Andresen (Kiel), 'Justin und der mittlere Platonismus,' Zeitschrift für Neutestamentliche Wissenschaft 44 (1952-53), pp. 157-195. [Published in German.]  MAIN Thesis: Justin Martyr belongs philos"
synthesis_furst2022_carneades_will_innovation,Carneades introduces voluntas as a non-external cause (Fürst 2022),synthesis,Modern,mixed,0.71,"Synthesis Fürst 2022, Kap. II 6 (p. 96-100): Carneades (according to Cicero De Fato 23-25) introduces for the first time the distinction between the realm of the material (where causal necessity and chance prevail) and t"
argument_carneadean_antiastrological_animals_amand1945,Carneadean Anti-Astrological Argument V — Animals Too Are Subject to Astrological Fate,argument,Hellenistic,mixed,0.7,"Fifth and final of the five distinct anti-astrological arguments reconstructed by Amand in Carneades (1945, p. 60-61, Intro §II ch. II §V.5). Amand’s formulation: « If the state of the heavens and the arrangement of the "
argument_origen_witness_diss_problem3_human_ignorance_amand1945,Origène — Problème 3 : ignorance humaine des signes (4 arguments) (Amand 1945),argument,Patristic,mixed,0.7,"Amand (p. 313-315): Problem 3 — Man cannot acquire exact knowledge of the events and human actions foretold by astral configurations. Four arguments (Phil. 23.17-19, Robinson p. 205-208): (1) Imprecision of the moment of"
argument_theophilus_capable_of_both,"Theophilus' ""Capable of Both"" Anthropology (Autol. II.27)",argument,Patristic,mixed,0.7,"Theodicy through neutral capacity. Structure: (1) God could not create man immortal by nature (he would be a god) nor mortal by nature (God would be ""cause of his death""). (2) therefore, God created man δεκτικὸν ἀμφοτέρω"
scholarly_argument_amand_de_mendieta_carneades_anti_fatalist_moral__0,Amand de Mendieta: Carneades developed (or at least sharpened and popularized) a moral argumentatio,argument,Contemporary,mixed,0.7,"Amand: the moral argumentation drawn from the disastrous moral consequences of the doctrine of heimarmene is the one Carneades 'sinon inventée, du moins aiguisée et popularisée' against Stoic dogmatism; the book studies "
scholarly_argument_crouzel_spiritual_progress_from_image__3,Crouzel: Sin covers the selon-l'image with diabolic or bestial images; through redemption,argument,Contemporary,mixed,0.7,"Spiritual progress from image to likeness and moral agency — Sin covers the selon-l'image with diabolic or bestial images; through redemption, penance, imitation of God, contemplation, and reception of the Holy Spirit, h"
concept_inner_freedom_alex,Inner Freedom (Inviolability of Choice),concept,Roman Imperial,mixed,0.7,"Greek terminology: • ""no one can take away"": the inner act of choice cannot be seized by another (no verbatim Greek formulation attested in Alexander's De Fato; the motif is a Stoic topos at home in Epictetus, Dissertati"
synthesis_epict_eph_hemin_doctrine,Epictetus: τὸ ἐφ' ἡμῖν - Complete Doctrine Synthesis (185 Passages),synthesis,Roman Imperial,mixed,0.7,"[EPICTETUS ON τὸ ἐφ' ἡμῖν - WHAT IS UP TO US] Comprehensive synthesis of 185 analyzed passages from Discourses, Enchiridion, and Fragments. I. THE fundamental DICHOTOMY τῶν ὄντων τὰ μέν ἐστιν ἐφ' ἡμῖν, τὰ δὲ οὐκ ἐφ' ἡμῖν"
pub_do_2017_comentario_de_origenes_espistola_aos_romanos_origen_commentary_o,Sidnei Francisco Do Nascimento 2017 — Comentário de Orígenes à Espístola aos Romanos : = Origen’s commentary on the Epistle to the Romans,publication,Contemporary,other,1,"O comentário à Epístola aos Romanos que Orígenes irá fazer completamente envolvido com a teologia de Paulo será o resultado do ambiente de controvérsias que o circundava, e ao mesmo tempo, uma tentativa de sistematizar o"
pub_paczkowski_2014_egzegeza_rz_kwestia_wolnej_woli_ujeciu_orygenesa,Mieczysław Celestyn Paczkowski 2014 — Egzegeza Rz 9 i kwestia wolnej woli w ujęciu Orygenesa,publication,Contemporary,other,1,"Kwestia wolnej woli jest jednym z najważniejszych problemów teologicznych dla Orygenesa. Odnosi się on do Rz 9 jako do ważnego tekstu, który stanowić miał poparcie dla jego twierdzeń w tej materii. Autor artykułu ukazuje"
pub_sahin_2022_origen_in_evrensel_kurtulus_anlay_apokatastasis,Nadide Şahin 2022 — Origen’in Evrensel Kurtuluş Anlayışı: Apokatastasis,publication,Contemporary,other,1,Düşmüş bütün ruhların başlangıçtaki orijinal saf akıl konumlarına geri dönmeleri şeklinde tanımladığı apokatastasis doktrini Origen’in teolojik öğretileri arasında önemli bir örnektir. Ancak bu doktrin onun teolojisinin 
pub_eijk_1990_el_problema_del_mal_en_origenes_importancia_significado_teologic,"Ph J. Van Der Eijk et al. 1990 — El problema del mal en Origenes. Importancia y significado teologico del tiempo en la argumentacion sobre el mal del Peri Archon III I, 1-24",publication,Contemporary,other,0.99,"El problema del mal en Origenes. Importancia y significado teologico del tiempo en la argumentacion sobre el mal del Peri Archon III I, 1-24"
pub_fernandez_2012_en_el_principio_la_libertad_la_metafisica_como_saber_practico_en,"Claudia Carbonell Fernández 2012 — En el principio, la libertad. La metafísica como saber práctico en Orígenes de Alejandría",publication,Contemporary,other,0.99,"En el principio, la libertad. La metafísica como saber práctico en Orígenes de Alejandría"
pub_fernandez_1997_objeciones_al_libre_albedrio_segun_origenes,Fernàndez S. 1997 — Objeciones al Libre Albedrío segûn Orígenes,publication,Contemporary,other,0.99,[I. Examen de los textos bíblicos. II. Doctrinas que se oponen al libre albedrío. III. Conclusión].
pub_gebremedhin_1999_rec_av_gosta_wrede_origenes_om_grunderna_och_malet_stockholm_alm,"Ezra Gebremedhin 1999 — Rec av Gösta Wrede, Origenes - om grunderna och målet. Stockholm: Almqvist a Wiksell International, 1997. 126 s.",publication,Contemporary,other,0.99,"Ett grundlaggande verk av den store alexandrinske teologen. En kombination av filosofi och bibelteologi. Tar upp fragor som skapelse, det ondas ursprung och beskaffenhet, fralsningen, apokatastasislaran (d v s laran om a"
pub_bulens_2013_origenes_een_eigenzinnig_collectioneur_uit_de_derde_eeuw,M.S. Bulens 2013 — Origenes: een eigenzinnig collectioneur uit de derde eeuw,publication,Contemporary,other,0.98,"Waar zien we in het commentaar van Origenes op Mattheus 20:1-16 dat hij een andere kijk heeft op vrije wil, Logos en de scheiding van lichaam en ziel dan in het Platonisme en de Stoa?"
pub_sevcik_2009_origenes_srdce_faraonovo,J. Ševčík 2009 — Órigenés a srdce faraonovo,publication,Contemporary,other,0.98,"Recenze knihy Origenes: O svobodě volby. Uvodni studie, překlad a komentař Martin Navratil. Olomouc, Univerzita Palackeho v Olomouci 2007, 300 stran."
pub_fernandez_2016_auto_determinacion_responsabilidad_intransferible_en_origenes_de,"Claudia Carbonell Fernández 2016 — Auto-determinación y responsabilidad intransferible en Orígenes de Alejandría. Una consideración filosófica (De principiis III, 1)",publication,Contemporary,other,0.95,"Auto-determinación y responsabilidad intransferible en Orígenes de Alejandría. Una consideración filosófica (De principiis III, 1)"
pub_nilsen_2025_den_frie_viljens_opphav_clemens,Nilsen 2025 — Den frie viljens opphav hos Clemens av Alexandria,publication,Contemporary,other,0.94,"Fredrik Nilsen, Den frie viljens opphav hos Clemens av Alexandria (2025); local PDF read at the stated scope."
pub_meis_1985_el_problema_del_mal_segun_origenes_peri_archon_iii_24,"W. A. Meis 1985 — El problema del mal, segun Origenes (Peri Archon III 1, 1-24)",publication,Contemporary,other,0.93,"El problema del mal, segun Origenes (Peri Archon III 1, 1-24)"
pub_meis_1988_el_problema_del_mal_en_origenes_importancia_significado_teologic,"Anneliese Meis Wörmer 1988 — El problema del mal en Origenes : importancia y significado teologico del tiempo en la argumentacio sobre el mal del Peri archon III I,1-24 / Anneliese Meis Wörmer",publication,Contemporary,other,0.86,"El problema del mal en Origenes : importancia y significado teologico del tiempo en la argumentacio sobre el mal del Peri archon III I,1-24 / Anneliese Meis Wörmer"
pub_nascimento_2020_livre_arbitrio_origenes_antignostica,Nascimento 2020 — A noção de livre-arbítrio em Orígenes frente à polêmica antignóstica,publication,Contemporary,other,0.8200000000000001,"Sidnei Francisco do Nascimento, 'A noção de livre-arbítrio em Orígenes frente à polêmica antignóstica no contexto dos séculos II-IV d.C.,' Hypnos 45 (2020), pp. 236-253; read in full from the local PDF."
pub_fauske_2005_paideia_versus_soteria_et_studium_av_menneskesynets_utvikling_an,Heidi Hellevang Fauske 2005 — Paideia versus soteria : Et studium av menneskesynets utvikling i antikken med utgangspunkt i den greske filosofiske tradisjonen og Origenes' og Augustins definisjon av den frie vilje,publication,Contemporary,other,0.76,"Oslo, høsten 2001, lesesalen på Sophus Bugge: Det er ingen vinduer å se ut av, så jeg konsentrerer meg om takluka hvor det grå høstlyset fortsatt gjør en viss innsats for å trenge gjennom det blågrønne plastdekselet. Sem"
pub_karfikova_2025_pojem_autexusios_klementa,Karfíková 2025 — Pojem autexúsios u Klementa Alexandrijského,publication,Contemporary,other,0.7,"Lenka Karfíková, Pojem autexúsios u Klementa Alexandrijského (2025); local PDF read at the stated scope."
