edge_id,translation_id,original_id,translation_label,original_label,p_partial,p_same_content,original_excerpt,translation_excerpt
e7da9a95-31d6-4338-8f0d-e40b63ebd3a4,passage_boethius_cons_47_en,passage_boethius_cons_47,"Boethius, Cons. 47: Nature's Laws (Verse) (English)","Boethius, Cons. 47: Nature's Laws (Verse)",1,0.2,"Cadit Hesperias Phoebus in undas, sed secreto tramite rursus currum solitos vertit ad ortus. Repetunt proprios quaeque recursus redituque {redituque} suo singula gaudent nec manet ","Boethius, Consolation of Philosophy, passage 47. A verse: Phoebus sinks into the western waves but by a hidden path turns his chariot back to its accustomed rising. All things seek"
00c9ec3a-48f6-448f-9913-c3274617e559,passage_boethius_cons_49_en,passage_boethius_cons_49,"Boethius, Cons. 49: Avarice Never Satisfied (English)","Boethius, Cons. 49: Avarice Never Satisfied",1,0.17,"Sed hoc modo consolari quidem divitiis indigentia potest, auferri penitus non potest; nam si haec hians semper atque aliquid poscens opibus expletur, maneat necesse est, quae possi","Boethius, Consolation of Philosophy, passage 49. Riches can console want in some fashion but cannot wholly remove it; for if this ever-gaping, ever-demanding need is filled by weal"
8fb93d43-9335-44e4-868d-dd6343884cbe,passage_boethius_cons_53_en,passage_boethius_cons_53,"Boethius, Cons. 53: Conquer Your Passions (Verse) (English)","Boethius, Cons. 53: Conquer Your Passions (Verse)",1,0.32,"Qui se volet esse potentem, animos domet ille feroces nec victa libidine colla foedis summittat habenis: etenim licet Indica longe tellus tua iura tremescat, et serviat ultima Thyl","Boethius, Consolation of Philosophy, passage 53. A verse: whoever wishes to be powerful must tame his fierce passions and not submit his conquered neck to the shameful reins of lus"
22782595-734c-4e66-8823-7df5abc4c18c,passage_boethius_cons_54_en,passage_boethius_cons_54,"Boethius, Cons. 54: Nobility and Ancestry (English)","Boethius, Cons. 54: Nobility and Ancestry",1,0.19,"Quodsi claritudinem praedicatio facit, illi sint clari necesse est, qui praedicantur; quare splendidum te, si tuam non habes, aliena claritudo non efficit. Quodsi quid est in nobil","Boethius, Consolation of Philosophy, passage 54. If renown is produced by being praised, then those who are praised must be renowned; another's fame cannot make you splendid if you"
c2524e5c-52a4-41bb-bec2-4364154be3a0,passage_boethius_cons_51_en,passage_boethius_cons_51,"Boethius, Cons. 51: Dignity's Failure (English)","Boethius, Cons. 51: Dignity's Failure",1,0.17,"ut enim paulo ante diximus, quod nihil habet proprii decoris. opinione utentium nunc splendorem accipit, nunc amittit. Si igitur reverendos facere nequeunt dignitates, si ultro imp","Boethius, Consolation of Philosophy, passage 51. What has no proper dignity of its own sometimes gains splendor and sometimes loses it through the opinion of those who use it. If d"
62df462b-550d-4ec0-b0bd-18f8e3286518,passage_boethius_cons_55_en,passage_boethius_cons_55,"Boethius, Cons. 55: Pleasure's Sting (English)","Boethius, Cons. 55: Pleasure's Sting",1,0.23,"Honestissima quidem coniugis foret liberorumque {liberorumque} iucunditas, sed nimis e natura dictum est nescio quem filios invenisse tortores; quorum quam sit mordax quaecumque co","Boethius, Consolation of Philosophy, passage 55. The delight in a most honorable wife and children would be the finest thing, but it has been said, all too truly, that someone or o"
9fe83bfc-b10a-4b8e-abd5-e96f94dc914b,passage_boethius_cons_57_en,passage_boethius_cons_57,"Boethius, Cons. 57: The Simple Good (English)","Boethius, Cons. 57: The Simple Good",1,0.3,"Hactenus mendacis formam felicitatis ostendisse suffecerit quam si perspicaciter intueris, ordo est deincepsquae {deincepsquae} sit vera. monstrare. — Atqui video, inquam, nec opib","Boethius, Consolation of Philosophy, passage 57. It has been sufficient up to this point to have shown the form of false happiness. If Boethius looks at it clearly, the next step i"
51a54cf5-3c18-4a4a-965a-35e32a02c243,passage_boethius_cons_61_en,passage_boethius_cons_61,"Boethius, Cons. 61: O God Who Governs (Verse) (English)","Boethius, Cons. 61: O God Who Governs (Verse)",1,0.29,"O qui perpetua mundum ratione gubernas, terrarum caelique {caelique} sator, qui tempus ab aevo ire iubes stabilisque {stabilisque} manens das cuncta moveri, quem non externae pepul","Boethius, Consolation of Philosophy, passage 61: Hymn to the Creator (O qui perpetua). O You who govern the world by eternal reason (perpetua ratio), Sower of heaven and earth, who"
26e1a136-71f2-4b71-acc8-e1721416fac7,passage_boethius_cons_64_en,passage_boethius_cons_64,"Boethius, Cons. 64: God is Beatitude (English)","Boethius, Cons. 64: God is Beatitude",1,0.19,"Omnino enim nullius rei natura suo principio melior poterit exsistere, quare, quod omnium principium sit, id etiam sui substantia summum esse bonum verissima ratione concluserim. —","Boethius, Consolation of Philosophy, passage 64: God is Beatitude. Nothing in nature can be better than its own principle. Since God is the principle of all things, it follows by t"
c16e0233-1ba1-48f3-aa41-9a60f1eef478,passage_boethius_cons_6_en,passage_boethius_cons_6,"Boethius, Cons. 6: The Fate of Philosophers (English)","Boethius, Cons. 6: The Fate of Philosophers",1,0.18,n Cuius hereditatem cum deinceps Epicureum vulgus ac Stoi -. cum ceterique {ceterique} pro sua quisque parte raptum ire molirentur meque {meque} reclamantem renitentemque {renitent,"Boethius, Consolation of Philosophy, passage 6: The Fate of Philosophers. Philosophy describes how, after her tradition had been established, the Epicurean mob, the Stoics, and oth"
c3ee1296-63a5-4450-a3e6-d6b5c07bab53,passage_boethius_cons_66_en,passage_boethius_cons_66,"Boethius, Cons. 66: Good as Cause (English)","Boethius, Cons. 66: Good as Cause",1,0.25,"- Ad bonum vero cetera referri palam est. Ideirco enim sufficientia petitur, quoniam bonum esse iudicatur, idcirco potentia, quoniam id quoque esse creditur bonum; idem de reverent","Boethius, Consolation of Philosophy, passage 66: Good as Cause. All other things are clearly referred to the good. Self-sufficiency is sought because it is judged to be good; power"
cd4e3c43-6369-4071-a272-4b19c80122cc,passage_boethius_cons_67_en,passage_boethius_cons_67,"Boethius, Cons. 67: Light of Truth (Verse) (English)","Boethius, Cons. 67: Light of Truth (Verse)",1,0.09,"Non quicquid Tagus aureis harenis donat aut Hermus rutilante ripa aut Indus calido propinquus orbi candidis miscens virides lapillos, inlustrent aciem magisque {magisque} caecos in","Boethius, Consolation of Philosophy, passage 67: Light of Truth (Verse). Whatever the Tagus gives with its golden sands, or the Hermus with its ruddy bank, or the Indus near the to"
8b4fc34f-4ace-4f4a-a7ec-d4317c689baa,passage_boethius_cons_77_en,passage_boethius_cons_77,"Boethius, Cons. 77: The Problem of Evil (English)","Boethius, Cons. 77: The Problem of Evil",1,0.32,"Haec cum Philosophia dignitate vultus et oris gravitate servata leniter suaviterque {suaviterque} cecinisset, tum ego nondum penitus insiti maeroris oblitus intentionem dicere adhu","Boethius, Consolation of Philosophy, passage 77: The Problem of Evil. When Philosophy had sung with dignity of expression and gravity of countenance, Boethius, not yet forgetful of"
a7bbc454-b33b-4f80-a770-c4dbb2ac021e,passage_boethius_cons_74_en,passage_boethius_cons_74,"Boethius, Cons. 74: Nothing Opposes God (English)","Boethius, Cons. 74: Nothing Opposes God",1,0.29,"— Quodsi conetur, ait, num tandem proficiet quicquam adversum eum, quem iure beatitudinis potentissimum esse concessimus? - Prorsus. inquam, nihil valeret. - Non est igitur aliquid","Boethius, Consolation of Philosophy, passage 74: Nothing Opposes God. If anything should attempt to oppose the supreme good, could it accomplish anything against the one whom we ha"
db066cf0-d666-4435-9ff9-635017f05608,passage_boethius_cons_78_en,passage_boethius_cons_78,"Boethius, Cons. 78: Good are Powerful, Evil Weak (English)","Boethius, Cons. 78: Good are Powerful, Evil Weak",1,0.14,"Sed non ita est; nam si ea, quae paulo ante conclusa sunt, inconvulsa servantur, ipso, de cuius nunc regno loquimur, auctore cognosces semper quidem potentes esse bonos, malos vero","Boethius, Consolation of Philosophy, passage 78: Good are Powerful, Evil Weak. Philosophy responds: if the previous conclusions stand unshaken, Boethius will learn from the very Au"
887ed04d-7dd8-48c4-b531-0e0d2b933dc3,passage_boethius_cons_82_en,passage_boethius_cons_82,"Boethius, Cons. 82: Wicked Fail Their Goal (English)","Boethius, Cons. 82: Wicked Fail Their Goal",1,0.31,"Neque enim levia aut ludicra praemia petunt, quae consequi, atque obtinere non possunt, sed circa ipsam rerum summam verticemque {verticemque} deficiunt nec in eo miseris contingit","Boethius, Consolation of Philosophy, passage 82: Wicked Fail Their Goal. The wicked do not seek trivial or frivolous rewards, but fail at the very summit and pinnacle of things. Th"
20cd553b-ef16-471c-b011-391a63f4d979,passage_boethius_cons_7_en,passage_boethius_cons_7,"Boethius, Cons. 7: Fate Under Foot (Verse) (English)","Boethius, Cons. 7: Fate Under Foot (Verse)",1,0.2,"Quisquis composito serenus aevo fatum sub pedibus egit superbum fortunamque {fortunamque} tuens utramque rectus invictum potuit tenere vultum, non illum rabies minaeque {minaeque} ","Boethius, Consolation of Philosophy, passage 7: Fate Under Foot (Verse). Whoever, serene in a well-ordered life, has trampled proud fate (fatum) beneath his feet, and looking fortu"
fb7fa37c-d19b-403e-9283-ccf34074b69c,passage_boethius_cons_83_en,passage_boethius_cons_83,"Boethius, Cons. 83: Evil is Non-Being (English)","Boethius, Cons. 83: Evil is Non-Being",1,0.35,"Est enim, quod ordinem retinet servatque {servatque} naturam; quod vero ab hac deficit, esse etiam, quod in sua natura situm est, derelinquit. Sed possunt, inquies, mali; ne ego qu","Boethius, Consolation of Philosophy, passage 83: Evil is Non-Being. That which maintains its order and preserves its nature truly exists; but what falls away from this also abandon"
fcf80683-3990-43c6-92b1-2bf4c7921243,passage_boethius_cons_84_en,passage_boethius_cons_84,"Boethius, Cons. 84: Platonic Confirmation (English)","Boethius, Cons. 84: Platonic Confirmation",1,0.34,"Ex quibus omnibus bonorum quidem potentia, malorum vero minime dubitabilis apparet infirmitas veramque {veramque} illam Platonis esse sententiam liquet solos, quod desiderent, face","Boethius, Consolation of Philosophy, passage 84: Platonic Confirmation. From all this, the power of the good and the undeniable weakness of the wicked become apparent, confirming P"
09c20d29-b752-4086-b0fe-74627415ee31,passage_boethius_cons_85_en,passage_boethius_cons_85,"Boethius, Cons. 85: Virtue Its Own Reward (English)","Boethius, Cons. 85: Virtue Its Own Reward",1,0.23,"Atqui hoc a bonis non potest separari — neque enim bonus ultra iure vocabitur, qui careat bono - quare probos mores sua praemia non relinquunt. ua - ntumlibet igitur saeviant mali,","Boethius, Consolation of Philosophy, passage 85: Virtue Its Own Reward. The good cannot be separated from virtue -- for whoever lacks the good can no longer rightly be called good."
880e27fe-0ac4-4306-bbb1-635c82f6a3e0,passage_boethius_cons_86_en,passage_boethius_cons_86,"Boethius, Cons. 86: Vice Its Own Punishment (English)","Boethius, Cons. 86: Vice Its Own Punishment",1,0.36,"Si igitur sese ipsi aestimare verum, possuntne {possuntne} sibi supplicii expertes videri, quos - omnium malorum extremum - nequitia non affecit modo, verum etiam vehementer infeci","Boethius, Consolation of Philosophy, passage 86: Vice Its Own Punishment. If the wicked could rightly assess themselves, could they consider themselves free from punishment, when w"
07eae534-3aca-4a08-ab50-c0f96588cb74,passage_boethius_cons_93_en,passage_boethius_cons_93,"Boethius, Cons. 93: Wisdom Replaces Hatred (English)","Boethius, Cons. 93: Wisdom Replaces Hatred",1,0.24,compensatione adipiscendae probitatis nec hos cruciatus esse ducerent defensorumque {defensorumque} operam repudiarent ac se totos accusatoribus iudicibusque {iudicibusque} permitt,"Boethius, Consolation of Philosophy, passage 93: Wisdom Replaces Hatred. If the wicked recognized their condition, they would seek the compensation of acquiring virtue and would no"
73b6b3f2-9900-48e0-ab70-ed95ef2cd36f,passage_boethius_cons_8_en,passage_boethius_cons_8,"Boethius, Cons. 8: Boethius's Unjust Prosecution (English)","Boethius, Cons. 8: Boethius's Unjust Prosecution",1,0.39,"Atqui tu hanc sententiam Platonis ore sanxisti beatas fore res publicas, si eas vel studiosi - sapientiae regerent vel earum rectores studere sapientiae contigisset. Tu eiusdem vir","Boethius, Consolation of Philosophy, passage 8: Boethius's Public Service. Boethius invokes Plato's principle that commonwealths would be blessed if they were governed by students "
d89a3428-85ed-4087-9a3d-66f1a4f2b4e3,passage_sen_prov_4_5_en,passage_sen_prov_4_5,"Seneca, De Prov. 4.5: God Provides Material for Virtue (English)","Seneca, De Prov. 4.5: God Provides Material for Virtue",1,0.25,"Latin: Ipsis, inquam, deus consulit, quos esse quam honestissimos cupit, quotiens illis materiam praebet aliquid animose fortiterque faciendi, ad quam rem opus est aliqua rerum dif","Seneca, On Providence 4.5: God Provides Material for Virtue. God, I say, is looking out for those whom He wishes to be as honorable as possible whenever He provides them material f"
7bb65dda-52af-42d2-ba6d-341285c35b10,sc132_origenes_contra_celsum_i_par10_en,sc132_origenes_contra_celsum_i_par10,CC I 10 (English),CC I 10,1,0.34,"10. Εἶτ' ἐπεὶ τὰ περὶ τῆς πίστεως θρυλοῦσι, λεκτέον ὅτι ἡμεῖς μὲν παραλαμβάνοντες αὐτὴν ὡς χρήσιμον τοῖς πολλοῖς ὁμολογοῦμεν διδάσκειν πιστεύειν καὶ ἀλόγως τοὺς μὴ δυναμένους πάντα","10. Since they make such a fuss about faith (pistis), it must be said that we who accept it as useful for the many acknowledge that we teach people to believe, even without rationa"
013cae97-3a08-4c30-ba86-8945bebee63f,sc132_origenes_contra_celsum_i_par11_en,sc132_origenes_contra_celsum_i_par11,CC I 11 (English),CC I 11,1,0.3,"11. Περὶ ὧν ὁ μὴ πιστεύων μόνον ἀλλὰ καὶ λόγῳ θεωρῶν τὰ πράγματα ἐρεῖ τὰς ὑποπιπτούσας αὐτῷ καὶ εὑρισκομένας ἐκ τοῦ πάνυ ζητεῖν ἀποδείξεις. Πῶς δ' οὐκ εὐλογώτερον, πάντων τῶν ἀνθρω","11. Concerning these matters, the one who does not merely believe but also contemplates things through reason (logos) will state the proofs that present themselves to him and are d"
ecd28f10-8695-4a8a-93b6-8f80d1a545f7,sc132_origenes_contra_celsum_i_par13_en,sc132_origenes_contra_celsum_i_par13,CC I 13 (English),CC I 13,1,0.28,"13. Ἐπεὶ δ' ὁ Κέλσος ἔθηκεν ὡς λεγόμενον ὑπὸ πολλῶν Χριστιανῶν « Κακὸν μέν γε ἡ ἐν τῷ βίῳ σοφία ἀγαθὸν δ' ἡ μωρία », λεκτέον ὅτι συκοφαντεῖ τὸν λόγον, μὴ ἐκθέμενος αὐτὴν τὴν παρὰ τ","13. Since Celsus has quoted as being said by many Christians: 'The wisdom of this world is an evil, and foolishness is a good,' it must be said that he misrepresents the argument b"
e8f4dd17-8650-4e79-b719-6fb4bee18c2e,sc132_origenes_contra_celsum_i_par15_en,sc132_origenes_contra_celsum_i_par15,CC I 15 (English),CC I 15,1,0.12,"15. Πόσῳ δὲ βελτίων Κέλσου καὶ διὰ πολλῶν δείξας εἶναι ἐλλογιμώτατος καὶ πλείονα βασανίσας δόγματα καὶ ἀπὸ πλειόνων συναγαγὼν ἃ ἐφαντάσθη εἶναι ἀληθῆ ὁ πυθαγόρειος Νουμήνιος, ὅστις","15. How much better than Celsus, and how much more learned -- as demonstrated through many works -- and how much more thoroughly did he examine doctrines and gather from many sourc"
77df82f1-b8a0-4c38-8032-15c08fb730bd,sc132_origenes_contra_celsum_i_par16_en,sc132_origenes_contra_celsum_i_par16,CC I 16 (English),CC I 16,1,0.18,"16. Θαυμάζω δέ, πῶς Ὀδρύσας μὲν καὶ Σαμόθρᾳκας καὶ Ἐλευσινίους καὶ Ὑπερβορέους ἐν τοῖς ἀρχαιοτάτοις καὶ σοφωτάτοις ἔταξεν ἔθνεσιν ὁ Κέλσος, τοὺς δὲ Ἰουδαίους οὐκ ἠξίωσεν οὔτε εἰς σ","16. I am amazed that Celsus placed the Odrysians and Samothracians and Eleusinians and Hyperboreans among the most ancient and wisest nations, but did not deem the Jews worthy of b"
a2dd6915-45b0-4cbd-aaf7-457b22a6bc8a,sc132_origenes_contra_celsum_i_par12_en,sc132_origenes_contra_celsum_i_par12,CC I 12 (English),CC I 12,1,0.21,"12. {Εἶτ' ἐπεί φησιν ὁ Κέλσος αὐταῖς λέξεσιν · Εἰ μὲν δὴ θελήσουσιν ἀποκρίνεσθαί μοι, ὡς οὐ διαπειρωμένῳ - πάντα γὰρ οἶδα - ἀλλ' ὡς ἐξ ἴσου πάντων κηδομένῳ, εὖ ἂν ἔχοι · εἰ δ' οὐκ ","12. {Then, since Celsus says in his very words: 'If they will consent to answer me, not as one testing them -- for I know everything -- but as one who cares equally for all, it wou"
fc5d45e4-5df9-4c64-8c9a-39608413573c,sc132_origenes_contra_celsum_i_par17_en,sc132_origenes_contra_celsum_i_par17,CC I 17 (English),CC I 17,1,0.34,"17. Καὶ ἑκὼν μὲν ἐπελάθετο τοῦ περὶ τῶν νομιζομένων θεῶν μύθου ὡς ἀνθρωποπαθῶν, ἀναγεγραμμένου μάλιστα ὑπὸ Ὀρφέως, (17) ἐν δὲ τοῖς ἑξῆς κατηγορῶν τῆς Μωϋσέως ἱστορίας αἰτιᾶται τοὺς","17. And he deliberately forgot the myth about the supposed gods as subject to human passions (anthropopathes), a myth recorded especially by Orpheus, but in what follows, when atta"
6884f25e-f545-4eb2-8adc-56c1f19ddad7,sc132_origenes_contra_celsum_i_par20_en,sc132_origenes_contra_celsum_i_par20,CC I 20 (English),CC I 20,1,0.17,"20. [Πλὴν καὶ ἄκων ἐνέπεσεν ὁ Κέλσος εἰς τὸ μαρτυρεῖν τῷ νεώτερον εἶναι τὸν κόσμον καὶ οὐδέπω μυρίων ἐτῶν εἰπὼν καὶ Ἕλληνας ταῦτα νομίζειν ἀρχαῖα, ὡς πρεσβύτερα διὰ τοὺς κατακλυσμο","20. [Moreover, Celsus unwittingly fell into testifying that the world is younger and has not yet reached ten thousand years, when he said that even the Greeks consider these things"
de648904-3a51-40ce-a736-9cea3a4e27a0,sc132_origenes_contra_celsum_i_par23_en,sc132_origenes_contra_celsum_i_par23,CC I 23 (English),CC I 23,1,0.22,"23. Ἑξῆς τούτοις φησὶν ὁ Κέλσος ὅτι τῷ ἡγησαμένῳ σφῶν [ ἑπόμενοι Μωϋσεῖ αἰπόλοι καὶ ποιμένες ], ἀγροίκοις ἀπάταις ψυχαγωγηθέντες [ ἕνα ἐνόμισαν εἶναι θεόν. Δεικνύτω] τοίνυν πῶς, αἰ","23. Next, Celsus says that following their leader [Moses, goatherds and shepherds], beguiled by rustic deceptions, [believed there was one God. Let him show,] then, how -- given th"
458f93a1-c394-429e-a07c-9dbb4732d40b,sc132_origenes_contra_celsum_i_par22_en,sc132_origenes_contra_celsum_i_par22,CC I 22 (English),CC I 22,1,0.2,"22. Μετὰ ταῦτα [τὸ περιτέμνεσθαι τὰ αἰδοῖα μὴ διαβαλὼν ὁ Κέλσος ὑπὸ Ἰουδαίων γινόμενον, φησὶν ἀπὸ Αἰγυπτίων αὐτὸ ἐληλυθέναι ], Αἰγυπτίοις μᾶλλον ἢ Μωϋσεῖ πιστεύσας, λέγοντι πρῶτον ","22. After this, [Celsus, without attacking the practice of circumcision (peritome) of the genitals by the Jews, says it came from the Egyptians,] trusting the Egyptians rather than"
4f427fa2-d7f6-45f6-97a7-126fdecba7b2,sc132_origenes_contra_celsum_i_par24_en,sc132_origenes_contra_celsum_i_par24,CC I 24 (English),CC I 24,1,0.19,"24. {Μετὰ ταῦτά φησιν ὅτι οἱ αἰπόλοι καὶ ποιμένες ἕνα ἐνόμισαν θεόν, εἴτε Ὕψιστον εἴτ' Ἀδωναῖον εἴτ' Οὐράνιον εἴτε Σαβαώθ, εἴτε καὶ ὅπῃ καὶ ὅπως χαίρουσιν ὀνομάζοντες τόνδε τὸν κόσ","24. {After this he says that the goatherds and shepherds believed in one God, whether Most High (Hypsistos) or Adonai or Heavenly (Ouranios) or Sabaoth, or however and by whatever "
6ba49196-1cd8-43b6-8f8f-5f725f6d8f58,sc132_origenes_contra_celsum_i_par14_en,sc132_origenes_contra_celsum_i_par14,CC I 14 (English),CC I 14,1,0.16,14. Συγγένειαν παρὰ πολλοῖς τῶν ἐθνῶν νομίζων εἶναι ὁ Κέλσος τοῦ αὐτοῦ λόγου πάντα μὲν ὀνομάζει τὰ ἔθνη ὡς ἀρξάμενα τοῦ τοιοῦδε δόγματος · οὐκ οἶδα δ' ὅπως μόνους Ἰουδαίους συκοφαν,"14. Celsus, believing there to be an affinity of the same doctrine among many nations, names all the nations as having originated such teachings. But I do not know why he alone mal"
e651ecdc-e97f-4ee8-8e54-d26aba0a924d,sc132_origenes_contra_celsum_i_par26_a_en,sc132_origenes_contra_celsum_i_par26_a,CC I 26_a (English),CC I 26_a,1,0.16,"Ἐπαγγειλάμενος δ' ὁ Κέλσος ὕστερον διδάξειν τὰ περὶ Ἰουδαίων, πρῶτον ποιεῖται τὸν λόγον περὶ τοῦ σωτῆρος ἡμῶν, ὡς γενομένου ἡγεμόνος τῇ καθὸ Χριστιανοί ἐσμεν γενέσει ἡμῶν, καί φησι","Having promised to teach later about the Jews, Celsus first addresses the topic of our Savior, as the one who became the leader of what makes us Christians, and he says that a very"
d700bbbf-d1e7-4047-830b-bac3584b65c5,sc132_origenes_contra_celsum_i_par27_en,sc132_origenes_contra_celsum_i_par27,CC I 27 (English),CC I 27,1,0.27,27. Ἐξετάζων δέ τις τὰ πράγματα ὄψεται ὅτι μείζω τῆς ἀνθρωπίνης φύσεως ἐτόλμησεν ὁ Ἰησοῦς καὶ τολμήσας ἤνυσε. Πάντων γὰρ ἀρχῆθεν ἀντιπραττόντων τῷ σπαρῆναι τὸν λόγον αὐτοῦ ἐπὶ τὴν ,"27. And anyone who examines the facts will see that Jesus dared things greater than human nature (physis) and, having dared them, succeeded. For though from the beginning all thing"
1af94021-3ed0-4566-84c6-920034a5ca90,sc132_origenes_contra_celsum_i_par30_en,sc132_origenes_contra_celsum_i_par30,CC I 30 (English),CC I 30,1,0.29,"30. Τίς οὖν μὴ παρέργως ἀνερευνῶν τὴν τῶν πραγμάτων φύσιν οὐκ ἂν αὐτὸν καταπλαγείη νικήσαντα καὶ ὑπεραναβῆναι δυνηθέντα τῇ δόξῃ τὰ ποιητικὰ ἀδοξίας πάντα <καὶ> πάντα, τοὺς πώποτ' ἐ","30. Who, then, investigating the nature of things not superficially, would not be astonished at this man who prevailed and was able to rise in renown above all the things that prod"
84d2f81d-7494-4992-acf9-8a8a03903660,sc132_origenes_contra_celsum_i_par28_en,sc132_origenes_contra_celsum_i_par28,CC I 28 (English),CC I 28,1,0.49,"28. Ἐπεὶ δὲ καὶ [προσωποποιεῖ], τρόπον τινὰ μιμησάμενος ἓν ῥήτορος εἰσαγόμενον παιδίον, [καὶ εἰσάγει Ἰουδαῖον πρὸς τὸν Ἰησοῦν λέγοντά τινα μειρακιωδῶς καὶ οὐδὲν φιλοσόφου πολιᾶς ἄξ","28. Since he also [constructs a prosopopoeia (prosopopoiia)], in a way imitating the introduction used by orators, [and introduces a Jew speaking to Jesus in a childish manner, say"
69b335f1-dace-4d6f-b25f-fea30e0bee91,sc132_origenes_contra_celsum_i_par3_en,sc132_origenes_contra_celsum_i_par3,CC I 3 (English),CC I 3,1,0.2,"3. Μετὰ ταῦτα περὶ τοῦ κρύφα Χριστιανοὺς τὰ ἀρέσκοντα ἑαυτοῖς ποιεῖν καὶ διδάσκειν εἰπών, καὶ ὅτι οὐ μάτην τοῦτο ποιοῦσιν, ἅτε διωθούμενοι τὴν ἐπηρτημένην αὐτοῖς δίκην τοῦ θανάτου,","3. After this, having said that Christians secretly practice and teach what pleases them, and that they do so not without reason since they are repelling the penalty of death that "
3d159dcc-d343-471e-ada2-323b9b76ae3b,sc132_origenes_contra_celsum_i_par44_en,sc132_origenes_contra_celsum_i_par44,CC I 44 (English),CC I 44,1,0.62,"44. Καὶ ταῦτα πρὸς τὸν Ἰουδαῖον λέγω, οὐκ ἀπιστῶν ὁ Χριστιανὸς τῷ Ἰεζεκιὴλ καὶ τῷ Ἡσαΐᾳ, ἀλλὰ δυσωπῶν ἐκ τῶν κοινῇ ἡμῖν πεπιστευμένων ὅτι πολλῷ <μᾶλλον> οὗτος ἐκείνων ἄξιός ἐστι το","44. And I say these things to the Jew — not as a Christian who disbelieves Ezekiel and Isaiah, but pressing him on the basis of what we both hold in common belief, that this man [J"
a7037b26-bc14-459e-b4b9-002494e8d520,sc132_origenes_contra_celsum_i_par46_en,sc132_origenes_contra_celsum_i_par46,CC I 46 (English),CC I 46,1,0.56,46. Πεπλήρωται δὲ ὁ νόμος καὶ οἱ προφῆται τῶν παραπλη-σίων παραδόξων τῷ ἀναγραφέντι περὶ τοῦ Ἰησοῦ παρὰ τῷ βαπτίσματι περὶ τῆς περιστερᾶς καὶ τῆς ἐξ οὐρανοῦ φωνῆς. Σημεῖον δὲ οἶμαι,46. The Law and the Prophets are filled with marvels similar to what has been written about Jesus at his baptism concerning the dove and the heavenly voice. I believe that the wond
0edeffc9-110a-4a85-91c6-c281fe753c3d,sc132_origenes_contra_celsum_i_par47_en,sc132_origenes_contra_celsum_i_par47,CC I 47 (English),CC I 47,1,0.64,"47. Ἐβουλόμην δ' ἂν Κέλσῳ, προσωποποιήσαντι τὸν Ἰουδαῖον παραδεξάμενόν πως Ἰωάννην ὡς βαπτιστὴν βαπτίζοντα τὸν Ἰησοῦν, εἰπεῖν ὅτι τὸ Ἰωάννην γεγονέναι βαπτιστήν, εἰς ἄφεσιν ἁμαρτημ","47. I would have wished to say to Celsus, who has put words in the mouth of a Jew who in some way accepts John as a baptizer baptizing Jesus, that the fact of John having been a ba"
16d1fd40-6b27-4da1-a881-17b204bca425,sc132_origenes_contra_celsum_i_par48_b_en,sc132_origenes_contra_celsum_i_par48_b,CC I 48_b (English),CC I 48_b,1,0.15,"Ἔτι δὲ προσθήσω τῷ λόγῳ καὶ αὐτά, ἃ [οἴεται ὁ Κέλσος, ὅτι αὐτὸς Ἰησοῦς εἶπε τὰ περὶ τὴν ἄνοιξιν τῶν οὐρανῶν καὶ τὸ καταβὰν πνεῦμα ἅγιον ἐπ' αὐτὸν <ἐν> εἴδει περιστερᾶς παρὰ τῷ Ἰορδ",I shall add further to the discussion [what Celsus himself thinks — that Jesus himself spoke about the opening of the heavens and the descent of the Holy Spirit upon him in the for
75c6937b-2aaa-4e23-afad-2694d7ae5762,sc132_origenes_contra_celsum_i_par49_en,sc132_origenes_contra_celsum_i_par49,CC I 49 (English),CC I 49,1,0.55,"49. Μετὰ ταῦτ' οὐκ οἶδ' ὅπως τὸ μέγιστον περὶ τῆς συστάσεως τοῦ Ἰησοῦ κεφάλαιον, ὡς ὅτι ἐπροφητεύθη ὑπὸ τῶν παρὰ Ἰουδαίοις προφητῶν, Μωϋσέως καὶ τῶν μετ'αὐτὸν ἢ καὶ πρὸ Μωϋσέως, πα","49. After this, I do not know why Celsus deliberately passes over the most important matter concerning the attestation of Jesus — namely, that he was foretold by the prophets among"
df905204-f116-4ca6-b4a3-427224404c58,sc132_origenes_contra_celsum_i_par51_en,sc132_origenes_contra_celsum_i_par51,CC I 51 (English),CC I 51,1,0.58,"51. Εἴρηται δὴ [περὶ μὲν τοῦ τόπου τῆς γενέσεως αὐτοῦ, ὅτι ἀπὸ « Βηθλεὲμ » « ἐξελεύσεται ὁ ἡγούμενος », τοῦτον τὸν τρόπον · « Καὶ σὺ Βηθλεὲμ οἶκος τοῦ Ἐφραθά, ὀλιγοστὸς εἶ τοῦ εἶνα","51. [Indeed, it has been said concerning the place of his birth — that from 'Bethlehem' 'a ruler shall go forth' — in this manner: 'And you, Bethlehem, house of Ephrathah, you are "
c77ddd0c-8ffd-4b06-9d64-c6f411be7a30,sc132_origenes_contra_celsum_i_par52_en,sc132_origenes_contra_celsum_i_par52,CC I 52 (English),CC I 52,1,0.5,"52. [Χαλεπὸν γὰρ φιλονεικία καὶ πρόληψις πρὸς τὸ ποιῆσαι καὶ τοῖς ἐναργέσιν ἀντιβλέψαι, ἵνα μὴ καταλείψωσι δόγματα δευσοποιήσαντα, οἷς συνήθεις ἐγένοντό πως, καὶ ποιώσαντα αὐτῶν τὴ","52. [It is difficult for contentiousness and preconceived opinion to make a person withstand even clear evidence, lest they abandon doctrines that have been deeply dyed within them"
78fdba1c-3b0b-4fca-9bbc-9ad2cf0064ad,sc132_origenes_contra_celsum_i_par48_en,sc132_origenes_contra_celsum_i_par48,CC I 48 (English),CC I 48,1,0.72,"48. [Εἰ καὶ μὴ ἀπολογήσεται οὖν ὁ Ἰουδαῖος περὶ Ἰεζεκιὴλ καὶ Ἡσαΐου], κοινοποιούντων ἡμῶν τὰ περὶ τῆς ἀνοίξεως τῶν οὐρανῶν ἐπὶ Ἰησοῦ καὶ τῆς ἀκουσθείσης αὐτῷ φωνῆς καὶ τὰ ὅμοια εὑρ","48. [Even if the Jew does not offer a defense regarding Ezekiel and Isaiah,] when we draw a parallel between the account of the opening of the heavens over Jesus and the voice he h"
2587111f-6119-4fd1-9354-ad585705bc45,sc132_origenes_contra_celsum_i_par57_en,sc132_origenes_contra_celsum_i_par57,CC I 57 (English),CC I 57,1,0.2,"57. Ἔτι δὲ πρὸς τὸν σωτῆρα αὐτῷ ὁ Ἰουδαῖός φησιν ὅτι, εἰ τοῦτο λέγεις, ὅτι πᾶς ἄνθρωπος κατὰ θείαν πρόνοιαν γεγονὼς υἱός ἐστι θεοῦ, τί ἂν σὺ ἄλλου διαφέροις ; Πρὸς ὃν ἐροῦμεν ὅτι π","57. Still further, the Jew in Celsus says to the Savior: if you say this — that every human being born according to divine providence is a son of God — how would you differ from an"
b0d59cb7-0426-49d9-9cf7-78b971a47199,sc132_origenes_contra_celsum_i_par58_en,sc132_origenes_contra_celsum_i_par58,CC I 58 (English),CC I 58,1,0.7,"58. Μετὰ ταῦτα [ὁ] παρὰ τῷ Κέλσῳ [Ἰουδαῖος ἀντὶ τῶν ἐν τῷ εὐαγγελίῳ μάγων Χαλδαίους φησὶν] ὑπὸ τοῦ Ἰησοῦ λελέχθαι [ κινηθέντας ἐπὶ τῇ γενέσει αὐτοῦ ἐληλυθέναι, προσκυνήσοντας αὐτὸν","58. After this [the Jew in Celsus, instead of the Magi mentioned in the Gospel, says] that Jesus said [that Chaldaeans, moved by his birth, came to worship him] while he was still "
ada10bc0-6e90-4187-9390-aff37dedf849,sc132_origenes_contra_celsum_i_par45_en,sc132_origenes_contra_celsum_i_par45,CC I 45 (English),CC I 45,1,0.57,"45. [Μέμνημαι] δέ ποτε [ἔν τινι πρὸς Ἰουδαίων λεγομένους σοφοὺς διαλέξει χρησάμενος τοιούτῳ λόγῳ], πλειόνων κρινόντων τὸ λεγόμενον · [« Εἴπατέ μοι, ὦ οὗτοι, δύο τινῶν ἐπιδημησάντων","45. [I recall] having once [in a certain discussion with those reputed to be wise among the Jews made use of the following argument], while many were judging what was said: [""Tell "
692f87d8-b7b9-4b56-a5aa-1ca25b3ddf49,sc132_origenes_contra_celsum_i_par60_en,sc132_origenes_contra_celsum_i_par60,CC I 60 (English),CC I 60,1,0.72,"60. Πρὸς μὲν οὖν Ἕλληνας, ὅτι [μάγοι δαίμοσιν ὁμι-λοῦντες] καὶ τούτους ἐφ' ἃ μεμαθήκασι καὶ βούλονται καλοῦντες ποιοῦσι μὲν τὸ τοιοῦτον, [ἐφ' ὅσον οὐδὲν θειότερον καὶ ἰσχυρότερον τ","60. Toward the Greeks — that [magicians commune with demons] and, by calling upon them with the knowledge and desires they have learned, they achieve such results [insofar as nothi"
26dd8a50-81b5-422a-b25d-3635dd36e243,sc132_origenes_contra_celsum_i_par56_en,sc132_origenes_contra_celsum_i_par56,CC I 56 (English),CC I 56,1,0.57,"56. [Ἔλαθε δὲ τὸν Κέλσον καὶ τὸν παρ' αὐτῷ Ἰουδαῖον] καὶ πάντας, ὅσοι τῷ Ἰησοῦ μὴ πεπιστεύκασιν, [ὅτι αἱ προφητεῖαι δύο λέγουσιν εἶναι τὰς Χριστοῦ ἐπιδημίας, τὴν μὲν προτέραν ἀνθρω",56. [Celsus and his fictional Jew] and all who have not believed in Jesus [failed to notice that the prophecies speak of two comings of Christ: the first more subject to human pass
8755d900-67f6-49a9-a05c-4e05ddf39b4e,sc132_origenes_contra_celsum_i_par62_a_en,sc132_origenes_contra_celsum_i_par62_a,CC I 62_a (English),CC I 62_a,1,0.51,Φημὶ οὖν καὶ πρὸς ταῦτα {ὅτι [τοῖς δυναμένοις φρονίμως καὶ εὐγνωμόνως ἐξετάζειν] τὰ περὶ τοὺς ἀποστόλους τοῦ Ἰησοῦ [φαίνεται ὅτι δυνάμει θείᾳ ἐδίδασκον οὗτοι τὸν χριστιανισμὸν] καὶ,I say then also in response to these things {that [to those capable of examining wisely and fairly] the matters concerning Jesus's apostles [it appears that by divine power these m
d8a17a0d-926b-455b-b8ce-bfb3cd18ae02,sc132_origenes_contra_celsum_i_par48_a_en,sc132_origenes_contra_celsum_i_par48_a,CC I 48_a (English),CC I 48_a,1,0.7,"Ὁ δὲ βαθύτερον τὸ τοιοῦτον ἐξετάζων ἐρεῖ ὅτι οὔσης, ὡς ἡ γραφὴ ὠνόμασε, θείας τινὸς γενικῆς αἰσθήσεως, ἣν μόνος ὁ μακάριος εὑρίσκει ἤδη κατὰ τὸ λεγόμενον καὶ παρὰ τῷ Σολομῶντι · « ","One who investigates the matter more deeply will say that there exists, as Scripture named it, a kind of divine general faculty of perception, which only the blessed man already di"
4306fdbc-885d-4bc7-916e-1ab68c0e6615,sc132_origenes_contra_celsum_i_par59_en,sc132_origenes_contra_celsum_i_par59,CC I 59 (English),CC I 59,1,0.57,"59. Ἐπὶ μεγάλοις [τετήρηται] πράγμασι καὶ μεγίσταις μεταβολαῖς τῶν ἐπὶ γῆς ἀνατέλλειν [τοὺς τοιούτους ἀστέρας], σημαίνοντας ἢ μεταστάσεις βασιλειῶν ἢ πολέμους ἢ ὅσα δύναται ἐν ἀνθρ","59. [It has been observed that] such stars rise [for great events and the greatest changes in earthly affairs], signifying either the overthrow of kingdoms or wars or whatever uphe"
e2fe574f-1fa4-4a42-afe3-ef798b51b651,sc132_origenes_contra_celsum_i_par63_en,sc132_origenes_contra_celsum_i_par63,CC I 63 (English),CC I 63,1,0.55,"63. Ἐπεὶ δὲ καὶ [ἐπιρρήτους εἶπεν ἀνθρώπους, τελώνας] καὶ ναύτας πονηροτάτους λέγων ὁ Κέλσος τοὺς ἀποστόλους Ἰησοῦ, καὶ περὶ τούτου φήσομεν ὅτι ἔοικεν, ἵνα μὲν ἐγκαλέσῃ τῷ λόγῳ, πι","63. Since Celsus also calls the apostles of Jesus 'disreputable men — tax collectors and the most wicked of sailors,' we shall say on this matter too that it appears Celsus is will"
e9219676-d206-4b74-83cd-98e656a2bdbb,sc132_origenes_contra_celsum_i_par62_en,sc132_origenes_contra_celsum_i_par62,CC I 62 (English),CC I 62,1,0.75,"62. Μετὰ ταῦτα δ' ἐπεὶ μηδὲ τὸν ἀριθμὸν τῶν ἀποστόλων ἐπιστάμενος [ δέκα εἶπεν ἢ ἕνδεκά τινας ἐξαρτησάμενον τὸν Ἰησοῦν ἑαυτῷ ἐπιρρήτους ἀνθρώπους, τελώνας καὶ ναύτας τοὺς πονηροτάτ","62. After this, since he did not even know the number of the apostles [and said ten or eleven disreputable men had attached themselves to Jesus — tax collectors and sailors of the "
d790ee67-6734-4f43-b9e4-f5f666926b3a,sc132_origenes_contra_celsum_i_par64_en,sc132_origenes_contra_celsum_i_par64,CC I 64 (English),CC I 64,1,0.55,"64. Εἰ δ' ἐπὶ τῷ προτέρῳ βίῳ ὀνειδίζειν μέλλοιμεν τοῖς μεταβαλοῦσιν, ὥρα καὶ Φαίδωνος ἡμᾶς κατηγορεῖν καὶ φιλοσοφήσαντος, ἐπεί, ὡς ἡ ἱστορία φησίν, ἀπὸ στέγους αὐτὸν μετήγαγεν εἰς ","64. If we are going to reproach those who have undergone a change on account of their former life, it is time also for us to bring accusations against Phaedo for practicing philoso"
42c9c224-8fc5-4fe9-b1ec-857270895de9,sc132_origenes_contra_celsum_i_par61_en,sc132_origenes_contra_celsum_i_par61,CC I 61 (English),CC I 61,1,0.65,"61. Εἰ δ' Ἡρώδης ἐπεβούλευσε τῷ γεννηθέντι, κἂν μὴ πιστεύσῃ ἀληθῶς τοῦτο γεγονέναι ὁ παρὰ τῷ Κέλσῳ Ἰουδαῖος, οὐ θαυμαστόν. [Τυφλὸν γάρ τι ἐστὶν ἡ πονηρία καὶ βουλομένη ὡς ἰσχυροτέρ","61. If Herod plotted against the newly born child, it is not surprising that the Jew in Celsus would not truly believe this to have happened. [For wickedness is in some respect bli"
0cd6b8fe-f5c0-4ef8-9409-0e3708acfee1,sc132_origenes_contra_celsum_i_par67_en,sc132_origenes_contra_celsum_i_par67,CC I 67 (English),CC I 67,1,0.49,67. Μετὰ ταῦτά φησιν ὁ παρὰ τῷ Κέλσῳ Ἰουδαῖος ὡς φιλομαθής τις Ἕλλην καὶ τὰ Ἑλλήνων πεπαιδευμένος ὅτι [ οἱ μὲν παλαιοὶ μῦθοι Περσεῖ καὶ Ἀμφίονι καὶ Αἰακῷ καὶ Μίνωϊ θείαν σπορὰν νεί,"67. After this, the Jew in Celsus speaks as if he were a learned Greek educated in Greek traditions, saying that [the ancient myths attributed divine parentage to Perseus, Amphion,"
345db05e-c153-49bb-82d3-4d2c5933b327,sc132_origenes_contra_celsum_i_par66_en,sc132_origenes_contra_celsum_i_par66,CC I 66 (English),CC I 66,1,0.38,"66. Ἐπὶ δὲ τούτοις ἑξῆς ὁ Ἰουδαῖος πρὸς τὸν Ἰησοῦν παρὰ τῷ Κέλσῳ λέγει · { Τί δὲ καί σε νήπιον ἔτι ἐχρῆν [ εἰς Αἴγυπτον ἐκκομίζεσθαι, μὴ ἀποσφαγῇς ; Θεὸν γὰρ οὐκ εἰκὸς ἦν περὶ θανά","66. After this, the Jew in Celsus, in what follows, says to Jesus: {But why should you, still an infant, [have had to be taken off to Egypt lest you be slaughtered? For it was not "
59e91562-6487-49b8-aef7-eb9c081509a4,sc132_origenes_contra_celsum_i_par50_en,sc132_origenes_contra_celsum_i_par50,CC I 50 (English),CC I 50,1,0.61,"50. Εἶτα, ὡς οὐ μόνου προφητευθέντος τούτου] ὁσίων αὐτὸν εἶναι κριτὴν καὶ τῶν ἀδίκων κολαστήν, [καὶ μήτε τόπου γενέσεως αὐτοῦ μήτε πάθους αὐτοῦ οὗ ὑπὸ Ἰουδαίων πείσεται μήτ' ἀναστά","50. Then, [as if not only this one thing had been prophesied —] that he would be a judge of the pious and a punisher of the unjust, [and as if the place of his birth, his suffering"
8d51515e-eca6-4886-a8ef-59cc93056669,sc132_origenes_contra_celsum_i_par68_a_en,sc132_origenes_contra_celsum_i_par68_a,CC I 68_a (English),CC I 68_a,1,0.63,"[Ὁρᾷς οὖν ὡς διὰ τούτων οἱονεὶ παραδέχεται μαγείαν εἶναι, οὐκ οἶδα εἰ ὁ αὐτὸς ὢν τῷ γράψαντι κατὰ μαγείας βιβλία πλείονα · πλὴν ὡς χρήσιμον αὐτῷ εἰς τὰ προκείμενα τοῖς ἀπὸ μαγείας ",[You see then how through this argument he virtually concedes that there is such a thing as magic — I do not know if he is the same person as the one who wrote several books agains
9b58ee09-3367-44c0-a47b-c2b259c71e2e,sc132_origenes_contra_celsum_i_par54_en,sc132_origenes_contra_celsum_i_par54,CC I 54 (English),CC I 54,1,0.63,"54. Ἐπεὶ δὲ ὁ ἐπαγγελλόμενος εἰδέναι τὰ τοῦ λόγου πάντα Κέλσος ὀνειδίζει τῷ σωτῆρι ἐπὶ τῷ πάθει ὡς μὴ βοηθηθέντι ὑπὸ τοῦ πατρὸς ἢ μὴ δυνηθέντι ἑαυτῷ βοηθῆσαι, παραθετέον ὅτι τὸ πάθ","54. Since Celsus, who professes to know all the teachings of the Word, reproaches the Savior for his suffering on the grounds that the Father did not help him or that he was unable"
7447f023-abda-4784-8ec4-7f092dafd6ae,sc132_origenes_contra_celsum_i_par6_en,sc132_origenes_contra_celsum_i_par6,CC I 6 (English),CC I 6,1,0.22,"6. Μετὰ ταῦτα οὐκ οἶδα πόθεν κινούμενος ὁ Κέλσος φησὶ [ δαιμόνων τινῶν ὀνόμασι καὶ κατακλήσεσι δοκεῖν ἰσχύειν Χριστιανούς ], ὡς οἶμαι αἰνισσόμενος τὰ περὶ τῶν κατεπᾳ-δόντων τοὺς δα","6. After this, I do not know from where Celsus is moved to say [that Christians seem to have power through the names and invocations of certain demons], by which I think he alludes"
49d85699-053e-4ad3-8b47-d50f4c71131c,sc132_origenes_contra_celsum_i_par68_en,sc132_origenes_contra_celsum_i_par68,CC I 68 (English),CC I 68,1,0.54,"68. Ἑξῆς δὲ τούτοις ὁ Κέλσος ὑπιδόμενος τὰ ἐπιδειχθη-σόμενα ὑπὸ τοῦ Ἰησοῦ γεγενημένα μεγάλα, περὶ ὧν ὀλίγα ἀπὸ πολλῶν εἰρήκαμεν, προσποιεῖται συγχωρεῖν ἀληθῆ εἶναι ὅσα περὶ θεραπει","68. Following upon this, Celsus, anticipating the great deeds performed by Jesus that we are about to demonstrate — of which we have mentioned a few out of many — pretends to conce"
640eba5f-c73c-4bcb-8903-616718a076b5,sc132_origenes_contra_celsum_i_par69_en,sc132_origenes_contra_celsum_i_par69,CC I 69 (English),CC I 69,1,0.62,"69. Μετὰ ταῦτα φύρων τὸν λόγον καὶ τὰ ὑπὸ αἱρέσεώς τινος λεγόμενα ὡς κοινὰ Χριστιανῶν ἐγκλήματα πᾶσι τοῖς ἀπὸ τοῦ θείου προσάγων λόγου φησὶν ὅτι θεοῦ οὐκ ἂν εἴη τοιοῦτον σῶμα, οἷον","69. After this, confusing his argument and applying to all followers of the divine Word what belongs to some particular sect as a common charge against Christians, he says that suc"
9c4038c3-2f9c-48e8-be57-c8dbf830f3ba,sc132_origenes_contra_celsum_i_par5_en,sc132_origenes_contra_celsum_i_par5,CC I 5 (English),CC I 5,1,0.36,"5. Τὰ δὲ περὶ τῆς εἰδωλολατρείας ὡς ἴδια τῶν ἀπὸ τοῦ λόγου ἐκτιθέμενος καὶ ὑποκατασκευάζει λέγων [ διὰ τοῦτο μὴ νομίζειν αὐτοὺς χειροποιήτους θεούς, ἐπεὶ μὴ εὔλογόν ἐστι τὰ ὑπὸ φαυ","5. Setting forth the question of idolatry as a peculiarity of those who follow the Word, he also supports his point by saying [that Christians do not consider images made by human "
9525bc11-0126-48b6-9a81-1ab41dbaefd1,sc132_origenes_contra_celsum_i_par9_a_en,sc132_origenes_contra_celsum_i_par9_a,CC I 9_a (English),CC I 9_a,1,0.7,"Καὶ πυνθανόμεθά γε περὶ τοῦ πλήθους τῶν πιστευόντων, τὴν πολλὴν χύσιν τῆς κακίας ἀποθεμένων, ἐν ᾗ πρότερον ἐκαλινδοῦντο · πότερον βέλτιόν ἐστιν αὐτοῖς ἀλόγως πισ-τεύουσι κατεστάλθα","And we ask regarding the multitude of believers who have laid aside the great flood of wickedness in which they formerly wallowed: whether it is better for them, believing without "
508a0acb-91a6-43fc-b9e8-2e6e4eede83d,sc132_origenes_contra_celsum_i_par8_en,sc132_origenes_contra_celsum_i_par8,CC I 8 (English),CC I 8,1,0.52,"8. Ἔοικε δὲ μετὰ δεινότητος συναγορεύειν πως τοῖς μαρτυροῦσι τῷ χριστιανισμῷ μέχρι θανάτου λέγων · Καὶ οὐ τοῦτο λέγω, ὡς χρὴ τὸν ἀγαθοῦ δόγματος περιεχόμενον, εἰ μέλλει δι' αὐτὸ κι","8. He seems with some cleverness to advocate in a way for those who bear witness to Christianity even unto death, saying: And I do not say this — that one who holds to a sound doct"
55804c52-116f-4497-a9f4-ce881e1c2c97,sc132_origenes_contra_celsum_i_par9_en,sc132_origenes_contra_celsum_i_par9,CC I 9 (English),CC I 9,1,0.73,"9. {Μετὰ ταῦτα προτρέπει ἐπὶ τὸ [ λόγῳ ἀκολουθοῦντας καὶ λογικῷ ὁδηγῷ παραδέχεσθαι δόγματα, ὡς πάντως ἀπάτης γινομένης τῷ μὴ οὕτω συγκατατιθεμένῳ τισί · καὶ ἐξομοιοῖ τοὺς ἀλόγως πι","9. {Thereafter he exhorts people to [follow reason and a rational guide in accepting doctrines, claiming that deception always befalls those who do not assent in this way; and he l"
c4790795-345f-447e-bb1d-cb9b971b0d04,sc132_origenes_contra_celsum_ii_par10_en,sc132_origenes_contra_celsum_ii_par10,CC II 10 (English),CC II 10,1,0.59,"10. Τί δὲ καὶ ἐπηγγείλατο ὁ Ἰησοῦς καὶ οὐκ ἐποίησε, παραστησάτω καὶ ἀποδειξάτω ὁ Κέλσος. Ἀλλ' οὐ δυνήσεται, μάλιστα ἐπεὶ εἴτ' ἐκ παρακουσμάτων εἴτε καὶ ἐξ ἀναγνωσ-μάτων εὐαγγελικῶν","10. Let Celsus also demonstrate and show what Jesus promised and did not do. But he will be unable to do so, especially since he thinks he can bring his charges against Jesus or ag"
6e781301-bd5a-44f3-bd91-003b664742b9,sc132_origenes_contra_celsum_ii_par11_en,sc132_origenes_contra_celsum_ii_par11,CC II 11 (English),CC II 11,1,0.52,"11. Εἶτα ὅτι μὲν ὑφ' ὧν ὠνόμαζε μαθητῶν προὐδόθη, ἔμαθεν ὁ παρὰ τῷ Κέλσῳ Ἰουδαῖος ἀπὸ τῶν εὐαγγελίων, πολλοὺς εἰπὼν μαθητὰς τὸν ἕνα Ἰούδαν, ἵνα δόξῃ αὔξειν τὴν κατηγορίαν · οὐκέτι ","11. Then the Jew in Celsus, having learned from the Gospels that Jesus was betrayed by one called his disciple, says 'many disciples' instead of the one Judas, in order to seem to "
0423fc11-49c5-48c3-abb9-1cb1f2252f65,sc132_origenes_contra_celsum_i_par71_en,sc132_origenes_contra_celsum_i_par71,CC I 71 (English),CC I 71,1,0.81,"71. Εἶτά φησι λοιδορούμενος τῷ Ἰησοῦ ὁ [διὰ] τὴν ἀσέβειαν καὶ [τὰ μοχθηρὰ δόγματα], ἵν' οὕτως εἴπω, [θεομισὴς] ὅτι ταῦτα θεομισοῦς ἦν τινος καὶ μοχθηροῦ γόητος. [Καίτοι γε, ἐὰν κυρ","71. Then the one who, through impiety and wicked doctrines, is so to speak hateful to God, reviles Jesus, saying that these things were the doings of someone hated by God and a wic"
23f9fb2e-8b6f-4f0c-88d7-6265bc9dad4b,sc132_origenes_contra_celsum_ii_par12_en,sc132_origenes_contra_celsum_ii_par12,CC II 12 (English),CC II 12,1,0.54,"12. Παιδαριώδη δέ μοι δοκεῖ καὶ τὰ τοιαῦτα, ὅτι στρατη-γὸς μὲν ἀγαθὸς καὶ πολλῶν μυριάδων ἡγησάμενος οὐδεπώποτε προὐδόθη, ἀλλ' οὐδὲ λῄσταρχος πονηρὸς καὶ παμπονήρων ἄρχων, ὠφέλιμος","12. The following arguments of Celsus also seem childish to me: that a good general who has commanded many tens of thousands has never been betrayed, nor even a wicked robber chief"
6898a68e-75c4-455c-a2dd-b52f4cae0520,sc132_origenes_contra_celsum_i_par7_en,sc132_origenes_contra_celsum_i_par7,CC I 7 (English),CC I 7,1,0.63,"7. Εἶτ' ἐπεὶ πολλάκις ὀνομάζει [ κρύφιον τὸ δόγμα ], καὶ ἐν τούτῳ αὐτὸν ἐλεγκτέον, σχεδὸν παντὸς [τοῦ κόσμου ἐγνωκότος τὸ κήρυγμα Χριστιανῶν μᾶλλον ἢ τὰ τοῖς φιλοσόφοις ἀρέσκοντα. ","7. Then, since he often uses the word ['secret doctrine'], he must be refuted on this point too, since practically [the whole world knows the proclamation of Christians better than"
ae025349-4714-4d00-b939-10c494fa919a,sc132_origenes_contra_celsum_ii_par13_a_en,sc132_origenes_contra_celsum_ii_par13_a,CC II 13_a (English),CC II 13_a,1,0.44,"Ἐγκαλεῖ δὲ τοῖς μαθηταῖς ὡς πλασαμένοις ὅτι πάντα τὰ συμβάντα αὐτῷ ἐκεῖνος προῄδει καὶ προειρήκει. Καὶ τοῦτο δὲ ἀληθὲς ὄν, κἂν μὴ Κέλσος βούληται, παραστήσομεν ἀπὸ πολλῶν καὶ ἄλλων","He also charges the disciples with having fabricated the claim that he foreknew and foretold everything that happened to him. And this too, though it is true — even if Celsus does "
7822d254-f95c-4667-8f6e-89f44488813a,sc132_origenes_contra_celsum_ii_par13_b_en,sc132_origenes_contra_celsum_ii_par13_b,CC II 13_b (English),CC II 13_b,1,0.55,Ἀλλὰ φήσει τις ὅτι [καὶ Σαμαρεῖς διὰ τὴν ἑαυτῶν θεοσέβειαν διώκονται.] Πρὸς ὃν τοιαῦτα ἐροῦμεν · [οἱ Σικάριοι διὰ τὴν περιτομὴν ὡς ἀκρωτηριάζοντες παρὰ τοὺς καθεστῶτας νόμους καὶ τ,But someone will say that [the Samaritans too are persecuted because of their own piety.] To which we shall respond as follows: [The Sicarii are put to death for performing circumc
e7e646ec-d33d-400e-88c8-0f5891e74eb4,sc132_origenes_contra_celsum_ii_par13_c_en,sc132_origenes_contra_celsum_ii_par13_c,CC II 13_c (English),CC II 13_c,1,0.49,"Ὅρα δὲ εἰ μὴ μετὰ πολλῆς ἐξουσίας λέγεται τὸ « Πᾶς ὃς ἐὰν ὁμολογήσῃ ἐν ἐμοὶ ἔμπροσθεν τῶν ἀνθρώπων, κἀγὼ ὁμολογήσω ἐν αὐτῷ ἔμπροσθεν τοῦ πατρός μου τοῦ ἐν τοῖς οὐρανοῖς · καὶ πᾶς ὃ","See whether this is not said with great authority: 'Everyone who confesses me before men, I also will confess before my Father who is in heaven; and everyone who denies me before m"
fe2ed0fe-6449-4156-8cb7-53181bb214c9,sc132_origenes_contra_celsum_ii_par10_a_en,sc132_origenes_contra_celsum_ii_par10_a,CC II 10_a (English),CC II 10_a,1,0.45,"Ἀλλ' ἐπεί φησι καὶ ὅτι ἑάλω, [εἴποιμ' ἂν ὅτι, εἴπερ τὸ ἁλῶναι ἀκούσιόν ἐστιν, οὐχ ἑάλω ὁ Ἰησοῦς · ἑαυτὸν γὰρ ἐν ἐπιτηδείῳ καιρῷ εἰς χεῖρας ἀνθρώπων γενέσθαι οὐκ ἐκώλυσεν ὡς « ἀμνὸς","But since he also says Jesus was captured, [I would reply that, if being captured is involuntary, Jesus was not captured; for he did not prevent himself from coming into the hands "
cc04ad0e-c99d-45c1-82ab-837807588ac9,sc132_origenes_contra_celsum_ii_par13_d_en,sc132_origenes_contra_celsum_ii_par13_d,CC II 13_d (English),CC II 13_d,1,0.46,"Ὁ δὲ ἀπιστῶν παρὰ τῷ Κέλσῳ Ἰουδαῖος περὶ τοῦ Ἰησοῦ, ὅτι πάντα τὰ συμβάντα αὐτῷ προῄδει, κατανοησάτω, τίνα τρόπον ἔτι [συνεστώσης τῆς Ἱερουσαλὴμ καὶ πάσης τῆς ἰουδαϊκῆς λατρείας γιν","Let the Jew in Celsus who disbelieves that Jesus foreknew everything that happened to him consider in what way Jesus, [while Jerusalem was still standing and all the Jewish worship"
6f5f653c-a1c7-485e-90e4-291e9a9b48ff,sc132_origenes_contra_celsum_i_par65_en,sc132_origenes_contra_celsum_i_par65,CC I 65 (English),CC I 65,1,0.47,"65. Ἐπεὶ δὲ [μὴ προπετεῖς διδάσκων τοὺς μαθητὰς ὁ Ἰησοῦς ἔλεγεν αὐτοῖς τό · « Ἐὰν διώκωσιν ὑμᾶς ἐν τῇ πόλει ταύτῃ, φεύγετε εἰς τὴν ἑτέραν · κἂν ἐν τῇ ἑτέρᾳ διώκωσι, πάλιν φεύγετε ε","65. Since [Jesus, teaching his disciples not to be reckless, said to them: 'If they persecute you in this city, flee to another; and if they persecute you in the other, flee again "
c231cc9c-6c1c-4bc2-a3b2-74ae3e34c676,sc132_origenes_contra_celsum_ii_par16_en,sc132_origenes_contra_celsum_ii_par16,CC II 16 (English),CC II 16,1,0.81,"16. Πάνυ δ' εὐήθως φησὶ τοὺς μαθητὰς πρὸς παραίτησιν τῶν κατὰ τὸν Ἰησοῦν ἀναγεγραφέναι περὶ αὐτοῦ τοιαῦτα · ὥσπερ, φησίν, εἴ τις λέγων εἶναί τινα δίκαιον δεικνύει αὐτὸν ἀδικοῦντα, ","16. He says quite foolishly that the disciples wrote such things about Jesus in order to excuse the events concerning him — as if, he says, someone who claims a person is just were"
1e270189-1e70-4360-9edf-8c7258251bb9,sc132_origenes_contra_celsum_ii_par11_a_en,sc132_origenes_contra_celsum_ii_par11_a,CC II 11_a (English),CC II 11_a,1,0.37,"[Εἰ δὲ δεῖ καὶ περὶ τοῦ Ἰούδα δυσωπητικόν τινα παρα-θέσθαι λόγον, φήσομεν ὅτι ἐν τῇ βίβλῳ τῶν ψαλμῶν ὅλος ὁ ἑκατοστὸς ὄγδοος ψαλμὸς τὴν περὶ τοῦ Ἰούδα περιέχει προφητείαν, οὗ ἡ ἀρχ","[If it is also necessary to set forth some compelling argument about Judas, we shall say that in the book of Psalms the entire one hundred and eighth psalm contains the prophecy ab"
ab407aba-4e15-4489-b7e0-f8b90e5e52bc,sc132_origenes_contra_celsum_ii_par17_en,sc132_origenes_contra_celsum_ii_par17,CC II 17 (English),CC II 17,1,0.63,"17. Σφόδρα δὲ μωρὸν καὶ τό · Τίς ἂν ἢ θεὸς ἢ δαίμων ἢ ἄνθρωπος φρόνιμος προειδὼς αὐτῷ τοιαῦτα συμβησόμενα οὐκ ἄν, εἴ γε ἐδύνατο, ἐξέκλινεν ἀλλὰ συνέπιπτεν οἷς προ-ηπίστατο ; Καὶ Σω","17. Most foolish too is the argument: What god or demon or wise man, having foreknown that such things would happen to him, would not, if he were able, have avoided them rather tha"
dade2dcf-1f2b-4b20-a573-dc4b8d2d4add,sc132_origenes_contra_celsum_ii_par18_en,sc132_origenes_contra_celsum_ii_par18,CC II 18 (English),CC II 18,1,0.73,"18. Ἑξῆς δὲ τούτῳ καὶ ἄλλο εὔηθές φησιν ὁ παρὰ τῷ Κέλσῳ Ἰουδαῖος, ὅτι πῶς, εἴπερ προεῖπε καὶ τὸν προδώσοντα [καὶ τὸν ἀρνησόμενον, οὐκ ἂν ὡς θεὸν ἐφοβήθησαν, ὡς τὸν μὲν μὴ προδοῦναι","18. Following on this, the Jew in Celsus says something else foolish: how could it be, if Jesus had foretold both the one who would betray him [and the one who would deny him, that"
b338c13e-23a9-43b4-9425-95e28a4ae5a5,sc132_origenes_contra_celsum_i_par70_en,sc132_origenes_contra_celsum_i_par70,CC I 70 (English),CC I 70,1,0.59,"70. Λέγει δ' ὅτι οὐδὲ τοιαῦτα σιτεῖται σῶμα θεοῦ, ὡς ἔχων αὐτὸν παραστῆσαι ἀπὸ τῶν εὐαγγελικῶν γραμμάτων σιτούμενον, καὶ ποῖα σιτούμενον. Ἀλλ' ἔστω, λεγέτω αὐτὸν βεβρωκέναι μετὰ τῶ","70. He says that such a body as God's does not eat, as if he were in a position to show from the Gospel writings that Jesus ate, and what he ate. Very well, let him say that Jesus "
29c148b3-13e0-4795-873a-23a4789e155a,sc132_origenes_contra_celsum_ii_par20_a_en,sc132_origenes_contra_celsum_ii_par20_a,CC II 20_a (English),CC II 20_a,1,0.62,"Ἵνα δὲ τὸ τοιοῦτο νοηθῇ, ἀπὸ μὲν τῆς γραφῆς χρήσομαι ταῖς περὶ τοῦ Ἰούδα προφητείαις ἢ τῇ τοῦ σωτῆρος ἡμῶν περὶ αὐτοῦ ὡς προδώσοντος προγνώσει · ἀπὸ δὲ τῶν ἑλλη-νικῶν ἱστοριῶν τῷ π","In order for this matter to be understood, I shall make use, from Scripture, of the prophecies about Judas or our Savior's foreknowledge of him as the one who would betray him; and"
3dd661db-ad5f-450b-97ed-c6ff7ce69269,sc132_origenes_contra_celsum_ii_par20_en,sc132_origenes_contra_celsum_ii_par20,CC II 20 (English),CC II 20,1,0.43,"20. Μετὰ ταῦτα ἴδωμεν, πῶς λέγει · Ταῦτα θεός, φησίν, ὢν προεῖπε, καὶ πάντως ἐχρῆν γενέσθαι τὸ προειρημένον. Θεὸς οὖν τοὺς αὑτοῦ μαθητὰς καὶ προφήτας, μεθ' ὧν συνεδείπνει καὶ συνέπ","20. After this, let us see how he says: 'God, as he says, foretold these things, and what was foretold had necessarily to happen. Therefore God led his own disciples and prophets, "
7a56c5ba-f942-4e82-bb2f-92689d63815f,sc132_origenes_contra_celsum_ii_par1_a_en,sc132_origenes_contra_celsum_ii_par1_a,CC II 1_a (English),CC II 1_a,1,0.34,"Τί οὖν καὶ λέγει πρὸς τοὺς ἀπὸ Ἰουδαίων πιστεύοντας, κατανοητέον. Φησὶν αὐτοὺς καταλιπόντας τὸν πάτριον νόμον τῷ ἐψυχαγωγῆσθαι ὑπὸ τοῦ Ἰησοῦ ἠπατῆσθαι πάνυ γελοίως καὶ ἀπηυτομοληκέ","What then does he say to those from the Jews who have come to believe must be considered carefully. He says that they, having abandoned the ancestral law by being captivated by Jes"
3655f752-38d7-4b1f-98f9-dfec6e5fcd14,sc132_origenes_contra_celsum_ii_par1_b_en,sc132_origenes_contra_celsum_ii_par1_b,CC II 1_b (English),CC II 1_b,1,0.63,"Καὶ ἀκόλουθόν γε ἦν μὴ ἀποστῆναι τῶν ἰουδαϊκῶν ἐθῶν τοὺς εἰς τὴν περιτομὴν ἀποσταλέντας, ὅτε « οἱ δοκοῦντες στῦλοι εἶναι δεξιὰς ἔδωκαν Παύλῳ καὶ Βαρνάβᾳ κοινωνίας », « αὐτοὶ εἰς τὴ","And it was consistent that those sent to those of the circumcision should not depart from Jewish customs, at the time when 'those who seemed to be pillars gave the right hand of fe"
27717407-4bde-467b-8d7f-9b708b82d7ed,sc132_origenes_contra_celsum_ii_par23_en,sc132_origenes_contra_celsum_ii_par23,CC II 23 (English),CC II 23,1,0.64,"23. Μετὰ ταῦτα λέγει ὅτι, εἰ δέδοκτο αὐτῷ ταῦτα, καὶ τῷ πατρὶ πειθόμενος ἐκολάζετο, δῆλον ὅτι θεῷ γε ὄντι καὶ βουλομένῳ οὔτ' ἀλγεινὰ οὔτ' ἀνιαρὰ ἦν τὰ κατὰ γνώμην χρώμενα. Καὶ οὐχ ","23. After this he says that if Jesus decided these things would happen and submitted to punishment in obedience to his father, it is clear that for one who is God and willing, the "
5fa7e23b-7925-4408-824f-440ee0ff0318,sc132_origenes_contra_celsum_ii_par25_en,sc132_origenes_contra_celsum_ii_par25,CC II 25 (English),CC II 25,1,0.58,25. Ἐλέγομεν δὴ καὶ ἐν τοῖς ἀνωτέρω ὅτι αἱ μέν τινες εἰσὶ φωναὶ τοῦ ἐν τῷ Ἰησοῦ πρωτοτόκου « πάσης κτίσεως » ὡς ἡ · « Ἐγώ εἰμι ἡ ὁδὸς καὶ ἡ ἀλήθεια καὶ ἡ ζωὴ » καὶ αἱ τούτοις παραπ,"25. We said also in the earlier section that certain sayings belong to the 'firstborn of all creation' in Jesus — such as 'I am the way and the truth and the life,' and those like "
7b1246ed-db23-48a1-bc0e-d139d461589d,sc132_origenes_contra_celsum_i_par53_en,sc132_origenes_contra_celsum_i_par53,CC I 53 (English),CC I 53,1,0.46,"53. Εἰ δὲ καὶ δευτέρας προφητείας ἐναργοῦς] ἡμῖν εἶναι φαινομένης [περὶ τοῦ Ἰησοῦ χρεία ἐστίν, ἐκθησόμεθα τὴν ἀναγραφεῖσαν πρὸ πλείστων ὅσων ἐτῶν τῆς Ἰησοῦ ἐπιδημίας ὑπὸ Μωϋσέως, φ","53. [But if there is need of a second clear prophecy] that appears to us [to be about Jesus, we shall present the one recorded by Moses many years before Jesus's coming], in which "
f7b6d646-37ed-4ee0-96b8-093f8f78cbd8,sc132_origenes_contra_celsum_ii_par2_en,sc132_origenes_contra_celsum_ii_par2,CC II 2 (English),CC II 2,1,0.58,"2. Ἐπεὶ δ' ἅπαξ γεγόναμεν ἐν τῷ περὶ τοῦ Πέτρου λόγῳ καὶ τῶν διδαξάντων τοὺς ἐν τῇ περιτομῇ τὸν χριστιανισμόν, οὐκ ἄτοπον ἡγοῦμαι παραθέσθαι τοῦ Ἰησοῦ τινα φωνὴν ἀπὸ τοῦ κατὰ Ἰωάνν","2. Since we are now dealing with the topic of Peter and those who taught Christianity among those of the circumcision, I think it appropriate to cite a saying of Jesus from the Gos"
0ada83c6-9dd2-410f-8af0-ae1f5c30eb1e,sc132_origenes_contra_celsum_ii_par30_en,sc132_origenes_contra_celsum_ii_par30,CC II 30 (English),CC II 30,1,0.49,30. Παρέρριψε δ' ὁ Κέλσος καὶ τό · Θεὸν δὲ καὶ θεοῦ υἱὸν οὐδεὶς ἐκ τοιούτων συμβόλων καὶ παρακουσμάτων οὐδ'ἐξ οὕτως ἀγεννῶν τεκμηρίων συνίστησιν. Ἐχρῆν δὲ αὐτὸν τὰ παρακούσματα ἐκθ,30. Celsus also threw in the remark: 'No one establishes a god and a son of god from such tokens and misreadings and from such base proofs.' But he should have set out the misreadi
7f7d7fd5-948a-49d4-9528-e4d41b941188,sc132_origenes_contra_celsum_ii_par31_en,sc132_origenes_contra_celsum_ii_par31,CC II 31 (English),CC II 31,1,0.7,"31. Μετὰ ταῦτα Χριστιανοῖς ἐγκαλεῖ ὡς σοφιζομένοις ἐν τῷ λέγειν τὸν υἱὸν τοῦ θεοῦ εἶναι αὐτολόγον, καὶ οἴεταί γε κρατύνειν τὸ ἔγκλημα, ἐπεὶ λόγον ἐπαγγελλόμενοι υἱὸν εἶναι τοῦ θεοῦ","31. After this he charges Christians with sophistical reasoning in saying that the Son of God is the Word itself, and he thinks he strengthens the charge because, while we profess "
bf25a89c-bdc1-4be1-b2f2-b803d8dc0396,sc132_origenes_contra_celsum_ii_par32_en,sc132_origenes_contra_celsum_ii_par32,CC II 32 (English),CC II 32,1,0.71,"32. Προείρηται δ' ἡμῖν ὅτι οὔτ' ἀλαζὼν οὔτε γόης δύναται εἶναι ὁ Ἰησοῦς · διὸ οὐκ ἀναγκαῖον ἐπαναλαμβάνειν τὰ εἰρημένα, ἵνα μὴ πρὸς τὰς ταυτολογίας Κέλσου καὶ ἡμεῖς ταυτολογῶμεν. Ἐ","32. We have already stated that Jesus cannot be a braggart or a sorcerer; therefore it is not necessary to repeat what was said, lest we too respond to Celsus's repetitions with re"
6fbe1b8d-55cd-442e-98d3-b0b4e8dad166,sc132_origenes_contra_celsum_ii_par20_b_en,sc132_origenes_contra_celsum_ii_par20_b,CC II 20_b (English),CC II 20_b,1,0.52,"Ἀλλὰ καὶ ὁ ἀργὸς καλούμενος λόγος, σόφισμα ὤν, τοιοῦτός ἐστι λεγόμενος ἐπὶ ὑποθέσεως πρὸς τὸν νοσοῦντα καὶ ὡς σόφισμα ἀποτρέπων αὐτὸν χρῆσθαι τῷ ἰατρῷ πρὸς ὑγίειαν, καὶ ἔχει γε οὕτ","Moreover, the so-called 'Idle Argument,' which is a sophism, runs as follows when proposed to a sick man and, as a sophism, dissuades him from using a physician for his recovery: t"
0b8fa3f0-cb31-4c79-a9bf-1bc0e49f1f1f,sc132_origenes_contra_celsum_ii_par33_en,sc132_origenes_contra_celsum_ii_par33,CC II 33 (English),CC II 33,1,0.62,"33. Τί δέ, φησί, καὶ γενναῖον ἔδρασεν οἷον θεός, καταφρο-νῶν ἀνθρώπων καὶ διαγελῶν καὶ παίζων τὸ συμβαῖνον ὁ Ἰησοῦς ; Πυνθανομένῳ δὴ αὐτῷ πόθεν ἂν ἀποκρινοίμεθα, κἂν ἔχωμεν παριστά","33. 'What noble deed, then,' he says, 'did Jesus do as one befitting a god, scorning men and laughing and making sport of what happened to him?' In answer to one who asks this, we "
8df23d1b-0c44-44f6-9d77-f84381422b66,sc132_origenes_contra_celsum_ii_par34_en,sc132_origenes_contra_celsum_ii_par34,CC II 34 (English),CC II 34,1,0.64,"34. Παίζων δ' ὡς οἴεται τὸν Ἰησοῦν ὁ παρὰ τῷ Κέλσῳ Ἰουδαῖος εἰδέναι ἀναγέγραπται τὸν Εὐριπίδου Βάκχον λέγοντα · Λύσει μ' ὁ δαίμων αὐτός, ὅταν ἐγὼ θέλω. Οὐ πάνυ μὲν οὖν Ἰουδαῖοι τὰ ","34. The Jew in Celsus, playing the part of someone who knows about Jesus mocking — as he supposes — records the Bacchus of Euripides saying: 'The god himself will release me, whene"
297a81b0-8e7c-4498-a899-01afdab17c4b,sc132_origenes_contra_celsum_ii_par24_en,sc132_origenes_contra_celsum_ii_par24,CC II 24 (English),CC II 24,1,0.68,24. Ἑξῆς δὲ τούτοις θέλων παραστῆσαι ὅτι ἀλγεινὰ καὶ ἀνιαρὰ ἦν τὰ συμβάντα αὐτῷ καὶ ὅτι οὐχ οἷόν τε ἦν βουλη-θέντα αὐτὸν ποιῆσαι εἶναι αὐτὰ μὴ τοιαῦτα λέγει · Τί οὖν ποτνιᾶται καὶ ,"24. Following on this, Celsus, wishing to show that what happened to Jesus was painful and distressing and that being willing could not have made it otherwise, says: 'Why then does"
f239a2ad-3b84-4098-964d-07cd7d002690,sc132_origenes_contra_celsum_ii_par37_en,sc132_origenes_contra_celsum_ii_par37,CC II 37 (English),CC II 37,1,0.66,"37. Μετὰ ταῦθ' ὁ ἀπὸ τοῦ εὐαγγελίου ἐκλαβὼν λέξεις, ὧν κατηγορεῖν νομίζει, τὸ ὄξος καὶ τὴν χολὴν ὀνειδίζει τῷ Ἰησοῦ ὡς χανδὸν ἐπὶ τὸ πιεῖν ὡρμημένῳ καὶ μὴ διακαρ-τερήσαντι τὴν δίψα","37. After this, Celsus, taking phrases from the Gospel which he thinks provide material for accusation, reproaches Jesus with the vinegar and gall, as though Jesus had rushed eager"
c6bb764e-3514-401f-bf98-7057b18a6381,sc132_origenes_contra_celsum_ii_par26_en,sc132_origenes_contra_celsum_ii_par26,CC II 26 (English),CC II 26,1,0.54,"26. Ἔτι δὲ λέγει ὁ παρὰ τῷ Κέλσῳ Ἰουδαῖος πρὸς τοὺς Ἰησοῦ μαθητὰς ὡς πλασαμένους ταῦτα, ὅτι οὐδὲ ψευδόμενοι τὰ πλάσματα ὑμῶν πιθανῶς ἐπικαλύψαι ἠδυνήθητε. Καὶ πρὸς τόδε λελέξεται ὅ","26. Still further, the Jew in Celsus says to the disciples of Jesus, as fabricators of these things: 'Not even by lying were you able to conceal your fabrications plausibly.' In re"
0a1d6fef-58fb-4b42-9857-def20d15ce3f,sc132_origenes_contra_celsum_ii_par28_en,sc132_origenes_contra_celsum_ii_par28,CC II 28 (English),CC II 28,1,0.78,"28. Ἐπεὶ δὲ μετὰ ταῦτα καὶ τὸ προφήταις χρῆσθαι Χριστιανοὺς προκηρύξασι τὰ περὶ Ἰησοῦ ὀνειδίζει ὁ παρὰ τῷ Κέλσῳ Ἰουδαῖος, φήσομεν πρὸς τοῖς ἀνωτέρω εἰς τοῦτο λελεγμένοις καὶ ὅτι ἐχ","28. Since after this the Jew in Celsus reproaches Christians for making use of prophets who proclaimed in advance things concerning Jesus, we shall say, in addition to what has alr"
f00db326-7741-4b39-8bd0-470192da1305,sc132_origenes_contra_celsum_ii_par3_en,sc132_origenes_contra_celsum_ii_par3,CC II 3 (English),CC II 3,1,0.72,"3. Νῦν δὲ πρόκειται ἐλέγξαι τὴν τοῦ Κέλσου ἀμαθίαν, παρ' ᾧ ὁ Ἰουδαῖος λέγει τοῖς πολίταις καὶ Ἰσραηλίταις πιστεύσασιν ἐπὶ τὸν Ἰησοῦν τό · τί παθόντες κατελίπετε τὸν πάτριον νόμον ;","3. Now it is our task to expose the ignorance of Celsus, in whose work the Jew says to the Jewish fellow citizens and Israelites who have come to believe in Jesus: 'What has come o"
4fe68aed-73ab-46ab-b4df-bcc1673517ca,sc132_origenes_contra_celsum_ii_par16_a_en,sc132_origenes_contra_celsum_ii_par16_a,CC II 16_a (English),CC II 16_a,1,0.55,"[Ἐπεὶ δὲ τὸ περὶ τῆς ἀναστάσεως Ἰησοῦ Χριστοῦ χλευά-ζουσιν οἱ ἄπιστοι, παραθησόμεθα μὲν καὶ Πλάτωνα λέγοντα Ἦρα τὸν Ἀρμενίου μετὰ δώδεκα ἡμέρας ἐκ τῆς πυρᾶς ἐγηγέρθαι καὶ ἀπηγγελκέ","[Since unbelievers mock the resurrection of Jesus Christ, we shall cite even Plato, who says that Er, son of Armenius, rose from the funeral pyre after twelve days and reported wha"
1f1bed89-918b-432f-8ab2-dfdd10de8d60,sc132_origenes_contra_celsum_ii_par53_en,sc132_origenes_contra_celsum_ii_par53,CC II 53 (English),CC II 53,1,0.61,"53. Καὶ ὅλα δέ, ἅπερ ὁ παρὰ τῷ Κέλσῳ Ἰουδαῖος λέγει πρὸς τοὺς πιστεύοντας εἰς τὸν Ἰησοῦν, δύναται κοινοποιεῖσθαι εἰς τὴν Μωϋσέως κατηγορίαν · ὥστ' ἢ μηδὲν διαφέρειν ἢ παραπλήσιον ε","53. And everything that the Jew in Celsus says against those who believe in Jesus can equally be applied as a charge against Moses — so that it makes no difference, or else it amou"
e487ab76-833d-44b8-8b3e-003ce12607f9,sc132_origenes_contra_celsum_ii_par54_en,sc132_origenes_contra_celsum_ii_par54,CC II 54 (English),CC II 54,1,0.5,54. Μετὰ ταῦτά φησι πρὸς ἡμᾶς δῆθεν - ἵνα τηρήσω τὸ ἀπ' ἀρχῆς τῷ Ἰουδαίῳ προτεθέν - ὁ τοῦ Κέλσου Ἰουδαῖος ἐν τῷ πρὸς τοὺς πολίτας ἑαυτοῦ λόγῳ πιστεύσαντας · [ Τίνι οὖν προσήχθητε ἢ,"54. After this, speaking to us — as it were (to preserve the fiction introduced at the outset by the Jew) — the Jew of Celsus says in his speech to his own countrymen who have come"
f5f8ed24-a359-4866-901a-75d6b534f827,sc132_origenes_contra_celsum_ii_par55_a_en,sc132_origenes_contra_celsum_ii_par55_a,CC II 55_a (English),CC II 55_a,1,0.45,"Ἐπεὶ οὖν Ἰουδαῖός ἐστιν ὁ ταῦτα λέγων, ὡς πρὸς Ἰουδαῖον ἀπολογούμεθα περὶ τοῦ ἡμετέρου Ἰησοῦ, κοινοποιοῦντες ἔτι τὸν λόγον περὶ Μωϋσέως καὶ λέγοντες αὐτῷ · Πόσοι δ'ἄλλοι τοιαῦτα τε","Since then it is a Jew who says these things, we offer our defense concerning our Jesus as if speaking to a Jew, assimilating the argument further to the case of Moses and saying t"
527dcd7e-b7bd-4992-a46f-ef8214b695ef,sc132_origenes_contra_celsum_ii_par56_en,sc132_origenes_contra_celsum_ii_par56,CC II 56 (English),CC II 56,1,0.73,"56. Ἐπεὶ δὲ τὰς ἡρωϊκὰς ἱστορίας περὶ τῶν εἰς ᾅδου καταβεβηκέναι λεγομένων κἀκεῖθεν ἀνεληλυθέναι [τερατείας εἶναί φησιν ὁ παρὰ τῷ Κέλσῳ Ἰουδαῖος, ὡς τῶν ἡρώων ἀφανῶν ἐπί τινα γενομ",56. Since [the Jew in Celsus] declares that the heroic stories about those said to have descended to Hades and to have come back up from there [are mere wonders — as if heroes had 
076d5bef-8262-401a-8d63-2ee8dc626fce,sc132_origenes_contra_celsum_ii_par59_en,sc132_origenes_contra_celsum_ii_par59,CC II 59 (English),CC II 59,1,0.67,"59. Οἴεται δὲ τερατείαν εἶναι καὶ τὸν σεισμὸν καὶ τὸν σκότον · περὶ ὧν κατὰ τὸ δυνατὸν ἐν τοῖς ἀνωτέρω ἀπελογη-σάμεθα, παραθέμενοι τὸν Φλέγοντα ἱστορήσαντα κατὰ τὸν χρόνον τοῦ πάθο","59. He considers the earthquake and the darkness to be also a wonder-tale; for these we offered a defense, to the best of our ability, in the earlier sections, having cited Phlegon"
25931f25-42b1-45b9-8e04-80d2c2ed5343,sc132_origenes_contra_celsum_ii_par60_en,sc132_origenes_contra_celsum_ii_par60,CC II 60 (English),CC II 60,1,0.6,"60. Εἶτα [ὡς δυναμένου τούτου συμβῆναι], λέγω δὴ [τοῦ φαντασίαν τινὶ γίνεσθαι περὶ τοῦ τεθνηκότος ὡς ζῶντος, ἐπιφέρει] ὡς Ἐπικούρειος καὶ λέγει κατά τινα διάθεσιν ὀνειρώξαντά τινα ","60. Then, [as if this could happen] — I mean [a phantom of the deceased appearing to someone as if alive — he goes on], as an Epicurean, and says according to some disposition that"
fd3e172e-cee7-4901-933a-04c2e29e3ee8,sc132_origenes_contra_celsum_ii_par61_en,sc132_origenes_contra_celsum_ii_par61,CC II 61 (English),CC II 61,1,0.63,"61. [Ἦν οὖν καὶ ὁ Ἰησοῦς μετὰ θάνατον, ὡς μὲν ὁ Κέλσος οἴεται, φαντασίαν ἐξαποστέλλων τῶν ἐπὶ τῷ σταυρῷ τραυμάτων καὶ οὐκ ἀληθῶς τοιοῦτος ὢν τραυματίας · ὡς δὲ τὸ εὐαγγέλιον διδάσκ","61. [Jesus, therefore, after death was, as Celsus thinks, sending out a phantom impression of the wounds of the cross and not being truly such a wounded person; but according to th"
a77ca355-7cac-406c-b142-4debe619290c,sc132_origenes_contra_celsum_ii_par62_en,sc132_origenes_contra_celsum_ii_par62,CC II 62 (English),CC II 62,1,0.21,"62. Καὶ ἀκόλουθόν γε ἦν πᾶσι τοῖς τε προφητευθεῖσι περὶ αὐτοῦ, ἐν οἷς καὶ τοῦτο ἦν, καὶ τοῖς πραχθεῖσιν αὐτῷ καὶ τοῖς συμβεβηκόσι τοῦτο παρὰ πάντα παράδοξον γενέσθαι. Προελέλεκτο γ","62. And it was consistent with all the prophecies made concerning him, among which this too was included, and with the events of his life and with what had befallen him, that this "
e750bb66-0aee-434b-ba5e-978d301c42a0,sc132_origenes_contra_celsum_ii_par55_en,sc132_origenes_contra_celsum_ii_par55,CC II 55 (English),CC II 55,1,0.43,"55. Μετὰ ταῦτά φησιν ὁ Ἰουδαῖος πρὸς τοὺς ἑαυτοῦ πολίτας τῷ Ἰησοῦ πιστεύοντας · Φέρε δὴ καὶ πιστεύωμεν ὑμῖν τοῦτ' εἰρῆσθαι. [ Πόσοι δ' ἄλλοι τοιαῦτα τερατεύονται, πειθοῦς ἕνεκα ] τ","55. After this the Jew in Celsus says to his fellow countrymen who believe in Jesus: 'Come then, let us grant that you said these things.' [But how many others perform such wonders"
18eeb2dc-dd23-4b32-9f6b-cae28110bd66,sc132_origenes_contra_celsum_ii_par65_a_en,sc132_origenes_contra_celsum_ii_par65_a,CC II 65_a (English),CC II 65_a,1,0.21,"Χρήσιμον δ' οἶμαι πρὸς ἀπολογίαν τῶν προκειμένων ἐστὶ καὶ τὸ οὕτως εἰρημένον περὶ αὐτοῦ · « Εἰς τοῦτο γὰρ Χριστὸς ἀπέθανε καὶ ἀνέστη, ἵνα καὶ νεκρῶν καὶ ζώντων κυριεύσῃ. » Ὅρα γὰρ ","I think it is also useful for the defence of the matters before us that what is said concerning him is of this kind: 'For to this end Christ died and rose again, that he might be L"
5581814b-6019-4002-b7e4-6c10be7ef915,sc132_origenes_contra_celsum_ii_par63_en,sc132_origenes_contra_celsum_ii_par63,CC II 63 (English),CC II 63,1,0.27,"63. Μετὰ ταῦτα ὁ Κέλσος οὐκ εὐκαταφρονήτως τὰ γεγραμμένα κακολογῶν φησιν ὅτι ἐχρῆν, εἴπερ ὄντως θείαν δύναμιν ἐκφῆναι ἤθελεν ὁ Ἰησοῦς, αὐτοῖς τοῖς ἐπηρεά-σασι καὶ τῷ καταδικάσαντι ","63. After this Celsus, not without a certain plausibility, criticises what is written and says that if Jesus truly wished to display divine power, he ought to have appeared to thos"
63af3218-80b8-4e91-b498-8a2b2ec27f14,sc132_origenes_contra_celsum_ii_par64_en,sc132_origenes_contra_celsum_ii_par64,CC II 64 (English),CC II 64,1,0.22,"64. Ὁ Ἰησοῦς εἷς ὢν πλείονα τῇ ἐπινοίᾳ ἦν, καὶ τοῖς βλέπουσιν οὐχ ὁμοίως πᾶσιν ὁρώμενος. Καὶ ὅτι μὲν τῇ ἐπινοίᾳ πλείονα ἦν, καὶ σαφὲς ἐκ τοῦ « Ἐγώ εἰμι ἡ ὁδὸς καὶ ἡ ἀλήθεια καὶ ἡ ζ","64. Jesus, being one, was many in conception, and was not seen in the same way by all who looked upon him. That he was many in conception is clear from: 'I am the way and the truth"
2f6252ad-567a-447b-8182-22d731ac4be2,sc132_origenes_contra_celsum_ii_par69_a_en,sc132_origenes_contra_celsum_ii_par69_a,CC II 69_a (English),CC II 69_a,1,0.27,"Ἡμεῖς δὲ καὶ τὰ περὶ τῆς ταφῆς καὶ τοῦ μνημείου καὶ τοῦ θάψαντος ἀναγεγραμμένα εὐκαιρότερον διὰ πλειόνων ἐν ἄλλοις, ἔνθα προηγουμένως ἔστι περὶ τούτων λέγειν, διηγη-σόμεθα. Νυνὶ δ'","We shall explain the things written concerning the burial and the tomb and the one who buried him more opportunely and at greater length in other places, where it is appropriate to"
9f65d1c1-2d78-4407-bdc7-4128ec21ec16,sc132_origenes_contra_celsum_ii_par6_en,sc132_origenes_contra_celsum_ii_par6,CC II 6 (English),CC II 6,1,0.67,6. Ἔστω δὲ καὶ πάντα τὰ κατὰ Ἰουδαίους ἔθη μέχρι καὶ τῶν παρ' αὐτοῖς θυσιῶν πεποιηκέναι τὸν Ἰησοῦν · τί τοῦτο συμβάλλεται πρὸς τὸ μὴ δεῖν πιστεύειν αὐτῷ ὡς υἱῷ τοῦ θεοῦ ; Ἔστιν οὖν,"6. Suppose that Jesus performed all the Jewish customs, including even the sacrifices among them — what does this contribute to making one not believe in him as the Son of God? Jes"
a57ea07b-8989-4a7b-80d7-01158edd21dd,sc132_origenes_contra_celsum_ii_par70_en,sc132_origenes_contra_celsum_ii_par70,CC II 70 (English),CC II 70,1,0.22,"70. Πόθεν δὲ τῷ Κέλσου Ἰουδαίῳ λέλεκται ὅτι ἐκρύπτετο Ἰησοῦς ; Λέγει γὰρ περὶ αὐτοῦ · [ Τίς δὲ πώποτε πεμφθεὶς ἄγγελος, δέον ἀγγέλλειν τὰ κεκελευσμένα, κρύπτεται ; Οὐ γὰρ ἐκρύπτετο","70. From where did the Jew of Celsus derive the claim that Jesus was in hiding? For he says concerning him: 'What messenger ever sent on an errand, who ought to announce what has b"
64412619-7d7b-4246-ad77-cabed5e4314b,sc132_origenes_contra_celsum_ii_par71_en,sc132_origenes_contra_celsum_ii_par71,CC II 71 (English),CC II 71,1,0.46,"71. Ἐδίδαξε δὲ ἡμᾶς ὁ Ἰησοῦς καὶ ὅστις ἦν ὁ πέμψας ἐν τῷ « Οὐδεὶς ἔγνω τὸν πατέρα, εἰ μὴ ὁ υἱός », καὶ τῷ « Θεὸν οὐδεὶς ἑώρακε πώποτε · καὶ μονογενής γε ὢν θεός, ὁ ὢν εἰς τὸν κόλπο","71. Jesus taught us also who the one was who sent him, both in the saying 'No one knows the Father except the Son,' and in 'No one has seen God at any time; but the only-begotten G"
f854a563-57c8-47a1-8415-8f5af96a538e,sc132_origenes_contra_celsum_ii_par52_en,sc132_origenes_contra_celsum_ii_par52,CC II 52 (English),CC II 52,1,0.66,"52. Ἐπεὶ δ' Ἰουδαῖός ἐστιν ὁ παρὰ τῷ Κέλσῳ ταῦτα λέγων, εἴποιμεν ἂν πρὸς αὐτόν · σὺ δὲ δή, ὦ οὗτος, τί δή ποτε τὰ μὲν παρὰ σοὶ γεγραμμένα ὡς ὑπὸ τοῦ θεοῦ διὰ Μωϋσέως ἐπιτελεσθέντα ","52. Since it is a Jew who says these things in Celsus, we might say to him: 'But you, my friend, why do you believe that the things written among your people, accomplished as they "
843c4914-843a-4a5d-a268-563bada29cad,sc132_origenes_contra_celsum_ii_par73_en,sc132_origenes_contra_celsum_ii_par73,CC II 73 (English),CC II 73,1,0.43,73. Ἐκτίθεται δὲ μετὰ ταῦτα ὁ Κέλσου Ἰουδαῖος ὡς ἀκόλουθον τὸ μὴ ἀκόλουθον. Οὐ γὰρ ἀκολουθεῖ τῷ ἠθέλησεν ἡμᾶς δι' ὧν πέπονθε κολάσεων διδάξαι καὶ θανάτου κατα-φρονεῖν τὸ ἀναστάντα ,73. After this the Jew of Celsus presents as a logical consequence what is in fact no logical consequence. For it does not follow from 'he wished to teach us through the punishment
547ac89d-82b2-4271-b451-f42c4813faa5,sc132_origenes_contra_celsum_ii_par76_a_en,sc132_origenes_contra_celsum_ii_par76_a,CC II 76_a (English),CC II 76_a,1,0.13,"Ἔτι δὲ φήσαιμ' ἂν περὶ αὐτῶν τοῖς οἰομένοις τὸν παρὰ τῷ Κέλσῳ Ἰουδαῖον εὖ ταῦτα τῷ Ἰησοῦ ἐγκαλεῖν ὅτι ἀραὶ πλεῖσται ὅσαι ἀναγεγραμμέναι εἰσὶν ἐν Λευϊτικῷ καὶ Δευτερονομίῳ, περὶ ὧν ",Furthermore I would say to those who think that the Jew in Celsus rightly brings these charges against Jesus: there are very many curses recorded in Leviticus and Deuteronomy; and 
bccf4cf1-0766-47c3-a374-eafc38483f20,sc132_origenes_contra_celsum_ii_par76_en,sc132_origenes_contra_celsum_ii_par76,CC II 76 (English),CC II 76,1,0.68,"76. Οὐχ εὗρε δ' ὁ Κέλσος προσωποποιῶν τὸν Ἰουδαῖον τοιαῦτα αὐτῷ περιθεῖναι ἐν τῷ λόγῳ, ὁποῖα οὐκ ἂν αὐτῷ ἀπὸ τῶν νομίμων καὶ προφητικῶν προφέροιτο γραφῶν. Μέμφεται γὰρ τὸν Ἰησοῦν τ","76. Celsus, in composing the persona of the Jew, could not find things to attribute to him in this discourse such as could not be refuted from the legal and prophetic scriptures. F"
69f34a60-d80b-451f-8492-47b8794af401,sc132_origenes_contra_celsum_ii_par72_en,sc132_origenes_contra_celsum_ii_par72,CC II 72 (English),CC II 72,1,0.48,"72. Μετὰ ταῦτά φησιν · Εἰ μὲν ἐβούλετο λανθάνειν, τί ἠκούετο ἡ ἐξ οὐρανοῦ φωνὴ κηρύττουσα αὐτὸν υἱὸν θεοῦ ; Εἰ δ' οὐκ ἐβούλετο λανθάνειν, τί ἐκολάζετο ἢ τί ἀπέθνῃσκε ; Καὶ οἴεται ἐ","72. After this he says: 'If he wished to remain unrecognized, why was a voice from heaven heard proclaiming him Son of God? But if he did not wish to remain unrecognized, why was h"
9ac3c25b-b8d2-4ab9-b18b-b274de1d7dfe,sc132_origenes_contra_celsum_ii_par74_en,sc132_origenes_contra_celsum_ii_par74,CC II 74 (English),CC II 74,1,0.22,"74. Καὶ πᾶσί γε τούτοις ἐπιλέγει ὁ Κέλσου Ἰουδαῖος · Ταῦτα μὲν οὖν ὑμῖν ἐκ τῶν ὑμετέρων συγγραμμάτων, ἐφ'οἷς οὐδενὸς ἄλλου μάρτυρος χρῄζομεν · αὐτοὶ γὰρ ἑαυτοῖς περιπίπτετε. Ἠλέγξα","74. And to all these things the Jew of Celsus adds: 'These things then we take from your own writings, for which we need no other witness; for you yourselves contradict yourselves."
7697eb68-e6a8-4ae8-abeb-cf1c782557cc,sc132_origenes_contra_celsum_ii_par75_en,sc132_origenes_contra_celsum_ii_par75,CC II 75 (English),CC II 75,1,0.2,"75. Καὶ ἱκανά γε νομίζω ταῦτα εἶναι τῷ βουλομένῳ παραστῆσαι τὴν Ἰουδαίων πρὸς τὸν Ἰησοῦν ἀπιστίαν, ὅτι ἀκόλουθος ἦν αὕτη τοῖς ἐξ ἀρχῆς περὶ τοῦ λαοῦ ἀναγεγραμ-μένοις. Εἴποιμι γὰρ ἂ",75. And I consider these things sufficient for anyone wishing to demonstrate that the unbelief of the Jews toward Jesus was consistent with what had been written from the beginning
15b76ee3-da61-40cf-89ef-9ed515a3e407,sc132_origenes_contra_celsum_ii_par79_a_en,sc132_origenes_contra_celsum_ii_par79_a,CC II 79_a (English),CC II 79_a,1,0.19,"Ἡμεῖς οὖν οὐ παυσόμεθα πιστεύοντες τῷ θεῷ κατὰ τὰς Ἰησοῦ Χριστοῦ ὑποθήκας καὶ τοὺς τυφλώττοντας περὶ θεοσέβειαν ἐθέλοντες ἐπιστρέφειν, κἂν οἱ ἀληθῶς τυφλώτ-τοντες λοιδορῶνται ἡμῖν ","We therefore shall not cease from believing in God according to the teachings of Jesus Christ and wishing to turn those who are blind in matters of piety, even if those who are tru"
c367a484-8378-4e4c-bd65-876822471ca0,sc132_origenes_contra_celsum_ii_par36_en,sc132_origenes_contra_celsum_ii_par36,CC II 36 (English),CC II 36,1,0.65,"36. Εἶτά φησιν ὁ Κέλσος · Τί φησι καὶ ἀνασκολοπιζο-μένου τοῦ σώματος ; Ποῖος ἰχώρ, οἷός περ τε ῥέει μακάρεσσι θεοῖσιν ; Ἐκεῖνος μὲν οὖν παίζει, ἡμεῖς δ' ἀπὸ τῶν σπουδαίων εὐαγγελίω","36. Then Celsus says: 'What does he say when his body is on the cross? What divine blood, such as flows in the blessed gods?' He is joking; but we shall demonstrate from the seriou"
f0d932f1-5472-4774-9274-9bb966d76da7,sc132_origenes_contra_celsum_i_par55_en,sc132_origenes_contra_celsum_i_par55,CC I 55 (English),CC I 55,1,0.61,"55. Μέμνημαι δέ ποτε ἔν τινι πρὸς τοὺς λεγομένους παρὰ Ἰουδαίοις σοφοὺς ζητήσει ταῖς προφητείαις ταύταις χρησά-μενος, ἐφ' οἷς ἔλεγεν ὁ Ἰουδαῖος ταῦτα πεπροφητεῦσθαι ὡς περὶ ἑνὸς το","55. I recall once having made use of these prophecies in a disputation with those reputed to be wise among the Jews, whereupon the Jew said that these things had been prophesied ab"
137ab763-02d7-4644-afae-f48ce3419050,sc132_origenes_contra_celsum_ii_par7_en,sc132_origenes_contra_celsum_ii_par7,CC II 7 (English),CC II 7,1,0.59,"7. Δεικνύτωσαν δέ, ποῦ κἂν ἔμφασις λέξεως ἀπὸ ἀλαζο-νείας προφερομένης παρὰ τῷ Ἰησοῦ εὑρίσκεται. Πῶς γὰρ ἀλαξὼν ὁ λέγων · « Μάθετε ἀπ' ἐμοῦ ὅτι πρᾷός εἰμι καὶ ταπεινὸς τῇ καρδίᾳ, κ","7. Let them show where there is even the appearance of a word uttered with arrogance on the part of Jesus. For how is one arrogant who says: 'Learn from me, for I am meek and lowly"
30918e9e-994a-4707-9a5f-63259c22cd70,sc132_origenes_contra_celsum_ii_par8_a_en,sc132_origenes_contra_celsum_ii_par8_a,CC II 8_a (English),CC II 8_a,1,0.2,"Εἰ δὲ δεῖ προσθεῖναι καὶ ἄλλην αἰτίαν, φήσομεν ὅτι καὶ τοῦτ' αὐτὸ προεῖπον οἱ προφῆται. Σαφῶς γοῦν Ἡσαΐας λέγει · « Ἀκοῇ ἀκούσετε καὶ οὐ μὴ συνῆτε, καὶ βλέποντες βλέψετε καὶ οὐ μὴ ","And if it is necessary to add yet another reason, we shall say that this very thing was also foretold by the prophets. For Isaiah says plainly: 'Hearing ye shall hear, and shall no"
c1887d94-b2af-4031-b128-90819087a38e,sc132_origenes_contra_celsum_ii_par69_b_en,sc132_origenes_contra_celsum_ii_par69_b,CC II 69_b (English),CC II 69_b,1,0.6,"Τὰ μὲν οὖν τῆς διηγήσεως καὶ τῆς ἀπὸ τῶν γεγονέναι ἀναγεγραμμένων ἀναβάσεως ἐπὶ τὰ πράγματα, ὧν τὰ γενόμενα ἦν σημαντικά, καὶ μειζόνως ἄν τις καὶ θειοτέρως διηγήσαιτο, εὐκαιρότερον","The matters relating to the narrative and the ascent from recorded events to the realities of which those events were signs, could be treated more extensively and more divinely by "
41ac32c4-3e7f-4d90-b5cf-a331f1b7cf7a,sc132_origenes_contra_celsum_ii_par77_en,sc132_origenes_contra_celsum_ii_par77,CC II 77 (English),CC II 77,1,0.55,"77. Μετὰ ταῦτα ὁ Ἰουδαῖος αὐτῷ λέγει, δηλονότι κατὰ τὸ Ἰουδαίοις ἀρέσκον, ὅτι ἐλπίζομεν δή που ἀναστήσεσθαι ἐν σώματι καὶ βιοτὴν ἕξειν αἰώνιον, καὶ τούτου παράδειγμα καὶ ἀρχηγέτην ","77. After this the Jew says to him, expressing of course what is pleasing to Jews, that 'we certainly hope to be resurrected in the body and to have eternal life, and that the one "
e0e6b8d1-84f8-4b34-9adb-97e0057eefff,sc132_origenes_contra_celsum_ii_par9_a_en,sc132_origenes_contra_celsum_ii_par9_a,CC II 9_a (English),CC II 9_a,1,0.46,"Ἐγκαλοῦμεν οὖν Ἰουδαίοις τοῦτον μὴ νομίσασι θεόν, ὑπὸ τῶν προφητῶν πολλαχοῦ μεμαρτυρημένον ὡς μεγάλην ὄντα δύναμιν καὶ θεὸν κατὰ τὸν τῶν ὅλων θεὸν καὶ πατέρα. Τούτῳ γάρ φαμεν ἐν τῇ",We therefore charge the Jews with not having regarded as God one who was testified to in many places by the prophets as being a great power and God according to the God of all and 
4e8ed1c1-7024-44aa-af37-d12348baafd8,sc132_origenes_contra_celsum_ii_par8_en,sc132_origenes_contra_celsum_ii_par8,CC II 8 (English),CC II 8,1,0.19,"8. Φησὶ δὲ πολλοὺς ἂν καὶ ἄλλους φανῆναι τοιούτους τοῖς ἐξαπατᾶσθαι θέλουσιν, ὁποῖος ἦν ὁ Ἰησοῦς. Μὴ πολλοὺς οὖν ἀλλὰ μηδ' ὀλίγους ἀλλὰ κἂν ἕνα δεικνύτω ὁ παρὰ τῷ Κέλσῳ Ἰουδαῖος το","8. He says that many others of the same kind as Jesus would have appeared to those wishing to be deceived. Let the Jew of Celsus show, not many but even a few — or even one — such "
a5ffaab6-d8b5-425b-9463-14ed2235b2bb,sc132_origenes_contra_celsum_ii_par78_en,sc132_origenes_contra_celsum_ii_par78,CC II 78 (English),CC II 78,1,0.19,"78. Μετὰ ταῦτα λέγει ὁ Ἰουδαῖος · [ Ἢ ἐπὶ τοῦτο κατῆλθεν, ἵν' ἀπιστήσωμεν ;] Πρὸς ὃν λελέξεται · [οὐκ ἐπὶ τοῦτο μὲν ἦλθεν, ἵν' ἐργάσηται τὴν ἀπιστίαν Ἰουδαίοις, προγινώσκων δ' αὐτὴ","78. After this the Jew says: 'Or did he come down for this purpose, that we should disbelieve?' To whom one may say in reply: he did not come in order to produce unbelief among the"
7321b8da-2915-49d3-8e1d-d775fd4bc89c,sc132_origenes_contra_celsum_ii_par9_b_en,sc132_origenes_contra_celsum_ii_par9_b,CC II 9_b (English),CC II 9_b,1,0.6,Ταῦτα δέ φαμεν οὐ χωρίζοντες τὸν υἱὸν τοῦ θεοῦ ἀπὸ τοῦ Ἰησοῦ · ἓν γὰρ μάλιστα μετὰ τὴν οἰκονομίαν γεγένηται πρὸς τὸν λόγον τοῦ θεοῦ ἡ ψυχὴ καὶ τὸ σῶμα Ἰησοῦ. Εἰ γὰρ κατὰ τὴν Παύλου,"We say these things not separating the Son of God from Jesus; for the soul and body of Jesus have become one especially with the Word of God since the dispensation. For if, accordi"
5274a238-8a8c-42ab-8209-e43d951955f9,sc132_origenes_contra_celsum_praef_par1_en,sc132_origenes_contra_celsum_praef_par1,CC Praef. 1 (English),CC Praef. 1,1,0.61,"1. [Ὁ μὲν σωτὴρ καὶ κύριος ἡμῶν Ἰησοῦς Χριστὸς ψευδομαρτυρούμενος μὲν « ἐσιώπα » κατηγορούμενος δὲ « οὐδὲν ἀπεκρίνετο »], πειθόμενος πάντα τὸν βίον ἑαυτοῦ καὶ τὰς ἐν Ἰουδαίοις πράξ","1. Our Saviour and Lord Jesus Christ, when falsely accused, 'held his peace,' and when charged, 'answered nothing' — persuaded that his entire life and actions among the Jews were "
c8c1c519-c35d-43a0-a814-f049dad6c80b,sc132_origenes_contra_celsum_praef_par4_en,sc132_origenes_contra_celsum_praef_par4,CC Praef. 4 (English),CC Praef. 4,1,0.19,"4. Καὶ ἀληθῶς ἄξιον μὲν ἡμᾶς σεμνύνεσθαι ἐπὶ θλίψει μὴ χωριζούσῃ ἢ τοῖς ἑξῆς αὐτῇ κατειλεγμένοις, οὐχὶ δὲ Παῦλον καὶ τοὺς ἀποστόλους, καὶ εἴ τις ἐκείνοις γέγονε παραπλήσιος, διὰ τὸ","4. And truly it is right for us to boast in tribulation that does not separate us, or in the things listed after it — but not so for Paul and the apostles, and whoever has become s"
cc0076ab-aa0a-449f-b0a5-326596ddd464,sc132_origenes_contra_celsum_praef_par3_en,sc132_origenes_contra_celsum_praef_par3,CC Praef. 3 (English),CC Praef. 3,1,0.51,3. Τολμῶ μὲν οὖν καί φημι ὅτι ἣν ἀξιοῖς ποιήσασθαι ἡμᾶς ἀπολογίαν ὑπεκλύει τὴν ἐν τοῖς πράγμασιν ἀπολογίαν καὶ τὴν ἐπιφανῆ τοῖς οὐκ ἀναισθήτοις δύναμιν τοῦ Ἰησοῦ. Ὅμως δ' ἵνα μὴ δο,"3. I therefore venture to say that the defence which you think we ought to make undermines the defence that lies in the facts themselves, and the manifest power of Jesus that is vi"
7ab41af3-75b0-4b04-9aa5-8baed7b4c8fb,sc132_origenes_contra_celsum_praef_par5_en,sc132_origenes_contra_celsum_praef_par5,CC Praef. 5 (English),CC Praef. 5,1,0.56,"5. [Ὁ] μὲν οὖν [Παῦλος συνιδὼν ὅτι ἔστιν ἐν φιλοσοφίᾳ ἑλληνικῇ οὐκ εὐκαταφρόνητα] τοῖς πολλοῖς πιθανά, [παρισ-τάντα τὸ ψεῦδος ὡς ἀλήθειαν], φησὶν ἐπ' ἐκείνοις τό · [« Βλέπετε, μή τ","5. Now Paul, perceiving that in Greek philosophy there are things not to be lightly dismissed that are persuasive to many, presenting falsehood as truth, says concerning those thin"
9c232c60-1d9c-4655-b017-32c56323eedd,sc132_origenes_contra_celsum_ii_par9_en,sc132_origenes_contra_celsum_ii_par9,CC II 9 (English),CC II 9,1,0.21,"9. Μετὰ ταῦτά φησιν ὁ Ἰουδαῖος · Πῶς δ' ἐμέλλομεν τοῦτον νομίζειν θεόν, ὃς τά τε ἄλλα, ὥσπερ ἐπηκούετο, οὐδὲν ὧν ἐπηγγέλλετο ἐπεδείκνυτο, καὶ ἐπειδὴ ἡμεῖς ἐλέγξαντες αὐτὸν καὶ κατα","9. After this the Jew says: 'How were we to regard this man as a God, who, in other respects as was reported, performed none of the things he had promised, and who, when we had con"
cd72eb8e-23c2-4e6a-9354-2b5031bc2047,sc132_origenes_contra_celsum_praef_par2_en,sc132_origenes_contra_celsum_praef_par2,CC Praef. 2 (English),CC Praef. 2,1,0.73,"2. Καὶ γὰρ θαυμασμοῦ ἄξιον ἦν παρὰ τοῖς καὶ μετρίως φρονεῖν δυναμένοις τὸ τὸν κατηγορούμενον καὶ ψευδομαρ-τυρούμενον, δυνάμενον ἀπολογήσασθαι καὶ παραστῆσαι ἑαυτὸν οὐδενὶ ἔνοχον ἐγ",2. For it would have been worthy of admiration by those capable of moderate understanding that the accused and falsely charged person — who was able to offer a defence and to prese
2d65f364-d298-40b1-bd7f-d92cba9823e4,sc136_origenes_contra_celsum_iii_par14_en,sc136_origenes_contra_celsum_iii_par14,CC III 14 (English),CC III 14,1,0.58,"14. Μετὰ ταῦτά φησι · Θαυμασιώτερον μὴν τὸ σύνθημα αὐτῶν τοσῷδε, ὅσῳ γε μᾶλλον ἐξ οὐδεμιᾶς ὑποθέσεως ἀξιόχρεω συνεστὸς ἐλέγχοιτο. Ἀλλ' ἔστιν ἀξιόχρεως ὑπόθεσις ἡ στάσις καὶ ἡ δι' α","14. After this he says: 'Their agreement is all the more marvellous, insofar as it appears to have been formed on no worthy basis.' But there is a worthy basis — namely, the steadf"
ab7588c4-dbdc-4798-ab64-553d59717507,sc136_origenes_contra_celsum_iii_par10_en,sc136_origenes_contra_celsum_iii_par10,CC III 10 (English),CC III 10,1,0.36,"10. Ὅρα δὲ καὶ τί φησιν εἶναι τούτου τεκμήριον · ὅτι ἀρχόμενοι μέν, φησίν, ὀλίγοι τε ἦσαν καὶ ἓν ἐφρόνουν · εἰς πλῆθος δὲ σπαρέντες αὖθις αὖ τέμνονται καὶ σχίζονται καὶ στάσεις ἰδί","10. Consider also what he says is a proof of this: that 'at the beginning,' he says, 'they were few and of one mind; but when they had spread to a multitude they again split and di"
cccea9e7-9607-4311-b805-4d7141870257,sc136_origenes_contra_celsum_iii_par15_en,sc136_origenes_contra_celsum_iii_par15,CC III 15 (English),CC III 15,1,0.16,15. Ὅτι δὲ οὐδὲ τὸ <τῶν> ἔξωθεν δέος τὸ σύνθημα ἡμῶν διακρατεῖ δῆλον ἐκ τοῦ καὶ τοῦτο βουληθέντος θεοῦ πεπαῦσθαι ἤδη χρόνῳ πλείονι. Καὶ εἰκὸς παύσεσθαι τὸ ὡς πρὸς τὸν βίον τοῦτον τ,"15. That the fear of those without does not maintain our agreement is clear from the fact that God, having willed it, has already for a long time brought this persecution to an end"
1606e974-f680-4015-ae10-4ad3b4e94c3a,sc132_origenes_contra_celsum_praef_par6_en,sc132_origenes_contra_celsum_praef_par6,CC Praef. 6 (English),CC Praef. 6,1,0.72,6. [Τοῦτο δὲ τὸ προοίμιον μετὰ τὸ ὑπαγορεῦσαι πάντα] τὰ μέχρι τῆς παρὰ Κέλσῳ τοῦ Ἰουδαίου πρὸς τὸν Ἰησοῦν προσωποποιΐας [ἔδοξεν ἡμῖν προτάξαι τῆς ἀρχῆς] · ἵν'αὐτῷ προεντυγχάνῃ ὁ ἀν,6. This preface it seemed good to us to place at the beginning after having dictated everything up to the passage in Celsus where the Jew addresses Jesus in his persona — in order 
c7e13f2d-dc3c-4b79-bba1-94f44906a812,sc136_origenes_contra_celsum_iii_par16_en,sc136_origenes_contra_celsum_iii_par16,CC III 16 (English),CC III 16,1,0.7,"16. Ποῖα δὲ παντοδαπὰ ἐπισπώμεθα ἢ τίνα συμπλάσσομεν δείματα, ὡς ἀναποδείκτως γράφει ὁ Κέλσος, παραστησάτω ὁ βουλόμενος. Εἰ μὴ ἄρα τὴν περὶ δικαστοῦ θεοῦ καὶ δικα-ζομένων ἀνθρώπων ","16. What 'manifold terrors' do we attract, or what 'shapes of terror' do we fabricate, as Celsus writes without proof? Let whoever wishes demonstrate this. Unless indeed Celsus wis"
4692bffe-f5d5-4855-a5f3-3d74741f3fc0,sc136_origenes_contra_celsum_iii_par13_en,sc136_origenes_contra_celsum_iii_par13,CC III 13 (English),CC III 13,1,0.7,"13. Εἰ δὲ ταῦτ' ἔχει ἀκολουθίαν, πῶς οὐχὶ ὁμοίως ἀπολογησόμεθα καὶ περὶ τῶν ἐν Χριστιανοῖς αἱρέσεων ; Περὶ ὧν πάνυ θαυμασίως ὁ Παῦλος εἰρηκέναι μοι δοκεῖ τό · « Δεῖ γὰρ καὶ αἱρέσει","13. And if these things follow logically, why shall we not equally offer a defence for the heresies among Christians? Concerning which Paul seems to me to have spoken most admirabl"
e8121481-2081-410a-b006-e74b8d9b599d,sc132_origenes_contra_celsum_ii_par58_en,sc132_origenes_contra_celsum_ii_par58,CC II 58 (English),CC II 58,1,0.56,58. Ἐπεὶ δὲ μεθ' ἃς παρέθετο ὁ Ἰουδαῖος ἱστορίας ἑλληνικὰς περὶ τῶν ὡσανεὶ τερατευσαμένων καὶ περὶ τῶν ὡς ἀναστάντων ἐκ νεκρῶν φησι πρὸς τοὺς ἀπὸ Ἰουδαίων τῷ Ἰησοῦ πιστεύοντας · Ἢ ,"58. Since, after the Greek stories he cited about those who as it were performed wonders and about those who allegedly rose from the dead, the Jew in Celsus says to those from the "
fc237e9d-ab63-4f32-b1af-aed529d75ccb,sc132_origenes_contra_celsum_ii_par68_en,sc132_origenes_contra_celsum_ii_par68,CC II 68 (English),CC II 68,1,0.26,"68. Ἴδωμεν δὲ τίνα τρόπον φησὶν ὁ παρὰ τῷ Κέλσῳ Ἰουδαῖος ὅτι εἰ δ' οὖν τό γε τοσοῦτον [ ὤφειλεν εἰς ἐπίδειξιν ] θεότητος, [ ἀπὸ τοῦ σκόλοπος ] γοῦν εὐθὺς [ ἀφανὴς γενέσθαι.] Καὶ το","68. Let us see in what manner the Jew in Celsus says: 'If then he ought at least to that extent to have shown his divinity, he should at once from the cross have made himself invis"
92444d9f-9547-4d0f-8b0b-d107944934a3,sc136_origenes_contra_celsum_iii_par2_en,sc136_origenes_contra_celsum_iii_par2,CC III 2 (English),CC III 2,1,0.18,"2. Λεγέτωσαν δὴ ἡμῖν ὁ Κέλσος καὶ οἱ ἀρεσκόμενοι τοῖς καθ' ἡμῶν ὑπ' αὐτοῦ λεγομένοις, εἰ ὄνου σκιᾷ ἔοικε τὸ προειρηκέναι τοὺς Ἰουδαίων προφήτας τόπον γενέσεως τοῦ ἡγησομένου τῶν κα",2. Let Celsus and those who are pleased with what he says against us tell us whether the prophets of the Jews having foretold the place of birth of the one who would rule over thos
c464a864-ccd2-4245-a17a-7ca34685d8c3,sc136_origenes_contra_celsum_iii_par17_en,sc136_origenes_contra_celsum_iii_par17,CC III 17 (English),CC III 17,1,0.35,17. Παραβάλλειν δὲ τὰ τῆς πίστεως ἡμῶν τοῖς Αἰγυπτίων θέλει πράγμασι · Παρ' οἷς προσιόντι μέν ἐστι λαμπρὰ τεμένη καὶ ἄλση καὶ προπυλαίων μεγέθη τε καὶ κάλλη καὶ νεῲ θαυμάσιοι καὶ σ,"17. He wishes to compare the matters of our faith with those of the Egyptians: 'Among whom, when one approaches, there are splendid precincts and groves and great and beautiful gat"
5e0f8b7f-78ad-47d3-8789-581f22477edf,sc136_origenes_contra_celsum_iii_par1_en,sc136_origenes_contra_celsum_iii_par1,CC III 1 (English),CC III 1,1,0.66,"1. Ἐν μὲν τῷ πρώτῳ τῶν πρὸς τὴν ἀλαζόνα ἐπιγραφὴν Κέλσου, ἐπιγράψαντος ἀληθῆ λόγον τὸ καθ' ἡμῶν αὐτῷ συνταχθὲν βιβλίον, ὡς προσέταξας, κατὰ δύναμιν, πιστότατε Ἀμβρόσιε, διειλήφαμεν","1. In the first of our books against Celsus's work — bearing the arrogant title 'The True Word,' which he composed against us — we dealt, as you commanded, most faithful Ambrosius,"
8e9e6e46-80f1-485c-a766-a6775345eadf,sc132_origenes_contra_celsum_ii_par79_en,sc132_origenes_contra_celsum_ii_par79,CC II 79 (English),CC II 79,1,0.68,"79. Εἶτ' ἐπίλογος τοῦ Ἰουδαίου ἐπὶ τούτοις πᾶσί φησι περὶ τοῦ Ἰησοῦ · Ἐκεῖνος μὲν οὖν ἄνθρωπος ἦν, καὶ τοιοῦτος, οἷον αὐτὸ τὸ ἀληθὲς ἐμφανίζει καὶ ὁ λόγος δείκνυσιν. Οὐκ οἶδα δὲ εἰ","79. Then the Jew's epilogue upon all these things says concerning Jesus: 'He then was a man, and such a man as the very truth reveals and reason demonstrates.' But I do not know wh"
830457d4-1979-4c2e-add3-e067ce5f80df,sc136_origenes_contra_celsum_iii_par11_en,sc136_origenes_contra_celsum_iii_par11,CC III 11 (English),CC III 11,1,0.67,"11. Φησὶ δὲ καὶ ὅτι ἓν ἐφρόνουν πάντες, οὐδ' ἐν τούτῳ ὁρῶν ὅτι ἀρχῆθεν περὶ τὴν ἐν τοῖς πεπιστευμένοις θείοις εἶναι βιβλίοις ἐκδοχὴν γεγόνασι διαφωνίαι τῶν πιστευόντων. Ἔτι γοῦν τῶ","11. He also says that they all 'were of one mind,' not seeing even in this that from the very beginning there were disagreements among believers concerning the interpretation of th"
d90efc3a-f861-442e-86bd-12e7a1a8b54c,sc136_origenes_contra_celsum_iii_par12_en,sc136_origenes_contra_celsum_iii_par12,CC III 12 (English),CC III 12,1,0.7,12. {Εἶτ' ἐπεὶ ὡς κατηγορῶν τοῦ λόγου τὰ περὶ τῶν ἐν χριστιανισμῷ αἱρέσεων ὀνειδίζει ἡμῖν λέγων · εἰς πλῆθος δὲ σπαρέντες αὖθις αὖ σχίζονται καὶ τέμνονται καὶ στάσεις ἰδίας ἔχειν ἕ,"12. Then since he reproaches us as one attacking the faith, concerning the sects in Christianity, saying: 'When they have spread to a multitude they again split and divide and each"
8c16e1fa-12f5-4c8b-996b-a23b651c4740,sc136_origenes_contra_celsum_iv_par12_en,sc136_origenes_contra_celsum_iv_par12,CC IV 12 (English),CC IV 12,1,0.62,"12. Πότερον μὲν οὖν εἰσι περίοδοι καὶ κατὰ περιόδους κατακλυσμοὶ ἢ ἐκπυρώσεις, ἢ μὴ εἰσί, καὶ εἰ ἐπισταται καὶ ταῦθ' ὁ λόγος, ἐν πολλοῖς μὲν καὶ ἐν οἷς δὲ Σολομών φησι · « Τί τὸ γε","12. Whether there are cycles and according to cycles floods and conflagrations, or whether there are not — and whether the Word has a grasp of these things too, in many places incl"
d31f1be4-0a8d-456a-956a-fe2218b7218c,sc136_origenes_contra_celsum_iv_par14_en,sc136_origenes_contra_celsum_iv_par14,CC IV 14 (English),CC IV 14,1,0.44,"14. Ἴδωμεν δὲ καὶ ἅπερ ἑξῆς φησιν ὁ Κέλσος μετὰ μεγάλης ἐπαγγελίας τοῦτον τὸν τρόπον · Ἔτι δέ, φησίν, ἄνωθεν πλείοσιν ἀποδείξεσιν ἀναλάβωμεν τὸν λόγον. Λέγω δὲ οὐδὲν καινὸν ἀλλὰ πά","14. Let us also see what Celsus says next, with great pretension, after this manner: 'Come then,' he says, 'let us take up the argument again from above with more ample demonstrati"
4034c06f-c796-4571-8db1-fd3a9941ae41,sc136_origenes_contra_celsum_iv_par15_en,sc136_origenes_contra_celsum_iv_par15,CC IV 15 (English),CC IV 15,1,0.61,"15. Τὸ δὲ καταβεβηκὸς εἰς ἀνθρώπους « ἐν μορφῇ θεοῦ » ὑπῆρχε καὶ διὰ φιλανθρωπίαν « ἑαυτὸν ἐκένωσεν », ἵνα χωρηθῆναι ὑπ' ἀνθρώπων δυνηθῇ. Οὐ δή που δ' ἐξ ἀγαθοῦ εἰς κακὸν γέγονεν α","15. But that which descended among men was 'in the form of God,' and 'emptied himself' out of love for humanity, that he might be capable of being received by human beings. It was "
000373d9-fad9-4904-a66b-8d20778028a4,sc136_origenes_contra_celsum_iv_par10_en,sc136_origenes_contra_celsum_iv_par10,CC IV 10 (English),CC IV 10,1,0.68,"10. Μετὰ ταῦτα πάλιν, ὡς σύνηθές ἐστιν αὐτῷ, μηδὲν κατασκευάσας μηδ' ἀποδείξας ὁ Κέλσος, ὡσπερεὶ οὐχ ὁσίως ἡμῶν οὐδ' εὐαγῶς περὶ τοῦ θεοῦ θρυλούντων, φησίν · Ὅτι μὲν οὖν οὐχ ὁσίως ","10. After this, Celsus, as is his habit, having established and proved nothing, says as if we were speaking impiously and irreverently about God: 'It is evident, then, that they do"
6d97274f-a0bd-4f42-b184-f7992e6c2c39,sc136_origenes_contra_celsum_iv_par18_en,sc136_origenes_contra_celsum_iv_par18,CC IV 18 (English),CC IV 18,1,0.67,"18. Προσδιατρίβων δ' ὁ Κέλσος οἷς οὐ νενόηκεν αἴτιος ἡμῖν γίνεται ταυτολογίας, οὐ βουλομένοις κἂν τῷ δοκεῖν ἀβασάνιστον τῶν ὑπ' αὐτοῦ λελεγμένων τι καταλελοιπέναι. Φησὶν οὖν ἑξῆς ὅ","18. Since Celsus dwells upon things he has not understood, he becomes the cause of our repetition, as we do not wish even in appearance to have left anything he has said unexamined"
d184258d-bebf-47f6-9aab-7c9c15f4d066,sc136_origenes_contra_celsum_iv_par11_en,sc136_origenes_contra_celsum_iv_par11,CC IV 11 (English),CC IV 11,1,0.2,"11. Μετὰ ταῦτα βουλόμενος ἡμᾶς παραδεῖξαι μηδὲν παράδοξον μηδὲ καινὸν λέγειν περὶ κατακλυσμοῦ ἢ ἐκπυ-ρώσεως, ἀλλὰ καὶ παρακούσαντας τῶν παρ' Ἕλλησιν ἢ βαρβάροις περὶ τούτων λεγομέν","11. After this, wishing to show that we say nothing paradoxical or new concerning the flood or conflagration, but that we have misheard what is said among the Greeks or barbarians "
46626a75-2386-4812-bde3-637f1c121e19,sc136_origenes_contra_celsum_iv_par19_en,sc136_origenes_contra_celsum_iv_par19,CC IV 19 (English),CC IV 19,1,0.31,"19. Ἄλλοι μὲν οὖν διδότωσαν τῷ Κέλσῳ ὅτι οὐ μεταβάλλει μέν, ποιεῖ δὲ τοὺς ὁρῶντας δοκεῖν αὐτὸν μεταβεβληκέναι · ἡμεῖς δὲ πειθόμενοι οὐ δόκησιν ἀλλ' ἀλήθειαν εἶναι καὶ ἐνάργειαν κατ","19. Let others concede to Celsus that he does not himself change but causes those who see him to think he has changed; but we, persuaded that the coming of Jesus among men was not "
e403c8ad-4460-4bc9-9231-b2bff3366c7a,sc136_origenes_contra_celsum_iv_par18_a_en,sc136_origenes_contra_celsum_iv_par18_a,CC IV 18_a (English),CC IV 18_a,1,0.58,"Εἰ δ' ἐπὶ τῆς Ἰησοῦ ψυχῆς λαμβάνει τις τὴν μεταβολήν, αὐτῆς εἰς σῶμα ἐλθούσης, πευσόμεθα, πῶς λέγει μεταβολήν. Εἰ μὲν γὰρ τῆς οὐσίας, οὐ δίδοται οὐ μόνον ἐπ' ἐκείνης ἀλλ' οὐδὲ περὶ","But if one understands the change as applying to the soul of Jesus, having itself come into a body, we shall inquire how he means 'change.' If it is a change of substance, this is "
d98395e4-ff1a-4b9a-9c1b-ca6cc6127e3f,sc136_origenes_contra_celsum_iv_par1_en,sc136_origenes_contra_celsum_iv_par1,CC IV 1 (English),CC IV 1,1,0.64,"1. Ἐν τρισὶ τοῖς πρὸ τούτων διεξελθόντες βιβλίοις τὰ πρὸς τὸ Κέλσου σύγγραμμα νοηθέντα ἡμῖν, ἱερὲ Ἀμβρόσιε, τέταρτον πρὸς τὰ ἑξῆς εὐξάμενοι διὰ Χριστοῦ τῷ θεῷ ὑπαγορεύομεν. Δοθεῖεν","1. Having gone through in the three preceding books what seemed to us appropriate in response to Celsus's work, O holy Ambrosius, we dictate a fourth book covering what follows, af"
2f8d3300-26d0-4c02-80d1-800145446a09,sc136_origenes_contra_celsum_iv_par21_en,sc136_origenes_contra_celsum_iv_par21,CC IV 21 (English),CC IV 21,1,0.66,"21. Οὐκ οἶδα δ' ὅπως παραπλησίως τῷ κατακλυσμῷ καθήραντι τὴν γῆν, ὡς ὁ Ἰουδαίων καὶ Χριστιανῶν βούλεται λόγος, οἴεται καὶ τὴν τοῦ πύργου κατάρριψιν γεγονέναι. Ἵνα γὰρ μηδὲν αἰνίσση","21. I do not know how Celsus thinks the destruction of the tower occurred in a way analogous to the flood that purified the earth, as the account of the Jews and Christians intends"
6329a6de-d856-4aad-a8e7-7d0f9aa57959,sc136_origenes_contra_celsum_iv_par22_en,sc136_origenes_contra_celsum_iv_par22,CC IV 22 (English),CC IV 22,1,0.66,"22. Καὶ Χριστιανοὶ δὲ κατὰ τὸν Κέλσον προστιθέντες τινὰς λόγους τοῖς ὑπὸ Ἰουδαίων λεγομένοις φασὶ διὰ τὰς τῶν Ἰουδαίων ἁμαρτίας ἤδη πεπέμφθαι τὸν υἱὸν τοῦ θεοῦ, καὶ ὅτι Ἰουδαῖοι κο","22. And the Christians, according to Celsus, adding certain arguments to what is said by the Jews, claim that the Son of God has already been sent because of the sins of the Jews, "
53e320b4-bc20-4c81-8248-fc797e1ce8f1,sc136_origenes_contra_celsum_iv_par23_en,sc136_origenes_contra_celsum_iv_par23,CC IV 23 (English),CC IV 23,1,0.24,23. Μετὰ ταῦτα συνήθως ἑαυτῷ γελῶν τὸ Ἰουδαίων καὶ Χριστιανῶν γένος πάντας παραβέβληκε νυκτερίδων ὁρμαθῷ ἢ μύρμηξιν ἐκ καλιᾶς προελθοῦσιν ἢ βατράχοις περὶ τέλμα συνεδρεύουσιν ἢ σκώ,"23. After this, in his customary manner of mockery, Celsus has compared the entire race of Jews and Christians to a swarm of bats, or to ants coming out of a nest, or to frogs sitt"
4c94a1d7-f2f9-4af4-a14c-b5e1422eb9c8,sc136_origenes_contra_celsum_iv_par24_en,sc136_origenes_contra_celsum_iv_par24,CC IV 24 (English),CC IV 24,1,0.58,24. Πρὸς ταῦτα δὴ πυνθανόμεθα τῶν ἀποδεχομένων τὰ οὕτω καθ' ἡμῶν εἰρημένα καί φαμεν · ἆρα πάντας ἀνθρώ-πους ὁρμαθὸν εἶναι νυκτερίδων ἢ μύρμηκας ἢ βατράχους ἢ σκώληκας ὑπολαμβάνετε ,24. In response to these things we inquire of those who accept what has been said in this manner against us and say: do you consider all human beings to be a swarm of bats or ants 
7e5b355d-d7ef-4c0c-b879-2e2e298dd0bc,sc136_origenes_contra_celsum_iv_par21_a_en,sc136_origenes_contra_celsum_iv_par21_a,CC IV 21_a (English),CC IV 21_a,1,0.56,"Καὶ τὰ περὶ Σοδόμων δὲ καὶ Γομόρρων ὑπὸ Μωϋσέως ἱστορούμενα ἐν τῇ Γενέσει, ὡς διὰ τὴν ἁμαρτίαν πυρὶ ἐξαφανισθέντων, παραβάλλει ὁ Κέλσος τῇ κατὰ τὸν Φαέθοντα ἱστορίᾳ, ἑνὶ σφάλματι, ","And the story narrated by Moses in Genesis concerning Sodom and Gomorrah — that they were destroyed by fire on account of their sin — Celsus compares to the story of Phaethon, with"
d3f3a0e9-493e-4984-b80c-3c042c2332d5,sc136_origenes_contra_celsum_iv_par13_en,sc136_origenes_contra_celsum_iv_par13,CC IV 13 (English),CC IV 13,1,0.26,"13. Ἐπεὶ δὲ χλευάζων ὁ Κέλσος φησὶν ἡμᾶς λέγειν τὸν θεὸν δίκην βασανιστοῦ πῦρ φέροντα καταβαίνειν καὶ ἀναγκάζει ἡμᾶς οὐ κατὰ καιρὸν βαθυτέρους ἐξετάζειν λόγους, ὀλίγα εἰπόντες, ὅσο","13. Since Celsus mockingly says we speak of God descending like a torturer carrying fire, and forces us to examine deeper arguments out of season, we shall say a few things, just e"
cd8ad545-46aa-4f6e-a384-87bd01ff5ff9,sc136_origenes_contra_celsum_iv_par27_en,sc136_origenes_contra_celsum_iv_par27,CC IV 27 (English),CC IV 27,1,0.2,"27. Καὶ οὔπω λέγω τὰ λοιπὰ ἐν ἀνθρώποις κακά, ὧν οὐ ταχέως οὐδ' οἱ φιλοσοφεῖν δοκοῦντες καθαρεύουσι - πολλοὶ γὰρ καὶ οἱ ἐν φιλοσοφίᾳ νόθοι - οὐδέ φημι πὼ ὅτι πολλὰ μέν ἐστι τὰ τοια","27. And I have not yet spoken of the other evils among humans, from which not even those who seem to philosophize quickly free themselves — for many are counterfeit in philosophy —"
7af289ec-e9e0-428a-8a2a-62237db063dd,sc136_origenes_contra_celsum_iv_par26_a_en,sc136_origenes_contra_celsum_iv_par26_a,CC IV 26_a (English),CC IV 26_a,1,0.15,"Εἰ μὴ ἄρα ἡ τηλικαύτη εὐσέβεια, οὔθ' ὑπὸ πόνων οὔθ'ὑπὸ κινδύνου θανάτου οὔθ' ὑπὸ λογικῶν πιθανοτήτων νικωμένη, οὐδὲν βοηθεῖ τοῖς ἀνειληφόσιν αὐτὴν πρὸς τὸ μηκέτι αὐτοὺς παραβάλλεσθ","Unless so great a piety, conquered neither by labours nor by the danger of death nor by rational plausibilities, benefits in nothing those who have embraced it toward no longer bei"
ae41772c-fb5e-453f-b9d1-42f39c25c0e1,sc136_origenes_contra_celsum_iv_par29_en,sc136_origenes_contra_celsum_iv_par29,CC IV 29 (English),CC IV 29,1,0.66,"29. Τάχα δέ τινων παρήκουσεν ὁ Κέλσος ὅτι ὁ θεός ἐστιν, εἶτα μετ' ἐκεῖνον ἡμεῖς, οὓς ὠνόμασε σκώληκας. Καὶ ὅμοιον ποιεῖ τοῖς ὅλῃ αἱρέσει φιλοσοφίας ἐγκαλοῦσι διά τινα λεγόμενα ὑπὸ ","29. Perhaps Celsus has misheard some saying that God is first, and then after him we are, those whom he named worms. And he does the same as those who accuse an entire school of ph"
07c18377-bb7e-499d-a474-fed365b17304,sc136_origenes_contra_celsum_iv_par20_en,sc136_origenes_contra_celsum_iv_par20,CC IV 20 (English),CC IV 20,1,0.59,20. Εἶτ' ἐπεὶ προσωποποιεῖ ἰδίᾳ μὲν Ἰουδαίους αἰτιολο-γοῦντας τὴν κατ' αὐτοὺς μέλλουσαν Χριστοῦ ἐπιδημίαν ἰδίᾳ δὲ Χριστιανοὺς λέγοντας περὶ τῆς ἤδη γεγενημένης ἐπιδημίας εἰς τὸν βί,"20. Then since he introduces separately the Jews giving their reasons for the coming of Christ expected by them, and separately the Christians speaking of the coming into human lif"
d558a67c-b7f2-4013-8e4d-d36ec59dcd61,sc136_origenes_contra_celsum_iv_par30_c_en,sc136_origenes_contra_celsum_iv_par30_c,CC IV 30_c (English),CC IV 30_c,1,0.44,Καὶ ἐπιλέγει πᾶσι τούτοις ἀνεκτὰ εἶναι μᾶλλον ταῦτα ὑπὸ σκωλήκων καὶ βατράχων λεγόμενα ἢ ὑπὸ Ἰουδαίων καὶ Χριστιανῶν πρὸς ἀλλήλους διαφερομένων ἀπαγγελλόμενα. Ἀλλ' οὐ μιμησόμεθά γε,And he adds to all these things that such words are more tolerable when spoken by worms and frogs than when proclaimed by Jews and Christians arguing against one another. But we sh
63f8cf78-240a-4ca5-8c4d-765c2c3cfb21,sc136_origenes_contra_celsum_iv_par30_en,sc136_origenes_contra_celsum_iv_par30,CC IV 30 (English),CC IV 30,1,0.87,30. Δοκεῖ δέ μοι παρακηκοέναι ὁ Κέλσος καὶ τοῦ « Ποιή-σωμεν ἄνθρωπον κατ' εἰκόνα καὶ ὁμοίωσιν ἡμετέραν » καὶ παρὰ τοῦτο πεποιηκέναι τοὺς σκώληκας λέγοντας ὅτι ὑπὸ τοῦ θεοῦ γεγονότε,"30. It seems to me that Celsus has also misheard the passage 'Let us make man in our image and likeness,' and on this account has made the worms say that 'having been made by God w"
ad5db623-54dc-484c-bd2f-048f070813d2,sc136_origenes_contra_celsum_iv_par32_en,sc136_origenes_contra_celsum_iv_par32,CC IV 32 (English),CC IV 32,1,0.67,"32. Ἀλλ' ἐπεὶ οὐδὲν βέβαιον ἐν ἀνθρωπίνῃ φύσει, ἐχρῆν κἀκείνην τὴν πολιτείαν κατὰ βραχὺ καταφθειρομένην ἐκδιαι-τηθῆναι. Ἡ πρόνοια δὲ τὸ σεμνὸν τοῦ λόγου αὐτῶν ἁρμο-ζόντως τοῖς παντ","32. But since nothing is permanent in human nature, it was necessary that that polity too, being gradually corrupted, should deteriorate. But Providence, having transformed the nob"
30b7e787-1e45-4342-835f-8aab5bb07816,sc136_origenes_contra_celsum_iv_par28_en,sc136_origenes_contra_celsum_iv_par28,CC IV 28 (English),CC IV 28,1,0.48,28. Ἐπεὶ δὲ πεποίηκεν οὓς ἡγεῖται σκώληκας Χριστιανοὺς λέγοντας ὅτι τὴν οὐράνιον φορὰν ἀπολιπὼν ὁ θεὸς καὶ τὴν τοσαύτην γῆν παριδὼν ἡμῖν μόνοις πολιτεύεται καὶ πρὸς ἡμᾶς ἐπικηρυκεύ,"28. Since Celsus has introduced those whom he considers worms — the Christians — as saying that God, having abandoned the heavenly motion and the vast earth and governing us alone,"
23b205f4-0f11-4c6d-a280-c2fcd30a5de7,sc136_origenes_contra_celsum_iv_par31_a_en,sc136_origenes_contra_celsum_iv_par31_a,CC IV 31_a (English),CC IV 31_a,1,0.68,"Οἵα δὲ πολιτεία ἦν ὅλου ἔθνους, παρ' ᾧ οὐδὲ φαίνεσθαι θηλυδρίαν οἷόν τ' ἦν. Θαυμαστὸν δὲ καὶ τὸ τὰ τῶν νέων ὑπεκκαύματα, τὰς ἑταίρας, ἀναιρεῖσθαι ἀπὸ τῆς πολιτείας αὐτῶν. Ἦν δὲ καὶ",What a polity it was of an entire nation among whom it was not even possible for effeminate persons to be seen. And marvellous too was the removal from their commonwealth of the in
e2d12415-ebdc-4d09-a47a-80b020d0b4cc,sc136_origenes_contra_celsum_iv_par31_en,sc136_origenes_contra_celsum_iv_par31,CC IV 31 (English),CC IV 31,1,0.55,"31. Μετὰ ταῦτα βουλόμενος κατασκευάζειν ὅτι μηδὲν τῶν προειρημένων παρ' αὐτῷ ζῴων διαφέρουσιν Ἰουδαῖοι καὶ Χριστιανοί φησιν Ἰουδαίους ἀπ' Αἰγύπτου δραπέτας γεγο-νέναι, μηδὲν πώποτε","31. After this, wishing to establish that Jews and Christians are no different from the animals mentioned above, he says that the Jews are runaway slaves from Egypt who never accom"
48c72310-7a82-4937-bb14-ee925362ce29,sc136_origenes_contra_celsum_iv_par34_en,sc136_origenes_contra_celsum_iv_par34,CC IV 34 (English),CC IV 34,1,0.4,"34. Πυνθανόμεθα γὰρ ἁπάντων τῶν χρωμένων ταῖς τοιαύταις τοῦ θεοῦ κατακλήσεσιν · εἴπατε ἡμῖν, ὦ οὗτοι, τίς ὁ Ἀβραὰμ καὶ πηλίκος ὁ Ἰσαὰκ καὶ ποίας δυνάμεως γέγονεν ὁ Ἰακώβ, ὡς τὴν θε","34. For we inquire of all those who use such invocations of God: tell us, you there — who is Abraham and how great is Isaac and of what power has Jacob been, that the appellation '"
cf71f84c-9bf4-4d56-8db3-d0d3023fe121,sc136_origenes_contra_celsum_iv_par16_en,sc136_origenes_contra_celsum_iv_par16,CC IV 16 (English),CC IV 16,1,0.81,"16. Εἰσὶ γὰρ διάφοροι οἱονεὶ τοῦ λόγου μορφαί, καθὼς ἑκάστῳ τῶν εἰς ἐπιστήμην ἀγομένων φαίνεται ὁ λόγος, ἀνάλογον τῇ ἕξει τοῦ εἰσαγομένου ἢ ἐπ' ὀλίγον προκόπτοντος ἢ ἐπὶ πλεῖον ἢ κ","16. For there are, as it were, different forms of the Word, according to how the Word appears to each of those being led to knowledge, in proportion to the disposition of the learn"
8cbefe64-dd1e-45ae-a6a6-a4c31fece110,sc136_origenes_contra_celsum_iv_par33_en,sc136_origenes_contra_celsum_iv_par33,CC IV 33 (English),CC IV 33,1,0.63,"33. Ἑξῆς δὲ τούτοις ὁ Κέλσος ἐπιτρέχων τὰ ἀπὸ τῆς πρώτης βίβλου Μωϋσέως, ἥτις ἐπιγέγραπται Γένεσις, φησὶν ἀναισχύντως ἄρα ἐπεχείρησαν γενεαλογεῖν αὑτοὺς ἀπὸ πρώτης σπορᾶς γοήτων κα","33. Following upon these things, Celsus, rushing over the contents of the first book of Moses — which is entitled Genesis — says shamelessly that 'they have thereupon attempted to "
9799e569-7aca-4c48-a71c-7f6021212ccf,sc136_origenes_contra_celsum_iv_par38_b_en,sc136_origenes_contra_celsum_iv_par38_b,CC IV 38_b (English),CC IV 38_b,1,0.41,"Τὸν δὲ χολωσάμενος προσέφη νεφεληγερέτα Ζεύς · Ἰαπετιονίδη, πάντων πέρι μήδεα εἰδώς, χαίροις πῦρ κλέψας καὶ ἐμὰς φρένας ἠπεροπεύσας, σοί τ' αὐτῷ μέγα πῆμα καὶ ἀνδράσιν ἐσσομένοισι.","Then Zeus the cloud-gatherer, angered, addressed him: 'Son of Iapetus, knowing beyond all others, thou art glad that thou hast stolen fire and beguiled my mind — a great calamity b"
a24056a1-5640-4a88-a8a0-c0a3d48b4f66,sc136_origenes_contra_celsum_iv_par35_en,sc136_origenes_contra_celsum_iv_par35,CC IV 35 (English),CC IV 35,1,0.6,"35. Καὶ ὅρα ὁ ἐντυγχάνων τῇ Κέλσου γραφῇ εἰ μὴ ταῦτ'αἰνίττεται τὸ καὶ ἐπεχείρησαν γενεαλογῆσαι αὑτοὺς ἀπὸ πρώτης σπορᾶς γοήτων καὶ πλάνων ἀνθρώπων, ἀμυδρὰς καὶ ἀμφιβόλους φωνὰς ἐν ","35. And let one who reads Celsus's text consider whether what he wrote — 'they have attempted to trace their genealogy from the first lineage of magicians and deceivers, invoking o"
a2ce14c6-8f4c-4d69-84f2-3cf4f3fcbfd6,sc136_origenes_contra_celsum_iv_par36_en,sc136_origenes_contra_celsum_iv_par36,CC IV 36 (English),CC IV 36,1,0.74,"36. Μετὰ ταῦτα ὁ Κέλσος ἐκτιθέμενος τὰ ἀπὸ τῆς ἔξω τοῦ θείου λόγου ἱστορίας, τὰ περὶ τῶν ἐπιδικασαμένων ἀνθρώπων τῆς ἀρχαιότητος, οἶον Ἀθηναίων καὶ Αἰγυπτίων καὶ Ἀρκάδων καὶ Φρυγῶν","36. After this Celsus, setting out the stories from history outside the divine Word — concerning those peoples who contended for priority in antiquity, such as the Athenians and Eg"
7d170bff-ca6f-45d0-b4e4-88c8b919acd0,sc136_origenes_contra_celsum_iv_par39_a_en,sc136_origenes_contra_celsum_iv_par39_a,CC IV 39_a (English),CC IV 39_a,1,0.39,"« Ὅτ' ἐγένετο ἡ Ἀφροδίτη, εἱστιῶντο οἱ θεοί, οἵ τε ἄλλοι καὶ ὁ τῆς Μήτιδος υἱὸς Πόρος. Ἐπειδὴ δὲ ἐδεί-πνησαν, προσαιτήσουσα οἷον δὴ εὐωχίας οὔσης ἀφίκετο ἡ Πενία καὶ ἦν περὶ τὰς θύ","""When Aphrodite was born, the gods were feasting, among them the son of Metis, Poros. After they had dined, Penia came to beg, as was natural given the festive occasion, and she st"
9ccba601-ffff-4758-b4b6-64ec9446f721,sc136_origenes_contra_celsum_iv_par39_b_en,sc136_origenes_contra_celsum_iv_par39_b,CC IV 39_b (English),CC IV 39_b,1,0.34,"Ἄρα γὰρ οἱ ἐντυγχάνοντες τούτοις ἐὰν μὲν τὴν κακοήθειαν τοῦ Κέλσου μιμῶνται, ὅπερ Χριστιανῶν ἀπείη, καταγελά-σονται τοῦ μύθου καὶ ἐν χλεύῃ θήσονται τὸν τηλικοῦτον Πλάτωνα · ἐὰν δὲ ","Therefore, those who encounter these passages will, if they imitate the malice of Celsus—which God forbid for Christians—laugh at the myth and hold the great Plato up to ridicule. "
cae50b72-7f04-400f-9941-fdd931d49a28,sc136_origenes_contra_celsum_iv_par32_a_en,sc136_origenes_contra_celsum_iv_par32_a,CC IV 32_a (English),CC IV 32_a,1,0.64,"Ταῦτα δ' ἡμῖν εἰ καὶ ἐν παρεκβάσει λέλεκται, ἀλλὰ ἀναγκαίως οἶμαι. Ἐβουλόμεθα γὰρ ἀπαντῆσαι πρὸς τὸ περὶ Ἰουδαίων ὑπὸ τοῦ Κέλσου λεγόμενον, ὅτι δὴ ἀπ' Αἰγύπτου δραπέται γεγόνασι, κ","These things, even if said by us in a digression, I think were necessary. For we wished to respond to what Celsus says about the Jews — that they are runaway slaves from Egypt and "
fd32dd0e-39cb-48df-8d62-d990e3599cbf,sc136_origenes_contra_celsum_iv_par3_a_en,sc136_origenes_contra_celsum_iv_par3_a,CC IV 3_a (English),CC IV 3_a,1,0.35,Ἡμεῖς μὲν οὖν ἀπὸ πλειόνων ὀλίγα εἴπομεν πρὸς τὴν Κέλσου πεῦσιν εἰπόντος · Τίς γὰρ ὁ νοῦς τῆς τοιᾶσδε καθόδου τῷ θεῷ ; Κέλσος δὲ τὰ μήτε ὑπὸ Ἰουδαίων μήτε ὑφ' ἡμῶν λεχθέντα ἂν ἑαυτ,"We have then said briefly, drawing on more extensive matters, a few things in response to Celsus's question: 'For what is the purpose of such a descent by God?' And Celsus presents"
e1767ea0-80d2-4533-b352-e6de1b51b88a,sc136_origenes_contra_celsum_iv_par3_b_en,sc136_origenes_contra_celsum_iv_par3_b,CC IV 3_b (English),CC IV 3_b,1,0.16,"Οὐκ οἶδα δὲ καὶ ποταπὴν ἐπανόρθωσιν βουλόμενος ὁ Κέλσος γενέσθαι ἐπηπόρησε λέγων · Ἆρ' οὐχ οἶόν τε αὐτῷ δυνάμει θείᾳ ἐπανορθοῦν, ἐὰν μὴ φύσει τινὰ ἐπὶ τοῦτο πέμψη ; Ἆρα γὰρ ἤθελε φ",I do not know what kind of correction Celsus had in mind when he raised the difficulty by asking: 'Is it then not possible for him to correct by divine power without sending someon
24ab6ea5-1fba-48eb-be17-1a735ac336a4,sc136_origenes_contra_celsum_iv_par25_en,sc136_origenes_contra_celsum_iv_par25,CC IV 25 (English),CC IV 25,1,0.71,"25. Εἰ δὲ τὴν τοῦ ἀνθρώπου μικρότητα οὐ διὰ τὸ σῶμα ἐξευτελίζετε ἀλλὰ διὰ τὴν ψυχήν, ὡς οὖσαν ὑποδεεστέραν τῶν λοιπῶν λογικῶν καὶ μάλιστα σπουδαίων καὶ διὰ τοῦθ'ὑποδεεστέραν, ἐπείπ","25. But if you disparage the smallness of man not because of the body but because of the soul, as being inferior to the rest of rational and especially excellent beings — and infer"
d5a432ba-bd63-46df-afd9-4f2b23d249d4,sc136_origenes_contra_celsum_iv_par35_a_en,sc136_origenes_contra_celsum_iv_par35_a,CC IV 35_a (English),CC IV 35_a,1,0.59,"Ἔδει δ' αὐτὸν παραθέσθαι, πῶς ἡμεῖς μὲν τοῖς ἀμαθέσι καὶ ἀνοήτοις παρεξηγούμενοι τὰ περὶ τῶν ὀνομάτων τούτων ἀπατῶμεν, ὡς οἴεται, τοὺς ἀκούοντας, αὐτὸς δέ, ὁ αὐχῶν εἶναι μὴ ἀμαθὴς ","He ought to have set out how we, in misexplaining to the ignorant and foolish the matters concerning these names, deceive, as he thinks, those who hear us, and how he himself — who"
8fea5d37-ffb9-44a3-aa79-8069af87b707,sc136_origenes_contra_celsum_iv_par49_a_en,sc136_origenes_contra_celsum_iv_par49_a,CC IV 49_a (English),CC IV 49_a,1,0.24,Ὀλίγα δ' ἀπὸ πάνυ πολλῶν παραθησόμεθα πρὸς τὸ δεῖξαι ὅτι μάτην συκοφαντεῖ τοὺς λόγους ὁ Κέλσος ὡς οὐχ οἵους τε ἐπιδέξασθαι ἀλληγορίαν. Φησὶ δὴ ὁ τοῦ Ἰησοῦ ἀπόστολος Παῦλος · « Ἐν τ,"We shall set forth a few instances from very many to show that Celsus falsely accuses our scriptures of being incapable of allegory. The apostle Paul, the apostle of Jesus, says: '"
a152c93f-348c-4c0e-af12-a0848353c0c6,sc136_origenes_contra_celsum_iv_par39_en,sc136_origenes_contra_celsum_iv_par39,CC IV 39 (English),CC IV 39,1,0.61,"39. Ἐπεὶ δὲ καὶ τὰ περὶ τὸν ὄφιν ὡς ἀντιπράσσοντα τοῖς τοῦ θεοῦ πρὸς τὸν ἄνθρωπον παραγγέλμασιν ὁ Κέλσος κωμῳδεῖ, μῦθόν τινα παραπλήσιον τοῖς παραδιδομένοις ταῖς γραυσὶν ὑπολαβὼν ε","39. Since Celsus also ridicules the things concerning the serpent, as acting in opposition to the commands of God toward man — supposing the account to be a myth of a kind handed d"
f2ecb9ff-65e1-4fc1-91bd-decd81fc7f8e,sc136_origenes_contra_celsum_iii_par18_en,sc136_origenes_contra_celsum_iii_par18,CC III 18 (English),CC III 18,1,0.71,"18. Εἶτα τὰ μὲν τῶν Αἰγυπτίων, σεμνολογούντων καὶ τὰ περὶ τῶν ἀλόγων ζῴων καὶ φασκόντων εἶναί τινα αὐτὰ θεοῦ σύμβολα ἢ ὅπως φίλον ὀνομάζειν τοῖς χρηματίζουσιν αὐτῶν προφήταις, φησὶ",18. Then the Egyptian things — when the Egyptians speak solemnly about irrational animals and claim that these are symbols of God or however the prophets who receive oracles from t
f38f387e-430b-43f2-b508-ee72f72bc7a7,sc147_origenes_contra_celsum_v_par49_en,sc147_origenes_contra_celsum_v_par49,CC V 49 (English),CC V 49,1,0.3,"49. Ἀλλ' οὐδὲ ἐπὶ τῷ συῶν ἀπέχεσθαι ὡς μεγάλῳ τινὶ Ἰουδαῖοι σεμνύνονται, ἐπὶ δὲ τῷ τὴν καθαρῶν καὶ ἀκαθάρτων ζῴων φύσιν μεμαθηκέναι καὶ τὴν τούτου αἰτίαν ἐγνωκέναι καὶ τὸν σῦν ἐν ἀ","49. But neither do Jews take pride in abstaining from pork as something great in itself, but rather in their knowledge of the nature of clean and unclean animals and their understa"
d26b4389-89bf-40b0-974d-a684c75dcd3c,sc147_origenes_contra_celsum_v_par65_en,sc147_origenes_contra_celsum_v_par65,CC V 65 (English),CC V 65,1,0.37,"65. Ἐπεὶ δέ φησιν ὅτι πάντων ἀκούσει τῶν ἐπὶ τοσοῦτον διεστηκότων λεγόντων τό · « Ἐμοὶ κόσμος ἐσταύρωται, κἀγὼ κόσμῳ », καὶ τοῦτο ψεῦδος διελέγξομεν. Εἰσὶ γάρ τινες αἱρέσεις τὰς Πα","Since Celsus says that you will hear all those who are so far divided saying 'The world has been crucified to me, and I to the world,' we shall refute this falsehood as well. For t"
0c42a9f3-7593-4e12-aac1-128c6ec2fb77,sc147_origenes_contra_celsum_vi_par16_a_en,sc147_origenes_contra_celsum_vi_par16_a,CC VI 16_a (English),CC VI 16_a,1,0.22,"Εἰ δὲ μὴ μετὰ τοῦ μισεῖν καὶ ἀπεχθάνεσθαι ἐντυχὼν τοῖς εὐαγγελίοις φιλαλήθης ἦν ὁ Κέλσος, ἐπέστησεν ἄν, τί δή ποτε παρελήφθη κάμηλος, τὸ τῶν ζῴων ὅσον ἐπὶ τῇ κατα-σκευῇ σκολιόν, πα","If Celsus had approached the Gospels with a love of truth rather than hatred and hostility, he would have considered why the 'camel' (kamelos) was chosen—an animal that by its phys"
2328e765-cdf8-42aa-a101-b8393842249e,sc147_origenes_contra_celsum_vi_par17_a_en,sc147_origenes_contra_celsum_vi_par17_a,CC VI 17_a (English),CC VI 17_a,1,0.18,Τρόπῳ δὴ ἑβραϊκῷ τινι λέγεται περὶ τοῦ θεοῦ ἐν ἑπτακαι-δεκάτῳ ψαλμῷ ὅτι « Ἔθετο σκότος ἀποκρυφὴν ὁ θεός » · ἵνα δηλωθῇ ὅτι ἀφανῆ καὶ ἄγνωστά ἐστι τὰ κατ' ἀξίαν νοηθέντα ἂν περὶ τοῦ,"In a certain Hebrew manner, it is said of God in the seventeenth Psalm: 'God made darkness his hiding place,' in order to indicate that the things that would be worthily thought ab"
41ef3fb7-9f73-403d-8da3-7274fd151abe,sc147_origenes_contra_celsum_vi_par20_en,sc147_origenes_contra_celsum_vi_par20,CC VI 20 (English),CC VI 20,1,0.08,"20. Ἄντικρυς γὰρ τοῖς ἀκούειν δυναμένοις παρίστησι τὰ μὲν αἰσθητὰ λέγων αὐτὰ « βλεπόμενα », τὰ δὲ νοητὰ καὶ νῷ μόνῳ καταληπτὰ ὀνομάζων « μὴ βλεπόμενα ». Οὗτος δὲ καὶ « πρόσκαιρα » ","For Paul plainly shows to those who are able to hear that the things perceived by the senses he calls 'visible' (blepomena), while the things apprehended by the intellect (noeta) a"
d1d53c8e-c47b-48f7-a09a-4ef0c2bde6b8,sc147_origenes_contra_celsum_vi_par22_en,sc147_origenes_contra_celsum_vi_par22,CC VI 22 (English),CC VI 22,1,0.15,"22. Ἑξῆς δὲ τούτοις βουλόμενος ὁ Κέλσος πολυμάθειαν ἑαυτοῦ ἐπιδείξασθαι ἐν τῷ καθ' ἡμῶν λόγῳ ἐκτίθεταί τινα καὶ περσικὰ μυστήρια ἐν οἷς φησιν · Αἰνίττεται ταῦτα καὶ ὁ Περσῶν λόγος,","Next, wishing to display his erudition in his polemic against us, Celsus sets forth certain Persian mysteries, in which he says: 'These things are hinted at also in the Persian doc"
c5054df6-bb07-41b7-b571-fc854690de00,sc147_origenes_contra_celsum_vi_par2_a_en,sc147_origenes_contra_celsum_vi_par2_a,CC VI 2_a (English),CC VI 2_a,1,0.14,Καὶ ταῦτά γε οὐκ ἐγκαλοῦντες Πλάτωνί φαμεν - ὁ γὰρ πολὺς τῶν ἀνθρώπων κόσμος χρησίμως καὶ τοῦτον ἤνεγκεν -ἀλλὰ καὶ δεικνύντες τὸ βούλημα τῶν εἰπόντων τό · « Καὶ ὁ λόγος μου καὶ τὸ ,And we say these things not in accusation of Plato—for the great mass of humanity has profited from him as well—but to demonstrate the intention of those who said: 'My speech and m
8e07a73c-ad33-44e1-90a5-07fd7da14564,sc147_origenes_contra_celsum_vi_par2_en,sc147_origenes_contra_celsum_vi_par2,CC VI 2 (English),CC VI 2,1,0.15,"2. Ταῦτα δέ μοι λέλεκται ἀπολογουμένῳ περὶ τῆς κατηγο-ρουμένης ὑπὸ Κέλσου καὶ ἑτέρων ἐν λέξεσιν εὐτελείας τῶν γραφῶν, ἀμαυροῦσθαι δοκούσης ὑπὸ τῆς ἐν συνθέσει λέξεως λαμπρότητος · ","These things I have said in defense against the charge brought by Celsus and others concerning the supposed lowliness of style (euteleia) of the Scriptures, which appears to be obs"
ff36e750-8f7b-46c5-b0fb-a31721402c5a,sc147_origenes_contra_celsum_vi_par31_en,sc147_origenes_contra_celsum_vi_par31,CC VI 31 (English),CC VI 31,1,0.16,"31. Εἰ δέ τις βούλεται καὶ τὰ πλάσματα τῶν γοήτων ἐκείνων μαθεῖν, δι' ὧν ἐβουλήθησαν μὲν ὑπάγειν ἀνθρώπους ἑαυτῶν τῇ διδασκαλίᾳ ὡς ἀπόρρητά τινα ἔχοντες οὐ πάνυ δ' ἐδυνήθησαν, ἀκου","If anyone wishes to learn also the fabrications of those sorcerers (goetes), by which they wished to lead people into their teaching as though possessing certain secret doctrines ("
f43ec98a-a985-4148-ae0b-6e2e6cc6eaa2,sc147_origenes_contra_celsum_vi_par28_a_en,sc147_origenes_contra_celsum_vi_par28_a,CC VI 28_a (English),CC VI 28_a,1,0.21,Εἰδέναι δ' αὐτὸν ἐχρῆν ὅτι οἱ τὰ τοῦ ὄφεως ἑλόμενοι ὡς καλῶς τοῖς πρώτοις ἀνθρώποις συμβουλεύσαντος καὶ Τιτᾶνας καὶ Γίγαντας τοὺς μυθικοὺς ὑπερβαλόντες καὶ Ὀφιανοὶ διὰ τοῦτο καλούμ,He ought to know that those who chose the serpent's cause as having given good counsel to the first human beings—surpassing even the mythical Titans and Giants and hence called Oph
3902e4cc-ba31-4667-ad18-7dfb83e220f7,sc147_origenes_contra_celsum_vi_par36_en,sc147_origenes_contra_celsum_vi_par36,CC VI 36 (English),CC VI 36,1,0.14,"36. Παυόμενον δὲ ἐν κόσμῳ θάνατον, ὅταν ἀποθάνῃ ἡ τοῦ κόσμου ἁμαρτία, λέγοιμεν ἂν ἡμεῖς τὸ παρὰ τῷ ἀποστόλῳ μυστικὸν διηγούμενοι οὕτως ἔχον · ὅταν δὲ « πάντας τοὺς ἐχθροὺς » ὑποτάξ","We ourselves might speak of 'death ceasing in the world' when the sin of the world dies, explaining the apostle's mystical teaching (mystikon) that runs thus: 'when he has put all "
ae100a3c-3251-4d8f-94f1-ecbf8b92aa29,sc147_origenes_contra_celsum_vi_par37_en,sc147_origenes_contra_celsum_vi_par37,CC VI 37 (English),CC VI 37,1,0.12,"37. Οἴεται δὲ καὶ τροπολογοῦντας ἡμᾶς περὶ τοῦ σταυροῦ ἀναπεπλακέναι τὸ ξύλον τῆς ζωῆς καὶ ἀκολούθως ἑαυτοῦ τῷ περὶ τούτου σφάλματί φησιν ὅτι, εἴπερ ἔτυχεν ἐκεῖνος κατὰ κρημνοῦ ἐρρ","He thinks that when we interpret the cross allegorically, we have fabricated the tree of life. Consistent with his error on this point, he says that if that man had happened to be "
e391fbf7-b6d0-4052-82bc-22bff9fcbe00,sc147_origenes_contra_celsum_vi_par41_en,sc147_origenes_contra_celsum_vi_par41,CC VI 41 (English),CC VI 41,1,0.15,41. Μετὰ ταῦτα ὡσπερεὶ ἐπιλαθόμενος ὅτι κατὰ Χρισ-τιανῶν αὐτῷ πρόκειται γράφειν φησὶ Διονύσιόν τινα μου-σικὸν Αἰγύπτιον συγγενόμενον αὐτῷ εἰρηκέναι περὶ τῶν κατὰ τὴν μαγείαν ὅτι πρ,"After this, as if forgetting that his purpose is to write against Christians, he says that a certain Dionysius, an Egyptian musician, conversed with him and told him about magic: t"
7590a80a-121b-4535-b556-b82f8c75f5be,sc136_origenes_contra_celsum_iv_par41_en,sc136_origenes_contra_celsum_iv_par41,CC IV 41 (English),CC IV 41,1,0.24,"41. Ἑξῆς δὲ τοιαῦτά φησιν · Εἶτα κατακλυσμόν τινα καὶ κιβωτὸν ἀλλόκοτον, ἅπαντα ἔνδον ἔχουσαν, καὶ περιστεράν τινα καὶ κορώνην ἀγγέλους, παραχαράττοντες καὶ ῥᾳδιουρ-γοῦντες τὸν Δευ","41. Next he says the following: then some flood and a strange ark containing everything within, and some dove and crow as messengers—they corrupt and fraudulently rework the story "
16fa93ff-73ad-4adb-b758-b7ded62d78bd,sc147_origenes_contra_celsum_vi_par42_en,sc147_origenes_contra_celsum_vi_par42,CC VI 42 (English),CC VI 42,1,0.12,"42. Ἑξῆς δὲ τούτοις ἀπὸ ἄλλης ἀρχῆς ὁ Κέλσος τοιαῦτά φησι καθ' ἡμῶν · Σφάλλονται δὲ ἀσεβέστατα ἄττα καὶ περὶ τήνδε τὴν μεγίστην ἄγνοιαν, ὁμοίως ἀπὸ θείων αἰνιγμάτων πεπλανημένην, π","Next, beginning from a different starting point, Celsus says the following against us: 'They err most impiously also in this regard, concerning this greatest ignorance, equally mis"
844d7baa-56e9-4718-9e36-6b7f0ae6d41d,sc147_origenes_contra_celsum_vi_par44_a_en,sc147_origenes_contra_celsum_vi_par44_a,CC VI 44_a (English),CC VI 44_a,1,0.09,Ὁ δ' Ἑβραίων διαλέκτῳ Σατᾶν καὶ ἑλληνικώτερον ὑπό τινων ὀνομασθεὶς Σατανᾶς μεταλαμβανόμενος εἰς ἑλλάδα φωνήν ἐστιν ἀντικείμενος. Πᾶς δὲ ὁ τὴν κακίαν ἑλόμενος καὶ τὸν κατ' αὐτὴν βίο,"The one called in the Hebrew language Satan and named more in the Greek manner by some Satanas, when translated into Greek, means 'adversary' (antikeimenos). Everyone who has chose"
c48d76f9-0de2-470c-965b-8435e5fd9b06,sc147_origenes_contra_celsum_vi_par42_a_en,sc147_origenes_contra_celsum_vi_par42_a,CC VI 42_a (English),CC VI 42_a,1,0.33,"Εἶθ' ἑξῆς τούτοις <ἐκτίθεσθαι> βουλόμενος τὰ αἰνίγματα, ὧν οἴεται παρακηκοότας ἡμᾶς τὰ περὶ τοῦ Σατανᾶ εἰσάγειν, φησὶ θεῖόν τινα πόλεμον αἰνίττεσθαι τοὺς παλαιούς, Ἡρά-κλειτον μὲν ","Then, wishing to set forth the enigmas (ainigmata) from which he thinks we have misheard and derived our teaching about Satan, he says that the ancients hinted at a certain divine "
da86f45b-963d-49c7-aa6b-59ca05896a47,sc147_origenes_contra_celsum_vi_par48_a_en,sc147_origenes_contra_celsum_vi_par48_a,CC VI 48_a (English),CC VI 48_a,1,0.23,"Ἵνα δὲ προσαγάγωμεν τῇ παραδοχῇ τοῦ λεγομένου τὸν βουλόμενον ἀκολουθίαις δογμάτων ἕπεσθαι καὶ ὠφελεῖσθαι, λέγομεν ὅτι σῶμα Χριστοῦ φασιν εἶναι οἱ θεῖοι λόγοι ὑπὸ τοῦ υἱοῦ τοῦ θεοῦ ","To lead the one who wishes to follow a sequence of doctrines and be profited to acceptance of what is said, let us note that the divine words say that the entire Church is 'the bod"
54e53009-c461-4b07-804d-487ce822d479,sc147_origenes_contra_celsum_vi_par49_b_en,sc147_origenes_contra_celsum_vi_par49_b,CC VI 49_b (English),CC VI 49_b,1,0.07,"Ἀπεφήνατο δὲ μάλα εὐηθικὴν εἶναι καὶ τὴν περὶ ἀνθρώπων γενέσεως γραφήν, μήτε τιθεὶς τὰς λέξεις μήτ' ἀγωνιζόμενος πρὸς αὐτάς · οὐ γὰρ εἶχεν οἶμαι λόγους ἀνατρέψαι δυναμέ-νους τὸ « κ","Celsus has also declared the account of the creation of human beings to be 'quite foolish' (mala euethike), neither quoting the actual words nor contending against them. For he did"
067909f4-10fc-4edd-aea6-542556ef0e3d,sc147_origenes_contra_celsum_vi_par46_en,sc147_origenes_contra_celsum_vi_par46,CC VI 46 (English),CC VI 46,1,0.39,"46. Λέγει δὲ ὁ Παῦλος περὶ τούτου τοῦ καλουμένου Ἀντιχρίστου διδάσκων καὶ παριστὰς μετά τινος ἐπικρύψεως, τίνα τρόπον ἐπιδημήσει καὶ πότε τῷ γένει τῶν ἀνθρώπων καὶ διὰ τί · καὶ ὅρα","Paul speaks about this so-called Antichrist (Antichristos), teaching and demonstrating with a certain veiling how, in what manner, and when he will come upon the human race, and fo"
ffb7d0ad-5154-4bcb-bcc9-cb49d4832a91,sc147_origenes_contra_celsum_vi_par47_a_en,sc147_origenes_contra_celsum_vi_par47_a,CC VI 47_a (English),CC VI 47_a,1,0.31,"Εἰ δὲ τῷ τηλικούτῳ υἱῷ τοῦ θεοῦ ἡνῶσθαι φάσκοντες τῇ ἄκρᾳ μετοχῇ ἐκείνου τὴν τοῦ Ἰησοῦ ψυχὴν οὐκέτι χωρίζομεν ἀπ' ἐκείνου αὐτήν, οὐδὲν θαυμαστόν. Οἴδασι γὰρ οἱ ἱεροὶ τῶν θείων γραμ","If we say that the soul of Jesus was united to the great Son of God through the supreme participation (akra metoches) in Him, and that we no longer separate it from Him, this is no"
f7b3c96f-1987-4d5e-9d79-b2342173ca9d,sc167_clemens_epistula_ad_corinthios_chap10_en,sc167_clemens_epistula_ad_corinthios_chap10,I Clem. 10 (English),I Clem. 10,1,0.27,"10. 1. Ἀβραάμ, ὁ φίλος προσαγορευθείς, πιστὸς εὑρέθη ἐν τῷ αὐτὸν ὑπήκοον γενέσθαι τοῖς ῥήμασιν τοῦ θεοῦ. 2. Οὗτος δι' ὑπακοῆς ἐξῆλθεν ἐκ τῆς γῆς αὐτοῦ καὶ ἐκ τῆς συγγενείας αὐτοῦ κ","10.1. Abraham, who was called 'the Friend,' was found faithful by his becoming obedient to the words of God. 2. He went out from his country and from his kindred and from the house"
9c394bde-7bdd-4100-941f-b7af430173d2,sc167_clemens_epistula_ad_corinthios_chap44_en,sc167_clemens_epistula_ad_corinthios_chap44,I Clem. 44 (English),I Clem. 44,1,0.77,"44. 1. Καὶ οἱ ἀπόστολοι ἡμῶν ἔγνωσαν διὰ τοῦ κυρίου ἡμῶν Ἰησοῦ Χριστοῦ, ὅτι ἔρις ἔσται περὶ τοῦ ὀνόματος τῆς ἐπισκοπῆς. 2. Διὰ ταύτην οὖν τὴν αἰτίαν πρόγνωσιν εἰλη-φότες τελείαν κα","44.1. And our apostles knew through our Lord Jesus Christ that there would be strife over the title of bishop. 2. For this reason, therefore, since they had received perfect forekn"
87c8d732-1249-4fdf-a5bc-b82f16a2c89b,sc167_clemens_epistula_ad_corinthios_chap45_en,sc167_clemens_epistula_ad_corinthios_chap45,I Clem. 45 (English),I Clem. 45,1,0.41,"45. 1. Φιλόνεικοι ἔστε, ἀδελφοί, καὶ ζηλωταὶ περὶ τῶν ἀνηκόντων εἰς σωτηρίαν. 2. Ἐνκεκύφατε εἰς τὰς ἱερὰς γραφάς, τὰς ἀληθεῖς, τὰς διὰ τοῦ πνεύματος τοῦ ἁγίου. 3. Ἐπίστασθε, ὅτι οὐ","45.1. You are contentious, brethren, and zealous about matters pertaining to salvation. 2. You have searched the sacred scriptures, the true ones, which were given through the Holy"
c7e326cf-38a0-432d-9ea6-9f218b93c807,sc167_clemens_epistula_ad_corinthios_chap4_en,sc167_clemens_epistula_ad_corinthios_chap4,I Clem. 4 (English),I Clem. 4,1,0.2,"4. 1. Γέγραπται γὰρ οὕτως · « Καὶ ἐγένετο μεθ' ἡμέρας ἤνεγκεν Κάϊν ἀπὸ τῶν καρπῶν τῆς γῆς θυσίαν τῷ θεῷ, καὶ Ἄβελ ἤνεγκεν καὶ αὐτὸς ἀπὸ τῶν πρωτοτόκων τῶν προβάτων καὶ ἀπὸ τῶν στεά","4.1. For it is written as follows: 'And it came about after some days that Cain brought a sacrifice to God from the fruits of the earth, and Abel also brought, from the firstborn o"
f51551bb-d772-4801-8447-101f31725b40,sc167_clemens_epistula_ad_corinthios_chap50_en,sc167_clemens_epistula_ad_corinthios_chap50,I Clem. 50 (English),I Clem. 50,1,0.62,"50. 1. Ὁρᾶτε, ἀγαπητοί, πῶς μέγα καὶ θαυμαστόν ἐστιν ἡ ἀγάπη, καὶ τῆς τελειότητος αὐτῆς οὐκ ἔστιν ἐξήγησις. 2. Τίς ἱκανὸς ἐν αὐτῇ εὑρεθῆναι, εἰ μὴ οὓς ἂν καταξιώσῃ ὁ θεός ; Δεώμεθα","50.1. See, beloved, how great and wonderful love is, and there is no description of its perfection. 2. Who is worthy to be found in it, save those whom God deems worthy? Let us the"
6a8d748c-5d55-4f78-8522-5fba04fc66ef,sc167_clemens_epistula_ad_corinthios_chap55_en,sc167_clemens_epistula_ad_corinthios_chap55,I Clem. 55 (English),I Clem. 55,1,0.66,"55. 1. Ἵνα δὲ καὶ ὑποδείγματα ἐθνῶν ἐνέγκωμεν · πολλοὶ βασιλεῖς καὶ ἡγούμενοι λοιμικοῦ τινὸς ἐνστάντος καιροῦ χρησμοδοτηθέντες παρέδωκαν ἑαυτοὺς εἰς θάνατον, ἵνα ῥύσων-ται διὰ τοῦ ","55.1. But let us also bring forward examples from the Gentiles: many kings and rulers, when a time of pestilence came upon them, having received an oracle, gave themselves up to de"
cbff4bd2-1aed-4dfa-9cbc-c99559ab5d5c,sc167_clemens_epistula_ad_corinthios_chap51_en,sc167_clemens_epistula_ad_corinthios_chap51,I Clem. 51 (English),I Clem. 51,1,0.4,"51. 1. Ὅσα οὖν παρεπέσαμεν καὶ ἐποιήσαμεν διά τινας παρεμπτώσεις τοῦ ἀντικειμένου, ἀξιώσωμεν ἀφεθῆναι ἡμῖν · καὶ ἐκεῖνοι δέ, οἵτινες ἀρχηγοὶ στάσεως καὶ διχοστασίας ἐγενήθησαν, ὀφε","51.1. For all the things in which we have transgressed and acted through certain temptations from the adversary, let us ask that we may be forgiven; and those too who were the lead"
27f09b2b-1230-49aa-9223-d76e35577864,sc167_clemens_epistula_ad_corinthios_chap8_en,sc167_clemens_epistula_ad_corinthios_chap8,I Clem. 8 (English),I Clem. 8,1,0.19,"8. 1. Οἱ λειτουργοὶ τῆς χάριτος τοῦ θεοῦ διὰ πνεύματος ἁγίου περὶ μετανοίας ἐλάλησαν 2. καὶ αὐτὸς δὲ ὁ δεσπότης τῶν ἁπάντων περὶ μετανοίας ἐλάλησεν μετὰ ὅρκου · « Ζῶ γὰρ ἐγώ, λέγει","8.1. The ministers of God's grace spoke through the Holy Spirit concerning repentance; 2. and the Master of all things himself spoke about repentance with an oath: 'For I live, say"
72ceab62-d7eb-4245-ab6a-9651bc4a5fd0,sc167_clemens_epistula_ad_corinthios_chap6_en,sc167_clemens_epistula_ad_corinthios_chap6,I Clem. 6 (English),I Clem. 6,1,0.25,"6. 1. Τούτοις τοῖς ἀνδράσιν ὁσίως πολιτευσαμένοις συνη-θροίσθη πολὺ πλῆθος ἐκλεκτῶν, οἵτινες πολλαῖς αἰκίαις καὶ βασάνοις διὰ ζῆλος παθόντες ὑπόδειγμα κάλλιστον ἐγένοντο ἐν ἡμῖν. 2","6.1. To these men who conducted their lives in holiness there was joined a great multitude of the chosen, who suffered many indignities and torments through jealousy and thus becam"
44dc9ecf-f319-4410-8964-8eac24059916,sc167_clemens_epistula_ad_corinthios_chap56_en,sc167_clemens_epistula_ad_corinthios_chap56,I Clem. 56 (English),I Clem. 56,1,0.64,"56. 1. Καὶ ἡμεῖς οὖν ἐντύχωμεν περὶ τῶν ἔν τινι παραπτώ-ματι ὑπαρχόντων, ὅπως δοθῇ αὐτοῖς ἐπιείκεια καὶ ταπει-νοφροσύνη εἰς τὸ εἶξαι αὐτοὺς μὴ ἡμῖν, ἀλλὰ τῷ θελήματι τοῦ θεοῦ · οὕτ","56.1. Let us also intercede for those who are in any transgression, so that gentleness and humility may be given to them, not to yield to us but to the will of God; thus their reme"
696a8d50-0a70-453d-9d54-78c2e95d14f8,sc172_epistula_barnabae_chap_10_verset_3a_5c_en,sc172_epistula_barnabae_chap_10_verset_3a_5c,Barn. 10.3a-5c (English),Barn. 10.3a-5c,1,0.65,"3a. Τὸ οὖν « χοιρίον » πρὸς τοῦτο εἶπεν · 3b. οὐ μὴ κολλη-θήσῃ, φησίν, ἀνθρώποις τοιούτοις, οἵτινές εἰσιν ὅμοιοι χοίροις · τουτέστιν ὅταν σπαταλῶσιν, ἐπιλανθάνονται τοῦ κυρίου, ὅτα","3a. Now concerning the 'swine,' he said this: 3b. do not associate, he says, with such people, who are like swine; that is, when they are prosperous they forget the Lord, but when "
a6affb0c-503a-42b4-98ed-d20518aa222d,sc167_clemens_epistula_ad_corinthios_chap_59_verset_3_4_en,sc167_clemens_epistula_ad_corinthios_chap_59_verset_3_4,I Clem. 59.3-4 (English),I Clem. 59.3-4,1,0.51,"3. ἐλπίζειν ἐπὶ τὸ ἀρχεγόνον πάσης κτίσεως ὄνομά σου, ἀνοίξας τοὺς ὀφθαλμοὺς τῆς καρδίας ἡμῶν εἰς τὸ γινώσκειν σε τὸν μόνον ὕψιστον ἐν ὑψίστοις, ἅγιον ἐν ἁγίοις ἀναπαυό-μενον · τὸν","3. ...to hope in your name, which is the primal source of all creation, opening the eyes of our heart to know you, the only Most High in the heights, the Holy who rests among the h"
4d0e9d58-1c2e-47d2-8c94-4618e95f27bb,sc172_epistula_barnabae_chap_11_verset_2_5_en,sc172_epistula_barnabae_chap_11_verset_2_5,Barn. 11.2-5 (English),Barn. 11.2-5,1,0.43,"2. Περὶ μὲν τοῦ ὕδατος γέγραπται ἐπὶ τὸν Ἰσραήλ, πῶς τὸ βάπτισμα τὸ φέρον ἄφεσιν ἁμαρτιῶν οὐ μὴ προσδέξονται, ἀλλ'ἑαυτοῖς οἰκοδομήσουσιν. 3a (2). Λέγει γὰρ ὁ προφήτης · « Ἔκστηθι ο","2. Concerning the water it is written about Israel, how they will not receive the baptism that brings forgiveness of sins, but will build for themselves. 3a. For the prophet says: "
c2a63a4a-568f-4619-957d-3210188b1318,sc167_clemens_epistula_ad_corinthios_chap16_en,sc167_clemens_epistula_ad_corinthios_chap16,I Clem. 16 (English),I Clem. 16,1,0.39,"16. 1. Ταπεινοφρονούντων γάρ ἐστιν ὁ Χριστός, οὐκ ἐπαιρομένων ἐπὶ τὸ ποίμνιον αὐτοῦ. 2. Τὸ σκῆπτρον τῆς μεγαλωσύνης τοῦ θεοῦ, ὁ κύριος Ἰησοῦς Χριστός, οὐκ ἦλθεν ἐν κόμπῳ ἀλαζονείας","16.1. For Christ belongs to the humble-minded, not to those who exalt themselves over his flock. 2. The scepter of the majesty of God—the Lord Jesus Christ—came not in the pomp of "
cbb3d3b5-2427-42fd-8fb2-c3fdbd499575,sc20_theophilus_ad_autolycum_ii_liv_2_superiorite_des_auteurs_sacres_sur_les_profanes_chap_11_en,sc20_theophilus_ad_autolycum_ii_liv_2_superiorite_des_auteurs_sacres_sur_les_profanes_chap_11,Ad Aut. II 11 (English),Ad Aut. II 11,1,0.47,"11. Ἀρχὴ δὲ τῆς ποιήσεως φῶς ἐστιν, ἐπειδὴ τὰ κοσμού-μενα τὸ φῶς φανεροῖ. Διὸ λέγει · Καὶ εἶπεν ὁ θεὸς · Γενη-θήτω φῶς. < Καὶ ἐγένετο φῶς. Καὶ εἶδεν ὁ θεὸς τό φῶς ὅτι καλόν. > Δηλο","11. The beginning of creation is light, since light makes visible the things that are being adorned. Therefore it says: And God said: Let there be light. And there was light. And G"
4d04b079-6b7f-4ca4-b14a-3f7493b4d43d,sc20_theophilus_ad_autolycum_ii_liv_2_superiorite_des_auteurs_sacres_sur_les_profanes_chap_13_en,sc20_theophilus_ad_autolycum_ii_liv_2_superiorite_des_auteurs_sacres_sur_les_profanes_chap_13,Ad Aut. II 13 (English),Ad Aut. II 13,1,0.54,"13. Ἀλλὰ καὶ τὸ ἐκ τῶν ἐπιγείων κάτωθεν ἄρξασθαι καὶ λέγειν τὴν ποίησιν τῶν γεγενημένων ἀνθρώπινον καὶ ταπεινὸν καὶ πάνυ ἀσθενὲς τὸ ἐννόημα αὐτοῦ ὡς πρὸς θεόν, ἐστὶν. Ἄνθρωπος γὰρ ","13. Moreover, to begin from below with earthly things and to speak of the creation of what has been made is a human and lowly thought, and exceedingly feeble by comparison with God"
15441a5e-4523-4f3b-b8e3-4c280a152555,sc20_theophilus_ad_autolycum_i_liv_1_le_dieu_des_chretiens_chap_2_en,sc20_theophilus_ad_autolycum_i_liv_1_le_dieu_des_chretiens_chap_2,Ad Aut. I 2 (English),Ad Aut. I 2,1,0.22,"2. Αλλὰ καὶ ἐὰν φῇς · « Δεῖξόν μοι τὸν θεόν σου », κἀγώ σοι εἴποιμι ἄν · « Δεῖξόν μοι τὸν ἄνθρωπόν σου κἀγώ σοι δείξω τὸν θεόν μου. » Ἐπεὶ δεῖξον βλέποντας τοὺς ὀφθαλμοὺς τῆς ψυχῆς","2. If you say, 'Show me your God,' I would say to you, 'Show me yourself, and I shall show you my God.' Show then that the eyes of your soul see, and the ears of your heart hear. F"
75980569-7f03-401c-a647-a87b08cc7a90,sc20_theophilus_ad_autolycum_ii_liv_2_superiorite_des_auteurs_sacres_sur_les_profanes_chap_16_en,sc20_theophilus_ad_autolycum_ii_liv_2_superiorite_des_auteurs_sacres_sur_les_profanes_chap_16,Ad Aut. II 16 (English),Ad Aut. II 16,1,0.63,"16. Τῇ δὲ πέμπτῃ ἡμέρᾳ τὰ ἐκ τῶν ὑδάτων ἐγενήθη ζῶα, δι' ὧν καὶ ἐν τούτοις δείκνυται ἡ πολυποίκιλος σοφία τοῦ θεοῦ. Τίς γὰρ δύναιτ' ἂν τὴν ἐν αὐτοῖς πληθὺν καὶ γονὴν παμποίκιλον ἐξ","16. On the fifth day the living creatures from the waters came into being, through which the manifold wisdom of God is also shown in these. For who could enumerate the multitude an"
183f9b67-6608-4fce-b9d0-1d4f8206a407,sc20_theophilus_ad_autolycum_ii_liv_2_superiorite_des_auteurs_sacres_sur_les_profanes_chap_15_en,sc20_theophilus_ad_autolycum_ii_liv_2_superiorite_des_auteurs_sacres_sur_les_profanes_chap_15,Ad Aut. II 15 (English),Ad Aut. II 15,1,0.7,"15. Τετάρτῃ ἡμέρᾳ ἐγένοντο οἱ φωστῆρες. Ἐπειδὴ ὁ θεὸς προγνώστης ὢν ἠπιστατο τὰς φλυαρίας τῶν ματαίων φιλοσόφων, ὅτι ἤμελλον λέγειν ἀπὸ τῶν στοιχείων εἶναι τὰ ἐπὶ τῆς γῆς φυόμενα, ","15. On the fourth day the luminaries came into being. Since God, being possessed of foreknowledge, knew in advance the foolish talk of the vain philosophers, that they would say th"
e8b96321-6468-4c75-a78c-1a9d11620cb5,sc20_theophilus_ad_autolycum_ii_liv_2_superiorite_des_auteurs_sacres_sur_les_profanes_chap_17_en,sc20_theophilus_ad_autolycum_ii_liv_2_superiorite_des_auteurs_sacres_sur_les_profanes_chap_17,Ad Aut. II 17 (English),Ad Aut. II 17,1,0.62,"17. Ἔκτῃ δὲ ἡμέρᾳ ὁ θεὸς ποιήσας τὰ τετράποδα καὶ τὰ θηρία καὶ ἑρπετὰ τὰ χερσαῖα τὴν πρὸς αὐτὰ εὐλογίαν παρασιωπᾷ, τηρῶν τῷ ἀνθρώπῳ τὴν εὐλογίαν, ὃν ἤμελλεν ἐν τῇ ἕκτῃ ἡμερᾳ ποιεῖν","17. On the sixth day God made the four-footed animals and the beasts and reptiles of the land, but withholds the blessing over them, keeping the blessing for humanity, whom he was "
57f38929-4981-4047-b66a-f47e03bf3323,sc20_theophilus_ad_autolycum_ii_liv_2_superiorite_des_auteurs_sacres_sur_les_profanes_chap_19_en,sc20_theophilus_ad_autolycum_ii_liv_2_superiorite_des_auteurs_sacres_sur_les_profanes_chap_19,Ad Aut. II 19 (English),Ad Aut. II 19,1,0.47,19. Οὕτως συντελέσας ὁ θεὸς τὸν οὐρανὸν καὶ τὴν γῆν καὶ τὴν θάλασσαν καὶ πάντα ὅσα ἐν αὐτοῖς ἐν τῇ ἕκτῃ ἡμέρᾳ κατέπαυσεν ἐν τῇ ἑβδόμη ἡμέρᾳ ἀπὸ πάντων τῶν ἔργων αὐτοῦ ὧν ἐποίησεν. ,"19. Having thus completed heaven and earth and the sea and all things within them on the sixth day, God rested on the seventh day from all the works he had made. Then the holy scri"
a8719e6f-3300-4f92-83f8-27a88eda9cf3,sc20_theophilus_ad_autolycum_ii_liv_2_superiorite_des_auteurs_sacres_sur_les_profanes_chap_18_en,sc20_theophilus_ad_autolycum_ii_liv_2_superiorite_des_auteurs_sacres_sur_les_profanes_chap_18,Ad Aut. II 18 (English),Ad Aut. II 18,1,0.3,"18. Τὰ δὲ περὶ τῆς τοῦ ἀνθρώπου ποιήσεως, ἀνέκφραστός ἐστιν ὡς πρὸς ἄνθρωπον ἡ κατ' αὐτὸν δημιουργία, καίπερ σύντομον ἔχει ἡ θεία γραφή τὴν κατ' αὐτὸν ἐκφώνησιν. Ἐν τῷ γὰρ εἰπεῖν τ","18. As for the creation of humanity, the fashioning of man is beyond human utterance to express, even though the divine scripture has only a brief declaration about it. For in God'"
3f81a66a-6842-4373-b67b-17121f704d10,sc20_theophilus_ad_autolycum_ii_liv_2_superiorite_des_auteurs_sacres_sur_les_profanes_chap_22_en,sc20_theophilus_ad_autolycum_ii_liv_2_superiorite_des_auteurs_sacres_sur_les_profanes_chap_22,Ad Aut. II 22 (English),Ad Aut. II 22,1,0.71,"22. Ἐρεῖς οὖν μοι · Σὺ φῂς τὸν θεὸν ἐν τόπῳ μὴ δεῖν χωρεῖσθαι, καὶ πῶς νῦν λέγεις αὐτὸν ἐν τῷ παραδείσῳ περιπατεῖν ; Ἄκουε ὃ φημι. Ὁ μὲν θεὸς καὶ πατὴρ τῶν ὅλων ἀχώρητός ἐστιν καὶ ","22. You will say to me therefore: You say that God should not be contained in a place, and how then do you say now that he walked in the paradise? Listen to what I say. God the Fat"
bb52d041-fa16-49b9-a732-275f63fd50c5,sc20_theophilus_ad_autolycum_ii_liv_2_superiorite_des_auteurs_sacres_sur_les_profanes_chap_24_en,sc20_theophilus_ad_autolycum_ii_liv_2_superiorite_des_auteurs_sacres_sur_les_profanes_chap_24,Ad Aut. II 24 (English),Ad Aut. II 24,1,0.7,"24. Ἐξανατείλας οὖν ὁ θεὸς ἐκ τῆς γῆς ἔτι πᾶν ξύλον, ὡραῖον εἰς ὅρασιν καὶ καλὸν εἰς βρῶσιν. Ἐν γὰρ πρώτοις μόνα ἦν τὰ ἐν τῇ τρίτῃ ἡμέρᾳ γεγενημένα, φυτὰ καὶ σπέρματα καὶ χλόαι · τ",24. God therefore caused every tree to spring up from the earth—pleasant to the sight and good for food. For in the beginning there were only those plants and seeds and herbs that 
531e685a-5a6a-4a47-90fd-91f116bce517,sc20_theophilus_ad_autolycum_ii_liv_2_superiorite_des_auteurs_sacres_sur_les_profanes_chap_26_en,sc20_theophilus_ad_autolycum_ii_liv_2_superiorite_des_auteurs_sacres_sur_les_profanes_chap_26,Ad Aut. II 26 (English),Ad Aut. II 26,1,0.72,"26. Καὶ τοῦτο δὲ ὁ θεὸς μεγάλην εὐεργεσίαν παρέσχεν τῷ ἀνθρώπῳ, τὸ μὴ διαμεῖναι αὐτὸν εἰς τὸν αἰῶνα ἐν ἁμαρτίᾳ ὄντα. Ἀλλὰ τρόπῳ τινὶ ἐν ὁμοιώματι ἐξορισμοῦ ἐξέβαλλεν αὐτὸν ἐκ τοῦ π","26. And this too God granted as a great benefaction to humanity, that he did not allow him to remain forever in a state of sin. But in a manner of speaking, by way of a kind of exi"
5908932e-06b3-4c1d-bc29-8b2b7e2bb6f3,sc20_theophilus_ad_autolycum_ii_liv_2_superiorite_des_auteurs_sacres_sur_les_profanes_chap_28_en,sc20_theophilus_ad_autolycum_ii_liv_2_superiorite_des_auteurs_sacres_sur_les_profanes_chap_28,Ad Aut. II 28 (English),Ad Aut. II 28,1,0.66,"28. Ἐκβληθεὶς δὲ Ἀδὰμ ἐκ τοῦ παραδείσου, οὕτως ἔγνω Εὔαν τὴν γυναῖκα αὐτοῦ, ἣν ὁ θεὸς ἐποίησεν αὐτῷ εἰς γυναῖκα ἐκ τῆς πλευρᾶς αὐτοῦ. Καὶ τοῦτο δὲ οὐχ ὡς μὴ δυνάμενος κατ' ἰδίαν πλ","28. After Adam was expelled from paradise, he knew Eve his wife, whom God had made as a wife for him from his rib. And this was not because God was unable to make his wife separate"
52802b46-29ad-4e23-b31b-71b878e93b7f,sc20_theophilus_ad_autolycum_ii_liv_2_superiorite_des_auteurs_sacres_sur_les_profanes_chap_14_en,sc20_theophilus_ad_autolycum_ii_liv_2_superiorite_des_auteurs_sacres_sur_les_profanes_chap_14,Ad Aut. II 14 (English),Ad Aut. II 14,1,0.73,"14. Σκόπει τὸ λοιπὸν τὴν ἐν τούτοις ποικιλίαν καὶ διάφορον καλλονὴν καὶ πληθύν, καὶ ὅτι δι' αὐτῶν δείκνυται ἡ ἀνάστασις, εἰς δεῖγμα τῆς μελλούσης ἔσεσθαι ἀναστάσεως ἁπάντων ἀνθρώπω","14. Observe furthermore the variety and diverse beauty and abundance in these things, and how through them the resurrection is demonstrated as a sign of the resurrection that shall"
a92845b2-4e5a-4a73-89bf-0fd186268fe9,sc20_theophilus_ad_autolycum_ii_liv_2_superiorite_des_auteurs_sacres_sur_les_profanes_chap_2_en,sc20_theophilus_ad_autolycum_ii_liv_2_superiorite_des_auteurs_sacres_sur_les_profanes_chap_2,Ad Aut. II 2 (English),Ad Aut. II 2,1,0.62,"2. Καὶ γὰρ γέλοιόν μοι δοκεῖ λιθοξόους μὲν καὶ πλάστας ἢ ζωγράφους ἢ χωνευτὰς πλάσσειν τε καὶ γράφειν καὶ γλύφειν καὶ χωνεύειν καὶ θεοὺς κατασκευάζειν, οἵ, ἔπαν γένωνται ὑπὸ τῶν τε","2. Indeed, it seems laughable to me that stone-cutters and sculptors or painters or casters should mold and paint and carve and cast and construct gods—when these are finished by t"
2eb7c3cb-6b1b-4992-a8f3-6ff6ed725d0d,sc20_theophilus_ad_autolycum_ii_liv_2_superiorite_des_auteurs_sacres_sur_les_profanes_chap_30_en,sc20_theophilus_ad_autolycum_ii_liv_2_superiorite_des_auteurs_sacres_sur_les_profanes_chap_30,Ad Aut. II 30 (English),Ad Aut. II 30,1,0.62,"30. Ὁ οὖν Κάϊν καὶ αὐτὸς ἔσχεν υἱὸν ᾧ ὄνομα Ἐνώχ. Καὶ ᾠκοδόμησεν πόλιν, ἣν ἐπωνόμασεν ἐπὶ τῷ ὀνόματι τοῦ υἱοῦ αὐτοῦ Ἐνώχ. Ἀπὸ τότε ἀρχὴ ἐγένετο τοῦ οἰκοδο-μεῖσθαι πόλεις, καὶ τοῦτο",30. Then Cain himself also had a son whose name was Enoch. And he built a city and named it after the name of his son Enoch. From that time there was a beginning of cities being bu
9ab1e56d-a15c-4700-9045-7951ba49f707,sc20_theophilus_ad_autolycum_ii_liv_2_superiorite_des_auteurs_sacres_sur_les_profanes_chap_33_en,sc20_theophilus_ad_autolycum_ii_liv_2_superiorite_des_auteurs_sacres_sur_les_profanes_chap_33,Ad Aut. II 33 (English),Ad Aut. II 33,1,0.69,"33. Τίς οὖν πρὸς ταῦτα ἔσχυσεν τῶν καλουμένων σοφῶν καὶ ποιητῶν καὶ ἱστοριογράφων τὸ ἀληθὲς εἰπεῖν πολὺ μεταγενεστέρων αὐτῶν γεγενημένων καὶ πληθὺν θεῶν εἰσαγαγόντων, οἵτινες μετὰ ","33. Who then among those called wise men and poets and historians was capable of speaking the truth about these matters, since they were born far later than all this, and introduce"
35bcd37c-6e04-4e20-afd7-1082fcfabc78,sc20_theophilus_ad_autolycum_ii_liv_2_superiorite_des_auteurs_sacres_sur_les_profanes_chap_21_en,sc20_theophilus_ad_autolycum_ii_liv_2_superiorite_des_auteurs_sacres_sur_les_profanes_chap_21,Ad Aut. II 21 (English),Ad Aut. II 21,1,0.66,"21. Ὁ δὲ ὄφις ἦν φρονιμώτερος πάντων τῶν θηρίων τῶν ἐπὶ τῆς γῆς, ὧν ἐποίησεν κύριος ὁ θεός. Καὶ εἶπεν ὁ ὄφις τῇ γυναικί · Τί ὅτι εἶπεν ὁ θεός · Οὐ μὴ φάγητε ἀπὸ παντὸς ξύλου τοῦ πα","21. Now the serpent was more prudent than all the beasts of the earth that the Lord God had made. And the serpent said to the woman: Why did God say, 'You may not eat of every tree"
1054218a-f68c-4dce-bf02-37d39c851612,sc20_theophilus_ad_autolycum_ii_liv_2_superiorite_des_auteurs_sacres_sur_les_profanes_chap_36_en,sc20_theophilus_ad_autolycum_ii_liv_2_superiorite_des_auteurs_sacres_sur_les_profanes_chap_36,Ad Aut. II 36 (English),Ad Aut. II 36,1,0.6,"Καὶ πρὸς τοὺς γενητοὺς λεγομένους ἔφη ·   Εἰ δὲ γενητὸν ὅλως καὶ φθείρεται, οὐ δυνατ' ἀνδρὸς   Ἐκ μηρῶν μήτρας τε θεὸς τετυπωμένος εἶναι.   Ἀλλὰ θεὸς μόνος εἷς πανυπέρτατος, ὃς πεπ","36. And he spoke to those called begotten gods: 'But if someone is altogether begotten and corruptible, he cannot be a god fashioned from the loins and the womb of a man. But God a"
458f1acc-375e-4151-a010-840a83976d37,sc20_theophilus_ad_autolycum_ii_liv_2_superiorite_des_auteurs_sacres_sur_les_profanes_chap_29_en,sc20_theophilus_ad_autolycum_ii_liv_2_superiorite_des_auteurs_sacres_sur_les_profanes_chap_29,Ad Aut. II 29 (English),Ad Aut. II 29,1,0.57,"29. Ἐν τῷ οὖν γνῶναι τὸν Ἀδὰμ τὴν γυναῖκα αὐτοῦ Εὔαν συλλαβοῦσα ἔτεκεν υἱὸν, ᾦ τοὔνομα Κάϊν. Καὶ εἶπεν · Ἐκτησάμην ἄνθρωπον διὰ τοῦ θεοῦ. Καὶ προσέθετο ἔτι τεκεῖν δεύτερον, ᾦ ὄνομα","29. When Adam knew Eve his wife, she conceived and bore a son whose name was Cain. And she said: I have acquired a man through God. And she proceeded again to bear a second, whose "
893593cc-e363-425e-80e0-2da209aac9c9,sc20_theophilus_ad_autolycum_ii_liv_2_superiorite_des_auteurs_sacres_sur_les_profanes_chap_31_en,sc20_theophilus_ad_autolycum_ii_liv_2_superiorite_des_auteurs_sacres_sur_les_profanes_chap_31,Ad Aut. II 31 (English),Ad Aut. II 31,1,0.63,"31. Μετὰ τὸν κατακλυσμὸν ἀρχὴ πάλιν ἐγένετο πόλεων καὶ βασιλέων τὸν τρόπον τοῦτον. Πρώτη πόλις Βαβυλὼν, καὶ Ὀρὲχ, καὶ Ἀρχὰθ καὶ Χαλανὴ ἐν τῇ γῇ Σενναάρ. Καὶ βασιλεὺς ἐγένετο αὐτῶν ","31. After the flood a beginning was made again of cities and kings in this manner. The first city was Babylon, and Erech, and Accad, and Calneh in the land of Shinar. And the king "
6b003af5-4536-4bb4-9ec7-5c5a4e1eb9cc,sc20_theophilus_ad_autolycum_ii_liv_2_superiorite_des_auteurs_sacres_sur_les_profanes_chap_32_en,sc20_theophilus_ad_autolycum_ii_liv_2_superiorite_des_auteurs_sacres_sur_les_profanes_chap_32,Ad Aut. II 32 (English),Ad Aut. II 32,1,0.78,"32. Ἐντεῦθεν οὖν κατανοεῖν τὰς ἱστορίας ἐστὶν τοῖς φιλομαθέσιν καὶ φιλαρχαίοις, εἴπου πρόσφατά ἐστιν τὰ ὑφ' ἡμῶν λεγόμενα διὰ τῶν ἁγίων προφητῶν. Ὁλίγων γὰρ ὄντων ἐν πρώτοις τῶν τό","32. From this point, those who love learning and love antiquity can recognize in the histories whether the things we say through the holy prophets are recent. For when only a few p"
6be16ff2-67e0-46f7-b1b5-868d4314dee2,sc20_theophilus_ad_autolycum_ii_liv_2_superiorite_des_auteurs_sacres_sur_les_profanes_chap_3_en,sc20_theophilus_ad_autolycum_ii_liv_2_superiorite_des_auteurs_sacres_sur_les_profanes_chap_3,Ad Aut. II 3 (English),Ad Aut. II 3,1,0.55,"3. Καὶ τῶν μὲν τότε θεῶν, εἰπερ ἐγεννῶντο, γένεσις πολλὴ ηὑρίσκετο. Τὸ δὲ νῦν ποῦ θεῶν γένεσις δείκνυται ; Εἰ γὰρ τότε ἐγέννων καὶ ἐγεννῶντο, δῆλον ὅτι ἐχρῆν καὶ ἕως τοῦ δεῦρο γίνε","3. And of the gods of that time, if indeed they were born, many a birth could be found. But where now is any birth of gods demonstrated? For if they were begetting and being born t"
66c5e6a2-8ed1-4145-a613-0882da5b2e8d,sc20_theophilus_ad_autolycum_ii_liv_2_superiorite_des_auteurs_sacres_sur_les_profanes_chap_4_en,sc20_theophilus_ad_autolycum_ii_liv_2_superiorite_des_auteurs_sacres_sur_les_profanes_chap_4,Ad Aut. II 4 (English),Ad Aut. II 4,1,0.52,"4. Ἔνιοι μὲν [τῆς στοᾶς] ἀρνοῦνται καὶ τὸ ἐξ ὅλου θεὸν εἶναι, ἢ, εἰ καί ἐστιν, μηδενός φασιν φροντίζειν τὸν θεὸν πλὴν ἑαυτοῦ. Καὶ ταῦτα μὲν παντελῶς Ἐπικούρου καὶ Χρυσίππου ἡ ἄνοια","4. Some [of the Stoics] deny that there is a God at all, or, if he exists, say that God takes no care of anything except himself. And this is what the foolishness of Epicurus and C"
c28b4917-83b4-49ae-97d7-03d82bdad16a,sc20_theophilus_ad_autolycum_ii_liv_2_superiorite_des_auteurs_sacres_sur_les_profanes_chap_6_en,sc20_theophilus_ad_autolycum_ii_liv_2_superiorite_des_auteurs_sacres_sur_les_profanes_chap_6,Ad Aut. II 6 (English),Ad Aut. II 6,1,0.44,"6. Καὶ ὕλην μὲν τρόπῳ τινὶ ὑποτίθεται, καὶ κόσμου ποίησιν, λέγων ·   Ἤτοι μὲν πρώτιστα χάος γένετ', αὐτὰρ ἔπειτα   γαῖ' εὐρύστερνος, πάντων ἕδος ἀσφαλὲς αἰεὶ   ἀθανάτων, οἵ ἔχουσι ","6. And he [Hesiod] posits matter of a sort and the making of the world, saying: 'Verily at first Chaos came into being, and then broad-breasted Earth, the ever-sure foundation of a"
5d47359a-b453-4a99-a980-eebe41c9ccd6,sc20_theophilus_ad_autolycum_ii_liv_2_superiorite_des_auteurs_sacres_sur_les_profanes_chap_34_en,sc20_theophilus_ad_autolycum_ii_liv_2_superiorite_des_auteurs_sacres_sur_les_profanes_chap_34,Ad Aut. II 34 (English),Ad Aut. II 34,1,0.59,"34. Καὶ τὸ λοιπὸν ἔστω σοι φιλοπόνως ἐρευνᾶν τὰ τοῦ θεοῦ, λέγω δὲ τὰ διὰ τῶν προφητῶν ῥηθέντα, ὅπως συγκρίνας τά τε ὑπὸ ἡμῶν λεγόμενα καὶ τὰ ὑπὸ τῶν λοιπῶν δυνήσει εὑρεῖν τὸ ἀληθές","34. For the rest, let it be for you to diligently investigate the things of God—I mean those spoken through the prophets—so that comparing what we say with what the others say you "
8cd14415-f7c7-4e71-8cf6-65a5c04a9152,sc20_theophilus_ad_autolycum_ii_liv_2_superiorite_des_auteurs_sacres_sur_les_profanes_chap_10_en,sc20_theophilus_ad_autolycum_ii_liv_2_superiorite_des_auteurs_sacres_sur_les_profanes_chap_10,Ad Aut. II 10 (English),Ad Aut. II 10,1,0.7,"10. Καὶ πρῶτον μὲν συμφώνως ἐδίδαξαν ἡμᾶς, ὅτι ἐξ οὐκ ὄντων τὰ πάντα ἐποίησεν. Οὐ γάρ τι τῷ θεῷ συνήκμασεν · ἀλλ' αὐτὸς ἑαυτοῦ τόπος ὢν καὶ ἀνενδεὴς ὢν καὶ ὑπάρχων πρὸ τῶν αἰώνων ἠ","10. And first they taught us in agreement that he made all things out of nothing. For nothing was coeval with God; but being himself his own place and being in need of nothing, exi"
c6daccaf-b837-4ae6-87f7-12499751edb1,sc20_theophilus_ad_autolycum_ii_liv_2_superiorite_des_auteurs_sacres_sur_les_profanes_chap_8_en,sc20_theophilus_ad_autolycum_ii_liv_2_superiorite_des_auteurs_sacres_sur_les_profanes_chap_8,Ad Aut. II 8 (English),Ad Aut. II 8,1,0.73,"8. Καὶ τί μοι τὸ λοιπὸν τὸ πλῆθος τῶν τοιούτων ὀνομα-σιῶν καὶ γενεαλογιῶν καταλέγειν ; Ὥστε κατὰ πάντα τρόπον ἐμπαίζονται οἱ συγγραφεῖς πάντες καὶ ποιηταὶ καὶ φιλόσοφοι λεγόμενοι, ","8. And why should I go on recounting the multitude of such names and genealogies? So that in every way all the so-called writers and poets and philosophers are mocked, as are also "
54aca5b3-b2fa-4153-81f3-f60ec99ce778,sc20_theophilus_ad_autolycum_ii_liv_2_superiorite_des_auteurs_sacres_sur_les_profanes_chap_12_en,sc20_theophilus_ad_autolycum_ii_liv_2_superiorite_des_auteurs_sacres_sur_les_profanes_chap_12,Ad Aut. II 12 (English),Ad Aut. II 12,1,0.54,"12. Τῆς μὲν οὖν ἑξαημέρου οὐδεὶς ἀνθρώπων δυνατὸς κατ' ἀξίαν τὴν ἐξέγησιν καὶ τὴν οἰκονομίαν πᾶσαν ἐξειπεῖν, οὐδὲ εἰ μυρία στόματα ἔχοι καὶ μυρίας γλώσσας ἀλλ' οὐδὲ εἰ μυρίοις ἔτεσ","12. No human being is capable of setting forth a worthy account and full explanation of the six days' work, not even if one had ten thousand mouths and ten thousand tongues, not ev"
ec1a821b-53d3-4a7d-ae87-05d27e4134e9,sc20_theophilus_ad_autolycum_iii_liv_3_sur_la_question_prealable_chap_11_en,sc20_theophilus_ad_autolycum_iii_liv_3_sur_la_question_prealable_chap_11,Ad Aut. III 11 (English),Ad Aut. III 11,1,0.61,"11. Τὸν μὲν οὖν νόμον, τὸν ὑπὸ τοῦ θεοῦ δεδομένον αὐτοῖς, ἐν τῷ παραβῆναι τὸν λαὸν, ἀγαθὸς ὧν καὶ οἰκτίρμων ὁ θεὸς, μὴ βουλόμενος διαφθεῖραι αὐτούς, πρὸς τῷ δεδω-κέναι τὸν νόμον ὕσ","11. When the people transgressed the law that God had given them, God, being good and merciful and not wishing to destroy them, in addition to having given the law, afterward sent "
1a37838c-a461-4b4f-a66e-ac4f9c9f35af,sc20_theophilus_ad_autolycum_iii_liv_3_sur_la_question_prealable_chap_12_en,sc20_theophilus_ad_autolycum_iii_liv_3_sur_la_question_prealable_chap_12,Ad Aut. III 12 (English),Ad Aut. III 12,1,0.54,"12. Ἔτι μὴν καὶ περὶ δικαιοσύνης, ἧς ὁ νόμος εἴρηκεν, ἀκόλουθα εὑρίσκεται καὶ τὰ τῶν προφητῶν καὶ τῶν εὐαγγελίων ἔχειν, διὰ τὸ τοὺς πάντας πνευματοφόρους ἑνὶ πνεύματι θεοῦ λελαληκέ","12. Furthermore, concerning righteousness, of which the law spoke, the contents of both the prophets and the gospels are found to be in agreement, because all of them, being spirit"
27de9f0b-f3ac-4f6e-9000-d9d49e092dd4,sc20_theophilus_ad_autolycum_iii_liv_3_sur_la_question_prealable_chap_14_en,sc20_theophilus_ad_autolycum_iii_liv_3_sur_la_question_prealable_chap_14,Ad Aut. III 14 (English),Ad Aut. III 14,1,0.52,"14. Καὶ τοῦ μὴ μόνον ἡμᾶς εὐνοεῖν τοῖς ὁμοφύλοις, ὡς οἴονταί τινες, Ἠσαΐας ὁ προφήτης ἔφη · Εἴπατε τοῖς μισοῦσιν ὑμᾶς καὶ τοῖς βδελυσσομένοις · ἀδελφοὶ ἡμῶν ἔστε, ἵνα τὸ ὄνομα κυρί","14. And as for not only wishing well to those of one's own race, as some suppose, the prophet Isaiah said: 'Say to those who hate you and who abhor you: You are our brothers, that "
bb8092ee-2b22-4167-9e70-b6107b07ab45,sc20_theophilus_ad_autolycum_ii_liv_2_superiorite_des_auteurs_sacres_sur_les_profanes_chap_5_en,sc20_theophilus_ad_autolycum_ii_liv_2_superiorite_des_auteurs_sacres_sur_les_profanes_chap_5,Ad Aut. II 5 (English),Ad Aut. II 5,1,0.42,"5. Ὥστε ἀσύμφωνός ἐστιν ἡ γνώμη κατὰ τοὺς φιλοσόφους καὶ συγγράφεις. Τούτων γάρ ταῦτα ἀποφηναμένων, εὑρίσ-κεται ὁ ποιητὴς Ὅμηρος ἑτέρᾳ ὑποθέσει εἰσάγων γένεσιν οὐ μόνον κόσμου ἀλλὰ","5. Therefore the opinion of the philosophers and writers is discordant. For while they make these declarations, the poet Homer is found presenting a different hypothesis—the genera"
29a4e547-db32-40b3-9bf5-0cb29fc9b45d,sc20_theophilus_ad_autolycum_ii_liv_2_superiorite_des_auteurs_sacres_sur_les_profanes_chap_37_en,sc20_theophilus_ad_autolycum_ii_liv_2_superiorite_des_auteurs_sacres_sur_les_profanes_chap_37,Ad Aut. II 37 (English),Ad Aut. II 37,1,0.27,37. Ἤδη δὲ καὶ τῶν ποιητῶν τινες ὡσπερεὶ λόγια ἑαυτοῖς ἐξεῖπον ταῦτα καὶ εἰς μαρτύριον τοῖς τὰ ἄδικα πράσσουσι λέγοντες ὅτι μέλλουσιν κολάζεσθαι. Αἰσχύλος ἔφη ·   Δράσαντι γάρ τοι ,"37. Already some of the poets too have spoken these things as though as oracles to themselves and as testimony against those who practice injustice, saying that they are destined t"
4660c168-7f2f-4a0c-995e-c9d7c376477b,sc20_theophilus_ad_autolycum_iii_liv_3_sur_la_question_prealable_chap_18_en,sc20_theophilus_ad_autolycum_iii_liv_3_sur_la_question_prealable_chap_18,Ad Aut. III 18 (English),Ad Aut. III 18,1,0.46,"18. Πλάτων γὰρ, ὡς προειρήκαμεν, δηλώσας κατα-κλυσμὸν γεγενῆσθαι, ἔφη μὴ πάσης τῆς γῆς ἀλλὰ τῶν πεδίων μόνον γεγενῆσθαι, καὶ τοὺς διαφυγόντας ἐπὶ τοῖς ὑψηλοτά-τοις ὄρεσιν αὐτοὺς δι","18. For Plato, as we said before, declared that a flood had taken place, but said it was not of the whole earth but only of the plains, and that those who survived were saved on th"
90515f8a-ac09-442d-b10f-f574acbc9224,sc20_theophilus_ad_autolycum_iii_liv_3_sur_la_question_prealable_chap_19_en,sc20_theophilus_ad_autolycum_iii_liv_3_sur_la_question_prealable_chap_19,Ad Aut. III 19 (English),Ad Aut. III 19,1,0.41,"19. Ἀλλ' οὐδὲ δεύτερον κατακλυσμὸν γεγονέναι δηλοῖ, ἀλλὰ μὲν οὖν ἔφη μηκέτι τῷ κόσμῳ κατακλυσμὸν ὕδατος ἔσεσθαι, οἷον οὔτε γέγονεν οὔτε μὴν ἔσται. Ὄκτω δέ φησιν τὰς πάσας ψυχὰς ἀνθ","19. But our account does not even indicate a second flood having occurred; rather it says that there will no longer be a flood of water upon the world, such as has neither occurred"
917fa28a-1875-48c5-85c3-e63bad201af7,sc20_theophilus_ad_autolycum_iii_liv_3_sur_la_question_prealable_chap_13_en,sc20_theophilus_ad_autolycum_iii_liv_3_sur_la_question_prealable_chap_13,Ad Aut. III 13 (English),Ad Aut. III 13,1,0.35,"13. Καὶ περὶ σεμνότητος οὐ μόνον διδάσκει ἡμᾶς ὁ ἅγιος λόγος τὸ μὴ ἁμαρτάνειν ἔργῳ, ἀλλὰ καὶ μέχρις ἐννοίας, τὸ μηδὲ τῇ καρδίᾳ ἐννοηθῆναι περί τινος κακοῦ, ἢ θεασάμενον τοῖς ὀφθαλμ","13. And concerning moral seriousness, the holy word teaches us not only to avoid sinning in action, but even as far as thought—not even to conceive of any evil in the heart, nor, u"
6a6c63fd-844a-4c1e-a3a8-86d659903bd3,sc20_theophilus_ad_autolycum_iii_liv_3_sur_la_question_prealable_chap_15_en,sc20_theophilus_ad_autolycum_iii_liv_3_sur_la_question_prealable_chap_15,Ad Aut. III 15 (English),Ad Aut. III 15,1,0.61,"15. Σκόπει τοίνυν εἰ οἱ τὰ τοιαῦτα μανθάνοντες δύνανται ἀδιαφόρως ζῆν καὶ συμφύρεσθαι ταῖς ἀθεμίτοις μίξεσιν, ἢ τὸ ἀθεώτατον πάντων, σαρκῶν ἀνθρωπείων ἐφάπτεσθαι, ὅπου γε καὶ τὰς θ","15. Consider then whether those who learn such things are able to live indifferently and mingle in unlawful intercourse, or, most godless of all, to touch human flesh—especially si"
467089a8-f033-49f0-a929-98694433ae99,sc20_theophilus_ad_autolycum_iii_liv_3_sur_la_question_prealable_chap_16_en,sc20_theophilus_ad_autolycum_iii_liv_3_sur_la_question_prealable_chap_16,Ad Aut. III 16 (English),Ad Aut. III 16,1,0.61,"16. Θέλω δέ σοι καὶ τὰ τῶν χρόνων θεοῦ παρέχοντος νῦν ἀκριβέστερον ἐπιδεῖξαι, ἵνα ἐπιγνῷς ὅτι οὐ πρόσφατος οὐδὲ μυθώδης ἐστίν ὁ καθ' ἡμᾶς λόγος, ἀλλ' ἀρχαιότερος καὶ ἀληθέστερος ἁπ","16. I wish now to show you more precisely, as God grants, the chronological reckoning, so that you may recognize that our account is not recent or mythical, but older and truer tha"
90414286-3646-4e1c-8b5c-4339690022a8,sc20_theophilus_ad_autolycum_ii_liv_2_superiorite_des_auteurs_sacres_sur_les_profanes_chap_9_en,sc20_theophilus_ad_autolycum_ii_liv_2_superiorite_des_auteurs_sacres_sur_les_profanes_chap_9,Ad Aut. II 9 (English),Ad Aut. II 9,1,0.65,"9. Οἱ δὲ τοῦ θεοῦ ἄνθρωποι, πνευματόφοροι πνεύματος ἁγίου καὶ προφῆται γενόμενοι, ὑπ' αὐτοῦ τοῦ θεοῦ ἐμπνευσ-θέντες καὶ σοφισθέντες, ἐγένοντο θεοδίδακτοι καὶ ὅσιοι καὶ δίκαιοι. Διὸ","9. But God's men, who became bearers of the Holy Spirit and prophets, were themselves inspired and made wise by God himself, and so they became taught by God and holy and righteous"
04de35ed-f107-4fb1-89b8-35bc5123dc31,sc20_theophilus_ad_autolycum_iii_liv_3_sur_la_question_prealable_chap_23_en,sc20_theophilus_ad_autolycum_iii_liv_3_sur_la_question_prealable_chap_23,Ad Aut. III 23 (English),Ad Aut. III 23,1,0.56,"23. Τῆς μὲν οὖν Φοινίκων καὶ Αἰγυπτίων μαρτυρίας, ὡς ἱστορήκασιν περὶ τῶν καθ' ἡμᾶς χρόνων οἱ συγγράψαντες Μαναιθὼς ὁ Αἰγύπτιος καὶ ὁ Μένανδρος ὁ Ἐφέσιος, ἔτι δὲ καὶ Ἰώσηπος ὁ ἀναγ","23. As for the testimony of the Phoenicians and Egyptians, which the writers Manetho the Egyptian and Menander the Ephesian have recorded about the events of our chronology, as wel"
08125959-80d5-4f92-9074-455cadb6f7ea,sc20_theophilus_ad_autolycum_iii_liv_3_sur_la_question_prealable_chap_24_en,sc20_theophilus_ad_autolycum_iii_liv_3_sur_la_question_prealable_chap_24,Ad Aut. III 24 (English),Ad Aut. III 24,1,0.51,"24. Ἀδὰμ ἕως οὗ ἐτέκνωσεν ἔζησεν ἔτη σλʹ, υἱὸς δὲ τούτου Σὴθ ἔτη σεʹ, υἱὸς δὲ τούτου Ἐνῶς ἔτη ρϟʹ, υἱὸς δὲ τούτου Καϊνὰν ἔτη ροʹ, υἱὸς δὲ τούτου Μαλελεὴλ ἔτη ρξεʹ, υἱὸς δὲ τούτου Ἰ",24. Adam lived until he fathered children 230 years; his son Seth 205 years; his son Enos 190 years; his son Cainan 170 years; his son Mahalaleel 165 years; his son Jared 162 years
8c6cf7fb-492d-46e7-a97d-c192984a0f3d,sc20_theophilus_ad_autolycum_iii_liv_3_sur_la_question_prealable_chap_17_en,sc20_theophilus_ad_autolycum_iii_liv_3_sur_la_question_prealable_chap_17,Ad Aut. III 17 (English),Ad Aut. III 17,1,0.49,"17. Δεῖ οὖν μᾶλλον μαθητὴν γενέσθαι τῆς νομοθεσίας τοῦ θεοῦ, καθὼς καὶ αὐτὸς ὡμολόγηκεν ἄλλως μὴ δύνασθαι τὸ ἀκριβὲς μαθεῖν, ἐὰν μὴ ὁ θεὸς διδάξῃ διὰ τοῦ νόμου. Τί δέ ; Οὐχὶ καὶ οἱ","17. It is necessary therefore to become a pupil of God's law, even as Plato himself has acknowledged that he was unable to learn exact knowledge in any other way unless God should "
a1da992d-cd35-4485-b705-4edbb575fa73,sc20_theophilus_ad_autolycum_iii_liv_3_sur_la_question_prealable_chap_26_en,sc20_theophilus_ad_autolycum_iii_liv_3_sur_la_question_prealable_chap_26,Ad Aut. III 26 (English),Ad Aut. III 26,1,0.75,"26. Ἐντεῦθεν ὁρᾶν ἔστιν πῶς ἀρχαιότερα καὶ ἀληθέστερα δείκνυται τὰ ἱερὰ γράμματα τὰ καθ' ἡμᾶς εἶναι τῶν καθ'Ἕλληνας καὶ Αἰγυπτίους, ἢ εἰ καί τινας ἑτέρους ἱστοριο-γράφους. Ἤτοι γὰρ","26. From this it can be seen how the sacred writings that belong to us are demonstrated to be older and truer than those of the Greeks and Egyptians, or of any other historians. Fo"
3bd6d0b5-cc0a-4dfb-9b83-97ae4d648699,sc20_theophilus_ad_autolycum_iii_liv_3_sur_la_question_prealable_chap_27_en,sc20_theophilus_ad_autolycum_iii_liv_3_sur_la_question_prealable_chap_27,Ad Aut. III 27 (English),Ad Aut. III 27,1,0.76,"27. Κύρου οὖν βασιλεύσαντος ἔτεσιν τρίακοντα ὀκτὼ καὶ ἀναιρεθέντος ὑπὸ Τομύριδος ἐν Μασσαγετίᾳ, τότε οὔσης ὀλυμπιάδος ἑξηκοστῆς δευτέρας · ἔκτοτε ἤδη οἱ Ῥωμαῖοι ἐμεγαλύνοντο τοῦ θε","27. After Cyrus had reigned thirty-eight years and been killed by Tomyris in Massagetia, at the time when it was the sixty-second Olympiad; from that point the Romans were already "
8d7f1620-db3b-46f9-a45a-82da3d45c22d,sc20_theophilus_ad_autolycum_iii_liv_3_sur_la_question_prealable_chap_20_en,sc20_theophilus_ad_autolycum_iii_liv_3_sur_la_question_prealable_chap_20,Ad Aut. III 20 (English),Ad Aut. III 20,1,0.62,"20. Ὁ δὲ Μωσῆς ὁδηγήσας τοὺς Ἰουδαίους, ὡς ἔφθημεν εἰρηκέναι, ἐκβεβλημένους ἀπὸ γῆς Αἰγύπτου ὑπὸ βασιλέως Φαραώ, οὗ τοὔνομα Τέθμωσις, ὅς, φασίν, μετὰ τὴν ἐκβολὴν τοῦ λαοῦ ἐξασίλευσ","20. Now Moses, having led the Jews as we mentioned above—they had been expelled from the land of Egypt by King Pharaoh, whose name was Thethmosis, who, they say, reigned for twenty"
622f8d53-3d63-4f91-9a43-a0d7323e67d9,sc20_theophilus_ad_autolycum_iii_liv_3_sur_la_question_prealable_chap_29_en,sc20_theophilus_ad_autolycum_iii_liv_3_sur_la_question_prealable_chap_29,Ad Aut. III 29 (English),Ad Aut. III 29,1,0.79,"29. Τῶν οὖν χρόνων καὶ τῶν εἰρημένων ἁπάντων συνη-θροισμένων, ὁρᾶν ἔστιν τὴν ἀρχαιότητα τῶν προφητικῶν γραμμάτων καὶ τὴν θειότητα τοῦ παρ' ἡμῖν λόγου, ὅτι οὐ πρόσφατος ὁ λόγος, οὔτ","29. When, therefore, all the times and all the things spoken of are summed together, one can see the antiquity of the prophetic writings and the divinity of the word we hold—that t"
e33d8052-a2ef-4e6f-ab87-2380c7afae1d,sc20_theophilus_ad_autolycum_iii_liv_3_sur_la_question_prealable_chap_2_en,sc20_theophilus_ad_autolycum_iii_liv_3_sur_la_question_prealable_chap_2,Ad Aut. III 2 (English),Ad Aut. III 2,1,0.67,"2. Ἐχρῆν γὰρ τοὺς συγγράφοντας αὐτοὺς αὐτόπτας γεγενῆσθαι περὶ ὦν διαβεβαιοῦνται, ἢ ἀκριβῶς μεμαθηκέναι ὑπὸ τῶν τεθεαμένων αὐτά. Τρόπῳ γάρ τινι οἱ τὰ ἄδηλα συγγράφοντες ἀέρα δέρουσ","2. For those who write ought themselves to have been eyewitnesses of what they assert, or to have learned accurately from those who saw these things. For writers who write about un"
2111aefe-ead2-42f6-ade7-9a3afcb3cde0,sc20_theophilus_ad_autolycum_iii_liv_3_sur_la_question_prealable_chap_3_en,sc20_theophilus_ad_autolycum_iii_liv_3_sur_la_question_prealable_chap_3,Ad Aut. III 3 (English),Ad Aut. III 3,1,0.52,"3. Δόξης γὰρ κενῆς καὶ ματαίου πάντες οὗτοι ἐρασθέντες οὔτε αὐτοὶ τό ἀληθὲς ἔγνωσαν οὔτε μὴν ἄλλους ἐπὶ τὴν ἀλήθειαν προετρέψαντο. Καὶ γὰρ ἃ ἔφασαν αὐτὰ ἐλέγχει αὐτούς, ᾖ ἀσύμφωνα ","3. For all these men, enamored of empty and vain glory, neither themselves knew the truth nor did they urge others toward the truth. For the very things they said convict them in t"
73a4b3cd-c8a5-485f-9b0d-bbcba0461ede,sc20_theophilus_ad_autolycum_ii_liv_2_superiorite_des_auteurs_sacres_sur_les_profanes_chap_7_en,sc20_theophilus_ad_autolycum_ii_liv_2_superiorite_des_auteurs_sacres_sur_les_profanes_chap_7,Ad Aut. II 7 (English),Ad Aut. II 7,1,0.3,"7. Τί δέ μοι λέγειν τοὺς κατὰ Ἕλληνας μύθους καὶ τὴν ἐν αὐτοῖς ματαιοπονίαν, Πλούτωνα μὲν σκότους βασιλεύοντα, καὶ Ποσειδῶνα ὑπὸ πόντον δύνοντα καὶ τῇ Μελανίππῃ περιπλεκόμενον καὶ ","7. Why should I speak of the myths among the Greeks and the futile labor in them—Pluto reigning over darkness, and Poseidon diving beneath the sea and coupling with Melanippe and b"
a2f94838-13fd-45fe-ac5c-1282794a1094,sc20_theophilus_ad_autolycum_iii_liv_3_sur_la_question_prealable_chap_7_en,sc20_theophilus_ad_autolycum_iii_liv_3_sur_la_question_prealable_chap_7,Ad Aut. III 7 (English),Ad Aut. III 7,1,0.53,"7. Θεοὺς γὰρ φήσαντες εἶναι πάλιν εἰς οὐδὲν αὐτοὺς ἡγήσαντο. Οἱ μὲν γὰρ ἐξ ἀτόμων αὐτοὺς ἔφασαν συνεστάναι, οἱ δ' αὖ χωρεῖν εἰς ἀτόμους, καὶ μηδὲν πλεῖον ἀνθρώπων δύνασθαι τοὺς θεο","7. For having asserted that gods exist, they thereupon held them to be of no account. Some said that the gods were composed of atoms; others again said they dissolve into atoms, an"
0d3309ce-b19a-4489-a0d5-0cae23f0f038,sc20_theophilus_ad_autolycum_iii_liv_3_sur_la_question_prealable_chap_8_en,sc20_theophilus_ad_autolycum_iii_liv_3_sur_la_question_prealable_chap_8,Ad Aut. III 8 (English),Ad Aut. III 8,1,0.7,"8. Ἀρνούμενοι γὰρ θεοὺς εἶναι πάλιν ὁμολογοῦσιν αὐτοί, καὶ τούτους πράξεις ἀθέσμους ἐπιτελεῖν ἔφασαν. Καὶ πρώτου γε Διὸς οἱ ποιηταὶ εὐφωνότερον ᾄδουσιν τὰς χαλεπὰς πράξεις. Χρύσιππ","8. For though they deny that gods exist, they themselves simultaneously acknowledge them, and they declared that these gods perform unlawful acts. Concerning Zeus in particular, th"
a7030079-0b78-4b46-ac9c-212f72b61e6d,sc20_theophilus_ad_autolycum_iii_liv_3_sur_la_question_prealable_chap_9_en,sc20_theophilus_ad_autolycum_iii_liv_3_sur_la_question_prealable_chap_9,Ad Aut. III 9 (English),Ad Aut. III 9,1,0.49,"9. Ἡμεῖς δὲ καὶ θεὸν ὁμολογοῦμεν, ἀλλ' ἕνα, τὸν κτίστην καὶ ποιητὴν καὶ δημιουργὸν τοῦδε τοῦ παντὸς κόσμους, καὶ προνοίᾳ τὰ πάντα διοικεῖσθαι ἐπιστάμεθα, ἀλλ' ὑπ' αὐτοῦ μόνον, καὶ ","9. We too acknowledge God — but one God, the founder, maker, and demiurge of this entire universe. We know that all things are administered by Providence, but by him alone. We have"
7e7043fb-3272-4d1e-a75d-d447e0afe71f,sc268_origenes_peri_archon_iv_chap2_en,sc268_origenes_peri_archon_iv_chap2,De Princ. IV 2 (English),De Princ. IV 2,1,0.83,"βʹ. 1 (8). Μετὰ τὸ ὡς ἐν ἐπιδρομῇ εἰρηκέναι περὶ τοῦθεοπνεύστους εἶναι τὰς θείας γραφάς, ἀναγκαῖον ἐπεξελθεῖντῷ τρόπῳ τῆς ἀναγνώσεως καὶ νοήσεως αὐτῶν, πλείστωνἁμαρτημάτων γεγενημέ","Chapter 2, §1 (8). After having spoken in summary fashion about the divine inspiration of Holy Scripture, it is necessary to proceed to the manner of its reading and understanding,"
0a4f6626-c2d0-4b03-822d-3508c81366d2,sc379_athenagoras_legatio_chap10_en,sc379_athenagoras_legatio_chap10,"Athenag., Leg. 10 (English)","Athenag., Leg. 10",1,0.75,"X 1. Tὸ μὲν οὖν ἄθεοι μὴ εἶναι, ἕνα τὸν ἀγέννητον καὶ ἀίδιον | καὶ ἀόρατον καὶ ἀπαθῆ καὶ ἀκατάληπτον καὶ ἀχώρητον, νῷ μόνῳ καὶ λόγῳ καταλαμβανόμενον, φωτὶ καὶ κάλλει καὶ πνεύματι κ","X 1. That we are not atheists — in that we acknowledge as God the one who is uncreated, eternal, invisible, impassible, incomprehensible, and illimitable, apprehensible by mind and"
c99f0c0a-ecb4-4d30-9c56-405f92a5c1af,sc20_theophilus_ad_autolycum_iii_liv_3_sur_la_question_prealable_chap_22_en,sc20_theophilus_ad_autolycum_iii_liv_3_sur_la_question_prealable_chap_22,Ad Aut. III 22 (English),Ad Aut. III 22,1,0.2,"22. Ἀλλὰ καὶ περὶ τοῦ ναοῦ τῆς οἰκοδομῆς τοῦ ἐν τῇ Ἰουδαίᾳ, ὅν ᾠκοδόμησεν ὁ βασιλεὺς Σολομὼν μετὰ ἔτη πεντακόσια ἑξήκοντα ἕξ τῆς Αἰγύπτου ἐξοδίας τῶν Ἰουδαίων, παρὰ Τυρίοις ἀναγέγρ","22. Also concerning the construction of the temple in Judea, which King Solomon built five hundred and sixty-six years after the Exodus from Egypt of the Jews, it has been recorded"
47aafdc1-6723-4ed5-ae57-513f4edb200d,sc20_theophilus_ad_autolycum_iii_liv_3_sur_la_question_prealable_chap_21_en,sc20_theophilus_ad_autolycum_iii_liv_3_sur_la_question_prealable_chap_21,Ad Aut. III 21 (English),Ad Aut. III 21,1,0.69,"21. Μαναιθὼς δὲ ὁ κατ' Αἰγυπτίους πολλὰ φλυαρήσας, ἔτι μὴν καὶ βλάσφημα εἰπὼν εἴς τε Μωσέα καὶ τοὺς σὺν αὐτῷ Ἑβραίους, ὡς δήθεν διὰ λέπραν ἐκβληθέντας ἐκ τῆς Αἰγύπτου, οὐχ εὗρεν τὸ","21. Now Manetho, who talked a great deal of nonsense about Egypt and moreover said blasphemous things against Moses and the Hebrews who were with him—as though they were expelled f"
e3ca9582-26df-4198-9d24-3448de361369,sc20_theophilus_ad_autolycum_iii_liv_3_sur_la_question_prealable_chap_6_en,sc20_theophilus_ad_autolycum_iii_liv_3_sur_la_question_prealable_chap_6,Ad Aut. III 6 (English),Ad Aut. III 6,1,0.72,"6. Καὶ γὰρ περὶ ἀθέσμου πράξεως σχεδὸν πᾶσιν συμπε-φώνηκεν τοῖς περὶ τὸν χορὸν τῆς φιλοσοφίας πεπλανημένοις. Καὶ πρῶτός γε Πλάτων, ὁ δοκῶν ἐν αὐτοῖς σεμνότερον πεφιλοσοφηκέναι, δια","6. Indeed concerning unlawful conduct, almost all those who wander about in the chorus of philosophy have come to agreement. First of all, Plato — who is thought among them to have"
953b7786-d3bd-490b-8338-9d290cd68e41,sc379_athenagoras_legatio_chap12_en,sc379_athenagoras_legatio_chap12,"Athenag., Leg. 12 (English)","Athenag., Leg. 12",1,0.76,"XII 1. Ἆρα τοίνυν, εἰ μὴ ἐφεστηκέναι θεὸν τῷ τῶν ἀνθρώπων γένει ἐνομίζομεν, οὕτως ἂν ἑαυτοὺς ἐξεκαθαίρο-μεν ; Οὐκ ἔστιν εἰπεῖν, ἀλλ' ἐπεὶ πεπείσμεθα ὑφέξειν παντὸς τοῦ ἐνταῦθα βίου","XII 1. Would we, then, purify ourselves in such a way if we did not believe that God presides over the human race? It cannot be said that we would. But since we are persuaded that "
8fd86363-6ba7-48e4-affa-324528d51f12,sc379_athenagoras_legatio_chap13_en,sc379_athenagoras_legatio_chap13,"Athenag., Leg. 13 (English)","Athenag., Leg. 13",1,0.83,"XIII 1. Ἐπεὶ δὲ οἱ πολλοὶ τῶν ἐπικαλούντων ἡμῖν τὴν ἀθεότητα οὐδ' ὄναρ τί ἐστι θεὸν ἐγνωκότες, ἀμαθεῖς καὶ ἀθεώρητοι ὄντες τοῦ φυσικοῦ καὶ τοῦ θεολογικοῦ λόγου, μετροῦντες τὴν εὐσέ",XIII 1. Since the great majority of those who charge us with atheism have not even a dream of what God is — being ignorant and without understanding of natural philosophy and theol
e69c30a9-dbe7-4e73-b265-c10f38cbd21c,sc20_theophilus_ad_autolycum_ii_liv_2_superiorite_des_auteurs_sacres_sur_les_profanes_chap_35_en,sc20_theophilus_ad_autolycum_ii_liv_2_superiorite_des_auteurs_sacres_sur_les_profanes_chap_35,Ad Aut. II 35 (English),Ad Aut. II 35,1,0.45,"35. Ὁ μὲν οὖν θεῖος νόμος οὐ μόνον κωλύει τὸ εἰδώλοις προσκυνεῖν, ἀλλὰ καὶ τοῖς στοιχείοις, ἡλίῳ σελήνῃ ἢ τοῖς λοιποῖς ἄστροις, ἀλλ' οὔτε τῷ οὐρανῷ οὔτε γῇ οὔτε θαλάσσῃ ἢ πηγαῖς, ἢ","35. Now the divine law not only forbids bowing down to idols, but also worshipping the elements—sun, moon, or the other stars—nor heaven nor earth nor the sea nor springs nor river"
5e2caa17-721c-4702-8188-47cad24d0ab9,sc379_athenagoras_legatio_chap14_en,sc379_athenagoras_legatio_chap14,"Athenag., Leg. 14 (English)","Athenag., Leg. 14",1,0.69,"XIV 1. Ὁ δὲ περὶ τοῦ μὴ προσιέναι καὶ τοὺς αὐτοὺς ταῖς πόλεσιν θεοὺς ἄγειν πάνυ αὐτοῖς εὐήθης λόγος · ἀλλ' οὐδὲ οἱ ἡμῖν ἐπικαλοῦντες ἀθεότητα, ἐπεὶ μὴ τοὺς αὐτοὺς οἷς ἴσασι νομίζομ",XIV 1. The argument that we do not honor the same gods as the cities is quite foolish on their part. For not even those who charge us with atheism because we do not worship the god
c43025cd-51df-413f-b07a-f06cab7a11fb,sc379_athenagoras_legatio_chap16_en,sc379_athenagoras_legatio_chap16,"Athenag., Leg. 16 (English)","Athenag., Leg. 16",1,0.72,"XVI 1. Καλὸς μὲν γὰρ ὁ κόσμος καὶ τῷ μεγέθει περιέχων καὶ τῇ διαθέσει τῶν τε ἐν τῷ λοξῷ κύκλῳ καὶ τῶν περὶ τὴν ἄρκτον καὶ τῷ σχήματι σφαιρικῷ ὄντι · ἀλλ' οὐ τοῦτον, ἀλλὰ τὸν τεχνίτ","XVI 1. The cosmos is indeed beautiful, both in its vast extent and in the arrangement of its components — those in the oblique circle and those around the north — and in its spheri"
4684fe50-5af4-4ce2-8316-db926d2ff6fe,sc379_athenagoras_legatio_chap1_en,sc379_athenagoras_legatio_chap1,"Athenag., Leg. 1 (English)","Athenag., Leg. 1",1,0.61,"I 1. Ἡ ὑμετέρα, μεγάλοι βασιλέων, οἰκουμένη ἄλλος ἄλλοις ἔθεσι χρῶνται καὶ νόμοις, καὶ οὐδεὶς αὐτῶν νόμῳ καὶ φόβῳ δίκης, κἂν γελοῖα ᾖ, μὴ στέργειν τὰ πάτρια εἴργεται, ἀλλ' ὁ μὲν Ἰλ","I 1. In your empire, great emperors, different peoples use different customs and laws, and no one is prevented by law and fear of justice from maintaining ancestral practices, howe"
dc838cb5-1aa9-4de0-ba3b-9fa4fe3ff350,sc379_athenagoras_legatio_chap20_en,sc379_athenagoras_legatio_chap20,"Athenag., Leg. 20 (English)","Athenag., Leg. 20",1,0.74,"XX 1. Εἰ μὲν οὖν μέχρι τοῦ φῆσαι γεγονέναι τοὺς θεοὺς καὶ ἐξ ὕδατος τὴν σύστασιν ἔχειν τὸ ἀπίθανον ἦν αὐτοῖς τῆς θεολογίας, ἐπιδεδειχὼς ὅτι οὐδὲν γεννητὸν ὃ οὐ καὶ διαλυτόν, ἐπὶ τὰ","XX 1. If the implausibility of their theology were limited to merely asserting that the gods came into being and that their substance derived from water, I would have moved on — ha"
cfe0ab00-ae45-4916-8da1-1f5d04bdf0aa,sc379_athenagoras_legatio_chap11_en,sc379_athenagoras_legatio_chap11,"Athenag., Leg. 11 (English)","Athenag., Leg. 11",1,0.44,"XI 1. Εἰ δὲ ἀκριβῶς διέξειμι τὸν καθ' ἡμᾶς λόγον, μὴ θαυμάσητε · ἵνα γὰρ μὴ τῇ κοινῇ καὶ ἀλόγῳ συναποφέρησθε γνώμῃ, ἔχητε δὲ τἀληθὲς εἰδέναι, ἀκριβολογοῦμαι · ἐπεὶ καὶ δι' αὐτῶν δο","XI 1. If I set forth our teaching precisely, do not be surprised; for in order that you may not be swept away by the common and unreasoning opinion, but may have the capacity to kn"
63ea0634-65ea-4d9c-9227-66728d558891,sc379_athenagoras_legatio_chap22_en,sc379_athenagoras_legatio_chap22,"Athenag., Leg. 22 (English)","Athenag., Leg. 22",1,0.45,"XXII 1. Ἀλλὰ ταῦτα μὲν ἴσως πλάνη ποιητική, φυσικὸς δέ τις ἐπ' αὐτοῖς καὶ τοιοῦτος λόγος · « Ζεύς ἀργής », ὥς φησιν Ἐμπεδοκλῆς, « Ἥρη τε φερέσβιος ἠδ' Ἀϊδωνεύς · Νῆστίς θ' ἣ δακρύο","XXII 1. But perhaps, one might say, these are poetic fictions; yet there is also a physical and naturalistic interpretation applied to them: 'Zeus of the white lightning,' as Emped"
956181a9-889b-42b9-88ff-507a082d862c,sc379_athenagoras_legatio_chap21_en,sc379_athenagoras_legatio_chap21,"Athenag., Leg. 21 (English)","Athenag., Leg. 21",1,0.71,"XXI 1. Καίτοι εἰ σαρκοειδεῖς μόνον ἔλεγον αὐτοὺς καὶ αἷμα ἔχειν καὶ σπέρμα καὶ πάθη ὀργῆς καὶ ἐπιθυμίας, καὶ τότε ἔδει λῆρον καὶ γέλωτα λόγους τούτους νομίζειν · οὔτε γὰρ ὀργὴ οὔτε","XXI 1. Yet even if they merely said the gods were flesh-like and had blood, seed, and passions of anger and desire, one ought even then to regard these words as folly and mockery; "
9e3034dc-c17e-43d2-9e68-0113217ae4fc,sc379_athenagoras_legatio_chap23_en,sc379_athenagoras_legatio_chap23,"Athenag., Leg. 23 (English)","Athenag., Leg. 23",1,0.72,"XXIII 1. Εἴποιτε ἂν οὖν συνέσει πάντας ὑπερέχοντες · τίνι οὖν τῷ λόγῳ ἔνια τῶν εἰδώλων ἐνεργεῖ, εἰ μὴ εἰσὶν θεοί, ἐφ' οἷς ἱδρυόμεθα τὰ ἀγάλματα ; Οὐ γὰρ εἰκὸς τὰς ἀψύχους καὶ ἀκινή","XXIII 1. You might then object — for you surpass all in understanding — by asking: for what reason then do some of the idols perform real effects, if the gods in whose honor the st"
a9969604-4a1c-4d06-a5d7-1b09ac387f6c,sc379_athenagoras_legatio_chap24_en,sc379_athenagoras_legatio_chap24,"Athenag., Leg. 24 (English)","Athenag., Leg. 24",1,0.71,"XXIV 1. Τί δὲ δεῖ πρὸς ὑμᾶς πάντα λόγον κεκινηκότας ἢ ποιητῶν μνημονεύειν ἢ καὶ ἑτέρας δόξας ἐξετάζειν, τοσοῦ-τον εἰπεῖν ἔχοντι · εἰ καὶ μὴ ποιηταὶ καὶ φιλόσοφοι ἕνα μὲν εἶναι ἐπεγ","XXIV 1. But what need is there, when speaking before you who have set every argument in motion, to recall what poets have said or to examine other opinions, when there is this much"
599297f8-4e83-4e1b-86fa-9fc4f44dbb26,sc379_athenagoras_legatio_chap25_en,sc379_athenagoras_legatio_chap25,"Athenag., Leg. 25 (English)","Athenag., Leg. 25",1,0.32,"XXV 1. Οὗτοι τοίνυν οἱ ἄγγελοι οἱ ἐκπεσόντες τῶν οὐρανῶν, περὶ τὸν ἀέρα ἔχοντες καὶ τὴν γῆν, οὐκέτι εἰς τὰ ὑπερουρά-νια ὑπερκύψαι δυνάμενοι, καὶ αἱ τῶν γιγάντων ψυχαὶ οἱ περὶ τὸν κ","XXV 1. These angels, then, who fell from heaven and now haunt the air and the earth, no longer able to look up toward the heavenly realm, and the souls of the Giants — these are th"
ca6e3c97-bb88-4d80-8fec-f523656ccfdc,sc379_athenagoras_legatio_chap26_en,sc379_athenagoras_legatio_chap26,"Athenag., Leg. 26 (English)","Athenag., Leg. 26",1,0.73,"XXVI 1. Καὶ οἱ μὲν περὶ τὰ εἴδωλα αὐτοὺς ἕλκοντες οἱ δαίμονές εἰσιν οἱ προειρημένοι, οἱ προστετηκότες τῷ ἀπὸ τῶν ἱερείων αἵματι καὶ ταῦτα περιλιχμώμενοι · οἱ δὲ τοῖς πολλοῖς ἀρέσκο","XXVI 1. Those who draw people toward the idols are the aforementioned daemons, who are attached to the blood of the sacrificial victims and lick around them. But the gods who are p"
1e6b02f5-298e-4466-b88b-312f31dfc754,sc379_athenagoras_legatio_chap27_en,sc379_athenagoras_legatio_chap27,"Athenag., Leg. 27 (English)","Athenag., Leg. 27",1,0.74,"XXVII 1. Τί οὖν ; Πρῶτα μὲν αἱ τῆς ψυχῆς ἄλογοι καὶ ἰνδαλματώδεις περὶ τὰς δόξας κινήσεις ἄλλοτ' ἄλλα εἴδωλα τὰ μὲν ἀπὸ τῆν ὕλης ἔλκουσι, τὰ δὲ αὑταῖς ἀναπλάττουσιν καὶ κυοῦσιν. Πά","XXVII 1. What then? First, the irrational and image-forming movements of the soul, concerned with opinions, sometimes attract images from matter and sometimes fashion and conceive "
2d1fd690-a168-4b67-95b8-0c9b01928ad1,sc379_athenagoras_legatio_chap29_en,sc379_athenagoras_legatio_chap29,"Athenag., Leg. 29 (English)","Athenag., Leg. 29",1,0.24,"XXIX 1. Αλλὰ καὶ Ἑλλήνων οἱ περὶ ποίησιν καὶ ἱστορίαν σοφοὶ περὶ μὲν Ἡρακλέους · σχέτλιος, οὐδὲ θεῶν ὄπιν ᾐδέσατ' οὐδὲ τράπεζαν τὴν ἣν οἱ παρέθηκεν · ἔπειτα δὲ πέφνε καὶ αὐτόν, Ἴφι","XXIX 1. And the learned Greeks in poetry and history concerning Heracles: 'Wretch, he felt no shame before the gods nor before the table which his host had set for him; and then he"
cd6c79c6-ef14-4d3f-8a78-72500a3c5832,sc379_athenagoras_legatio_chap2_en,sc379_athenagoras_legatio_chap2,"Athenag., Leg. 2 (English)","Athenag., Leg. 2",1,0.73,"II 1. Καὶ εἰ μέν τις ἡμᾶς ἐλέγχειν ἔχει ἢ μικρὸν ἢ μεῖζον ἀδικοῦντας, κο|λάζεσθαι οὐ παραιτούμεθα, ἀλλὰ καὶ ἥτις πικροτάτη καὶ ἀνηλεὴς τιμωρία, ὑπέχειν ἀξιοῦμεν · εἰ δὲ μέχρις ὀνόμ","II 1. If anyone is able to convict us of wrongdoing, whether small or great, we do not beg off from punishment, but we think it right to submit even to the most bitter and pitiless"
3252af0d-d94f-4512-926a-6db7c8ba82c4,sc379_athenagoras_legatio_chap30_en,sc379_athenagoras_legatio_chap30,"Athenag., Leg. 30 (English)","Athenag., Leg. 30",1,0.56,"XXX 1. Εἰ γὰρ καὶ ὡς ἀπόπτυστοι καὶ θεοστυγεῖς δόξαν ἔσχον εἶναι θεοὶ καὶ ἡ θυγάτηρ τῆς Δερκετοῦς Σεμίραμις, λάγνος γυνὴ καὶ μιαιφόνος, ἔδοξε Συρία θεὸς καὶ διὰ τὴν Δερκετὼ <τοὺς ἰ","XXX 1. For even if Semiramis, the daughter of Derceto — a lustful and bloodthirsty woman — was deemed a Syrian goddess, reprehensible and hated by the gods, and if because of Derce"
acfc895a-7ec0-4015-9959-41b9f5476480,sc379_athenagoras_legatio_chap17_en,sc379_athenagoras_legatio_chap17,"Athenag., Leg. 17 (English)","Athenag., Leg. 17",1,0.56,"ΧVΙΙ 1. Σκέψασθε δέ μοι διὰ βραχέων - ἀνάγκη δὲ ἀπολο-γούμενον ἀκριβεστέρους παρέχειν τοὺς λογισμοὺς καὶ περὶ τῶν ὀνομάτων, ὅτι νεώτερα, καὶ περὶ τῶν εἰκόνων, ὅτι χθὲς καὶ πρῴην γε","XVII 1. But consider briefly with me — for in making a defense it is necessary to furnish more careful arguments, both about the names, which are recent, and about the images, whic"
247c3bb8-f528-455f-be1e-22316e22e31d,sc379_athenagoras_legatio_chap31_en,sc379_athenagoras_legatio_chap31,"Athenag., Leg. 31 (English)","Athenag., Leg. 31",1,0.59,"XXXI 1. Ἔτι δὲ καὶ τροφὰς καὶ μίξεις λογοποιοῦσιν ἀθέους καθ' ἡμῶν, ἵνα τε μισεῖν νομίζοιεν μετὰ λόγου καὶ οἰόμενοι τῷ δεδίττεσθαι ἢ τῆς ἐνστάσεως ἀπάξειν ἡμᾶς τοῦ βίου ἢ πικροὺς κ","XXXI 1. In addition, they fabricate against us impious stories about feasts and sexual unions, so that they may have what they think a reasonable ground for hatred and — by intimid"
5549c5a4-9923-4052-816f-6f3600d615a2,sc379_athenagoras_legatio_chap19_en,sc379_athenagoras_legatio_chap19,"Athenag., Leg. 19 (English)","Athenag., Leg. 19",1,0.71,"XIX 1. Αὕτη ἀρχὴ γενέσεως περὶ τοὺς κατ' αὐτοὺς θεούς τε καὶ τὸ πᾶν. Τί ἐκεῖνο τοίνυν ; Ἕκαστον γὰρ τῶν τεθεολογη-μένων ὡς τὴν ἀρχὴν <ἔχον, φθαρτ>ὸν εἶναι <δεῖ>. Εἰ γὰρ γεγόνασιν ο","XIX 1. Such is the origin of the coming-into-being of the gods they acknowledge and of the universe. What follows from this? Each of those who have been theologized must, as having"
ad4d715c-d233-4ab7-ae5a-efb81f7bfb1a,sc379_athenagoras_legatio_chap33_en,sc379_athenagoras_legatio_chap33,"Athenag., Leg. 33 (English)","Athenag., Leg. 33",1,0.71,"XXXIII 1. Ἐλπίδα οὖν ζωῆς αἰωνίου ἔχοντες, τῶν ἐν τούτῳ τῷ βίῳ καταφρονοῦμεν μέχρι καὶ τῶν τῆς ψυχῆς ἡδέων, γυναῖκα μὲν ἕκαστος ἡμῶν ἣν ἠγάγετο κατὰ τοὺς ὑφ' ἡμῶν τεθειμένους νόμου","XXXIII 1. Having hope, therefore, of eternal life, we despise the things of this life, even including the pleasures of the soul; each of us regards as his wife only the woman he ha"
36cdc10e-b96f-4543-bcd4-d4d28a3377f0,sc379_athenagoras_legatio_chap34_en,sc379_athenagoras_legatio_chap34,"Athenag., Leg. 34 (English)","Athenag., Leg. 34",1,0.58,XXXIV 1. Ἀλλ' οἱ τοιοῦτοι - ὢ τί ἂν εἴποιμι τὰ ἀπόρρητα ; -ἀκούομεν τὰ τῆς παροιμίας « ἡ πόρνη τὴν σώφρονα ».  2. Οἱ γὰρ ἀγορὰν στήσαντες πορνείας καὶ καταγωγὰς ἀθέσμους πεποιημένο,"XXXIV 1. But such people — oh, what shall I say of their shameful secrets! — we hear the proverb: 'the harlot reproaches the chaste woman.' 2. For those who have established a mark"
68b6d0c6-fe8c-43e2-b818-30715ce2e3cd,sc379_athenagoras_legatio_chap3_en,sc379_athenagoras_legatio_chap3,"Athenag., Leg. 3 (English)","Athenag., Leg. 3",1,0.64,"III 1. Τρία ἐπιφημίζουσιν ἡμῖν ἐγκλήματα, ἀθεότητα, Θυέστεια δεῖπνα, Οἰδιποδείους μίξεις. Ἀλλὰ εἰ μὲν ἀληθῆ ταῦτα, μηδενὸς γένους φείσησθε, ἐπεξέλθετε δὲ τοῖς ἀδική-μασι, σὺν γυναι","III 1. Three charges are brought against us: atheism, Thyestean feasts, and Oedipal intercourse. But if these things are true, spare no class of persons; prosecute the crimes; exte"
784f82de-15e6-44c3-bbc7-8d299a6774d9,sc268_origenes_peri_archon_iv_chap3_en,sc268_origenes_peri_archon_iv_chap3,De Princ. IV 3 (English),De Princ. IV 3,1,0.78,γʹ. 1 (17 [16]). Τίς γοῦν νοῦν ἔχων οἰήσεται πρώτην καὶδευτέραν καὶ τρίτην ἡμέραν ἑσπέραν τε καὶ πρωΐαν χωρὶςἡλίου γεγονέναι καὶ σελήνης καὶ ἀστέρων ; Τὴν δὲ οἱονεὶπρώτην καὶ χωρὶς,"Chapter 3, §1 (17 [16]). What person of sound mind would suppose that a first, second, and third day, along with evening and morning, came into being without sun, moon, and stars? "
d53ef834-b9ec-486d-b2f2-b96d6b759827,sc379_athenagoras_legatio_chap5_en,sc379_athenagoras_legatio_chap5,"Athenag., Leg. 5 (English)","Athenag., Leg. 5",1,0.77,"V 1. Καὶ ποιηταὶ μὲν καὶ φιλόσοφοι οὐκ ἔδοξαν ἄθεοι, ἐπιστήσαντες περὶ θεοῦ. Ὁ μὲν Εὐριπίδης ἐπὶ μὲν τῶν κατὰ κοινὴν πρόληψιν ἀνεπιστημόνως ὀνομαζομένων θεῶν δια-πορῶν · ὤφειλε δ' ","V 1. And poets and philosophers were not considered atheists for reflecting about God. Euripides, perplexed about the gods called by that name according to the common preconception"
68e08e15-f28e-43dc-87a1-ec25d88c2685,sc20_theophilus_ad_autolycum_iii_liv_3_sur_la_question_prealable_chap_30_en,sc20_theophilus_ad_autolycum_iii_liv_3_sur_la_question_prealable_chap_30,Ad Aut. III 30 (English),Ad Aut. III 30,1,0.72,"30. Τῶν δὲ τῆς ἀληθείας ἱστοριῶν Ἕλληνες οὐ μέμνηνται, πρῶτον μὲν διὰ τὸ νεωστὶ αὐτοὺς τῶν γραμμάτων τῆς ἐμπειρίας μετόχους γεγενῆσθαι καὶ αὐτοὶ ὁμολογοῦσιν φάσκοντες τὰ γράμματα ε","30. The Greeks do not mention the true historical accounts, first because they themselves have only recently come to share in the knowledge of letters—they themselves admit this, s"
f9805773-3ceb-4696-8229-0cf5b948f0ed,sc379_athenagoras_legatio_chap4_en,sc379_athenagoras_legatio_chap4,"Athenag., Leg. 4 (English)","Athenag., Leg. 4",1,0.56,"IV 1. Ὅτι μὲν οὖν οὐκ ἐσμὲν ἄθεοι - πρὸς ἓν ἕκαστον ἀπαντήσω τῶν ἐγκλημάτων -, μὴ καὶ γελοῖον ᾖ τοὺς λέγοντας [μὴ] ἐλέγχειν. Διαγόρᾳ μὲν γὰρ εἰκότως ἀθεότητα ἐπεκάλουν Ἀθηναῖοι, μὴ",IV 1. That we are not atheists — I shall respond to each charge in turn — let me demonstrate without making myself ridiculous in the process. The Athenians were right to charge Dia
1aca20b1-0cb5-44f4-aaca-1d7f047469d0,sc379_athenagoras_legatio_chap6_en,sc379_athenagoras_legatio_chap6,"Athenag., Leg. 6 (English)","Athenag., Leg. 6",1,0.58,"VI 1. Καὶ Φιλόλαος δὲ ὥσπερ ἐν φρουρᾷ πάντα ὑπὸ τοῦ θεοῦ περιειλῆφθαι λέγων, καὶ τὸ ἕνα εἶναι καὶ τὸ ἀνωτέρω τῆς ὕλης δεικνύει. Λῦσις δὲ καὶ Ὄψιμος ὁ μὲν ἀριθμὸν ἄρρητον ὁρίζεται τ","VI 1. And Philolaus, saying that all things are encompassed by God as if in a prison, also shows that God is one and superior to matter. Lysis and Opsimus define God differently: t"
584dc259-fc8c-4fa7-93bb-cb09063f4f05,sc379_athenagoras_legatio_chap7_en,sc379_athenagoras_legatio_chap7,"Athenag., Leg. 7 (English)","Athenag., Leg. 7",1,0.77,"VII 1. Ὅταν οὖν τὸ μὲν εἶναι ἓν τὸ θεῖον ὡς ἐπὶ τὸ πλεῖστον, κἂν μὴ θέλωσι, τοῖς πᾶσι συμφωνῆται ἐπὶ τὰς ἀρχὰς τῶν ὅλων παραγινομένοις, ἡμεῖς δὲ κρατύνωμεν τὸν διακοσ-μήσαντα τὸ πᾶ","VII 1. When therefore the unity of the divine is, for the most part — even though they may not wish it — agreed upon by all who come to the first principles of the universe, and we"
08237408-2308-41bb-a3df-73b69b005c7c,sc379_athenagoras_legatio_chap32_en,sc379_athenagoras_legatio_chap32,"Athenag., Leg. 32 (English)","Athenag., Leg. 32",1,0.73,"XXXII 1. Τοὺς μὲν οὖν θαυμαστὸν οὐδὲν λογοποιεῖν περὶ ἡμῶν ἃ περὶ τῶν σφετέρων λέγουσι θεῶν - καὶ <γὰρ> τὰ πάθη αὐτῶν δεικνύουσι μυστήρια · χρῆν δ' αὐτούς, εἰ δεινὸν τὸ ἐπ'ἀδείας κ","XXXII 1. It is no wonder, therefore, that these people fabricate about us the same things they say about their own gods — for they display their passions as mysteries. But if they "
2085d231-514d-41a7-bca4-245943734621,sc379_athenagoras_legatio_chap36_en,sc379_athenagoras_legatio_chap36,"Athenag., Leg. 36 (English)","Athenag., Leg. 36",1,0.75,XXXVI 1. Τίς ἂν οὖν ἀνάστασιν πεπιστευκὼς [ἐπὶ] σώμασιν ἀναστησομένοις ἑαυτὸν παράσχοι τάφον ; Οὐ γὰρ τῶν αὐτῶν καὶ ἀναστήσεσθαι ἡμῶν πεπεῖσθαι τὰ σώματα καὶ ἐσθίειν αὐτὰ ὡς οὐκ ἀν,"XXXVI 1. Who, believing in the resurrection, would provide himself as a tomb for bodies that are to rise again? For it is not consistent to believe both that our bodies will rise a"
5733cbcd-971e-4eea-8303-f758e54d845d,sc20_theophilus_ad_autolycum_iii_liv_3_sur_la_question_prealable_chap_25_en,sc20_theophilus_ad_autolycum_iii_liv_3_sur_la_question_prealable_chap_25,Ad Aut. III 25 (English),Ad Aut. III 25,1,0.62,"25. Μετὰ δὲ τοὺς κριτὰς ἐγένοντο βασιλεῖς ἐν αὐτοῖς, πρῶτος ὀνόματι Σαούλ, ὃς ἐβασίλευσεν ἔτη κʹ, ἔπειτα Δαυὶδ ὁ πρόγονος ἡμῶν ἔτη μʹ. Γίνεται οὖν μέχρι τῆς τοῦ Δαυὶδ βασιλείας τὰ ","25. After the judges kings came to be among them: first by name Saul, who reigned 20 years, then David our ancestor 40 years. The total of all years therefore up to the reign of Da"
3043f7ae-6793-401e-b17e-0f27996cc5da,sc379_athenagoras_legatio_chap18_en,sc379_athenagoras_legatio_chap18,"Athenag., Leg. 18 (English)","Athenag., Leg. 18",1,0.54,"XVIII 1. Ἐπεὶ τοίνυν φασί τινες εἰκόνας μὲν εἶναι ταύτας, θεοὺς δὲ ἐφ' οἷς αἱ εἰκόνες, καὶ τὰς προσόδους ἃς ταύταις προσίασιν καὶ τὰς θυσίας ἐπ' ἐκείνους ἀναφέρεσθαι | καὶ εἰς ἐκεί","XVIII 1. Since some people say that these are images but that there are gods corresponding to the images, and that the approaches made to the images and the sacrifices offered befo"
d4d80141-3749-419d-9256-bf730932fd0a,sc379_athenagoras_legatio_chap28_en,sc379_athenagoras_legatio_chap28,"Athenag., Leg. 28 (English)","Athenag., Leg. 28",1,0.67,XXVIII 1. Ἀναγκαῖον δὲ ἴσως κατὰ τὰ προειρημένα περὶ τῶν ὀνομάτων ὀλίγα εἰπεῖν. Ἡρόδοτος μὲν οὖν καὶ Ἀλέξανδρος ὁ τοῦ Φιλίππου ἐν τῇ πρὸς | τὴν μητέρα ἐπιστολῇ -ἑκάτεροι δὲ ἐν τῇ Ἡ,"XXVIII 1. It is perhaps necessary, in accordance with what was said above concerning the names, to say a few words. Herodotus and Alexander the son of Philip — in Alexander's lette"
e4a34983-9f5f-44d0-8937-d1bf75230d93,sc379_athenagoras_legatio_chap15_en,sc379_athenagoras_legatio_chap15,"Athenag., Leg. 15 (English)","Athenag., Leg. 15",1,0.79,"XV 1. Ἀλλ' ἔστωσαν τοὺς αὐτοὺς ἄγοντες. Τί οὖν ; Ἐπεὶ οἱ πολλοὶ διακρῖναι οὐ δυνάμενοι, τί μὲν ὕλη, τί δὲ θεός, πόσον δὲ τὸ διὰ μέσου αὐτῶν, προσίασι τοῖς ἀπὸ τῆς ὕλης εἰδώλοις, δι","XV 1. But let them be granted that they worship the same gods. What then? Since the many, unable to distinguish matter from God or to grasp the distance between them, approach idol"
092d54d2-6d24-4e68-8c5b-ba7a40faa566,sc379_athenagoras_legatio_chap35_en,sc379_athenagoras_legatio_chap35,"Athenag., Leg. 35 (English)","Athenag., Leg. 35",1,0.66,XXXV 1. Τίς <ἂν> οὖν εὖ φρονῶν εἴποι τοιούτους ὄντας ἡμᾶς ἀνδροφόνους εἶναι ; Οὐ γὰρ ἔστι πάσασθαι κρεῶν ἀνθρω-πικῶν μὴ πρότερον ἀποκτείνασί τινα. 2. Τὸ πρότερον οὖν ψευδόμενοι <ψε,XXXV 1. Who then among the sane would say that people such as we are murderers? For it is not possible to partake of human flesh without first having killed someone. 2. Since the f
a2d59dd6-087a-4af2-a211-3b7c539a2473,sc379_athenagoras_legatio_chap8_en,sc379_athenagoras_legatio_chap8,"Athenag., Leg. 8 (English)","Athenag., Leg. 8",1,0.78,"VIII 1. Ὅτι τοίνυν εἷς ἐξ ἀρχῆς ὁ τοῦδε τοῦ παντὸς ποιητὴς θεός, οὑτωσὶ σκέψασθε, ἵν' ἔχητε καὶ τὸν λογισμὸν ἡμῶν τῆς πίστεως. Εἰ δύο ἐξ ἀρχῆς ἢ πλείους ἦσαν θεοί, ἤτοι ἐν ἑνὶ καὶ ","VIII 1. That from the beginning the maker of this universe is one God, consider in this fashion, so that you may also have the reasoning behind our belief. If there were two or mor"
b1c9e550-4d42-4e6b-9df1-237690f8246c,sc379_athenagoras_legatio_chap9_en,sc379_athenagoras_legatio_chap9,"Athenag., Leg. 9 (English)","Athenag., Leg. 9",1,0.55,"IX 1. Εἰ μὲν οὖν ταῖς τοιαύταις ἐννοίαις ἀπηρκούμεθα, ἀνθρωπικὸν ἄν τις εἶναι τὸν καθ' ἡμᾶς ἐνόμιζεν λόγον · ἐπεὶ δὲ αἱ φωναὶ τῶν προφητῶν πιστοῦσιν ἡμῶν τοὺς λογισμούς - νομίζω <δ","IX 1. If we rested content with such arguments, someone might regard our teaching as merely human. But since the voices of the prophets confirm our reasoning — and I consider that "
74dc475d-efcc-477e-bc08-f7f21d57e632,sc20_theophilus_ad_autolycum_ii_liv_2_superiorite_des_auteurs_sacres_sur_les_profanes_chap_25_en,sc20_theophilus_ad_autolycum_ii_liv_2_superiorite_des_auteurs_sacres_sur_les_profanes_chap_25,Ad Aut. II 25 (English),Ad Aut. II 25,1,0.66,"25. Τὸ μὲν ξύλον τὸ τῆς γνώσεως αὐτὸ μὲν καλὸν καὶ ὁ καρπὸς αὐτοῦ καλός. Οὐ γὰρ, ὡς οἴονταί τινες, θάνατον εἶχεν τὸ ξύλον, ἀλλ' ἡ παρακοή. Οὐ γάρ τι ἕτερον ἦν ἐν τῷ καρπῷ ἢ μόνον γ","25. The tree of knowledge itself was good, and its fruit was good. For it was not, as some think, that the tree contained death, but disobedience did. For there was nothing else in"
0cd39965-dc72-4e7f-9de0-da4818af804e,sc464_pamphilus_apologia_pro_origene_par45_en,sc464_pamphilus_apologia_pro_origene_par45,"Pamph., Apol. 45 (English)","Pamph., Apol. 45",1,0.64,"45. Origenes. Pro uiribus igitur nostris perexiguis conside-rata ex operum suorum magis quam ex nostri sensus contempla-tione diuina natura, intuitisque nihilominus creaturis eius ","45. Origen. To the best of our very limited powers, then, considering the divine nature from the contemplation of his works rather than from the reflection of our own understanding"
9fd24c0c-45a8-4ed2-9bec-7f371910f316,sc464_pamphilus_apologia_pro_origene_par54_a_en,sc464_pamphilus_apologia_pro_origene_par54_a,"Pamph., Apol. 54_a (English)","Pamph., Apol. 54_a",1,0.76,"Quomodo autem extra huius Sapientiae generationem fuisse aliquando Deum Patrem uel ad punctum momenti alicuius potest quis sentire uel credere, qui tamen pium aliquid de Deo intell","How, moreover, can anyone think or believe that God the Father was ever without this Wisdom — even for a single instant — who knows how to conceive or feel anything pious about God"
3e1f2588-71c7-4b41-b4df-75ed9a51a697,sc464_pamphilus_apologia_pro_origene_par58_a_en,sc464_pamphilus_apologia_pro_origene_par58_a,"Pamph., Apol. 58_a (English)","Pamph., Apol. 58_a",1,0.77,"Si enim quis uoluerit dicere quasi prius non exstiterit, sed postea ad subsistentiam uenerit, dicat causam quare qui eam substituit Pater ante hoc non fecerit. Quod si aliquod seme","For if anyone should wish to say that this vapor did not previously exist but subsequently came into subsistence, let him state the reason why the Father who brought it into subsis"
a370d044-75c2-47ba-86a8-3f8a07ed8dab,sc464_pamphilus_apologia_pro_origene_par72_en,sc464_pamphilus_apologia_pro_origene_par72,"Pamph., Apol. 72 (English)","Pamph., Apol. 72",1,0.28,"72. Origenes. De Spiritu uero Sancto quia est multae nos Scripturae docuerunt, sicut Dauid in quiquagesimo psalmo dicit : Et Spiritum Sanctum tuum ne auferas a me ; et in Daniele d","72. Origen. That the Holy Spirit exists, many scriptural passages have taught us — as David says in the fiftieth psalm: 'Take not your Holy Spirit from me'; and in Daniel it is sai"
3b48c5fe-e6f4-4d8a-b7d7-13c696d34bfb,sc20_theophilus_ad_autolycum_ii_liv_2_superiorite_des_auteurs_sacres_sur_les_profanes_chap_38_en,sc20_theophilus_ad_autolycum_ii_liv_2_superiorite_des_auteurs_sacres_sur_les_profanes_chap_38,Ad Aut. II 38 (English),Ad Aut. II 38,1,0.58,38. Καὶ τί γὰρ ἤτοι ἔσχατοι ἢ καὶ πρῶτοι ἐγένοντο ; Πλὴν ὅτι γοῦν καὶ αὐτοὶ ἀκόλουθα τοῖς προφήταις εἶπον. Περὶ μὲν οὖν ἐκπυρώσεως Μαλαχίας ὁ προφήτης προείρηκεν · Ἰδοὺ ἡμέρα ἔρχετ,38. And what difference does it make whether they came last or first? The point is that they too said things in conformity with the prophets. Now concerning the conflagration the p
f146c6bb-7756-4502-81c1-959bed1c1def,sc464_pamphilus_apologia_pro_origene_par93_en,sc464_pamphilus_apologia_pro_origene_par93,"Pamph., Apol. 93 (English)","Pamph., Apol. 93",1,0.53,"93. Origenes. Vnus ergo est uerus Deus qui solus habet immortalitatem, lucem habitat inaccessibilem. 'Vnus' ait'uerus Deus', ne scilicet multis ueri Dei nomen conuenire cre-damus. ","93. Origen. There is therefore one true God who alone has immortality and dwells in unapproachable light. He says 'one true God,' lest we believe that the name of true God applies "
dc74a4fe-7b8e-4a37-b230-639bd411bf84,sc470_aristides_apologia_chap11_en,sc470_aristides_apologia_chap11,"Aristides, Apol. 11 (English)","Aristides, Apol. 11",1,0.28,"1. Τὸν δὲ Ἀπόλλωνα παρεισάγουσι θεὸν εἶναι ζηλωτήν, ἔτι δὲ καὶ τόξον καὶ φαρέτραν κρατοῦντα, ποτὲ δὲ καὶ κιθάραν καὶ ἐπαυθίδα, καὶ μαντευόμενον τοῖς ἀνθρώποις χάριν μισθοῦ · ἆρα ἐπ","1. They introduce Apollo as a god who is jealous, and one who holds a bow and quiver, and at times also a lyre and a plectrum, and who gives oracles to men for payment. Is he there"
38368cac-4d5a-47e7-a856-d37bf295f89b,sc470_aristides_apologia_chap14_en,sc470_aristides_apologia_chap14,"Aristides, Apol. 14 (English)","Aristides, Apol. 14",1,0.5,"1. Ἔλθωμεν οὖν, βασιλεῦ, καὶ ἐπὶ τοὺς Ἰουδαίους, ὅπως ἴδωμεν τί φρονοῦσι καὶ αὐτοὶ περὶ Θεοῦ. Οὗτοι γὰρ τοῦ Ἀβραὰμ ὄντες ἀπόγονοι Ἰσαάκ τε καὶ Ἰακώβ παρῴκησαν εἰς Αἴγυπτον. 2. Ἐξήγ","1. Let us proceed now, O King, also to the Jews, so that we may see what they think about God. These, being descendants of Abraham, Isaac, and Jacob, sojourned in Egypt. 2. And God"
ae1e6e69-4f0a-4d63-a7e5-2c1c5609b8ce,sc470_aristides_apologia_chap15_en,sc470_aristides_apologia_chap15,"Aristides, Apol. 15 (English)","Aristides, Apol. 15",1,0.32,1. Οἱ δὲ Χριστιανοὶ γενεαλογοῦνται ἀπὸ τοῦ Κυρίου Ἰησοῦ Χριστοῦ. Οὗτος δὲ Υἱὸς τοῦ Θεοῦ τοῦ ὑψίστου ὁμολογεῖται ἐν Πνεύματι Ἁγίῳ · ἀπ' οὐρανοῦ καταβὰς | διὰ τὴν σωτηρίαν τῶν ἀνθρώπ,1. The Christians trace their lineage from the Lord Jesus Christ. This one is confessed to be the Son of the Most High God in the Holy Spirit; having descended from heaven for the 
e22a2828-81cc-4397-94f1-cbe147f23c6a,sc470_aristides_apologia_chap4_en,sc470_aristides_apologia_chap4,"Aristides, Apol. 4 (English)","Aristides, Apol. 4",1,0.6,"1. Ἔλθωμεν οὖν, ὦ βασιλεῦ, ἐπ' αὐτὰ τὰ στοιχεῖα, ὅπως ἀποδείξωμεν περὶ αὐτῶν ὅτι οὐκ εἰσὶ θεοί, ἀλλὰ φθαρτὰ καὶ ἀλλοιούμενα, ἐκ τοῦ μὴ ὄντος παραχθέντα προστάγματι τοῦ ὄντως Θεοῦ, ","1. Let us therefore proceed, O King, to the elements themselves, so that we may demonstrate concerning them that they are not gods, but rather perishable and subject to change, bro"
7b7b23b0-59e6-42e4-b3a2-b8b5fb282ee0,sc470_aristides_apologia_chap5_en,sc470_aristides_apologia_chap5,"Aristides, Apol. 5 (English)","Aristides, Apol. 5",1,0.51,"1. Οἱ δὲ νομίζοντες τὸ ὕδωρ εἶναι θεὸν ἐπλανήθησαν · καὶ αὐτὸ γὰρ εἰς χρῆσιν ἀνθρώπων γέγονε, καὶ κατακυριεύεται ὑπ' αὐτῶν, μιαίνεται καὶ φθείρεται καὶ ἀλλοιοῦται ἑψούμενον καὶ ἀλλ","1. Those who suppose water to be a god have gone astray; for water too has come into being for the use of human beings, and they master it, defile it, corrupt it, and alter it by b"
802be134-d7a9-46a6-ac23-e4406306959c,sc470_aristides_apologia_chap3_en,sc470_aristides_apologia_chap3,"Aristides, Apol. 3 (English)","Aristides, Apol. 3",1,0.52,1. Ἴδωμεν οὖν τίνες τούτων μετέχουσι τῆς ἀληθείας καὶ τίνες τῆς πλάνης. Οἱ μὲν γὰρ Χαλδαῖοι μὴ εἰδότες Θεὸν ἐπλανήθησαν ὀπίσω τῶν στοιχείων καὶ ἤρξαντο σέβεσθαι τὴν κτίσιν παρὰ τὸν,"1. Let us therefore see which of them share in truth and which in error. The Chaldeans, not knowing God, went astray after the elements and began to worship creation rather than th"
ea43c807-696a-40c6-a1ff-3fd6036dabc6,sc507_iustinus_apologia_i_chap10_en,sc507_iustinus_apologia_i_chap10,"Just., Apol. I 10 (English)","Just., Apol. I 10",1,0.64,"1. Ἀλλ' οὐ δέεσθαι τῆς παρὰ ἀνθρώπων ὑλικῆς προσφορᾶς προσειλήφαμεν τὸν θεόν, αὐτὸν παρέχοντα πάντα ὁρῶντες · ἐκείνους δὲ προσδέχεσθαι αὐτὸν μόνον δεδιδάγμεθα καὶ πεπείσμεθα καὶ πι","1. But we have come to know that God has no need of the material offerings made by human beings, seeing that he himself provides all things; and we have been taught and are persuad"
bada3219-317a-4d83-84b0-9e410989fc5a,sc507_iustinus_apologia_i_chap12_en,sc507_iustinus_apologia_i_chap12,"Just., Apol. I 12 (English)","Just., Apol. I 12",1,0.64,"1. Ἀρωγοὶ δ' ὑμῖν καὶ σύμμαχοι πρὸς εἰρήνην ἐσμὲν πάντων μᾶλλον ἀνθρώπων, οἳ ταῦτα δοξάζομεν, ὡς λαθεῖν θεὸν κακόεργον ἢ πλεονέκτην ἢ ἐπίβουλον ἢ ἐνάρετον ἀδύνα-τον εἶναι, καὶ ἕκασ","1. We are your helpers and allies in the cause of peace above all other human beings — we who hold these views — that it is impossible for an evildoer, a greedy person, a schemer, "
545664b7-ea55-436b-bb34-0fd0a81ba510,sc507_iustinus_apologia_i_chap13_en,sc507_iustinus_apologia_i_chap13,"Just., Apol. I 13 (English)","Just., Apol. I 13",1,0.63,"1. Ἄθεοι μὲν οὖν ὡς οὔκ ἐσμεν, τὸν δημιουργὸν τοῦδε τοῦ παντὸς σεβόμενοι, ἀνενδεῆ αἱμάτων καὶ σπονδῶν καὶ θυμιαμάτων, ὡς ἐδιδάχθημεν, λέγοντες, λόγῳ εὐχῆς καὶ εὐχαριστίας ἐφ' οἷς π","1. We are not atheists, then — we who worship the maker of this universe, asserting as we have been taught that he has no need of blood and libations and incense, and who praise hi"
f75a5bd9-ac34-4a0b-8f44-72c55b0101c5,sc470_aristides_apologia_chap9_en,sc470_aristides_apologia_chap9,"Aristides, Apol. 9 (English)","Aristides, Apol. 9",1,0.41,"1. Ἀλλὰ καὶ καθ' ἕκαστον τῶν θεῶν αὐτῶν εἰ θελήσομεν ἐπεξελθεῖν τῷ λόγῳ, πολλὴν ὄψει τὴν ἀτοπίαν. Παρεισάγεται γὰρ αὐτοῖς πρὸ πάντων θεὸς Κρόνος καὶ τούτῳ θύουσι τὰ ἴδια τέκνα, ὃς ","1. But if we choose to go through the account of each of their gods individually, you will see much absurdity. For they introduce before all others the god Cronos, to whom they sac"
a4bae08a-4f2d-4a01-8c9c-10e19b45ff5c,sc470_aristides_apologia_ii_fragments_papyrologiques_b_2_papyrus_lond_litt_223_2486_apol_xv_4_xv_ed1f2e8d_en,sc470_aristides_apologia_ii_fragments_papyrologiques_b_2_papyrus_lond_litt_223_2486_apol_xv_4_xv_ed1f2e8d,"Aristides, Apology, Papyrus Fragment (P.Lond.Lit. 223) (English)","Aristides, Apology, Papyrus Fragment (P.Lond.Lit. 223)",1,0.69,νηστευουσιν ημερας β η και γ και ο[τ]ι μελλουσ[ιν εαυτοις τειθεναι πεμπουσιν εκεινοι[ς] † οιομε νοι αυτοι ευφρανεσθαι ως αυτοι επ ευφρασια<ν> κεκλησθαι † ( 8 ) και τα προσταγματα τ,"…they fast two or even three days, and those who are about to prepare a meal for themselves send it to those [in need], regarding themselves as rejoicing, as though they themselves"
9cc689c8-c4ec-4240-ac65-3aa104c028d0,sc507_iustinus_apologia_i_chap19_en,sc507_iustinus_apologia_i_chap19,"Just., Apol. I 19 (English)","Just., Apol. I 19",1,0.7,"1. Καὶ κατανοοῦντι <τί> ἀπιστότερον ἂν μᾶλλον δόξαι, ἢ | εἰ ἐν σώματι μὴ ὑπήρχομεν καί τις ἔλεγεν, ἐκ μικρᾶς τινος ῥανίδος τῆς τοῦ ἀνθρωπείου σπέρματος δυνατὸν ὀστέα τε καὶ νεῦρα κ","1. And to one who ponders it, what would seem more incredible: if we were not presently in bodies, and someone were to say that it is possible for bones and sinews and flesh to be "
98a845c2-6beb-4a9e-81a8-228e56c639c3,sc470_aristides_apologia_ii_fragments_papyrologiques_b_2_papyrus_lond_litt_223_2486_apol_xv_4_xv_3406ca65_en,sc470_aristides_apologia_ii_fragments_papyrologiques_b_2_papyrus_lond_litt_223_2486_apol_xv_4_xv_3406ca65,"Aristides, Apology, Papyrus Fragment (P.Lond.Lit. 223) (English)","Aristides, Apology, Papyrus Fragment (P.Lond.Lit. 223)",1,0.7,"[B. Π2] [Papyrus Lond. Litt. 223 (2486)] [(= Apol. XV, 4 - XVI, 1)] [(édité par H. J. M. Milne)]  ( 4 ) πειθον[τε]ς και τους εχθρους ευ ποιησαι ( 5 ) και αι γυ ναικες αυτων αγναι κ","[B. P2] [Papyrus Lond. Litt. 223 (2486)] [(= Apol. XV, 4 – XVI, 1)] [(edited by H.J.M. Milne)] (4) …persuading [them] also to do good to their enemies. (5) And their women are chas"
6938a20f-32ce-4693-93d4-b4a611fbcbdc,sc507_iustinus_apologia_i_chap18_en,sc507_iustinus_apologia_i_chap18,"Just., Apol. I 18 (English)","Just., Apol. I 18",1,0.67,"1. Ἀποβλέψατε γὰρ πρὸς τὸ | τέλος ἑκάστου τῶν γενομέ-νων βασιλέων, ὅτι τὸν κοινὸν πᾶσι θάνατον ἀπέθανον · ὅπερ εἰ εἰς ἀναισθησίαν ἐχώρει, ἕρμαιον ἂν ἦν τοῖς ἀδίκοις πᾶσιν. 2. Ἀλλ' ","1. Consider the end of each of the former kings — that they all died the common death; and if this were a passage into insensibility, it would be a windfall for all the wicked. 2. "
03193e47-26a4-48ca-ac95-e4f8f91ff35b,sc507_iustinus_apologia_i_chap15_en,sc507_iustinus_apologia_i_chap15,"Just., Apol. I 15 (English)","Just., Apol. I 15",1,0.47,1. Περὶ μὲν οὖν σωφροσύνης τοσοῦτον εἶπεν · « Ὃς ἂν ἐμβλέψῃ γυναικὶ πρὸς τὸ ἐπιθυμῆσαι αὐτῆς ἤδη ἐμοίχευσε τῇ καρδίᾳ » παρὰ τῷ θεῷ. 2. Καί · « Εἰ ὁ ὀφθαλμός σου ὁ δεξιὸς σκανδαλίζε,"1. Concerning chastity, he said this: 'Whoever looks at a woman to lust after her has already committed adultery with her in his heart' before God. 2. And: 'If your right eye cause"
38fc6163-3eed-425d-b48d-181e8773b884,sc507_iustinus_apologia_i_chap21_en,sc507_iustinus_apologia_i_chap21,"Just., Apol. I 21 (English)","Just., Apol. I 21",1,0.62,"1. Τῷ δὲ καὶ τὸν Λόγον, ὅ ἐστι πρῶτον γέννημα τοῦ θεοῦ, ἄνευ ἐπιμιξίας φάσκειν ἡμᾶς γεγεννῆσθαι, Ἰησοῦν Χριστὸν τὸν διδάσκαλον ἡμῶν, καὶ τοῦτον σταυρωθέντα καὶ ἀποθανόν-τα καὶ ἀνασ","1. In saying that the Logos, who is the first-born of God, was born without sexual union — namely Jesus Christ our teacher — and that he was crucified and died and rose again and a"
6149c5c4-ea3a-41fd-9769-3c3dcccf9906,sc507_iustinus_apologia_i_chap16_en,sc507_iustinus_apologia_i_chap16,"Just., Apol. I 16 (English)","Just., Apol. I 16",1,0.59,"1. Περὶ δὲ τοῦ ἀνεξικάκους εἶναι καὶ ὑπηρετικοὺς πᾶσι καὶ ἀοργήτους ἃ ἔφη ταῦτά ἐστι · « Τῷ τύπτοντί σου τὴν σιαγόνα πάρεχε καὶ τὴν ἄλλην, καὶ τὸν αἴροντά σου τὸν χιτῶνα ἢ τὸ ἱμάτι","1. Concerning patience under wrongs, service to all, and freedom from anger, what he said is this: 'To him who strikes your cheek, offer the other also; and do not hinder him who t"
ae51b7a2-8635-446d-a6ee-461a29b1408e,sc470_aristides_apologia_chap13_en,sc470_aristides_apologia_chap13,"Aristides, Apol. 13 (English)","Aristides, Apol. 13",1,0.56,1. Πλάνην οὖν μεγάλην ἐπλανήθησαν οἵ τε Αἰγύπτιοι καὶ οἱ Χαλδαῖοι καὶ οἱ Ἕλληνες τοιούτους παρεισάγοντες θεοὺς καὶ ἀγάλματα αὐτῶν ποιοῦντες καὶ θεοποιούμενοι τὰ κωφὰ καὶ ἀναίσθητα ,"1. The Egyptians, the Chaldeans, and the Greeks all went astray in a great error by introducing such gods, making images of them, and deifying mute and insensible idols. And I marv"
a892e946-967f-42ce-a244-be77d3346ffc,sc507_iustinus_apologia_i_chap20_en,sc507_iustinus_apologia_i_chap20,"Just., Apol. I 20 (English)","Just., Apol. I 20",1,0.54,1. Καὶ Σίβυλλα δὲ καὶ Ὑστάσπης γενήσεσθαι τῶν φθαρτῶν ἀνάλωσιν διὰ πυρὸς ἔφασαν. 2. Οἱ λεγόμενοι δὲ Στωϊκοὶ φιλόσοφοι καὶ αὐτὸν τὸν θεὸν εἰς πῦρ ἀναλύεσθαι δογματί-ζουσι καὶ αὖ πάλ,1. The Sibyl and Hystaspes also declared that there would be a destruction of corruptible things through fire. 2. The so-called Stoic philosophers also teach that God himself will 
be6d6519-2bb1-4868-9f98-f11965ec62ef,sc507_iustinus_apologia_i_chap26_en,sc507_iustinus_apologia_i_chap26,"Just., Apol. I 26 (English)","Just., Apol. I 26",1,0.71,"1. Τρίτον δ' ὅτι καὶ μετὰ τὴν ἀνέλευσιν τοῦ Χριστοῦ εἰς οὐρανὸν προεβάλλοντο οἱ δαίμονες ἀνθρώπους τινὰς λέγοντας ἑαυτοὺς εἶναι θεούς, οἳ οὐ μόνον οὐκ ἐδιώχθησαν ὑφ' ὑμῶν, ἀλλὰ καὶ","1. Third, after the ascension of Christ into heaven, the demons put forward certain men who claimed to be gods, and these were not only not persecuted by you but even deemed worthy"
d519e0ad-391b-493f-aa9c-7008a4cb3805,sc507_iustinus_apologia_i_chap25_en,sc507_iustinus_apologia_i_chap25,"Just., Apol. I 25 (English)","Just., Apol. I 25",1,0.59,"1. Δεύτερον δ' ὅτι ἐκ παντὸς γένους ἀνθρώπων οἱ πάλαι σεβόμενοι Διόνυσον τὸν Σεμέλης καὶ Ἀπόλλωνα τὸν Λητοί-δην, οἳ δι' ἔρωτας ἀρσένων ὅσα ἔπραξαν αἶσχος καὶ λέγειν, καὶ οἱ Περσεφό","1. Second, because people of every nation who formerly worshipped Dionysus son of Semele and Apollo son of Leto — who did all those shameful things on account of their loves of mal"
5c3ff77e-428a-462f-92e1-cb6ba0d900de,sc507_iustinus_apologia_i_chap2_en,sc507_iustinus_apologia_i_chap2,"Just., Apol. I 2 (English)","Just., Apol. I 2",1,0.51,"1. Τοὺς κατὰ ἀλήθειαν εὐσεβεῖς καὶ φιλοσόφους μόνον τἀληθὲς τιμᾶν καὶ στέργειν ὁ λόγος ὑπαγορεύει, παραιτουμέ-νους δόξαις παλαιῶν ἐξακολουθεῖν, ἂν φαῦλαι ὦσιν · οὐ γὰρ μόνον μὴ ἕπε","1. Reason dictates that those who are truly pious and philosophical should honor and cherish truth alone, declining to follow the opinions of their ancestors if those opinions are "
4b311e80-bf10-4024-9181-227a71d6cc65,sc507_iustinus_apologia_i_chap22_en,sc507_iustinus_apologia_i_chap22,"Just., Apol. I 22 (English)","Just., Apol. I 22",1,0.6,"1. Υἱὸς δὲ θεοῦ, ὁ Ἰησοῦς λεγόμενος, εἰ καὶ κοινῶς μόνον ἄνθρωπος, διὰ σοφίαν ἄξιος υἱὸς θεοῦ λέγεσθαι · πατέρα γὰρ ἀνδρῶν τε θεῶν τε πάντες συγγραφεῖς τὸν θεὸν καλοῦσιν. 2. Εἰ δὲ ","1. If Jesus, called Son of God, is merely in the common sense a man, he is worthy on account of his wisdom to be called Son of God; for all writers call God the father of men and g"
cff286f0-d1a9-4be5-b373-12bfb3457fdb,sc507_iustinus_apologia_i_chap32_en,sc507_iustinus_apologia_i_chap32,"Just., Apol. I 32 (English)","Just., Apol. I 32",1,0.63,"1. Μωσῆς μὲν οὖν, πρῶτος τῶν προφητῶν γενόμενος, εἶπεν αὐτολεξεὶ οὕτως · « Οὐκ ἐκλείψει ἄρχων ἐξ Ἰούδα οὐδὲ ἡγούμενος ἐκ τῶν μηρῶν αὐτοῦ, ἕως ἂν ἔλθῃ ᾧ ἀπόκειται · καὶ αὐτὸς ἔσται ","1. Moses therefore, being the first of the prophets, spoke word for word as follows: 'A ruler shall not fail from Judah, nor a leader from his thighs, until he come for whom it is "
2643b7f5-0758-4da6-bc37-ba89275f1353,sc507_iustinus_apologia_i_chap33_en,sc507_iustinus_apologia_i_chap33,"Just., Apol. I 33 (English)","Just., Apol. I 33",1,0.52,"1. Καὶ πάλιν ὡς αὐτολεξεὶ διὰ παρθένου μὲν τεχθησόμενος διὰ τοῦ Ἡσαΐου προεφητεύθη, ἀκούσατε. Ἐλέχθη δὲ οὕτως · « Ἰδοὺ ἡ παρθένος ἐν γαστρὶ ἕξει καὶ τέξεται υἱόν, καὶ ἐροῦ-σιν ἐπὶ ","1. And again, hear how it was prophesied word for word through Isaiah that he would be born of a virgin. It was said as follows: 'Behold, the virgin shall conceive and shall bear a"
01247fd9-dae1-4b30-a611-6c9d62d41eff,sc507_iustinus_apologia_i_chap27_en,sc507_iustinus_apologia_i_chap27,"Just., Apol. I 27 (English)","Just., Apol. I 27",1,0.64,"1. Ἡμεῖς δέ, ἵνα μηδὲν ἀδικῶμεν μηδὲ ἀσεβῶμεν, ἐκτιθέ-ναι καὶ τὰ γεννώμενα πονηρῶν εἶναι δεδιδάγμεθα · πρῶτον μὲν | ὅτι τοὺς πάντας σχεδὸν ὁρῶμεν ἐπὶ πορνείᾳ προάγοντας, οὐ μόνον τ","1. We, so that we may do no wrong and no impiety, have been taught that it is wicked to expose even the newborn; first because we see that nearly all who are thus exposed are broug"
bc4384e0-d440-41f4-8a29-0666fedf19fd,sc507_iustinus_apologia_i_chap37_en,sc507_iustinus_apologia_i_chap37,"Just., Apol. I 37 (English)","Just., Apol. I 37",1,0.59,"1. Ἵνα δὲ καὶ τοῦτο ὑμῖν φανερὸν γένηται, ἀπὸ προσώπου τοῦ πατρὸς ἐλέχθησαν διὰ Ἡσαΐου τοῦ προειρημένου προφή-του οἵδε οἱ λόγοι · « Ἔγνω βοῦς τὸν κτησάμενον καὶ ὄνος τὴν φάτνην τοῦ",1. So that this too may be made clear to you — that the following words were spoken as from the person of the Father through the aforesaid prophet Isaiah — hear them: 'The ox knows
fd532a49-6d48-48bc-a70c-c5ff85a8b4e5,sc507_iustinus_apologia_i_chap28_en,sc507_iustinus_apologia_i_chap28,"Just., Apol. I 28 (English)","Just., Apol. I 28",1,0.44,"1. Παρ' ἡμῖν μὲν γὰρ ὁ ἀρχηγέτης τῶν κακῶν δαιμόνων ὄφις καλεῖται καὶ σατανᾶς καὶ διάβολος, ὡς καὶ ἐκ τῶν ἡμετέρων συγγραμμάτων ἐρευνήσαντες μαθεῖν δύνασθε · ὃν εἰς τὸ πῦρ πεμφθήσε","1. For among us the leader of the evil demons is called the serpent, Satan, and the devil, as you can learn by searching out our writings; Christ foretold that he would be sent int"
89a054f6-6df6-4b55-85c5-6db85a8fdf00,sc507_iustinus_apologia_i_chap31_en,sc507_iustinus_apologia_i_chap31,"Just., Apol. I 31 (English)","Just., Apol. I 31",1,0.61,"1. Ἄνθρωποι οὖν τινες ἐν Ἰουδαίοις γεγένηνται θεοῦ προ-φῆται, δι' ὧν τὸ προφητικὸν πνεῦμα προεκήρυξε τὰ γενήσε-σθαι μέλλοντα πρὶν ἢ γενέσθαι · καὶ τούτων οἱ ἐν Ἰουδαίοις κατὰ καιρο","1. There were certain men among the Jews who were prophets of God, through whom the prophetic spirit foretold what was going to happen before it came to pass; and the kings who aro"
88ddc3e9-f25b-4830-b0f6-f8851c459346,sc507_iustinus_apologia_i_chap38_en,sc507_iustinus_apologia_i_chap38,"Just., Apol. I 38 (English)","Just., Apol. I 38",1,0.61,"1. Ὅταν δὲ ἀπὸ προσώπου τοῦ Χριστοῦ λέγῃ τὸ προφητι-κὸν πνεῦμα, οὕτως φθέγγεται · « Ἐγὼ ἐξεπέτασα τὰς χεῖράς μου ἐπὶ λαὸν ἀπειθοῦντα καὶ ἀντιλέγοντα, ἐπὶ τοὺς πορευομέ-νους ἐν ὁδῷ ","1. When the prophetic spirit speaks as from the person of Christ, it speaks thus: 'I spread out my hands over a disobedient and gainsaying people, over those who walk in a way that"
7367c9f1-b67f-465c-bcff-00906a9efae3,sc507_iustinus_apologia_i_chap35_en,sc507_iustinus_apologia_i_chap35,"Just., Apol. I 35 (English)","Just., Apol. I 35",1,0.58,"1. Ὡς δὲ καὶ λήσειν ἔμελλε τοὺς ἄλλους ἀνθρώπους γεννη-θεὶς ὁ Χριστὸς ἄχρις ἀνδρωθῇ, ὅπερ καὶ γέγονεν, ἀκούσατε τῶν προειρημένων εἰς τοῦτο. 2. Ἔστι δὲ ταῦτα · « Παιδίον ἐγεννήθη ἡμ","1. Hear also the things spoken beforehand concerning how Christ, once born, was to remain unknown to other people until he came to manhood — which in fact came about exactly so. 2."
9575429a-a576-4561-b750-9adf5644a85e,sc507_iustinus_apologia_i_chap39_en,sc507_iustinus_apologia_i_chap39,"Just., Apol. I 39 (English)","Just., Apol. I 39",1,0.58,"1. Ὅταν δὲ ὡς προφητεῦον τὰ μέλλοντα | γίνεσθαι λαλῇ τὸ προφητικὸν πνεῦμα, οὕτως λέγει · « Ἐκ γὰρ Σιὼν ἐξελεύσε-ται νόμος καὶ λόγος κυρίου ἐξ Ἱερουσαλήμ, καὶ κρινεῖ ἀνὰ μέσον ἐθνῶν","1. When the prophetic spirit prophesies things about to come to pass, it speaks as follows: 'For out of Zion shall go forth a law and a word of the Lord from Jerusalem, and he shal"
00e56ff0-676d-4217-8ce4-1615465764e9,sc507_iustinus_apologia_i_chap3_en,sc507_iustinus_apologia_i_chap3,"Just., Apol. I 3 (English)","Just., Apol. I 3",1,0.59,"1. Ἀλλ' ἵνα μὴ ἄλογον φωνὴν καὶ τολμηρὰν δόξῃ τις ταῦτα εἶναι, ἀξιοῦμεν τὰ κατηγορούμενα αὐτῶν ἐξετάζεσθαι, καί, ἐὰν οὕτως ἔχοντα ἀποδεικνύωνται, κολάζεσθαι ὡς πρέπον ἐστί [μᾶλλον ","1. But lest this seem to anyone an unreasoned and reckless declaration, we ask that the charges against them be examined, and if they are shown to be true, that they be punished as"
de6a70e8-2191-452d-b867-5d1b6fed214d,sc470_aristides_apologia_chap10_en,sc470_aristides_apologia_chap10,"Aristides, Apol. 10 (English)","Aristides, Apol. 10",1,0.39,"1. Σὺν τούτῳ δὲ καὶ Ἥφαιστόν τινα παρεισάγουσι θεὸν εἶναι, καὶ τοῦτον χωλὸν καὶ κρατοῦντα σφῦραν καὶ πυρολάβον καὶ χαλκεύοντα χάριν τροφῆς · ἆρα ἐπενδεής ἐστιν ; ὅπερ οὐκ ἐνδέχεται","1. Along with this, they introduce a certain Hephaestus as a god — one who is lame and holds a hammer and tongs and works at the forge for his livelihood. Is he therefore needy? Bu"
ab7c3c28-5784-40ff-b46d-2b3c49896d8b,sc507_iustinus_apologia_i_chap43_en,sc507_iustinus_apologia_i_chap43,"Just., Apol. I 43 (English)","Just., Apol. I 43",1,0.64,"1. Ὅπως δὲ μή τινες ἐκ τῶν προλελεγμένων ὑφ' ἡμῶν δοξάσωσι καθ' εἱμαρμένης ἀνάγκην φάσκειν ἡμᾶς τὰ γινό-μενα γίνεσθαι, ἐκ τοῦ προειπεῖν προεγνωσμένα, καὶ τοῦτο διαλύ<σ>ομεν. 2. Τὰς",1. But lest some people from what we have previously said should suppose that we are saying that everything that happens comes about by the necessity of fate — because we spoke of 
a28ed3de-fa7b-4b26-8b7b-57d638df9aa7,sc507_iustinus_apologia_i_chap47_en,sc507_iustinus_apologia_i_chap47,"Just., Apol. I 47 (English)","Just., Apol. I 47",1,0.4,"1. Ὅτι οὖν καὶ ἐκπορθηθήσεσθαι ἡ γῆ Ἰουδαίων ἔμελλεν, ἀκούσατε τῶν εἰρημένων ὑπὸ τοῦ προφητικοῦ πνεύματος · | εἴρηνται δὲ οἱ λόγοι ὡς ἀπὸ προσώπου λαῶν θαυμαζόντων τὰ γεγενημένα. 2",1. Hear also the words spoken by the prophetic spirit concerning how the land of the Jews was going to be laid waste; and the words were spoken as from the person of peoples marvel
bce061a1-09bc-4e36-a7f2-89003411430f,sc507_iustinus_apologia_i_chap49_en,sc507_iustinus_apologia_i_chap49,"Just., Apol. I 49 (English)","Just., Apol. I 49",1,0.61,"1. Καὶ πάλιν πῶς δι' αὐτοῦ Ἡσαΐου λέλεκται ὅτι οἱ οὐ προσδοκήσαντες αὐτὸν λαοὶ τῶν ἐθνῶν προσκυνήσουσιν αὐτόν, οἱ δὲ ἀεὶ προσδοκῶντες Ἰουδαῖοι ἀγνοήσουσι παραγε-νόμενον αὐτόν · ἐλέ","1. And again, how it was said through Isaiah that the peoples of the nations who were not expecting him would worship him, while the Jews who were always expecting him would not re"
600b658d-d85a-4e02-a610-4969471239a1,sc507_iustinus_apologia_i_chap44_en,sc507_iustinus_apologia_i_chap44,"Just., Apol. I 44 (English)","Just., Apol. I 44",1,0.61,"1. Ἐδίδαξε δὲ ἡμᾶς ταῦτα τὸ ἅγιον προφητικὸν πνεῦμα, διὰ Μωσέως φῆσαν τῷ πρώτῳ πλασθέντι ἀνθρώπῳ εἰρῆσθαι ὑπὸ τοῦ θεοῦ οὕτως · « Ἰδοὺ πρὸ προσώπου σου τὸ ἀγαθὸν καὶ τὸ κακόν, ἔκλεξ","1. The holy prophetic spirit taught us these things, declaring through Moses that the following was said by God to the first human being formed: 'Behold, good and evil are before y"
8c37c725-3032-40f7-8df0-4e55f655d935,sc507_iustinus_apologia_i_chap50_en,sc507_iustinus_apologia_i_chap50,"Just., Apol. I 50 (English)","Just., Apol. I 50",1,0.54,"1. Ὅτι δὲ καὶ ὑπὲρ ἡμῶν γενόμενος ἄνθρωπος παθεῖν καὶ ἀτιμασθῆναι ὑπέμεινε, καὶ πάλιν μετὰ δόξης παραγενήσεται, ἀκούσατε τῶν εἰρημένων εἰς τοῦτο προφητειῶν. 2. Ἔστι δὲ ταῦτα · « Ἀν","1. Hear also the prophets that were spoken concerning how he became human on our behalf and submitted to suffering and dishonor, and will come again with glory. 2. These are the wo"
0bf7dab1-9a58-43c9-a22e-3fe2c276cc09,sc507_iustinus_apologia_i_chap46_en,sc507_iustinus_apologia_i_chap46,"Just., Apol. I 46 (English)","Just., Apol. I 46",1,0.58,"1. Ἵνα δὲ μή τινες ἀλογισταίνοντες εἰς ἀποτροπὴν τῶν δεδιδαγμένων ὑφ' ἡμῶν εἴπωσι πρὸ ἐτῶν ἑκατὸν πεντήκοντα γεγεννῆσθαι τὸν Χριστὸν λέγειν ἡμᾶς ἐπὶ Κυρηνίου, δεδιδα-χέναι δὲ ἅ φαμ","1. But lest some people in their unreasonableness, in order to turn aside what we have taught, should say that we declare Christ to have been born 150 years ago under Quirinius, an"
3e5fdb3e-4270-46fd-b439-799ba0ffed4c,sc507_iustinus_apologia_i_chap53_en,sc507_iustinus_apologia_i_chap53,"Just., Apol. I 53 (English)","Just., Apol. I 53",1,0.6,"1. Πολλὰς μὲν οὖν καὶ ἑτέρας προφητείας ἔχοντες εἰπεῖν ἐπαυσάμεθα, αὐτάρκεις καὶ ταύτας εἰς πεισμονὴν τοῖς τὰ ἀκουστικὰ καὶ νοερὰ ὦτα ἔχουσιν εἶναι λογισάμενοι, καὶ νοεῖν δύνασθαι ","1. We have ceased, then, though we have many other prophecies to adduce, reasoning that these are sufficient for persuasion to those who have ears capable of hearing and understand"
d9f0bf65-2930-41db-a984-d431f9ecd818,sc507_iustinus_apologia_i_chap54_en,sc507_iustinus_apologia_i_chap54,"Just., Apol. I 54 (English)","Just., Apol. I 54",1,0.75,"1. Οἱ δὲ παραδιδόντες τὰ μυθοποιηθέντα ὑπὸ τῶν ποιητῶν οὐδεμίαν ἀπόδειξιν φέρουσι τοῖς ἐκμανθάνουσι νέοις, καὶ ἐπὶ ἀπάτῃ καὶ ἀπαγωγῇ τοῦ ἀνθρωπείου γένους εἰρῆσθαι ἀποδείκ-νυμεν κα","1. Those who hand on the myths fabricated by the poets furnish no proof to the young people who learn them, and we demonstrate that these were stated with a view to deceiving and l"
58d03b59-54ff-4489-8ee3-823b5a7a5e5b,sc507_iustinus_apologia_i_chap4_en,sc507_iustinus_apologia_i_chap4,"Just., Apol. I 4 (English)","Just., Apol. I 4",1,0.68,"1. Ὀνόματος μὲν οὖν προσωνυμίᾳ οὔτε ἀγαθὸν οὔτε κακὸν κρίνεται ἄνευ τῶν ὑποπιπτουσῶν τῷ ὀνόματι πράξεων · ἐπεί, ὅσον γε ἐκ τοῦ κατηγορουμένου ἡμῶν ὀνόματος, χρηστότατοι ὑπάρχομεν. ","1. Neither good nor evil is judged by the mere designation of a name, apart from the actions that fall under that name; for so far as concerns the name by which we are accused, we "
f4232c5f-ab9f-4540-94d4-81fb0ec75c6d,sc507_iustinus_apologia_i_chap40_en,sc507_iustinus_apologia_i_chap40,"Just., Apol. I 40 (English)","Just., Apol. I 40",1,0.52,"1. Ἀκούσατε δὲ τῶς καὶ περὶ τῶν κηρυξάντων τὴν διδα-χὴν αὐτοῦ καὶ μηνυσάντων τὴν ἐπιφάνειαν προερρέθη, | τοῦ προειρημένου προφήτου καὶ βασιλέως οὕτως εἰπόντος διὰ τοῦ προφητικοῦ πν","1. Hear also how it was foretold beforehand concerning those who proclaimed his teaching and announced his coming, with the aforesaid prophet and king speaking through the propheti"
04515287-4e64-44e6-ac0d-3a8c63d53004,sc507_iustinus_apologia_i_chap56_en,sc507_iustinus_apologia_i_chap56,"Just., Apol. I 56 (English)","Just., Apol. I 56",1,0.53,"1. Οὐκ ἠρκέσθησαν δὲ οἱ φαῦλοι δαίμονες πρὸ τῆς φανερώ-σεως τοῦ Χριστοῦ εἰπεῖν τοὺς λεχθέντας υἱοὺς τῷ Διῒ γεγο-νέναι, ἀλλ' ἐπειδή, φανερωθέντος αὐτοῦ καὶ γενομένου ἐν ἀνθρώποις, κ","1. The wicked demons were not satisfied with having, before the manifestation of Christ, caused the so-called sons of Zeus to be spoken of; but after he was manifested and became p"
275440c8-c224-4f8b-aac7-c4c8fb28c883,sc507_iustinus_apologia_i_chap52_en,sc507_iustinus_apologia_i_chap52,"Just., Apol. I 52 (English)","Just., Apol. I 52",1,0.48,"1. Ἐπειδὴ τοίνυν τὰ γενόμενα ἤδη πάντα ἀπεδείκνυμεν | πρὶν ἢ γενέσθαι προκεκηρύχθαι διὰ τῶν προφητῶν, ἀνάγκη καὶ περὶ τῶν ὁμοίως προφητευθέντων, μελλόντων δὲ γίνεσ-θαι, πίστιν ἔχει","1. Since therefore we have demonstrated that all the things that have already come to pass were proclaimed beforehand through the prophets before they came to pass, it is necessary"
57ddca7f-4842-403f-a1bd-f4dee440c756,sc507_iustinus_apologia_i_chap5_en,sc507_iustinus_apologia_i_chap5,"Just., Apol. I 5 (English)","Just., Apol. I 5",1,0.66,"1. Τί δὴ οὖν τοῦτ' ἂν εἴη ; Ἐφ' ἡμῶν, ὑπισχνουμένων μηδὲν ἀδικεῖν μηδὲ τὰ ἄθεα ταῦτα δοξάζειν, οὐ κρίσεις ἐξετά-ζετε, ἀλλὰ ἀλόγῳ πάθει καὶ μάστιγι δαιμόνων φαύλων ἐξε-λαυνόμενοι ἀκ","1. What then might this amount to? In our case, when we promise to do nothing unjust and to hold no such impious opinions, you do not examine the charges but, driven by an unreason"
8ea090f0-e620-4245-ab9c-5af150a732ef,sc507_iustinus_apologia_i_chap14_en,sc507_iustinus_apologia_i_chap14,"Just., Apol. I 14 (English)","Just., Apol. I 14",1,0.58,"1. Προλέγομεν γὰρ ὑμῖν φυλάξασθαι, μὴ οἱ προδιαβεβλη-μένοι ὑφ' ἡμῶν δαίμονες ἐξαπατήσωσιν ὑμᾶς καὶ ἀποτρέ-ψωσι τοῦ ὅλως ἐντυχεῖν καὶ συνεῖναι τὰ λεγόμενα (ἀγωνίζον-ται γὰρ ἔχειν ὑμ","1. For we forewarn you to be on guard, lest the demons we have denounced should deceive you and turn you entirely away from reading and understanding our words (for they strive to "
401ce4ea-82e0-4897-a911-74cf022fb1db,sc507_iustinus_apologia_i_chap45_en,sc507_iustinus_apologia_i_chap45,"Just., Apol. I 45 (English)","Just., Apol. I 45",1,0.55,"1. Ὅτι δὲ ἀγαγεῖν τὸν Χριστὸν εἰς τὸν οὐρανὸν ὁ πατὴρ τῶν πάντων θεὸς μετὰ τὸ ἀναστῆσαι ἐκ νεκρῶν αὐτὸν ἔμελλε, καὶ κατέχειν ἕως ἂν πατάξῃ τοὺς ἐχθραίνοντας αὐτῷ | δαίμονας, καὶ συ","1. Hear also what was said by the prophet David — that after raising Christ from the dead, God the Father of all was going to take him up into heaven, and to keep him there until h"
f9742fb7-a9f2-4bcf-a740-07113aa54c02,sc507_iustinus_apologia_i_chap55_en,sc507_iustinus_apologia_i_chap55,"Just., Apol. I 55 (English)","Just., Apol. I 55",1,0.66,"1. Ἀλλ' οὐδαμοῦ οὐδ' ἐπί τινος τῶν λεγομένων υἱῶν τοῦ Διὸς τὸ σταυρωθῆναι ἐμιμήσαντο · οὐ γὰρ ἐνοεῖτο αὐτοῖς, συμβολικῶς, ὡς προδεδήλωται, τῶν εἰς τοῦτο εἰρημένων πάντων λελεγμένων","1. But the one thing they did not imitate in any of the so-called sons of Zeus was the crucifixion; for it did not occur to them to do so, inasmuch as all the things said about it,"
3e9c811a-59cf-4979-8b3b-c74748624339,sc507_iustinus_apologia_i_chap57_en,sc507_iustinus_apologia_i_chap57,"Just., Apol. I 57 (English)","Just., Apol. I 57",1,0.63,"1. Οὐ γὰρ μὴ γενέσθαι τὴν ἐκπύρωσιν ἐπὶ κολάσει τῶν ἀσεβῶν οἱ φαῦλοι δαίμονες πεῖσαι δύνανται, ὅνπερ τρόπον οὐδὲ λαθεῖν τὸν Χριστὸν παραγενόμενον ἴσχυσαν πρᾶξαι, ἀλλ'ἐκεῖνο μόνον, ",1. The wicked demons cannot persuade that the conflagration for the punishment of the impious will not happen — just as they were unable to bring it about that the coming of Christ
4d3a0dd2-d90e-48b1-87f4-848a0ac3938f,sc507_iustinus_apologia_i_chap51_en,sc507_iustinus_apologia_i_chap51,"Just., Apol. I 51 (English)","Just., Apol. I 51",1,0.5,"1. Ἵνα δὲ μηνύσῃ ἡμῖν τὸ προφητικὸν πνεῦμα ὅτι ὁ ταῦτα πάσχων ἀνεκδιήγητον ἔχει τὸ γένος καὶ βασιλεύ<σ>ει τῶν ἐχθρῶν, ἔφη οὕτως · « Τὴν γενεὰν αὐτοῦ τίς διηγήσεται ; ὅτι αἴρεται ἀπ","1. So that the prophetic spirit might indicate to us that the one who suffers these things has a lineage that cannot be narrated and will reign over his enemies, it spoke thus: 'Wh"
a27573b1-3514-4b00-a808-4c50194a57ec,sc470_aristides_apologia_chap12_en,sc470_aristides_apologia_chap12,"Aristides, Apol. 12 (English)","Aristides, Apol. 12",1,0.55,"1. Αἰγύπτιοι δέ, ἀβελτερώτεροι καὶ ἀφρονέστεροι τούτων ὄντες, χεῖρον πάντων τῶν ἐθνῶν ἐπλανήθησαν. Οὐ γὰρ ἠρκέσθησαν τοῖς τῶν Χαλδαίων καὶ Ἑλλήνων σεβάσμασιν, ἀλλ' ἔτι καὶ ἄλογα ζῷ","1. But the Egyptians, being more foolish and senseless than all these, went astray worse than all the nations. For they were not satisfied with the objects of worship of the Chalde"
75b31dee-eb6e-425e-aea2-eb9e57550194,sc507_iustinus_apologia_i_chap59_en,sc507_iustinus_apologia_i_chap59,"Just., Apol. I 59 (English)","Just., Apol. I 59",1,0.71,"1. Ἵνα δὲ καὶ παρὰ των ἡμετέρων διδασκάλων, λέγομεν δὲ τοῦ Λόγου τοῦ διὰ τῶν προφητῶν <λαλήσαντος>, λαβόντα τὸν Πλάτωνα μάθητε τὸ εἰπεῖν, « ὕλην ἄμορφον οὖσαν στρέ-ψαντα τὸν θεὸν κ","1. And so that you may learn that it was from our teachers — I mean the Logos who spoke through the prophets — that Plato took his statement that 'God, turning formless matter, mad"
cee77874-a629-4ef3-89e5-8a6acf0b2398,passage_epict_114_en,passage_epict_114,"Epictetus, Discourses III.23: Who Do You Want to Be? - Choose Your Identity (English)","Epictetus, Discourses III.23: Who Do You Want to Be? - Choose Your Identity",1,0.17,Greek: • τίς εἶναι θέλεις; σαυτῷ πρῶτον εἰπέ - Who do you want to be? Tell yourself first! • οἱ ἀθλοῦντες πρῶτον κρίνουσιν τίνες εἶναι θέλουσιν - athletes first decide who they wan,"Key phrases: thus they do what follows.  Before reading and arguing for display, ask: WHO DO YOU WANT TO BE? (τίς εἶναι θέλεις). Athletes first decide their identity - sprinter, wr"
b6384781-1bdb-463f-8092-98e0041d461e,passage_boethius_cons_100_en,passage_boethius_cons_100,"Boethius, Cons. 100: Hercules (Verse) (English)","Boethius, Cons. 100: Hercules (Verse)",0.99,0.43,"spem videas geri, rebus quidem rectus ordo est, opinioni vero tuae perversa confusio. Sed sit; aliquis ita bene moratus, ut de eo divinum iudicium pariter humanumque {humanumque} c","Boethius, Consolation of Philosophy, passage 100: Hercules (Verse). One might see hope borne out; in reality, the order is right, but in one's opinion the confusion is perverse. Bu"
867d702c-783d-4a7b-81bd-5727391e008a,passage_boethius_cons_106_en,passage_boethius_cons_106,"Boethius, Cons. 106: Free Will Exists (English)","Boethius, Cons. 106: Free Will Exists",0.99,0.46,"Victor immitem posuisse fertur pabulum saevis dominum quadrigis. Hydra combusto periit veneno, fronte turpatus Achelous amnis ora demersit pudibunda ripis. Stravit Antaeum Libycis ","Boethius, Consolation of Philosophy, passage 106: Free Will Exists. Concluding the verse on Hercules' labors -- the last labor raised heaven on his unbowed neck, and heaven was aga"
35b9568e-88da-4923-991c-b2fdf154d2c0,passage_boethius_cons_105_en,passage_boethius_cons_105,"Boethius, Cons. 105: The Tigris and Euphrates (Verse) (English)","Boethius, Cons. 105: The Tigris and Euphrates (Verse)",0.99,0.37,"— Quare, inquit, ita vir sapiens moleste ferre non debet, quotiens in fortunae certamen adducitur, ut virum fortem non decet indignari, quotiens increpuit bellicus tumultus. Utriqu","Boethius, Consolation of Philosophy, passage 105: The Tigris and Euphrates (Verse). Philosophy declares that the wise man should not bear it ill whenever he is drawn into a contest"
59d7893d-4ffa-4bc8-9616-984acd036648,passage_boethius_cons_10_en,passage_boethius_cons_10,"Boethius, Cons. 10: The Senate Charge (English)","Boethius, Cons. 10: The Senate Charge",0.99,0.34,"Itane {Itane} nihil fortunam puduit si minus accusatae innocentiae, at accusantium vilitas? | At cuius criminis arguimur summam quaeres? Senatum dicimur salvum esse voluisse. Modum","Boethius, Consolation of Philosophy, passage 10: The Senate Charge. Was Fortune not at all ashamed, if not by the innocence of the accused, at least by the vileness of the accusers"
6391a858-8412-4405-beee-41a2d8d01566,passage_boethius_cons_32_en,passage_boethius_cons_32,"Boethius, Cons. 32: False Goods (Verse) (English)","Boethius, Cons. 32: False Goods (Verse)",0.99,0.47,"Atqui hoc vobis in contrarium cedit, pluribus quippe amminiculis opus est ad tuendam pretiosae supellectilis varietatem verumque {verumque} illud est permultis eos indigere, qui pe","Boethius, Consolation of Philosophy, passage 32: False Goods (Verse). You need many supports to protect the variety of precious furnishings, and it is truly said that those who pos"
0d620b68-af31-4d0d-8154-ed30272154ee,passage_boethius_cons_37_en,passage_boethius_cons_37,"Boethius, Cons. 37: Glory's Emptiness (English)","Boethius, Cons. 37: Glory's Emptiness",0.99,0.67,"- Et illa: Atqui hoc unum est, quod praestantes quidem natura mentes, sed nondum ad extremam manum virtutum perfectione perductas allicere possit, gloriae scilicet cupido et optimo","Boethius, Consolation of Philosophy, passage 37: Glory's Emptiness. Philosophy acknowledges that one thing can attract minds that are outstanding by nature but have not yet been br"
dc8b2dc2-2f75-4e61-b882-35c237c86065,passage_boethius_cons_58_en,passage_boethius_cons_58,"Boethius, Cons. 58: Unity of Goods (English)","Boethius, Cons. 58: Unity of Goods",0.99,0.46,"Considera vero, ne, quod nihilo indigere, quod potentissimum, quod honore dignissimum esse concessum est, egere claritudine, quam sibi praestare non possit, atque ob id aliqua ex p","Boethius, Consolation of Philosophy, passage 58. Consider whether that which has been granted to lack nothing, to be most powerful, and most worthy of honor could lack the renown i"
44c7142b-49a9-4952-9a8b-fa33dffef748,passage_boethius_cons_63_en,passage_boethius_cons_63,"Boethius, Cons. 63: God is Supreme Good (English)","Boethius, Cons. 63: God is Supreme Good",0.99,0.25,"Nam ni tale sit, rerum omnium princeps esse non poterit; erit enim eo praestantius aliquid perfectum possidens bonum, quod hoc prius atque antiquius esse videatur; omnia namque per","Boethius, Consolation of Philosophy, passage 63: God is Supreme Good. If something perfect did not exist, it could not be the first principle of all things, for there would always "
f10501d8-1624-4ad5-8403-006652125c06,passage_boethius_cons_73_en,passage_boethius_cons_73,"Boethius, Cons. 73: God Governs by Good (English)","Boethius, Cons. 73: God Governs by Good",0.99,0.45,"Nonne in um - titudine sufficientiam numeravimus deumque {deumque} beatitudinem ipsam esse consensimus? — Ita quidem. — ■ Et ad mundum igitur, inquit, regendum nullis extrinsecus a","Boethius, Consolation of Philosophy, passage 73: God Governs by Good. Philosophy reminds Boethius that they agreed self-sufficiency is among the marks of the divine and that God is"
0f855d77-a370-48b9-8a2a-5d49f3439351,passage_boethius_cons_75_en,passage_boethius_cons_75,"Boethius, Cons. 75: Summary of Conclusions (English)","Boethius, Cons. 75: Summary of Conclusions",0.99,0.3,"Etenim paulo ante beatitudine incipiens eam summum bonum esse dicebas, quam in summo deo sitam loquebare. Ipsum quoe deum summum esse bonum plenamque {plenamque} beatitudinem disse","Boethius, Consolation of Philosophy, passage 75: Summary of Conclusions. Boethius recapitulates: beginning with happiness, Philosophy said it was the supreme good, residing in the "
1131e66d-70de-4b97-acce-88529d34b225,passage_boethius_cons_79_en,passage_boethius_cons_79,"Boethius, Cons. 79: Return to Your Country (Verse) (English)","Boethius, Cons. 79: Return to Your Country (Verse)",0.99,0.4,"Huc te si reducem referat via, quam nunc requiris immemor, haec, dices, memini, patria est mihi, hinc ortus, hic sistam gradum. Quodsi terrarum placeat tibi noctem relictam visere,","Boethius, Consolation of Philosophy, passage 79: Return to Your Country (Verse). A verse: 'If the way that you now seek, forgetful, should carry you back home, you will say: I reme"
c9de80de-b3e5-48a1-beec-ab0b8e599b49,passage_boethius_cons_95_en,passage_boethius_cons_95,"Boethius, Cons. 95: Hidden Causes (Verse) (English)","Boethius, Cons. 95: Hidden Causes (Verse)",0.99,0.36,"Cori litus frementi tundere fluctu nec nivis duram frigore molem fervente Phoebi solvier aestu. Hic enim causas cernere promptum est, illic latentes pectora turbant, cuncta, quae r","Boethius, Consolation of Philosophy, passage 95: Hidden Causes (Verse). A verse: we should not pound the shore with waves on a stormy sea, nor seek to melt hard snow with the sun's"
8a948c7b-ac1a-410a-9528-f20dc8b07a33,passage_boethius_cons_98_en,passage_boethius_cons_98,"Boethius, Cons. 98: Proximity to the Center (English)","Boethius, Cons. 98: Proximity to the Center",0.99,0.53,"igitur uti est ad intellectum ratiocinatio, ad id quod est id quod gignitur, ad aeternitatem tempus, ad punctum medium circulus, ita est fati series mobilis ad providentiae stabile","Boethius, Consolation of Philosophy, passage 98: Proximity to the Center. Therefore as reasoning is to understanding, as that which becomes is to that which is, as time is to etern"
081038f5-e74f-441d-86e3-42c8ec4cb9f0,passage_boethius_cons_9_en,passage_boethius_cons_9,"Boethius, Cons. 9: Defense of the Senate (English)","Boethius, Cons. 9: Defense of the Senate",0.99,0.21,"Cum acerbae famis tempore gravis atque inexplicabilis indicta coemptio profligatura inopia Campaniam provinciam videretur, certamen adversum praefectum praetorii communis commodi r","Boethius, Consolation of Philosophy, passage 9: Defense of the Senate. When a severe and oppressive forced purchase was imposed during a bitter famine that seemed certain to devast"
4f649921-391c-44fb-8876-418fd3e1cdf8,passage_boethius_cons_62_en,passage_boethius_cons_62,"Boethius, Cons. 62: Perfect Good Must Exist (English)","Boethius, Cons. 62: Perfect Good Must Exist",0.99,0.35,"In quo illud primum arbitror inquirendum, an aliquod huius modi bonum. quale paulo ante definisti, in rerum natura possit exsistere, ne nos praeter rei subiectae veritatem cassa co","Boethius, Consolation of Philosophy, passage 62: Perfect Good Must Exist. Philosophy first inquires whether a good of the kind previously defined can exist in the nature of things,"
6f489da1-6446-43af-890d-f29b47e775d8,passage_boethius_cons_91_en,passage_boethius_cons_91,"Boethius, Cons. 91: Pity for the Wicked (English)","Boethius, Cons. 91: Pity for the Wicked",0.99,0.41,"Cui sententiae consequens est, ut tum demum gravioribus suppliciis urgueantur, cum impuniti esse creduntur. — Tum ego: Cum tuas. mauajn {mauajn}, rationes considero, nihil 26 dici ","Boethius, Consolation of Philosophy, passage 91: Pity for the Wicked. The consequence of this view is that the wicked are pressed by heavier punishments precisely when they are bel"
53b73dd6-881f-4d0b-9419-2952d90e9d40,passage_sen_prov_3_7_en,passage_sen_prov_3_7,"Seneca, De Prov. 3.7: Rutilius in Exile (English)","Seneca, De Prov. 3.7: Rutilius in Exile",0.99,0.44,"Latin: Infelix est Rutilius, quod qui illum damnaverunt causam dicent omnibus saeculis ? Quod aequiore animo passus est se patriae eripi quam sibi exilium ? Quod Sullae dictatori s","Seneca, On Providence 3.7: Rutilius in Exile. Is Rutilius unfortunate because those who condemned him will have to plead their case before all ages? Because he bore being torn from"
1b017d9f-ea35-44af-99d5-26e9fe725e43,sc132_origenes_contra_celsum_i_par18_en,sc132_origenes_contra_celsum_i_par18,CC I 18 (English),CC I 18,0.99,0.37,"18. Εἴποιμεν δ' ἂν προκαλούμενοι βίβλους βίβλοις παρα-βάλλεσθαι ὅτι φέρε, ὦ οὗτος, τὰ Λίνου καὶ Μουσαίου καὶ Ὀρφέως ποιήματα καὶ Φερεκύδου τὴν γραφὴν καὶ συνεξέταζε τοῖς Μωϋσέως νό","18. We would say, challenging him to compare books with books: come, sir, set the poems of Linus and Musaeus and Orpheus and the writing of Pherecydes alongside the laws of Moses, "
05c9101e-1bf0-4b78-ae90-4ead37fae8f6,sc132_origenes_contra_celsum_i_par29_a_en,sc132_origenes_contra_celsum_i_par29_a,CC I 29_a (English),CC I 29_a,0.99,0.41,"Εἰ δὲ καὶ ἐπὶ πλεῖον ἐξετάζοι τις τὰ κατὰ τὸν τοιοῦτον, πῶς οὐκ ἂν ζητήσαι, τίνα τρόπον ἐν εὐτελείᾳ καὶ πενίᾳ ἀνατεθραμμένος καὶ μηδεμίαν ἐγκύκλιον παιδείαν παιδευθεὶς [μηδὲ μαθὼν ","And if one examines such a person more closely, how could one fail to inquire by what means, having been raised in lowliness and poverty and having received no liberal education [a"
359d0684-acf8-4b73-8702-1fe854850e24,sc132_origenes_contra_celsum_i_par25_en,sc132_origenes_contra_celsum_i_par25,CC I 25 (English),CC I 25,0.99,0.23,"25. Καὶ τάχα οὐκ ἐλάττων ὁ κίνδυνος τῷ τὸ ὄνομα τοῦ θεοῦ ἢ τὸ ὄνομα τοῦ ἀγαθοῦ ἐφ' ἃ μὴ χρὴ κατάγοντι, ἤπερ τῷ τὰ κατά τινα ἀπόρρητον λόγον ὀνόματα ἐναλλάσσοντι καὶ τὰ μὲν κατὰ τῶν","25. And perhaps the danger is no less for one who misapplies the name of God or the name of the good than for one who, according to a certain mysterious principle, transposes names"
356724d1-3861-4626-a77e-83541cfc7b2d,sc132_origenes_contra_celsum_i_par2_en,sc132_origenes_contra_celsum_i_par2,CC I 2 (English),CC I 2,0.99,0.35,"2. Ἑξῆς βάρβαρόν φησιν ἄνωθεν εἶναι τὸ δόγμα, δηλονότι τὸν ἰουδαϊσμόν, οὗ χριστιανισμὸς ἤρτηται]. Καὶ εὐγνωμόνως γε οὐκ ὀνειδίζει ἐπὶ τῇ ἀπὸ βαρβάρων ἀρχῇ τῷ λόγῳ, ἐπαινῶν ὡς ἱκανο","2. Next he says that the doctrine is originally barbarian, meaning Judaism, from which Christianity depends. And he graciously does not reproach the doctrine for its barbarian orig"
56ad0275-6071-4b10-aada-ea6624274f49,sc132_origenes_contra_celsum_ii_par14_en,sc132_origenes_contra_celsum_ii_par14,CC II 14 (English),CC II 14,0.99,0.74,"14. Ἐδύνατο μέντοι παραδεξάμενος ἢ συγχωρήσας ὁ Κέλσος τὸ προεγνωκέναι αὐτὸν τὰ συμβησόμενα αὐτῷ ἐξευτε-λίζειν μὲν τοῦτο δοκεῖν, ὅπερ πεποίηκεν ἐπὶ τῶν δυνάμεων, γοητείᾳ φάσκων αὐτ","14. Celsus could, having accepted or granted that Jesus foreknew the things that would happen to him, appear to belittle this fact — as he did with the miracles, attributing them t"
1b6aa1e0-e44f-4bfc-9dcc-d8e6dbfeb513,sc132_origenes_contra_celsum_ii_par1_en,sc132_origenes_contra_celsum_ii_par1,CC II 1 (English),CC II 1,0.99,0.75,"1. Ἐν τῷ πρώτῳ τόμῳ τῶν ὑπαγορευθέντων ἡμῖν πρὸς τὸν Κέλσου ἐπιγραφέντα ἀληθῆ λόγον καταλήξαντες [εἰς τὴν τοῦ Ἰουδαίου πρὸς τὸν Ἰησοῦν προσωποποιΐαν], αὐτάρκη περιγραφὴν εἰληφότι, ","1. Having concluded, in the first volume of what we dictated in response to Celsus's work entitled The True Word, [with the portrayal of the Jew addressing Jesus], which had receiv"
22e33c56-5382-4b5d-b52a-ae5401a972d6,sc132_origenes_contra_celsum_ii_par21_en,sc132_origenes_contra_celsum_ii_par21,CC II 21 (English),CC II 21,0.99,0.61,"21. Ὅρα δὲ καὶ τὸ ἐπιπόλαιον καὶ τὸ ἄντικρυς ψεῦδος τῆς τοιαύτης τοῦ Κέλσου λέξεως, ἀποφηναμένου ὅτι ἀνθρώπῳ μὲν ὁ κοινωνήσας τραπέζης οὐκ ἂν αὐτῷ ἐπιβου-λεύσειεν · εἰ δὲ ἀνθρώπῳ ο","21. Observe also the superficiality and manifest falsehood of Celsus's statement, in which he declares that one who has shared a man's table would no longer plot against him; and i"
ce392c9a-81ad-410e-8c89-b8543247107e,sc132_origenes_contra_celsum_ii_par27_en,sc132_origenes_contra_celsum_ii_par27,CC II 27 (English),CC II 27,0.99,0.7,27. Μετὰ ταῦτά τινας τῶν πιστευόντων φησὶν ὡς ἐκ μέθης ἥκοντας εἰς τὸ ἐφεστάναι αὑτοῖς μεταχαράττειν ἐκ τῆς πρώτης γραφῆς τὸ εὐαγγέλιον τριχῇ καὶ τετραχῇ καὶ πολλαχῇ καὶ μεταπλάττε,"27. After this he says that certain of the believers, coming to their senses as if from drunkenness, have altered the Gospel from its original text in three, four, and many ways, a"
e1e902b9-3114-4ccd-a399-03fe5b139360,sc132_origenes_contra_celsum_ii_par29_en,sc132_origenes_contra_celsum_ii_par29,CC II 29 (English),CC II 29,0.99,0.66,29. Φθάσαντες δ' ἐν τοῖς ἀνωτέρω εἰρήκαμεν περὶ τοῦ τὸν Χριστὸν προφητεύεσθαι δύο ἐπιδημίαις χρησόμενον εἰς τὸ τῶν ἀνθρώπων γένος · διόπερ οὐκέτι χρεία ἡμᾶς ἀπολο-γήσασθαι πρὸς τὸ ,29. We have anticipated in the earlier section the statement that the Christ was prophesied as one who would make use of two comings for the human race; and so we have no further n
ae78eee7-05d5-40b8-a43f-11aaa78e3dff,sc132_origenes_contra_celsum_ii_par2_a_en,sc132_origenes_contra_celsum_ii_par2_a,CC II 2_a (English),CC II 2_a,0.99,0.63,"Οἶμαι δ' ὅτι καὶ ἐπεὶ τύπος μὲν ἦν ἐκεῖνα, ἀλήθεια δὲ ἃ ἔμελλε διδάσκειν αὐτοὺς τὸ ἅγιον πνεῦμα, διὰ τοῦτο λέλεκται · « Ὅταν ἔλθῃ ἐκεῖνος, τὸ πνεῦμα τῆς ἀληθείας, ὁδηγήσει ὑμᾶς εἰς","I believe also that since those things were types and shadows while the truths were what the Holy Spirit was going to teach them, for this reason it was said: 'When that one comes,"
c7d327d1-1ac4-4704-b14e-fb308140945b,sc132_origenes_contra_celsum_ii_par35_en,sc132_origenes_contra_celsum_ii_par35,CC II 35 (English),CC II 35,0.99,0.71,35. Πρὸς δὲ τό · Τί οὐκ εἰ μὴ πρόσθεν ἀλλὰ νῦν γοῦν θεῖόν τι ἐπιδείκνυται καὶ τῆς αἰσχύνης ταύτης ἑαυτὸν ῥύεται καὶ τοὺς ὑβρίζοντας εἰς ἑαυτόν τε καὶ τὸν πατέρα δικαιοῖ ; λεκτέον ὅ,"35. In response to: 'Why, if not before, at least now does he not demonstrate something divine, and free himself from this shame, and punish those who insult both himself and his F"
ffd1603d-3cda-4e21-b856-ca2120369211,sc132_origenes_contra_celsum_ii_par53_a_en,sc132_origenes_contra_celsum_ii_par53_a,CC II 53_a (English),CC II 53_a,0.99,0.53,Ἐπεὶ δὲ προσδιατρίβων τῷ τόπῳ ὁ Κέλσος προσέθηκεν οἷς ἐξεθέμην κοινοποιηθεῖσι καὶ τό · τί γὰρ μᾶλλον ἀπό γε τούτων τοὺς ἄλλους πονηροὺς ἢ τοῦτον νομιστέον αὐτῷ χρωμένους μάρτυρι ; ,"Since Celsus dwells further on the topic and added to what he had set forth as common ground also this: 'For why, on the basis of these things, should one consider others wicked ra"
ebe5200a-5eba-4a81-80dd-30f490b61ee2,sc132_origenes_contra_celsum_ii_par65_en,sc132_origenes_contra_celsum_ii_par65,CC II 65 (English),CC II 65,0.99,0.36,"65. Καὶ τί λέγω πᾶσιν ; Οὐδὲ γὰρ αὐτοῖς τοῖς ἀποστόλοις καὶ τοῖς μαθηταῖς ἀεὶ συνῆν ἢ ἀεὶ ἐφαίνετο, μὴ δυναμένοις αὐτοῦ χωρῆσαι τὴν θεωρίαν διηνεκῶς. Λαμπροτέρα γὰρ τὴν οἰκονομίαν ","65. And why should I speak of 'all'? For he was not always present with nor always visible even to the apostles and disciples themselves, since they were not always capable of sust"
4ebf59f5-1597-48c9-9949-f2b525748336,sc132_origenes_contra_celsum_ii_par67_en,sc132_origenes_contra_celsum_ii_par67,CC II 67 (English),CC II 67,0.99,0.35,"67. Ἀπελογησάμεθα οὖν κατὰ τὸ δυνατὸν ἡμῖν ὡς ἐν τοιούτῳ συγγράμματι πρὸς τὸ ἐχρῆν, εἴπερ ὄντως ἐκφῆναι θείαν δύναμιν ἤθελεν, αὐτοῖς τοῖς ἐπηρεάσασι καὶ τῷ καταδικάσαντι καὶ ὅλως π","67. We have therefore defended, as far as was possible for us in a work of this kind, the position against the claim that if Jesus truly wished to display divine power, he ought to"
f0bcd177-2e9f-46dd-91d7-32f67673ca77,sc132_origenes_contra_celsum_ii_par69_en,sc132_origenes_contra_celsum_ii_par69,CC II 69 (English),CC II 69,0.99,0.66,"69. [Θέλομεν δὲ παραστῆσαι, πῶς οὐ χρησιμώτερον ἦν πρὸς τὴν οἰκονομίαν ὅλην τὸ εὐθὺς ἀπὸ τοῦ σκόλοπος αὐτὸν ἀφανῆ γενέσθαι σωματικῶς. Τὰ συμβεβηκέναι ἀναγε-γραμμένα τῷ Ἰησοῦ οὐκ ἐν",69. We wish to demonstrate why it would not have been more beneficial for the whole dispensation that he should at once have vanished bodily from the cross. The events recorded as 
08a18268-71c7-410b-82a3-b614c55fb109,sc136_origenes_contra_celsum_iii_par19_en,sc136_origenes_contra_celsum_iii_par19,CC III 19 (English),CC III 19,0.99,0.68,"19. Καί φησι γὲ ἡμᾶς τῶν μὲν Αἰγυπτίων καταγελᾶν, καίτοι πολλὰ καὶ οὐ φαῦλα παρεχόντων αἰνίγματα, ἐπὰν ἰδεῶν ἀϊδίων καὶ οὐχ, ὡς δοκοῦσιν οἱ πολλοί, ζῴων ἐφημε-ρίων τιμὰς εἶναι τὰ τ","19. He says that we mock the Egyptians, even though they offer many and not worthless riddles, whenever they teach that such things as their animal cults are honours paid to eterna"
4b84849b-709d-45f4-aaf6-eb1dc8e96d83,sc136_origenes_contra_celsum_iv_par17_en,sc136_origenes_contra_celsum_iv_par17,CC IV 17 (English),CC IV 17,0.99,0.26,"17. Ἆρα δὲ οὐ πολλῷ ταῦτα, καὶ μάλιστα ὅτε ὃν δεῖ τρόπον νοεῖται, σεμνότερα φανεῖται Διονύσου ὑπὸ τῶν Τιτάνων ἐπατωμένου καὶ ἐκπίπτοντος ἀπὸ τοῦ Διὸς θρόνου καὶ σπαρασσομένου ὑπ' α","17. Do these things not appear, especially when understood as they ought to be, far more elevated than Dionysus being trampled upon by the Titans and falling from the throne of Zeu"
db5ccadc-5016-4289-b7f6-7e814a877dc7,sc136_origenes_contra_celsum_iv_par26_en,sc136_origenes_contra_celsum_iv_par26,CC IV 26 (English),CC IV 26,0.99,0.79,"26. Εἰ δὲ διὰ τὰ μὴ ἀρέσκοντα Κέλσῳ Χριστιανῶν καὶ Ἰουδαίων δόγματα, <ἃ> μηδὲ τὴν ἀρχὴν ἐπίστασθαι φαίνεται, οὗτοι μὲν σκώληκες καὶ μύρμηκες οἱ δὲ λοιποὶ οὐ τοιοῦτοι, φέρε ἐξετάσωμ",26. But if it is because of doctrines of Christians and Jews that do not please Celsus — doctrines he appears not to have understood even in the first place — that these are worms 
b32e1a04-83ad-45c3-89a2-2055aa705119,sc136_origenes_contra_celsum_iv_par37_a_en,sc136_origenes_contra_celsum_iv_par37_a,CC IV 37_a (English),CC IV 37_a,0.99,0.64,"Εἶθ' ὅρα κακοήθειαν τοῦ Κέλσου ἐν τοῖς ἑξῆς. Τῆς γὰρ γραφῆς ἡμῶν λεγούσης ἐπὶ τῆς τοῦ ἀνθρώπου πλάσεως · « Καὶ ἐνεφύσησεν εἰς τὸ πρόσωπον αὐτοῦ πνοὴν ζωῆς, καὶ ἐγένετο ὁ ἄνθρωπος ε","Then see the malice of Celsus in what follows. For when our Scripture, speaking of the fashioning of man, says: 'And he breathed into his face the breath of life, and man became a "
0bdc9fa5-4087-4976-a807-5486629f7550,sc136_origenes_contra_celsum_iv_par37_en,sc136_origenes_contra_celsum_iv_par37,CC IV 37 (English),CC IV 37,0.99,0.8,"37. Ἐγκαλεῖ δ' ἡμῖν ὡς ὑπὸ χειρῶν θεοῦ πλασθέντα εἰσαγαγοῦσιν ἄνθρωπον, τοῦ μὲν τῆς Γενέσεως βιβλίου οὔτ'ἐπὶ τῆς ποιήσεως τοῦ ἀνθρώπου οὔτ' ἐπὶ τῆς πλάσεως χεῖρας παραλαβόντος θεοῦ",37. He charges us with introducing a man who was shaped by the hands of God — whereas the book of Genesis neither in the making nor in the shaping of man introduces God's hands; th
c9024b62-6e1a-4e3b-b566-761adbedf80f,sc136_origenes_contra_celsum_iv_par38_en,sc136_origenes_contra_celsum_iv_par38,CC IV 38 (English),CC IV 38,0.99,0.72,"38. Εἶτ' ἐπεὶ προκείμενον ἦν αὐτῷ κακηγορεῖν τὰ γεγραμμένα, διεχλεύασε καὶ τὸ « Ἐπέβαλεν ὁ θεὸς ἔκστασιν ἐπὶ τὸν Ἀδάμ, καὶ ὕπνωσε. Καὶ ἔλαβε μίαν τῶν πλευρῶν αὐτοῦ καὶ ἀνεπλήρωσε σ","38. Then, since it was his purpose to calumniate what was written, he also mocked the passage: 'And God cast a deep sleep on Adam, and he slept. And he took one of his ribs and fil"
2724585c-570c-4dd5-9ab5-16fcf4883242,sc136_origenes_contra_celsum_iv_par43_en,sc136_origenes_contra_celsum_iv_par43,CC IV 43 (English),CC IV 43,0.99,0.39,"43. Ἀτοπωτάτην δὲ λέγει καὶ ἔξωρον παιδοποιΐαν, εἰ καὶ μὴ ὠνόμασε, δῆλον δ' ὅτι λέγων τὴν τοῦ Ἀβραάμ καὶ τῆς Σάρρας. Ῥίπτων δὲ καὶ τὰς τῶν ἀδελφῶν ἐπιβουλὰς ἤτοι τὸν Κάϊν ἐπιβουλεύ","43. He speaks of a most absurd and unseasonable childbirth—though he does not name it—clearly referring to that of Abraham and Sarah. And throwing in the schemes of brothers, he re"
a0c1b3fe-eeb5-4bf5-8420-7ba153e278a2,sc136_origenes_contra_celsum_iv_par44_a_en,sc136_origenes_contra_celsum_iv_par44_a,CC IV 44_a (English),CC IV 44_a,0.99,0.57,"Νύμφας τε καὶ θεραπαινίδας ἀνάγεσθαι ἐπὶ τροπολογίαν οὐχ ἡμεῖς διδάσκομεν, ἀλλ' ἄνωθεν ἀπὸ σοφῶν παρειλή-φαμεν · ὧν εἷς τις ἔφασκε διεγείρων τὸν ἀκροατὴν ἐπὶ τροπολογίας · « Λέγετέ","And it is not we who introduce the allegorization of nymphs and handmaidens, but we have received this from ancient wise men. One of them, exhorting his hearer to allegorical inter"
2ad24f17-1fb2-4cf7-b862-10247b3032d6,sc136_origenes_contra_celsum_iv_par42_en,sc136_origenes_contra_celsum_iv_par42,CC IV 42 (English),CC IV 42,0.99,0.32,"42. Ἔρριψε δ' ὁ Κέλσος τὰ περὶ τῆς περιστερᾶς, ἵνα δόξῃ ἀνεγνωκέναι τὸ βιβλίον τὴν Γένεσιν, οὐδὲν δυνηθεὶς εἰπεῖν πρὸς τὸ ἐλέγξαι πλασματῶδες τὸ κατὰ τὴν περιστεράν. Εἶθ' ὡς ἔθος α","42. Celsus threw in the material about the dove in order to appear to have read the book of Genesis, while being unable to say anything to disprove the authenticity of the account "
5c8496d0-b181-49d0-85f9-19322d460c78,sc136_origenes_contra_celsum_iv_par48_en,sc136_origenes_contra_celsum_iv_par48,CC IV 48 (English),CC IV 48,0.99,0.49,"48. Εἶτα ὡς εἰς τὸ μισεῖν μόνον καὶ ἀπεχθάνεσθαι τῷ κατ' Ἰουδαίους καὶ Χριστιανοὺς λόγῳ ἑαυτὸν ἐπιδεδωκώς, φησὶν ὅτι καὶ Ἰουδαίων καὶ Χριστιανῶν οἱ ἐπιεικέστεροι ταῦτ' ἀλληγοροῦσι ","48. Then, having devoted himself entirely to hatred and hostility toward the account as it concerns Jews and Christians, Celsus says that even the more refined among Jews and Chris"
27b49d54-5c4e-40a5-8c7b-9c7cc38053b9,sc136_origenes_contra_celsum_iv_par46_en,sc136_origenes_contra_celsum_iv_par46,CC IV 46 (English),CC IV 46,0.99,0.38,"46. Παραρρίπτει δ' ὁ Κέλσος τὴν ἀπέχθειαν, οἶμαι τοῦ Ἠσαῦ πρὸς τὸν Ἰακώβ, ἀνδρὸς κατὰ τὴν γραφὴν ὁμολο-γουμένου φαύλου · καὶ μὴ σαφῶς ἐκτιθέμενος τὰ περὶ τὸν Συμεὼν καὶ τὸν Λευΐ, ἐ","46. Celsus casually throws in the hostility of Esau toward Jacob—a man acknowledged by scripture to be base—and without setting out clearly what concerns Simeon and Levi, who aveng"
bd8f776e-6581-40cf-aab3-6d6276515b6f,sc136_origenes_contra_celsum_iv_par47_en,sc136_origenes_contra_celsum_iv_par47,CC IV 47 (English),CC IV 47,0.99,0.42,"47. Μετὰ ταῦτα ὁ Κέλσος ὁσίας ἕνεκεν μετὰ πάσης ἀσαφείας ὑπομιμνήσκεται τῶν ὀνειράτων τοῦ ἀρχιοινοχόου καὶ τοῦ ἀρχισιτοποιοῦ καὶ τοῦ Φαραὼ καὶ τῆς λύσεως αὐτῶν, ἐξ ἧς προήχθη ἀπὸ τ","47. After this, Celsus mentions—with a kind of pious pretense, yet with complete vagueness—the dreams of the chief cupbearer and the chief baker, and of Pharaoh, and their interpre"
0487ce69-0a1b-4bfb-9b7d-cd4138f7e55c,sc136_origenes_contra_celsum_iv_par4_en,sc136_origenes_contra_celsum_iv_par4,CC IV 4 (English),CC IV 4,0.99,0.56,"4. Λελέξεται οὖν ὅπερ ἡμῖν καὶ Ἰουδαίοις προσάγει ὁ Κέλσος καὶ πρὸς αὐτόν · ὅτι ἆρα, ὦ οὗτος, οἶδεν ὁ ἐπὶ πᾶσι θεὸς τὰ ἐν ἀνθρώποις ἢ οὐκ οἶδεν ; Ἀλλ' εἴπερ τίθης εἶναι θεὸν καὶ πρ","4. We shall therefore state what Celsus brings against both us and the Jews, and reply to him: Does the God who is over all things know, or not know, what goes on among human being"
b908d4f9-35a4-4d0a-bcd3-50c5590be708,sc136_origenes_contra_celsum_iv_par45_en,sc136_origenes_contra_celsum_iv_par45,CC IV 45 (English),CC IV 45,0.99,0.58,"45. Δέον δ' αὐτὸν τὸ φιλάληθες τῶν ἀναγραψάντων τὰς θείας γραφὰς ἀποδεξάμενον, μὴ κρυψάντων καὶ τὰ ἀπεμ-φαίνοντα, προσαχθῆναι καὶ περὶ τῶν λοιπῶν καὶ παραδοξο-τέρων ὡς οὐ πεπλασμέν","45. Celsus ought, having acknowledged the love of truth on the part of those who recorded the divine scriptures—since they did not conceal even what seemed incongruous—to have been"
32921400-748d-4d32-99c7-17788df9caa0,sc147_origenes_contra_celsum_v_par47_en,sc147_origenes_contra_celsum_v_par47,CC V 47 (English),CC V 47,0.99,0.53,"47. Τὸ δ' αἴτιον τῆς Ἰουδαίων περιτομῆς οὐ ταὐτόν ἐστι τῷ αἰτίῳ τῆς Λἰγυπτίων περιτομῆς ἢ Κόλχων · διὸ οὐχ ἡ αὐτὴ νομισθείη ἂν περιτομή. Καὶ ὥσπερ ὁ θύων οὐ τῷ αὐτῷ θύει, εἰ καὶ ὁμ",47. The reason for the circumcision of the Jews is not the same as the reason for the circumcision of the Egyptians or the Colchians; and therefore they should not be considered th
55c44cb3-45c6-4568-9285-764dd6c51560,sc147_origenes_contra_celsum_v_par63_a_en,sc147_origenes_contra_celsum_v_par63_a,CC V 63_a (English),CC V 63_a,0.99,0.07,"{ Καὶ βλασφημοῦσι δέ, φησίν, εἰς ἀλλήλους οὗτοι πάνδεινα ῥητὰ καὶ ἄρρητα · καὶ οὐκ ἂν εἴξαιεν οὐδὲ καθ' ὁτιοῦν εἰς ὁμόνοιαν, πάντῃ ἀλλήλους ἀποστυγοῦντες. Καὶ πρὸς ταῦτα δ' ἡμῖν εἴ","And 'they blaspheme one another,' he says, 'with terrible things both speakable and unspeakable, and they would not yield in the slightest toward harmony, utterly abhorring one ano"
c2d22aa0-b0c7-48db-b8d3-cd0955925128,sc147_origenes_contra_celsum_v_par61_a_en,sc147_origenes_contra_celsum_v_par61_a,CC V 61_a (English),CC V 61_a,0.99,0.1,"Ἔστω δέ τι καὶ τρίτον γένος τῶν ὀνομαζόντων ψυχικούς τινας καὶ πνευματικοὺς ἑτέρους · οἶμαι δ' αὐτὸν λέγειν τοὺς ἀπὸ Οὐαλεντίνου. Καὶ τί τοῦτο πρὸς ἡμᾶς τοὺς ἀπὸ τῆς ἐκκλησίας, κατ",Let there also be a third class of those who call some people 'psychic' (psychikous) and others 'spiritual' (pneumatikous); I think he means the followers of Valentinus. And what i
00f654b3-a2d3-439b-b69a-ea7a5bcbf4a4,sc147_origenes_contra_celsum_vi_par14_en,sc147_origenes_contra_celsum_vi_par14,CC VI 14 (English),CC VI 14,0.99,0.17,"14. Καίτοι γε ἄλλους μέν φησιν ἀπαιδευτοτάτους εἶναι καὶ ἀνδράποδα καὶ ἀμαθεστάτους ὁ Κέλσος, τοὺς μὴ ἐπιστα-μένους αὐτοῦ τὰ πράγματα μηδὲ παιδευθέντας τὰ Ἑλλήνων μαθήματα · ἡμεῖς ","And yet Celsus says that some are most uneducated, slavish, and utterly ignorant—those who do not know his subjects or have not been trained in Greek learning. But we say that the "
c52b6cfd-7eda-43ae-a1a2-d93e4f77652f,sc147_origenes_contra_celsum_vi_par17_b_en,sc147_origenes_contra_celsum_vi_par17_b,CC VI 17_b (English),CC VI 17_b,0.99,0.43,"Ἀλλὰ καὶ ὁ σωτὴρ ἡμῶν καὶ κύριος λόγος τοῦ θεοῦ τὸ μέγεθος παριστὰς τῆς γνώσεως τοῦ πατρός, ὅτι κατ' ἀξίαν προηγουμένως αὐτῷ μόνῳ λαμβάνεται καὶ γινώσκεται, δευτέρως δὲ τοῖς ἐλλαμπ","But our Savior too and Lord, the Word of God (logos tou theou), demonstrating the greatness of the knowledge of the Father—that it is primarily and in the fullest sense apprehended"
eb4a6b10-1690-445c-8083-d90145845d48,sc147_origenes_contra_celsum_v_par5_en,sc147_origenes_contra_celsum_v_par5,CC V 5 (English),CC V 5,0.99,0.32,5. Ἀγγέλους γὰρ καλέσαι μὴ ἀναλαβόντας τὴν ὑπὲρ ἀνθρώπους περὶ αὐτῶν ἐπιστήμην οὐκ εὔλογον. Ἵνα δὲ καὶ καθ' ὑπόθεσιν ἡ περὶ αὐτῶν ἐπιστήμη θαυμάσιός τις οὖσα καὶ ἀπόρρητος καταληφθ,"5. For it is not reasonable to call them angels if they have not received superhuman knowledge concerning human beings. And in order that, even on hypothesis, their knowledge may b"
44abea14-ac3b-479e-8d29-436d45b73c73,sc147_origenes_contra_celsum_vi_par25_a_en,sc147_origenes_contra_celsum_vi_par25_a,CC VI 25_a (English),CC VI 25_a,0.99,0.27,"Ἔτι δὲ ὁ Κέλσος μελαίνῃ γραμμῇ παχείᾳ φησὶ διειλημ-μένον εἶναι τὸ διάγραμμα, καὶ ταύτην ἔφασκεν εἰρῆσθαι αὐτῷ τὴν Γέενναν, οὖσαν καὶ Τάρταρον. Τὴν δὲ Γέενναν ἡμεῖς ἐν τῷ εὐαγγελίῳ ","Furthermore, Celsus says that the diagram was divided by a thick black line, and that this was said to represent Gehenna (Geenna), which is also Tartarus. But we who find Gehenna w"
dd7bf3a5-9a27-4681-bd7f-5d2329885d3c,sc147_origenes_contra_celsum_vi_par12_en,sc147_origenes_contra_celsum_vi_par12,CC VI 12 (English),CC VI 12,0.99,0.14,"12. Διὸ μεταβαίνομεν ἐπ' ἄλλην Κέλσου κατηγορίαν, οὐδὲ τὰς λέξεις ἡμῶν εἰδότος ἀλλ' ἐκ παρακουσματίων φήσαντος ὅτι φαμὲν τὴν ἐν ἀνθρώποις σοφίαν μωρίαν εἶναι παρὰ θεῷ, τοῦ Παύλου λ","Therefore we pass on to another of Celsus's accusations, wherein he does not even know our exact words, but from partial hearings claims that we say the wisdom among human beings i"
b4de7ba1-0d59-467e-81ac-d9f41b49b761,sc147_origenes_contra_celsum_vi_par30_en,sc147_origenes_contra_celsum_vi_par30,CC VI 30 (English),CC VI 30,0.99,0.18,"30. Εἶθ' ἑξῆς ἐπαναλαμβάνει τὰ περὶ τῶν ἑπτὰ ἀρχόν-των δαιμόνων, μηδαμῶς μὲν ὑπὸ Χριστιανῶν ὀνομαζομένων οἶμαι δ' ὑπὸ Ὀφιανῶν παραλαμβανομένων. Καὶ εὕρομέν γε ἐν ᾧ καὶ ἡμεῖς δι' ἐκ","Then Celsus takes up again the subject of the seven ruling demons (archontes daimones), which are by no means named by Christians but, I think, are employed by the Ophians. And we "
1ede8d79-8644-4e71-bfc6-ff3a508b2302,sc147_origenes_contra_celsum_vi_par32_a_en,sc147_origenes_contra_celsum_vi_par32_a,CC VI 32_a (English),CC VI 32_a,0.99,0.14,"Χρὴ μέντοι εἰδέναι ὅτι οἱ ταῦτα συνταξάμενοι, οὔτε τὰ μαγείας νοήσαντες οὔτε τὰ τῶν θείων γραφῶν διακρίναντες, πάντ' ἔφυραν · ἀπὸ μὲν μαγείας τὸν Ἰαλδαβαὼθ <λαβόντες> καὶ τὸν Ἀσταφ","One must know, however, that those who compiled these things, having understood neither the principles of magic nor those of the divine Scriptures, confused everything together. Fr"
1f90088d-3065-4de4-8bec-410bda7f7cc6,sc147_origenes_contra_celsum_vi_par33_en,sc147_origenes_contra_celsum_vi_par33,CC VI 33 (English),CC VI 33,0.99,0.18,"33. Εἶθ' ἑξῆς ἄλλους μύθους ὁ Κέλσος ἐκτίθεται, ὥς τινων εἰς τὰς ἀρχοντικὰς μορφὰς ἐπανερχομένων, ὥστε τινὰς μὲν γίνεσθαι λέοντας ἄλλους δὲ ταύρους καὶ ἄλλους δράκοντας ἢ ἀετοὺς ἢ ","Then Celsus sets forth other myths, about certain people returning to the forms of the ruling archons, so that some become lions, others bulls, others dragons, eagles, bears, or do"
13bab817-1701-4763-b9ef-a57b9de5005a,sc147_origenes_contra_celsum_vi_par35_a_en,sc147_origenes_contra_celsum_vi_par35_a,CC VI 35_a (English),CC VI 35_a,0.99,0.31,"Τὸ δ' ἀπορροίας ἐκκλησίας ἐπιγείου καὶ περιτομῆς τάχα ἐλήφθη ἀπὸ τοῦ ὑπό τινων λέγεσθαι ἐκκλησίας τινὸς ἐπου-ρανίου καὶ κρείττονος αἰῶνος ἀπόρροιαν εἶναι τὴν ἐπὶ γῆς ἐκκλησίαν, καὶ",The talk of 'emanations' (aporroiai) of an earthly church and circumcision was perhaps derived from someone's teaching that the church on earth is an emanation of a certain heavenl
0580ba83-7a74-41a4-b77c-6c54c8575af9,sc147_origenes_contra_celsum_vi_par40_en,sc147_origenes_contra_celsum_vi_par40,CC VI 40 (English),CC VI 40,0.99,0.42,"40. Μετὰ ταῦτα παραπλήσιόν τι ποιεῖν μοι δοκεῖ τοῖς διὰ πολλὴν τὴν πρὸς Χριστιανοὺς ἀπέχθειαν διαβεβαιουμένοις πρὸς τοὺς μηδαμῶς εἰδότας τὰ Χριστιανῶν, ὅτι ἄρα τῇ πείρᾳ κατειλήφασι","After this, he seems to me to do something similar to those who, out of great hostility toward Christians, assure people who know nothing about Christianity that Christians have be"
f06ffa01-ebfe-4a4b-a7d1-1aef08d2202c,sc147_origenes_contra_celsum_vi_par26_b_en,sc147_origenes_contra_celsum_vi_par26_b,CC VI 26_b (English),CC VI 26_b,0.99,0.15,"Οὔτ' οὖν <οἱ κατασκευάσαντες> τὸ διάγραμμα οὔτε Κέλσος οἶδε τὸν περὶ Γεέννης λόγον · ἐπεὶ οὔτ' ἂν ἐκεῖνοι ζωγραφίας καὶ διαγράμματα ἐσεμνοποίουν ὡς δι' αὐτῶν παριστάντες τὸ ἀληθές,","Therefore neither those who constructed the diagram nor Celsus understands the true account of Gehenna. For if they did, the former would not have dignified their paintings and dia"
f237f230-3352-4872-9974-81dcf1c8b971,sc147_origenes_contra_celsum_vi_par44_en,sc147_origenes_contra_celsum_vi_par44,CC VI 44 (English),CC VI 44,0.99,0.16,"44. Οὐ γὰρ οἷόν τ' ἦν ὁμοίως εἶναι τῷ οὐσιωδῶς ἀγαθῷ ἀγαθὸν τὸ κατὰ συμβεβηκὸς καὶ ἐξ ἐπιγενήματος ἀγαθόν · ὅπερ τῷ μέν, ἵν' οὕτως ὀνομάσω, τὸν ζῶντα ἄρτον ἀναλαμ-βάνοντι εἰς τὴν τ",For it was not possible for that which is good by accident (kata symbebekos) and by addition to be equally good as that which is good in essence (ousiodos agathon). For the one who
1b585cc9-655b-46c4-be66-973e950f097d,sc147_origenes_contra_celsum_vi_par4_a_en,sc147_origenes_contra_celsum_vi_par4_a,CC VI 4_a (English),CC VI 4_a,0.99,0.22,"Πρῶτον δὲ ἡμῶν σοφοί, Μωϋσῆς ὁ ἀρχαιότατος καὶ οἱ ἑξῆς αὐτῷ προφῆται, « οὐδαμῶς » « ῥητὸν » ἐπιστάμενοι τὸ πρῶτον ἀγαθὸν ἔγραψαν μέν, ὡς θεοῦ ἑαυτὸν ἐμφανίζοντος τοῖς ἀξίοις καὶ ἐπ","The first of our sages, Moses the most ancient and the prophets who followed him, knowing full well that the first Good is in no way 'expressible' (rheton), nonetheless wrote—as Go"
7ed1b540-871f-4982-b9e8-a1b6ae2bbead,sc147_origenes_contra_celsum_vi_par35_en,sc147_origenes_contra_celsum_vi_par35,CC VI 35 (English),CC VI 35,0.99,0.15,"35. Τὸ μὲν γὰρ χρῆσθαι προφητῶν λόγοις ἡμῶν ἐστι, τῶν παριστάντων Ἰησοῦν εἶναι τὸν προκεκηρυγμένον ὑπ' αὐτῶν Χριστὸν καὶ ἀποδεικνύντων ἐκ τῶν προφητικῶν τὰ ἐν τοῖς εὐαγγελίοις περὶ","For the use of the words of the prophets belongs to us, who demonstrate that Jesus is the Christ (Christos) proclaimed in advance by them, and who prove from the prophetic writings"
0c4da9f4-6d5c-4a2d-b896-3197d35d06eb,sc167_clemens_epistula_ad_corinthios_chap14_en,sc167_clemens_epistula_ad_corinthios_chap14,I Clem. 14 (English),I Clem. 14,0.99,0.44,"14. 1. Δίκαιον οὖν καὶ ὅσιον, ἄνδρες ἀδελφοί, ὑπηκόους ἡμᾶς μᾶλλον γενέσθαι τῷ θεῷ ἢ τοῖς ἐν ἀλαζονείᾳ καὶ ἀκατα-στασίᾳ μυσεροῦ ζήλους ἀρχηγοῖς ἐξακολουθεῖν. 2. Βλάβην γὰρ οὐ τὴν τ","14.1. It is, therefore, just and holy, men and brothers, that we should be obedient to God rather than follow those who in arrogance and disorder are the ringleaders of detestable "
f1cadd6f-6ce4-4e79-8597-8108ed62a40d,sc167_clemens_epistula_ad_corinthios_chap21_en,sc167_clemens_epistula_ad_corinthios_chap21,I Clem. 21 (English),I Clem. 21,0.99,0.39,"21. 1. Ὁρᾶτε, ἀγαπητοί, μὴ αἱ εὐεργεσίαι αὐτοῦ αἱ πολλαὶ γένωνται εἰς κρίμα ἡμῖν, ἐὰν μὴ ἀξίως αὐτοῦ πολιτευόμενοι τὰ καλὰ καὶ εὐάρεστα ἐνώπιον αὐτοῦ ποιῶμεν μεθ' ὁμονοίας. 2. Λέγε","21.1. Take care, beloved, lest his many benefactions become a judgment upon us, if we do not conduct ourselves worthily of him, and do what is good and pleasing before him in conco"
f992b8fb-23d2-4a85-8579-0a20a8bb52f5,sc167_clemens_epistula_ad_corinthios_chap12_en,sc167_clemens_epistula_ad_corinthios_chap12,I Clem. 12 (English),I Clem. 12,0.99,0.23,12. 1. Διὰ πίστιν καὶ φιλοξενίαν ἐσώθη Ῥαὰβ ἡ πόρνη. 2. Ἐκπεμφθέντων γὰρ ὑπὸ Ἰησοῦ τοῦ τοῦ Ναυὴ κατασκόπων εἰς τὴν Ἱεριχὼ ἔγνω ὁ βασιλεὺς τῆς γῆς ὅτι ἥκασιν κατασκο-πεῦσαι τὴν χώρα,"12.1. Because of her faith and hospitality Rahab the harlot was saved. 2. For when the spies were sent by Joshua son of Nun to Jericho, the king of the land learned that they had c"
49fb74c7-bb7e-4830-9376-d300e14927e7,sc167_clemens_epistula_ad_corinthios_chap2_en,sc167_clemens_epistula_ad_corinthios_chap2,I Clem. 2 (English),I Clem. 2,0.99,0.55,"2. 1. Πάντες τε ἐταπεινοφρονεῖτε μηδὲν ἀλαζονευόμενοι, ὑποτασσόμενοι μᾶλλον ἢ ὑποτάσσοντες, ἥδιον διδόντες ἢ λαμβάνοντες. Τοῖς ἐφοδίοις τοῦ Χριστοῦ ἀρκούμενοι καὶ προσέχοντες τοὺς ","2.1. And all of you were humble-minded, boasting in nothing, submitting rather than dominating, giving more gladly than receiving. Content with the provisions of Christ and attendi"
304d9cc1-8bda-477a-ba93-848a3ffc5bb8,sc167_clemens_epistula_ad_corinthios_chap35_en,sc167_clemens_epistula_ad_corinthios_chap35,I Clem. 35 (English),I Clem. 35,0.99,0.24,"35. 1. Ὡς μακάρια καὶ θαυμαστὰ τὰ δῶρα τοῦ θεοῦ, ἀγαπητοί. 2. Ζωὴ ἐν ἀθανασίᾳ, λαμπρότης ἐν δικαιοσύνῃ, ἀλήθεια ἐν παρρησίᾳ, πίστις ἐν πεποιθήσει, ἐγκράτεια ἐν ἁγιασμῷ · καὶ ταῦτα ","35.1. How blessed and wonderful, beloved, are the gifts of God! 2. Life in immortality, splendor in righteousness, truth in boldness, faith in confidence, self-control in holiness—"
b75dbdf0-7f28-4bbb-8cd7-b1fe0bcb1bf3,sc167_clemens_epistula_ad_corinthios_chap43_en,sc167_clemens_epistula_ad_corinthios_chap43,I Clem. 43 (English),I Clem. 43,0.99,0.73,"43. 1. Καὶ τί θαυμαστόν, εἰ οἱ ἐν Χριστῷ πιστευθέντες παρὰ θεοῦ ἔργον τοιοῦτο κατέστησαν τοὺς προειρημένους ; ὅπου καὶ ὁ μακάριος « πιστὸς θεράπων ἐν ὅλῳ τῷ οἴκῳ » Μωϋσῆς τὰ διατετ","43.1. And what is remarkable, if those who were entrusted with such a work by God through Christ appointed the aforementioned persons? For even the blessed Moses, 'a faithful serva"
7af6ed07-03a5-4820-9e01-752950697ef7,sc167_clemens_epistula_ad_corinthios_chap46_en,sc167_clemens_epistula_ad_corinthios_chap46,I Clem. 46 (English),I Clem. 46,0.99,0.61,"46. 1. Τοιούτοις οὖν ὑποδείγμασιν κολληθῆναι καὶ ἡμᾶς δεῖ, ἀδελφοί. 2. Γέγραπται γάρ · « Κολλᾶσθε τοῖς ἁγίοις, ὅτι οἱ κολλώμενοι αὐτοῖς ἁγιασθήσονται. » 3. Καὶ πάλιν ἐν ἑτέρῳ τόπῳ ","46.1. Therefore we too must cleave to such examples, brethren. 2. For it is written: 'Cleave to the holy ones, for those who cleave to them will be made holy.' 3. And again in anot"
c9d60e7b-62a8-4458-8986-dd3b40b0479a,sc167_clemens_epistula_ad_corinthios_chap47_en,sc167_clemens_epistula_ad_corinthios_chap47,I Clem. 47 (English),I Clem. 47,0.99,0.62,47. 1. Ἀναλάβετε τὴν ἐπιστολὴν τοῦ μακαρίου Παύλου τοῦ ἀποστόλου. 2. Τί πρῶτον ὑμῖν ἐν ἀρχῇ τοῦ εὐαγγε-λίου ἔγραψεν ; 3. Ἐπ' ἀληθείας πνευματικῶς ἐπέστειλεν ὑμῖν περὶ ἑαυτοῦ τε καὶ,47.1. Take up the epistle of the blessed apostle Paul. 2. What did he first write to you at the beginning of the Gospel? 3. In truth he wrote to you with spiritual insight concerni
0e211ae1-4efa-4b0b-9d52-7601e3dd4185,sc167_clemens_epistula_ad_corinthios_chap18_en,sc167_clemens_epistula_ad_corinthios_chap18,I Clem. 18 (English),I Clem. 18,0.99,0.45,"18. 1. Τί δὲ εἴπωμεν ἐπὶ τῷ μεμαρτυρημένῳ Δαυίδ ; πρὸς ὃν εἶπεν ὁ θεός · « Εὗρον ἄνδρα κατὰ τὴν καρδίαν μου, Δαυὶδ τὸν τοῦ Ἰεσσαί · ἐν ἐλέει αἰωνίῳ ἔχρισα αὐτόν. » 2. Ἀλλὰ καὶ αὐτὸ","18.1. But what shall we say about the well-attested David? Of whom God said: 'I have found a man after my own heart, David the son of Jesse; with eternal mercy I have anointed him."
9b2950a9-f5d7-4fb7-99fc-2a5f62931af5,sc167_clemens_epistula_ad_corinthios_chap49_en,sc167_clemens_epistula_ad_corinthios_chap49,I Clem. 49 (English),I Clem. 49,0.99,0.44,49. 1. Ὁ ἔχων ἀγάπην ἐν Χριστῷ ποιησάτω τὰ τοῦ Χριστοῦ παραγγέλματα. 2. Τὸν δεσμὸν τῆς ἀγάπης τοῦ θεοῦ τίς δύναται ἐξηγήσασθαι ; 3. τὸ μεγαλεῖον τῆς καλλονῆς αὐτοῦ τίς ἀρκετὸς ἐξει,49.1. Let whoever has love in Christ keep the commandments of Christ. 2. Who can explain the bond of God's love? 3. Who is capable of declaring the greatness of its beauty? 4. The 
7dfd7193-82be-40dc-8034-b8734d75509d,sc167_clemens_epistula_ad_corinthios_chap53_en,sc167_clemens_epistula_ad_corinthios_chap53,I Clem. 53 (English),I Clem. 53,0.99,0.59,"53. 1. Ἐπίστασθε γὰρ καὶ καλῶς ἐπίστασθε τὰς ἱερὰς γραφάς, ἀγαπητοί, καὶ ἐγκεκύφατε εἰς τὰ λόγια τοῦ θεοῦ. Πρὸς ἀνάμνησιν οὖν ταῦτα γράφομεν. 2. Μωϋσέως γὰρ ἀνα-βάντος εἰς τὸ ὄρος ","53.1. For you know and know well, beloved, the sacred scriptures, and you have searched into the oracles of God. Therefore we write these things as a reminder. 2. For when Moses we"
a789e2c5-f180-48e3-9bdc-b3d0136c321f,sc167_clemens_epistula_ad_corinthios_chap60_en,sc167_clemens_epistula_ad_corinthios_chap60,I Clem. 60 (English),I Clem. 60,0.99,0.74,"60. 1. Σὺ γὰρ τὴν ἀέναον τοῦ κόσμου σύστασιν διὰ τῶν ἐνεργουμένων ἐφανεροποίησας · σύ, κύριε, τὴν οἰκουμένην ἔκτισας, ὁ πιστὸς ἐν πάσαις ταῖς γενεαῖς, δίκαιος ἐν τοῖς κρίμασιν, θαυ","60.1. For you made manifest the eternal constitution of the world through the things you have wrought; you, Lord, created the inhabited world—you who are faithful in all generation"
e75a5bf2-669f-4205-a2f4-42248503dcdb,sc167_clemens_epistula_ad_corinthios_chap61_en,sc167_clemens_epistula_ad_corinthios_chap61,I Clem. 61 (English),I Clem. 61,0.99,0.69,"61. 1. Σύ, δέσποτα, ἔδωκας τὴν ἐξουσίαν τῆς βασιλείας αὐτοῖς διὰ τοῦ μεγαλοπρεποῦς καὶ ἀνεκδιηγήτου κράτους σου, εἰς τὸ γινώσκοντας ἡμᾶς τὴν ὑπὸ σοῦ αὐτοῖς δεδομένην δόξαν καὶ τιμὴ","61.1. You, O Master, have given them the authority of sovereignty through your magnificent and inexpressible power, so that we, knowing the glory and honor you have given them, sho"
75d8ba41-1c14-48c6-b145-b92767a70f35,sc172_epistula_barnabae_chap_10_verset_11a_11e_en,sc172_epistula_barnabae_chap_10_verset_11a_11e,Barn. 10.11a-11e (English),Barn. 10.11a-11e,0.99,0.74,11a. Ἀλλ' εἶπεν Μωϋσῆς · « Φάγεσθε πᾶν διχηλοῦν καὶ μαρυκώμενον. » 11b. Τί λέγει ; ὅτι τὴν τροφὴν λαμβάνων οἶδεν τὸν τρέφοντα αὐτὸν καὶ ἐπ' αὐτῷ ἀναπαυόμενος εὐφραί-νεσθαι δοκεῖ. 1,"11a. But Moses said: 'You shall eat everything that is cloven-hoofed and ruminant.' 11b. What does he mean? That whoever receives food knows the one who feeds him and, resting on h"
0b5361dd-1d8f-4aa4-b9cd-f6999343d0f5,sc167_clemens_epistula_ad_corinthios_chap5_en,sc167_clemens_epistula_ad_corinthios_chap5,I Clem. 5 (English),I Clem. 5,0.99,0.62,"5. 1. Ἀλλ' ἵνα τῶν ἀρχαίων ὑποδειγμάτων παυσώμεθα, ἔλθωμεν ἐπὶ τοὺς ἔγγιστα γενομένους ἀθλητάς · λάβωμεν τῆς γενεᾶς ἡμῶν τὰ γενναῖα ὑποδείγματα. 2. Διὰ ζῆλον καὶ φθόνον οἱ μέγιστοι","5.1. But to leave off the ancient examples, let us come to the athletes nearest to our own time; let us take the noble examples of our own generation. 2. Through jealousy and envy "
32689c6e-042a-46b2-bfbe-dfb88e1e3b26,sc172_epistula_barnabae_chap_16_verset_6a_10b_en,sc172_epistula_barnabae_chap_16_verset_6a_10b,Barn. 16.6a-10b (English),Barn. 16.6a-10b,0.99,0.35,"6a. Ζητήσωμεν δέ, εἰ ἔστιν ναὸς θεοῦ ; ἔστιν, ὅπου αὐτὸς λέγει ποιεῖν καὶ καταρτίζειν. 6b. Γέγραπται γάρ · « Καὶ ἔσται, τῆς ἑβδομάδος συντελουμένης οἰκοδομηθήσεται ναὸς θεοῦ ἐνδόξω","But it will be built in the name of the Lord. Give heed, that the temple of the Lord may be built gloriously. How? Learn: by receiving the forgiveness of sins and hoping in the Nam"
7c51315d-a774-411e-b2e2-b47ac73ae7c7,sc172_epistula_barnabae_chap_10_verset_6a_8c_en,sc172_epistula_barnabae_chap_10_verset_6a_8c,Barn. 10.6a-8c (English),Barn. 10.6a-8c,0.99,0.67,"6a. Ἀλλὰ καὶ « τὸν δασύποδα οὐ φάγῃ » · 6b. πρὸς τί ; οὐ μὴ γένῃ, φησίν, παιδοφθόρος οὐδὲ ὁμοιωθήσῃ τοῖς τοιού-τοις. 6c. Ὅτι ὁ λαγωὸς κατ' ἐνιαυτὸν πλεονεκτεῖ τὴν ἀφό-δευσιν - ὅσα ","6a. 'But you shall not eat the hare' either. 6b. Why? Do not, he says, become a corrupter of boys, nor become like them. 6c. For the hare adds an additional passage of excrement ea"
c5296dae-5888-4994-ae9e-84bb7e79dd79,sc20_theophilus_ad_autolycum_ii_liv_2_superiorite_des_auteurs_sacres_sur_les_profanes_chap_20_en,sc20_theophilus_ad_autolycum_ii_liv_2_superiorite_des_auteurs_sacres_sur_les_profanes_chap_20,Ad Aut. II 20 (English),Ad Aut. II 20,0.99,0.72,20. Τὰ δὲ ῥητὰ τῆς ἱστορίας τῆς ἱερᾶς ἡ γραφὴ οὕτως περιέχει · Καὶ ἐφύτευσεν ὁ θεὸς τὸν παράδεισον ἐν Ἐδὲμ κατὰ ἀνατολάς καὶ ἔθετο ἐκεῖ τὸν ἄνθρωπον ὃν ἔπλασεν. Καὶ ἐξανέτειλεν ὁ θ,20. The text of the sacred historical narrative runs as follows: And God planted paradise in Eden toward the east and placed there the man whom he had formed. And God caused to spr
61d8444c-8c8e-41a2-9181-983dba8ea368,sc20_theophilus_ad_autolycum_ii_liv_2_superiorite_des_auteurs_sacres_sur_les_profanes_chap_27_en,sc20_theophilus_ad_autolycum_ii_liv_2_superiorite_des_auteurs_sacres_sur_les_profanes_chap_27,Ad Aut. II 27 (English),Ad Aut. II 27,0.99,0.71,27. Ἀλλὰ φήσει οὖν τις ἡμῖν · Θνητὸς φύσει ἐγένετο ὁ ἄνθρωπος ; Οὐδαμῶς. Τί οὖν ἀθάνατος ; Οὐδὲ τοῦτό φαμεν. Ἀλλὰ ἐρεῖ τις · οὐδὲν οὖν ἐγένετο ; Οὐδὲ τοῦτο λέγομεν. Οὔτε οὖν φύσει ,27. But someone will say to us: Was man made mortal by nature? Not at all. Then was he made immortal? Neither do we say that. But will someone say: Was he then made as nothing? Not
b92e4394-fba3-4dbd-96c0-cbf9dca10272,sc20_theophilus_ad_autolycum_ii_liv_2_superiorite_des_auteurs_sacres_sur_les_profanes_chap_1_en,sc20_theophilus_ad_autolycum_ii_liv_2_superiorite_des_auteurs_sacres_sur_les_profanes_chap_1,Ad Aut. II 1 (English),Ad Aut. II 1,0.99,0.81,"1. Ἐπειδὴ πρὸ τούτων τῶν ἡμερῶν ἐγένετο λόγος ἡμῖν, ὦ ἀγαθώτατε Αὐτόλυκε, πυθομένου σου τίς μου ὁ θεὸς καὶ δι' ὀλίγου παρασχόντος σου τὰ ὦτα τῇ ὁμιλίᾳ ἡμῖν, περὶ τῆς θεοσεβείας μου","1. Since some days ago there was a discussion between us, O most excellent Autolycus, when you asked who my God was, and after lending your ears briefly to our conversation, I set "
ad959ccf-2271-450d-a831-5b5570ad2052,sc20_theophilus_ad_autolycum_iii_liv_3_sur_la_question_prealable_chap_28_en,sc20_theophilus_ad_autolycum_iii_liv_3_sur_la_question_prealable_chap_28,Ad Aut. III 28 (English),Ad Aut. III 28,0.99,0.66,"28. Ἀπὸ δὲ καταβολῆς κόσμου ὁ πᾶς χρόνος κεφα-λαιωδῶς οὕτως κατάγεται. Ἀπὸ κτίσεως κόσμου ἕως κατα-κλυσμοῦ ἐγένοντο ἔτη, βαμβʹ. Ἀπὸ δὲ τοῦ κατακλυσμοῦ ἕως τεκνογονίας Ἀβραὰμ τοῦ πρ","28. The entire time from the foundation of the world is reckoned summarily as follows. From the creation of the world to the flood there were 2,242 years. From the flood to the bir"
af302f05-fb3a-4853-9b58-74ad8c21cd46,sc20_theophilus_ad_autolycum_iii_liv_3_sur_la_question_prealable_chap_4_en,sc20_theophilus_ad_autolycum_iii_liv_3_sur_la_question_prealable_chap_4,Ad Aut. III 4 (English),Ad Aut. III 4,0.99,0.73,"4. Οὐδὲ γὰρ ἐχρῆν ἡμᾶς ταῦτα ἀνασκευάζειν, εἰ μὴ ὅτι σε θεωρῶ νυνὶ διστάζοντα περὶ τὸν λόγον τῆς ἀληθείας. Φρό-νιμος γὰρ ὢν ἡδέως μωρῶν ἀνέχῃ · ἐπεί τοι οὐκ ἂν ἐκινήθης ὑπὸ ἀνόητων","4. Nor indeed would it have been necessary for us to refute these things, were it not that I see you now wavering about the word of truth. For although you are a prudent man, you r"
7d3abbef-d2fa-47fa-8f5b-359fb97c3c3c,sc20_theophilus_ad_autolycum_iii_liv_3_sur_la_question_prealable_chap_5_en,sc20_theophilus_ad_autolycum_iii_liv_3_sur_la_question_prealable_chap_5,Ad Aut. III 5 (English),Ad Aut. III 5,0.99,0.65,"5. Ἐπειδὴ οὖν πολλὰ ἀνέγνως, τί σοι ἔδοξεν τὰ Ζήνωνος ἢ τὰ Διογένους καὶ Κλεάνθους ὁπόσα περιέχουσιν αἱ βίβλοι αὐτῶν, διδάσκουσαι ἀνθρωποβορίας, πατέρας μὲν ὑπὸ ἰδίων τέκνων ἔψεσθα","5. Since you have read so extensively, what did you make of the writings of Zeno, Diogenes, and Cleanthes — insofar as their books contain them — which teach cannibalism? Fathers, "
970c12cb-2417-4138-aaa2-1ee7e2f873a3,sc268_origenes_peri_archon_iii_chap1_en,sc268_origenes_peri_archon_iii_chap1,De Princ. III 1 (English),De Princ. III 1,0.99,0.82,"<ΠΕΡΙ ΑΡΧΩΝ ΤΟΜΟΣ ΤΡΙΤΟΣ>αʹ. Περὶ αὐτεξουσίου, καὶ τῶν δοκούντων τοῦτο ἀναιρεῖνῥητῶν γραφικῶν λύσις καὶ ἑρμηνεία1. Ἐπεὶ δὲ ἐν τῷ κηρύγματι τῷ ἐκκλησιαστικῷ περιέχεταιὁ περὶ κρίσεως","<THIRD BOOK OF ON FIRST PRINCIPLES> Chapter 1. Concerning free will, and an exegetical resolution and interpretation of those scriptural passages which seem to abolish it. 1. Since"
7d6d9fcd-089d-4bff-9002-b43691767c8a,sc379_athenagoras_legatio_chap37_en,sc379_athenagoras_legatio_chap37,"Athenag., Leg. 37 (English)","Athenag., Leg. 37",0.99,0.66,"ΧΧΧVΙΙ 1. Ἀλλ' ἀνακείσθω μὲν ὁ περὶ τῆς ἀναστάσεως λόγος. Ὑμεῖς δέ, ὦ πάντα ἐν πᾶσι φύσει καὶ παιδείᾳ χρηστοὶ καὶ μέτριοι καὶ φιλάνθρωποι καὶ τῆς βασιλείας ἄξιοι, διαλελυ-μένῳ μὲν ","XXXVII 1. But let the treatise on the resurrection be set aside for now. As for you, O emperors, who are in all things and above all people good by nature and education, temperate,"
c2c648e5-2845-427b-b3d4-dd53369aa9c8,sc464_pamphilus_apologia_pro_origene_par76_en,sc464_pamphilus_apologia_pro_origene_par76,"Pamph., Apol. 76 (English)","Pamph., Apol. 76",0.99,0.67,"76. Origenes. Si reuelante Filio cognoscit Patrem Spiritus Sanctus, ergo ex ignorantia ad scientiam uenit, quod utique et impium pariter et stultum est, Spiritum Sanctum confiteri ","76. Origen. If the Holy Spirit comes to know the Father through the revelation of the Son, then he comes from ignorance to knowledge — which is equally impious and foolish, namely "
5bd9c9c0-0d67-4fe4-8a13-d58cc8322a70,sc464_pamphilus_apologia_pro_origene_par68_en,sc464_pamphilus_apologia_pro_origene_par68,"Pamph., Apol. 68 (English)","Pamph., Apol. 68",0.99,0.63,"68. Origenes. Nulla ergo natura est, secundum quod nos sentimus, quae non possit recipere malum ; <sed non continuo quia dicimus nullam esse naturam quae non possit recipere malum>","68. Origen. There is therefore no nature which, as we understand it, cannot receive evil. But by saying that there is no nature which cannot receive evil, we do not thereby affirm "
d2f01bb1-d26c-479e-b3f6-f09037e28684,sc464_pamphilus_apologia_pro_origene_par99_en,sc464_pamphilus_apologia_pro_origene_par99,"Pamph., Apol. 99 (English)","Pamph., Apol. 99",0.99,0.41,99. Origenes. Oportet autem scire nos quia per ineffabilia quaedam et secreta ac recondita quodam modo uiam sibi faciens Scriptura Sancta conatur hominibus indicare et intellectum ,"99. Origen. We must know that through certain ineffable and secret and hidden means, Holy Scripture, forging a path for itself in a certain way, strives to indicate to human beings"
8cb037ef-1137-45e9-b240-c0b107c122dd,sc470_aristides_apologia_chap8_en,sc470_aristides_apologia_chap8,"Aristides, Apol. 8 (English)","Aristides, Apol. 8",0.99,0.71,"1. Ἔλθωμεν οὖν καὶ ἐπὶ τοὺς Ἕλληνας, ἵνα ἴδωμεν τί ἄρα φρονοῦσι περὶ Θεοῦ. Οἱ οὖν Ἕλληνες σοφοὶ λέγοντες | εἶναι ἐμωράνθησαν χεῖρον τῶν Χαλδαίων, παρεισάγοντες θεοὺς πολλοὺς γεγενῆ","1. Let us proceed therefore also to the Greeks, so that we may see what they think about God. The Greeks, claiming to be wise, became more foolish than the Chaldeans, introducing m"
f26c6025-60e4-4943-a067-c6a5dbe60031,sc470_aristides_apologia_chap16_en,sc470_aristides_apologia_chap16,"Aristides, Apol. 16 (English)","Aristides, Apol. 16",0.99,0.3,"1-2. Ὄντως οὖν αὕτη ἐστὶν ἡ ὁδὸς τῆς ἀληθείας, ἥτις τοὺς ὁδεύοντας αὐτὴν εἰς τὴν αἰώνιον χειραγωγεῖ βασιλείαν τὴν ἐπηγγελμένην παρὰ Χριστοῦ ἐν τῇ μελλούσῃ ζωῇ.  4. Καὶ ἵνα γνῷς, ὦ ","1–2. Truly, therefore, this is the way of truth, which guides those who walk it to the eternal kingdom promised by Christ in the life to come. 4. And so that you may know, O King, "
1ece445d-e067-47c0-8d87-1b186343abc4,sc470_aristides_apologia_chap7_en,sc470_aristides_apologia_chap7,"Aristides, Apol. 7 (English)","Aristides, Apol. 7",0.99,0.52,"1. Οἱ δὲ νομίζοντες τὸν ἄνθρωπον εἶναι θεὸν πλανῶνται · ὁρῶμεν γὰρ αὐτὸν κυούμενον κατὰ ἀνάγκην καὶ τρεφόμενον καὶ γηράσκοντα καὶ μὴ θέλοντος αὐτοῦ · καὶ ποτὲ μὲν χαίρει, ποτὲ δὲ λ","1. Those who suppose a human being to be a god are deceived; for we see him conceived by necessity, nourished and growing old against his will; at one time he rejoices, at another "
9304f2ad-cc0a-4980-91d0-80682070caa5,sc507_iustinus_apologia_i_chap17_en,sc507_iustinus_apologia_i_chap17,"Just., Apol. I 17 (English)","Just., Apol. I 17",0.99,0.56,"1. Φόρους δὲ καὶ εἰσφορὰς τοῖς ὑφ' ὑμῶν τεταγμένοις πανταχοῦ πρὸ πάντων πειρώμεθα φέρειν, ὡς ἐδιδάχθημεν παρ' αὐτοῦ. 2. Κατ' ἐκεῖνο γὰρ τοῦ καιροῦ προσελθόντες τινὲς ἠρώτων αὐτόν, ","1. We strive to pay the taxes and levies imposed by you everywhere before all else, as we were taught by him. 2. For at that time certain people came and asked him whether it was n"
ecbdc184-1028-4f38-9163-93f158ca802e,sc507_iustinus_apologia_i_chap23_en,sc507_iustinus_apologia_i_chap23,"Just., Apol. I 23 (English)","Just., Apol. I 23",0.99,0.71,"1. Ἵνα δὲ ἤδη καὶ τοῦτο φανερὸν ὑμῖν γένηται, ὅτι ὁπόσα λέγομεν μαθόντες παρὰ τοῦ Χριστοῦ καὶ τῶν προελθόντων αὐτοῦ προφητῶν μόνα ἀληθῆ ἐστι καὶ πρεσβύτερα πάντων <τῶν> γεγενημένων","1. In order that this may now be made clear to you as well — that everything we say, having learned it from Christ and the prophets who preceded him, is alone true and is older tha"
8303d5a7-10a4-45d2-bc11-81a1b92c4c43,sc507_iustinus_apologia_i_chap29_en,sc507_iustinus_apologia_i_chap29,"Just., Apol. I 29 (English)","Just., Apol. I 29",0.99,0.63,"1. Καὶ πάλιν, μὴ τῶν ἐκτεθέντων τις μὴ ἀναληφθεὶς θανα-τωθῇ, καὶ ὦμεν ἀνδροφόνοι · ἀλλ' ἢ τὴν ἀρχὴν οὐκ ἐγαμοῦμεν εἰ μὴ ἐπὶ παίδων ἀνατροφῇ, ἢ παραιτούμενοι τὸ γήμασθαι τέλεον ἐνεκ","1. And again, lest some exposed child, having not been taken up, be put to death and we thus become murderers — either from the beginning we do not marry except for the purpose of "
fbbfae85-826c-4aa4-8f18-a594d2bd07e9,sc507_iustinus_apologia_i_chap36_en,sc507_iustinus_apologia_i_chap36,"Just., Apol. I 36 (English)","Just., Apol. I 36",0.99,0.58,"1. Ὅταν δὲ τὰς λέξεις τῶν προφητῶν λεγομένας ὡς ἀπὸ προσώπου ἀκούητε, μὴ ἀπ' αὐτῶν τῶν ἐμπεπνευσμένων λέγεσθαι νομίσητε, ἀλλ' ἀπὸ τοῦ κινοῦντος αὐτοὺς θείου Λόγου. 2. Ποτὲ μὲν γὰρ ","1. Now whenever you hear the words of the prophets spoken as it were in a personal voice, do not suppose that they are spoken by the inspired men themselves, but by the divine Logo"
8303575f-081f-4dce-9eb9-d3d08ce4f8fc,sc507_iustinus_apologia_i_chap41_en,sc507_iustinus_apologia_i_chap41,"Just., Apol. I 41 (English)","Just., Apol. I 41",0.99,0.59,"1. Καὶ πάλιν δι' ἄλλης προφητείας μηνύον τὸ προφητικὸν πνεῦμα δι' αὐτοῦ Δαυΐδ, ὅτι μετὰ τὸ σταυρωθῆναι βασιλεύσει ὁ Χριστός, οὕτως εἶπεν · « ᾌσατε τῷ κυρίῳ πᾶσα ἡ γῆ, καὶ ἀναγγείλα","1. And again through another prophecy the prophetic spirit, speaking through David himself, declared that after the crucifixion Christ would reign, saying as follows: 'Sing to the "
a3b51f00-b8b8-47fe-92b3-7e8f66b6a465,sc507_iustinus_apologia_i_chap42_en,sc507_iustinus_apologia_i_chap42,"Just., Apol. I 42 (English)","Just., Apol. I 42",0.99,0.62,"1. Ὅταν δὲ τὸ προφητικὸν πνεῦμα τὰ μέλλοντα γίνεσθαι ὡς ἤδη γενόμενα λέγῃ, ὡς καὶ ἐν τοῖς προειρημένοις δοξάσαι ἐστίν, ὅπως ἀπολογίαν μὴ παράσχῃ τοῖς ἐντυγχάνουσιν, καὶ τοῦτο διασα",1. When the prophetic spirit speaks of things to come as though they had already come to pass — as can also be observed in what was quoted above — so as not to furnish an excuse to
cc26ef68-6a31-4bd1-90fc-937e899d4a66,sc507_iustinus_apologia_i_chap48_en,sc507_iustinus_apologia_i_chap48,"Just., Apol. I 48 (English)","Just., Apol. I 48",0.99,0.48,"1. Ὅτι δὲ καὶ θεραπεύσειν πάσας νόσους καὶ νεκροὺς ἀνε-γερεῖν ὁ ἡμέτερος Χριστὸς προεφητεύθη, ἀκούσατε τῶν λελεγμένων. 2. Ἔστι δὲ ταῦτα · « Τῇ παρουσίᾳ αὐτοῦ ἁλεῖται χωλὸς ὡς ἔλαφο",1. Hear also the prophetic declarations that our Christ was going to heal all diseases and raise the dead. 2. These are the words: 'At his coming the lame shall leap like a deer an
3f37cdbe-9f4c-472d-9965-d771530aeb3f,sc507_iustinus_apologia_i_chap58_en,sc507_iustinus_apologia_i_chap58,"Just., Apol. I 58 (English)","Just., Apol. I 58",0.99,0.59,"1. Καὶ Μαρκίωνα δὲ τὸν ἀπὸ Πόντου, ὡς προέφημεν, προεβάλλοντο οἱ φαῦλοι δαίμονες, ὃς ἀρνεῖσθαι μὲν τὸν ποιη-τὴν τῶν οὐρανίων καὶ γηΐνων ἁπάντων θεὸν καὶ τὸν προκη-ρυχθέντα διὰ τῶν ","1. The wicked demons also put forward, as we said before, Marcion of Pontus, who even now teaches his followers to deny that the God who made all things in heaven and on earth is t"
3454e81f-8e8d-4722-a7d9-fea9213598a5,passage_cic_fat_48_en,passage_cic_fat_48,"Marcus Tullius Cicero, De Fato, Fat. 48 (English — Yonge 1853)","Marcus Tullius Cicero, De Fato, Fat. 48",0.99,0.44,"Nec vero quisquam magis confirmare mihi videtur non modo fatum, verum etiam necessitatem et vim omnium rerum sustulisseque motus animi voluntarios, quam hic, qui aliter obsistere f","Nor do I think it possible for any one to give greater support to the arguments of fate and necessity and universal compulsion, or more completely to deprive the soul of all freedo"
6a5fd84f-a3c4-4c20-8c5b-00301382ef5a,passage_boethius_cons_109_en,passage_boethius_cons_109,"Boethius, Cons. 109: Rational Nature = Free Will (English)","Boethius, Cons. 109: Rational Nature = Free Will",0.98,0.35,"rationalis natura, quin eidem libertas adsit arbitrii. Nam quod ratione uti naturaliter potest, id habet iudicium, quo quidque discernat; per se igitur fugienda optandave {optandav","Boethius, Consolation of Philosophy, passage 109: Rational Nature = Free Will. There is no rational nature (rationalis natura) without freedom of the will (libertas arbitrii). For "
c5146165-35e9-4b8f-b104-f050edb28943,passage_boethius_cons_101_en,passage_boethius_cons_101,"Boethius, Cons. 101: Does Chance Exist? (English)","Boethius, Cons. 101: Does Chance Exist?",0.98,0.5,"proveniunt, ex eisdem ducitur causis. Ac de tristibus quidem nemo miratur, quod eos malo meritos omnes existimant — quorum quidem supplicia. tum ceteros ab sceleribus deterrent, tu","Boethius, Consolation of Philosophy, passage 101: Does Chance Exist? The sad fortunes of the wicked arise from the same causes. No one is surprised by them, since all consider the "
59295460-605e-46d9-87da-1af63f75e0a5,passage_boethius_cons_35_en,passage_boethius_cons_35,"Boethius, Cons. 35: Death Ends All (English)","Boethius, Cons. 35: Death Ends All",0.98,0.25,"ut adversum se factae coniurationis conscios proderet, linguam ille momordit atque abscidit et in os tyranni saevientis abiecit; ita cruciatus, quos putabat tyrannus materiam crude","Boethius, Consolation of Philosophy, passage 35: Death Ends All. When a tyrant thought he could force a free man by torture to betray the conspirators against him, the man bit off "
95bb8eee-fd74-4263-a207-162666d80719,passage_boethius_cons_36_en,passage_boethius_cons_36,"Boethius, Cons. 36: Wealth Brings Anxiety (English)","Boethius, Cons. 36: Wealth Brings Anxiety",0.98,0.37,"Atqui nec opes inexpletam restinguere avaritiam queunt nec potestas sui compotem fecerit, quem vitiosae libidines insolubilibus adstrictum retinent catenis, et collata improbis dig","Boethius, Consolation of Philosophy, passage 36: Wealth Brings Anxiety. Riches cannot extinguish insatiable greed, nor does power make one master of oneself when held fast by the u"
9dcd3815-4fa1-4b92-9d59-d6b731777f56,passage_boethius_cons_52_en,passage_boethius_cons_52,"Boethius, Cons. 52: Power's Weakness (English)","Boethius, Cons. 52: Power's Weakness",0.98,0.35,"Quae est igitur haec potestas, quae sollicitudinum morsus expellere, quae formidinum aculeos vitare nequit? Atqui vellent ipsi vixisse securi, sed nequeunt: dehinc de potestate glo","Boethius, Consolation of Philosophy, passage 52. What sort of power is this, which cannot drive away the gnawing of anxieties nor avoid the stings of fear? Those who hold power wou"
9eba6cef-9c6f-4e7a-8cb1-930abc727f17,passage_boethius_cons_70_en,passage_boethius_cons_70,"Boethius, Cons. 70: Even Stones Seek Unity (English)","Boethius, Cons. 70: Even Stones Seek Unity",0.98,0.43,"Porro autem, quod cuique consentaneum est, id unumquodque conservat; sicuti ea, quae sunt inimica, corrumpunt. Iam vero, quae dura sunt ut lapides, adhaerent tenacissime partibus s","Boethius, Consolation of Philosophy, passage 70: Even Stones Seek Unity. What is congenial to each thing preserves it, just as what is hostile destroys it. Hard things like stones "
42913bdf-0117-49fa-a670-fc2bf036e41a,passage_boethius_cons_87_en,passage_boethius_cons_87,"Boethius, Cons. 87: Circe (Verse) (English)","Boethius, Cons. 87: Circe (Verse)",0.98,0.33,"Ita fit, ut qui probitate deserta homo esse desierit, \ ' cum in divinam condicionem transire non possit, vertatur in beluam. Vela Neritii ducis et vagas pelago rates Eurus appulit","Boethius, Consolation of Philosophy, passage 87: Circe (Verse). Thus it happens that whoever, having abandoned uprightness, ceases to be human, since he cannot pass into a divine c"
66a169fd-054f-43a8-a478-a04d12ecbd83,passage_boethius_cons_94_en,passage_boethius_cons_94,"Boethius, Cons. 94: Fortune and Justice (English)","Boethius, Cons. 94: Fortune and Justice",0.98,0.25,"Sic enim cianus testatiusque {testatiusque} sapientiae tractatur officium, cum in contingentes populos regentium quodam modo beatitudo transfunditur, cum praesertim carcer ceteraqu","Boethius, Consolation of Philosophy, passage 94: Fortune and Justice. The office of wisdom is exercised more clearly and more manifestly when the happiness of rulers is poured out "
7e6fd5a9-1b0d-43a5-b281-be714cca5376,passage_sen_prov_3_3_en,passage_sen_prov_3_3,"Seneca, De Prov. 3.3: Demetrius: The Untested Life (English)","Seneca, De Prov. 3.3: Demetrius: The Untested Life",0.98,0.56,"Latin: Inter multa magnifica Demetri nostri et haec vox est, a qua recens sum ; sonat adhuc et vibrat in auribus meis : "" Nihil,"" inquit, "" mihi videtur infelicius eo, cui nihil um","Seneca, On Providence 3.3: Demetrius's saying. Among the many magnificent sayings of our Demetrius is this one, still fresh in my mind, still ringing and vibrating in my ears: 'Not"
75b78a95-3e68-4ff2-92f2-2dfd82ad0ef8,sc132_origenes_contra_celsum_i_par25_b_en,sc132_origenes_contra_celsum_i_par25_b,CC I 25_b (English),CC I 25_b,0.98,0.42,"Ἔτι δ' εἰς τὸν περὶ ὀνομάτων τόπον λεκτέον ὅτι οἱ περὶ τὴν χρῆσιν τῶν ἐπῳδῶν δεινοὶ ἱστοροῦσιν, ὅτι τὴν αὐτὴν ἐπῳδὴν εἰπόντα μὲν τῇ οἰκείᾳ διαλέκτῳ ἔστιν ἐνεργῆσαι ὅπερ ἐπαγγέλλετα","Furthermore, on the topic of names, it must be said that those skilled in the use of incantations (epode) report that the same incantation, when spoken in its proper language, is a"
49da3834-6749-4af4-af32-0a2bc4afb618,sc132_origenes_contra_celsum_i_par21_en,sc132_origenes_contra_celsum_i_par21,CC I 21 (English),CC I 21,0.98,0.1,"21. Τούτου οὖν, φησί, τοῦ λόγου τοῦ παρὰ τοῖς σοφοῖς ἔθνεσι καὶ ἐλλογίμοις ἀνδράσιν ἐπακηκοὼς ὄνομα δαιμόνιον ἔσχε Μωϋσῆς. Καὶ πρὸς τοῦτο δὲ λεκτέον, ἵν' αὐτῷ συγχω-ρηθῇ [Μωϋσέα ἀκ","21. Of this doctrine, then, he says, having heard it from the wise nations and distinguished men, Moses acquired a divine reputation. And in response to this it must be said -- gra"
b17c31bd-e6e7-4ea7-93e8-cd5f3215d576,sc132_origenes_contra_celsum_i_par26_en,sc132_origenes_contra_celsum_i_par26,CC I 26 (English),CC I 26,0.98,0.27,"26. Ἴδωμεν δὲ τίνα τρόπον συκοφαντεῖ Ἰουδαίους ὁ πάντ' ἐπαγγελλόμενος εἰδέναι Κέλσος, λέγων αὐτοὺς σέβειν ἀγγέλους καὶ γοητείᾳ προσκεῖσθαι, ἧς ὁ Μωϋσῆς αὐτοῖς γέγονεν ἐξηγητής. Ποῦ","26. Let us see in what way Celsus, who professes to know everything, slanders the Jews, saying that they worship angels and are devoted to sorcery (goeteia), of which Moses was the"
e5ff878a-c76b-4951-b93d-d1d2d1af9015,sc132_origenes_contra_celsum_i_par46_a_en,sc132_origenes_contra_celsum_i_par46_a,CC I 46_a (English),CC I 46_a,0.98,0.69,"[Ἐπεὶ δὲ Ἰουδαῖός ἐστιν ὁ περὶ τοῦ ἀναγεγραμμένου ἁγίου πνεύματος κατεληλυθέναι ἐν εἴδει περιστερᾶς πρὸς τὸν Ἰησοῦν ἀπορῶν], λεκτέον ἂν εἴη πρὸς αὐτόν · [ὦ οὗτος, τίς ἐστιν ὁ ἐν τῷ","[Since it is a Jew who raises difficulties about what has been written — that the Holy Spirit descended in the form of a dove upon Jesus], one might address him thus: [""My friend, "
09d3f0df-8163-4bbe-ae8c-412cb2dbc4e7,sc132_origenes_contra_celsum_ii_par19_en,sc132_origenes_contra_celsum_ii_par19,CC II 19 (English),CC II 19,0.98,0.76,"19. Ἐπιπόλαιον δὲ καὶ τό · Ἤδη γάρ που καὶ ἄνθρωπος ἐπιβουλευόμενός τε καὶ προαισθόμενος ἐὰν προείπῃ τοῖς ἐπιβουλεύουσιν, ἀποτρέπονται καὶ φυλάσσονται · πολλοὶ γὰρ καὶ προαισθομένο","19. The following is also superficial: 'For surely even a person who is being plotted against and has premonition of it, if he foretells it to his conspirators, they are turned asi"
773bd1ee-045b-450d-94d4-0be623c07c82,sc132_origenes_contra_celsum_ii_par34_b_en,sc132_origenes_contra_celsum_ii_par34_b,CC II 34_b (English),CC II 34_b,0.98,0.54,"Πάλιν τε αὖ σιωπῶν τὰ ἐμφαίνοντα τὴν τοῦ Ἰησοῦ θειότητα ὁ Κέλσος ὀνειδίζει ἐκ τῶν γεγραμμένων ἐν τῷ εὐαγγελίῳ περὶ τοῦ Ἰησοῦ, παρατιθέμενος τοὺς ἐμπαίξαντας αὐτῷ καὶ φοινικίδα περι","Again, Celsus, passing over in silence the things that reveal the divinity of Jesus, reproaches from what is written in the Gospel about Jesus those who mocked him, placing alongsi"
22f67f24-f4de-4b88-936c-31fc4f1524e7,sc132_origenes_contra_celsum_ii_par57_en,sc132_origenes_contra_celsum_ii_par57,CC II 57 (English),CC II 57,0.98,0.67,"57. Πρόσχες δὲ εἰ μὴ πάνυ τυφλῶς ὁ παρὰ τῷ Κέλσῳ Ἰουδαῖος ὡς ἀδυνάτου ὄντος τοῦ ἀνίστασθαί τινα ἐκ νεκρῶν αὐτῷ σώματί φησιν · Ἀλλ' ἐκεῖνο σκεπτέον, [εἴ τις ἀληθῶς ἀποθανὼν ἀνέστη π","57. Consider whether the Jew in Celsus is not being completely blind when he says, as if it were impossible for anyone to rise from the dead in his own body: 'But this must be exam"
e944ac57-fa1c-4d11-812a-da0f6c3406e5,sc136_origenes_contra_celsum_iv_par40_en,sc136_origenes_contra_celsum_iv_par40,CC IV 40 (English),CC IV 40,0.98,0.46,"40. Ἐπὰν δὲ φάσκῃ ὡς ἄρα ἀνοσιώτατα τὸν θεόν, εὐθὺς καὶ ἀπ' ἀρχῆς ἀσθενοῦντα καὶ μηδ' ἕνα ἄνθρωπον, ὃν αὐτὸς ἔπλασε, πεῖσαι δυνάμενον, εἰσήγαγεν ὁ Μωϋσέως λόγος, καὶ πρὸς τοῦτο φήσ","40. When Celsus claims that the account of Moses introduced God as most impiously weak from the very beginning, unable to persuade even a single human being whom he himself had fas"
5b8441c2-101a-4348-97f2-21c6b5a40e40,sc147_origenes_contra_celsum_v_par50_en,sc147_origenes_contra_celsum_v_par50,CC V 50 (English),CC V 50,0.98,0.46,"50. Ἔτι δὲ περὶ Ἰουδαίων ἀποφαινόμενος ὁ Κέλσος φησίν · Οὐδ' εὐδοκιμεῖν παρὰ τῷ θεῷ καὶ στέργεσθαι διαφόρως τι τῶν ἄλλων τούτους εἰκός, καὶ πέμπεσθαι μόνοις αὐτοῖς ἐκεῖθεν ἀγγέλους","50. Making further pronouncements about the Jews, Celsus says: it is not likely that these people find favor with God and are specially loved differently from others, nor that ange"
447cd4af-9023-4539-8a40-3b33a74f025a,sc147_origenes_contra_celsum_v_par60_en,sc147_origenes_contra_celsum_v_par60,CC V 60 (English),CC V 60,0.98,0.09,"60. Εἰ δ' ἀκριβῶς χρὴ ἡμᾶς λέγειν τὰ πρὸς τὸν Κέλσον, οἰόμενον τὰ αὐτὰ ἡμᾶς Ἰουδαίοις περὶ τῶν ἐκκειμένων δοξάζειν, φήσομεν ὅτι τὰ μὲν βιβλία θείῳ γεγράφθαι πνεύματι ὁμολογοῦμεν ἀμ","If we must speak precisely against Celsus, who supposes that we hold the same beliefs as the Jews concerning the matters set forth, we shall say that we both agree that the books w"
05bcec67-60a4-4a61-aaf5-0b38b718a1d6,sc147_origenes_contra_celsum_v_par9_en,sc147_origenes_contra_celsum_v_par9,CC V 9 (English),CC V 9,0.98,0.22,9. Ἔτι δ' ὑποσυγκεχυμένος καὶ μὴ ἐπιμελῶς ἰδὼν τὰ κατὰ τὸν τόπον ᾠήθη ἀπὸ τῶν ἐν μαγγανείαις καὶ γοητείαις ἐπῳδῶν προτραπέντας Ἰουδαίους ἔκ τινων κατὰ τὰς ἐπῳδὰς φασμάτων ἐπιφαινομ,"Still further confused and not having carefully examined the relevant material, Celsus supposed that the Jews were led by incantations used in sorcery and magic, and from certain a"
d0c1b498-9100-48a7-98ac-f28cdb781be0,sc147_origenes_contra_celsum_vi_par11_en,sc147_origenes_contra_celsum_vi_par11,CC VI 11 (English),CC VI 11,0.98,0.1,"11. Μετὰ ταῦτά φησιν ὁ Κέλσος ὅτι, ἐὰν οἵδε μέν -λέγων Χριστιανούς - εἰσηγῶνται τόνδε, ἄλλοι δὲ ἄλλον, κοινὸν δὲ πάντων ᾖ καὶ πρόχειρον · πίστευσον, εἰ σωθῆναι θέλεις, ἢ ἄπιθι · τί","After this Celsus says that if these people—meaning Christians—introduce one teacher, and others introduce another, while the common and ready phrase of all is 'Believe if you wish"
c9a0a917-327d-4998-ba04-8c0baeffddaa,sc147_origenes_contra_celsum_vi_par15_a_en,sc147_origenes_contra_celsum_vi_par15_a,CC VI 15_a (English),CC VI 15_a,0.98,0.13,"Εἰ δέ τινες διὰ τὴν ἰδιωτείαν μὴ τρανώσαντες τὸ περὶ τῆς ταπεινοφροσύνης δόγμα τοιαῦτα ποιοῦσιν, οὐ τὸν λόγον αἰτιατέον, ἀλλὰ τῇ ἰδιωτείᾳ τῶν προθεμένων μὲν τὰ κρείττονα διὰ δὲ τὸν","If some, through lack of education, fail to articulate clearly the doctrine of humility (tapeinophrosyne) and act accordingly, it is not the teaching itself that should be blamed, "
602b77f8-7e5b-4d3a-87f6-97e6e3c7cdc1,sc147_origenes_contra_celsum_vi_par24_en,sc147_origenes_contra_celsum_vi_par24,CC VI 24 (English),CC VI 24,0.98,0.11,"24. Ἑξῆς δὲ τῷ ἀπὸ τῶν μιθραϊκῶν ληφθέντι λόγῳ ἐπαγγέλλεται ὁ Κέλσος τελετήν τινα Χριστιανῶν τελετῇ <τῇ> προειρημένῃ Περσῶν τὸν βουλόμενον συνεξετάσαι, ταῦτα ἀλλήλοις παραβαλόντα κ","Next, following his discussion drawn from the Mithraic mysteries, Celsus undertakes to set forth a certain Christian initiation rite (telete) alongside the aforementioned Persian r"
b257567b-5b42-41c8-ace8-d94738d41073,sc147_origenes_contra_celsum_vi_par21_en,sc147_origenes_contra_celsum_vi_par21,CC VI 21 (English),CC VI 21,0.98,0.09,"21. Ἑπτὰ δὲ οὐρανοὺς ἢ ὅλως περιωρισμένον ἀριθμὸν αὐτῶν αἱ φερόμεναι ἐν ταῖς ἐκκλησίαις τοῦ θεοῦ οὐκ ἀπαγ-γέλλουσι γραφαί, ἀλλ' οὐρανούς, εἴτε τὰς σφαίρας τῶν παρ' Ἕλλησι λεγομένων","Seven heavens, or indeed any fixed number of them, are not proclaimed by the Scriptures recognized in the churches of God. Rather, they speak of 'heavens,' whether referring to the"
5a381c55-6ee8-4f4e-8612-95b7b91e8cbb,sc147_origenes_contra_celsum_vi_par29_a_en,sc147_origenes_contra_celsum_vi_par29_a,CC VI 29_a (English),CC VI 29_a,0.98,0.19,"Καὶ ἐν τούτοις δὴ ὁ γενναιότατος φιλόσοφος Κέλσος σαφῶς Χριστιανοὺς συκοφαντεῖ, λέγων τοὺς αὐτούς, ἡνίκα μὲν ἂν Ἰουδαῖοι αὐτοὺς βιάζωνται, τὸν αὐτὸν αὐτοῖς θεὸν ὁμολογεῖν · ὅταν δὲ","And in these matters the most noble philosopher Celsus clearly slanders Christians, saying that they confess the same God as the Jews when Jews press them, but when Jesus says the "
9160246a-6817-459b-8362-29b020ee9d8c,sc147_origenes_contra_celsum_vi_par28_en,sc147_origenes_contra_celsum_vi_par28,CC VI 28 (English),CC VI 28,0.98,0.12,"28. Τοιοῦτόν τι δή μοι φαίνεται ὁ Κέλσος οἰκονομῶν ἐκτεθεῖσθαι, ὡς ἄρα Χριστιανοὶ λέγουσι κατηραμένον θεὸν τὸν δημιουργόν, ἵν' ὁ πιστεύων αὐτῷ ταῦτα καθ' ἡμῶν λέγοντι εἰ δυνατὸν κα",It seems to me that Celsus has contrived something like the following: he has set forth the claim that Christians call the Creator (demiourgos) an accursed god so that anyone who b
6c04d5da-138e-4a86-a36e-aebad0b1836a,sc147_origenes_contra_celsum_vi_par36_a_en,sc147_origenes_contra_celsum_vi_par36_a,CC VI 36_a (English),CC VI 36_a,0.98,0.1,Περὶ δὲ τοῦ τῆς ζωῆς ξύλου εὐκαιρότερόν τις διηγήσεται ἑρμηνεύων τὰ περὶ τὸν ἐν τῇ Γενέσει ἀναγεγραμμένον παράδεισον τοῦ θεοῦ φυτευόμενον ὑπ' αὐτοῦ. Πολλάκις μὲν οὖν ἐχλεύασεν ὁ Κέ,"Regarding the tree of life (xylon tes zoes), one would more fittingly discuss this when interpreting the narrative of the paradise of God described in Genesis as planted by Him. Ce"
965b1680-70cf-4525-af04-caebae90c0ef,sc147_origenes_contra_celsum_vi_par38_a_en,sc147_origenes_contra_celsum_vi_par38_a,CC VI 38_a (English),CC VI 38_a,0.98,0.16,"Καὶ ταῦτα δὲ παρειλήφαμεν εἰς τὸν κατὰ Κέλσου λόγον, ἵνα παραστήσωμεν τοῖς ἐντυγχάνουσι τρανότερον ἐκείνου ἐγνωκέναι καὶ οὐκ ἐκ παρακουσμάτων τὰ καὶ ὑφ' ἡμῶν κατηγορούμενα. Εἰ δὲ κ","We have included these things in our reply against Celsus in order to demonstrate to our readers that we have understood these matters more clearly than he did, and not from hearsa"
21f9bda8-465d-4b05-98d5-4896705c2de7,sc147_origenes_contra_celsum_vi_par27_en,sc147_origenes_contra_celsum_vi_par27,CC VI 27 (English),CC VI 27,0.98,0.33,"27. Ἑξῆς δὲ τοῖς περὶ τοῦ διαγράμματος μηδὲ παρακούσας τῶν περὶ τῆς καλουμένης παρὰ τοῖς ἐκκλησιαστικοῖς σφραγῖδος ἑαυτῷ τινα ἐκτίθεται ἀλλόκοτα καὶ ἀμοιβαίας φωνάς, ὡς τοῦ μὲν τὴν","Next, in his discussion of the diagram, having not even partially heard about what the members of the Church call the 'seal' (sphragis), Celsus sets forth certain bizarre and recip"
6fc8beaa-7986-403b-a0e2-8522765edeb2,sc147_origenes_contra_celsum_vi_par46_a_en,sc147_origenes_contra_celsum_vi_par46_a,CC VI 46_a (English),CC VI 46_a,0.98,0.12,"Ἕκαστον δὲ τούτων σαφηνίσαι οὐ τῇ παρούσῃ ἁρμόζει πραγματείᾳ. Ἡ περὶ αὐτοῦ δὲ προφητεία ἐν τῷ Δανιὴλ λέλεκται, δυναμένη τὸν φρονίμως καὶ εὐγνωμόνως ἀναγι-νώσκοντα ἐπιστρέψαι ἐπὶ τὸ","To clarify each of these points does not suit the present treatise. But the prophecy about the Antichrist is contained in Daniel, capable of turning the one who reads it wisely and"
4e43a3b8-3852-4c9a-970f-c6cee4741d81,sc147_origenes_contra_celsum_vi_par47_en,sc147_origenes_contra_celsum_vi_par47,CC VI 47 (English),CC VI 47,0.98,0.26,"47. Ἔλεγε δὴ μετὰ τὰ ἐκκείμενα τοιαῦτα · Ὁπόθεν δὲ καὶ αὐτὸ τοῦτο ἐπῆλθεν αὐτοῖς θεοῦ υἱὸν καλεῖν, σημαίνω. Ἄνδρες παλαιοὶ τόνδε τὸν κόσμον ὡς ἐκ θεοῦ γενόμενον παῖδά τε αὐτοῦ καὶ ","After the above, Celsus said the following: 'From what source did it occur to them to call him Son of God? I will explain. Ancient men called this world, as having come from God, b"
01ce38ea-1797-48e5-94af-27449aa39cef,sc147_origenes_contra_celsum_vi_par43_en,sc147_origenes_contra_celsum_vi_par43,CC VI 43 (English),CC VI 43,0.98,0.21,"43. Ὅρα οὖν εἰ μὴ ὁ ἐγκαλῶν ἡμῖν <ὡς> σφαλλομένοις ἀσεβέστατα καὶ ἀποπεπλανημένοις θείων αἰνιγμάτων αὐτὸς σαφῶς σφάλλεται, μὴ κατανοήσας ὅτι τὰ πολλῷ οὐ μόνον Ἡρακλείτου καὶ Φερεκύ","Consider then whether the one who accuses us of erring most impiously and of being led astray from divine enigmas is not himself clearly in error, not having perceived that the wri"
6377b005-b024-4979-9a2f-91961821ba4c,sc147_origenes_contra_celsum_vi_par37_a_en,sc147_origenes_contra_celsum_vi_par37_a,CC VI 37_a (English),CC VI 37_a,0.98,0.31,"Ἑξῆς δὲ τούτοις λέγει ἁρμόζοντα μὲν τοῖς ἀναπλάσασι τούς τε λεοντοειδεῖς καὶ ὀνοκεφάλους καὶ δρακοντοειδεῖς ἄρχοντας, καὶ εἴ τις ἐκείνοις παραπλησίως ἐμυθολόγησεν, οὐ μὴν καὶ τοῖς ","Next he says things that are fitting for those who fabricated the lion-faced, donkey-headed, and serpent-shaped archons, and anyone who has mythologized in a similar fashion, but n"
9528524b-5e35-4c5b-95bf-adb59be170c1,sc150_origenes_contra_celsum_viii_par59_en,sc150_origenes_contra_celsum_viii_par59,CC VIII 59 (English),CC VIII 59,0.98,0.58,"59. Εἰκὸς δ' ὅτι γελάσεται μὲν ὁ τὰ Κέλσου ἀσπαζόμενος, λεγόντων ἡμῶν ὅτι « Ἐν τῷ ὀνόματι Ἰησοῦ πᾶν γόνυ κάμψει ἐπουρανίων καὶ ἐπιγείων καὶ καταχθονίων, καὶ πᾶσα γλῶσσα ὑπάγεται τῷ","59. It is likely that the one who embraces the views of Celsus will laugh when we say that 'at the name of Jesus every knee shall bow, of those in heaven and on earth and under the"
b9bc2e94-cd47-488d-bdb9-3676aebca70f,sc150_origenes_contra_celsum_viii_par6_en,sc150_origenes_contra_celsum_viii_par6,CC VIII 6 (English),CC VIII 6,0.98,0.51,"6. Ἀλλ' οὐδ' ὡς βλαπτομένου τοῦ θεοῦ, ὡς δοκεῖ βλάπ-τεσθαι ἄνθρωπος ὑπὸ τοῦ καὶ ἄλλῳ παρ' αὐτὸν δουλεύοντος, ἐκκλίνομεν τὸ δουλεύειν ἄλλῳ τινὶ ἢ τῷ θεῷ διὰ τοῦ λόγου αὐτοῦ καὶ τῆς ",6. But it is not because God would be harmed—as a human being appears to be harmed by one who serves another alongside him—that we avoid serving anyone other than God through his W
c51ca8d8-0e1b-4c51-b3ca-e666a2698155,sc167_clemens_epistula_ad_corinthios_chap17_en,sc167_clemens_epistula_ad_corinthios_chap17,I Clem. 17 (English),I Clem. 17,0.98,0.47,"17. 1. Μιμηταὶ γενώμεθα κἀκείνων, οἵτινες ἐν δέρμασιν αἰγείοις καὶ μηλωταῖς περιεπάτησαν κηρύσσοντες τὴν ἔλευσιν τοῦ Χριστοῦ · λέγομεν δὲ Ἠλίαν καὶ Ἐλισαιέ, ἔτι δὲ καὶ Ἰεζεκιήλ, το","17.1. Let us become imitators also of those who went about in goatskins and sheepskins, preaching the coming of Christ—we mean Elijah and Elisha, and also Ezekiel, the prophets, an"
a6dd6956-12d0-4c46-8c1d-ec56a17406a9,sc167_clemens_epistula_ad_corinthios_chap20_en,sc167_clemens_epistula_ad_corinthios_chap20,I Clem. 20 (English),I Clem. 20,0.98,0.72,"20. 1. Οἱ οὐρανοὶ τῇ διοικήσει αὐτοῦ σαλευόμενοι ἐν εἰρήνῃ ὑποτάσσονται αὐτῷ. 2. Ἡμέρα τε καὶ νὺξ τὸν τεταγμένον ὑπ' αὐτοῦ δρόμον διανύουσιν, μηδὲν ἀλλήλοις ἐμποδίζοντα. 3. Ἥλιός τ","20.1. The heavens, moved by his governance, are in subjection to him in peace. 2. Day and night complete the course appointed by him without hindering one another. 3. The sun, the "
16cf2cd0-975e-4bd4-bb37-d875e2ac78b1,sc167_clemens_epistula_ad_corinthios_chap36_en,sc167_clemens_epistula_ad_corinthios_chap36,I Clem. 36 (English),I Clem. 36,0.98,0.4,"36. 1. Αὕτη ἡ ὁδός, ἀγαπητοί, ἐν ᾗ εὕρομεν τὸ σωτήριον ἡμῶν, Ἰησοῦν Χριστόν, τὸν ἀρχιερέα τῶν προσφορῶν ἡμῶν, τὸν προστάτην καὶ βοηθὸν τῆς ἀσθενείας ἡμῶν. 2. Διὰ τούτου ἀτενίζομεν ","36.1. This is the way, beloved, in which we found our salvation—Jesus Christ, the high priest of our offerings, the protector and helper of our weakness. 2. Through him we fix our "
a2671d93-4145-4eb4-892e-af7885a68c2e,sc167_clemens_epistula_ad_corinthios_chap39_en,sc167_clemens_epistula_ad_corinthios_chap39,I Clem. 39 (English),I Clem. 39,0.98,0.51,"39. 1. Ἄφρονες καὶ ἀσύνετοι καὶ μωροὶ καὶ ἀπαίδευτοι χλευάζουσιν ἡμᾶς καὶ μυκτηρίζουσιν, ἑαυτοὺς βουλόμενοι ἐπαίρεσθαι ταῖς διανοίαις αὐτῶν. 2. Τί γὰρ δύναται θνητός ; ἢ τίς ἰσχὺς ","39.1. Foolish, senseless, silly, and uneducated people laugh and mock at us, wishing to exalt themselves in their own minds. 2. For what can a mortal do? Or what is the strength of"
28a68c4e-c057-4190-97f8-c3f8d228abcf,sc167_clemens_epistula_ad_corinthios_chap62_en,sc167_clemens_epistula_ad_corinthios_chap62,I Clem. 62 (English),I Clem. 62,0.98,0.62,"62. 1. Περὶ μὲν τῶν ἀνηκόντων τῇ θρησκείᾳ ἡμῶν καὶ τῶν ὠφελιμωτάτων εἰς ἐνάρετον βίον τοῖς θέλουσιν εὐσεβῶς καὶ δικαίως διευθύνειν, ἱκανῶς ἐπεστείλαμεν ὑμῖν, ἄνδρες ἀδελφοί. 2. Περ","62.1. Concerning the matters pertaining to our religion and those most beneficial to the virtuous life for those who wish to conduct themselves piously and righteously, we have wri"
2a75357e-41b5-4a9a-b8dc-f7f39a90cac4,sc167_clemens_epistula_ad_corinthios_chap_38_verset_2_4_en,sc167_clemens_epistula_ad_corinthios_chap_38_verset_2_4,I Clem. 38.2-4 (English),I Clem. 38.2-4,0.98,0.65,"2. Ὁ ἰσχυρὸς τημελείτω τὸν ἀσθενῆ, ὁ δὲ ἀσθενὴς ἐντρε-πέτω τὸν ἰσχυρόν · ὁ πλούσιος ἐπιχορηγείτω τῷ πτωχῷ, ὁ δὲ πτωχὸς εὐχαριστείτω τῷ θεῷ, ὅτι ἔδωκεν αὐτῷ δι' οὗ ἀναπληρωθῇ αὐτοῦ ",2. Let the strong take care of the weak; let the weak respect the strong. Let the rich supply the needs of the poor; let the poor give thanks to God that he has given them someone 
560e34a0-27f4-4fd2-aa98-467a82cc21c6,sc464_pamphilus_apologia_pro_origene_par62_en,sc464_pamphilus_apologia_pro_origene_par62,"Pamph., Apol. 62 (English)","Pamph., Apol. 62",0.98,0.62,"62. Origenes. Infandum autem est et inlicitum, Deum Patrem in generatione unigeniti Filii sui atque in subsistentia eius exaequare alicui uel hominum uel aliorum animantium generan",62. Origen. It is unspeakable and impermissible to compare God the Father in his generation of his only-begotten Son and in his bringing him into subsistence to any generating man 
8a085285-ee0c-4b8d-9213-289819a71f0f,sc470_aristides_apologia_chap6_en,sc470_aristides_apologia_chap6,"Aristides, Apol. 6 (English)","Aristides, Apol. 6",0.98,0.67,"1. Οἱ δὲ νομίζοντες τὸν ἥλιον εἶναι θεὸν πλανῶνται · ὁρῶμεν γὰρ αὐτὸν κινούμενον κατὰ ἀνάγκην καὶ τρεπόμενον καὶ μεταβαίνοντα ἀπὸ σημείου εἰς σημεῖον, | δύνοντα καὶ ἀνατέλλοντα τοῦ","1. Those who suppose the sun to be a god are deceived; for we see it moving by necessity and revolving and passing from sign to sign, setting and rising in order to warm the plants"
e98c91c3-ee16-4f44-a966-0209c96c451d,sc507_iustinus_apologia_i_chap24_en,sc507_iustinus_apologia_i_chap24,"Just., Apol. I 24 (English)","Just., Apol. I 24",0.98,0.65,"1. Πρῶτον μὲν ὅτι τὰ ὅμοια τοῖς Ἕλλησι λέγοντες, μόνοι μισούμεθα δι' ὄνομα τοῦ Χριστοῦ, καὶ μηδὲν ἀδικοῦντες, ὡς ἁμαρτωλοὶ ἀναιρούμεθα, ἄλλων ἀλλαχοῦ καὶ δένδρα σεβομέ-νων καὶ ποτα","1. First, because we say things similar to the Greeks, we alone are hated on account of the name of Christ, and though we do no wrong, we are executed as sinners, while others else"
7693f043-fb73-48f1-bea9-2b5c21e0f280,sc79_chrysostomus_de_providentia_chap6_en,sc79_chrysostomus_de_providentia_chap6,"Chrys., Prov. 6 (English)","Chrys., Prov. 6",0.98,0.78,"1. Τοῖς μὲν οὖν εὐγνώμοσιν ἀρκεῖ καὶ πρὸ τῆς διὰ τῶν ἔργων ἀποδείξεως ἡ ἀπόφασις αὐτὴ μόνη τοῦ Θεοῦ, οὐχὶ τὴν πρόνοιαν αὐτοῦ δεικνῦσα μόνον, ἀλλὰ καὶ τὸν σφοδρὸν ἔρωτα τὸν περὶ ἡμᾶ","1. For those who are well-disposed, even before the demonstration through works, the mere declaration of God suffices -- showing not only His providence (pronoia) but also the ferv"
1313adb0-317e-4446-bfb6-acfbdf67fd30,passage_cic_fat_20_en,passage_cic_fat_20,"Marcus Tullius Cicero, De Fato, Fat. 20 (English — Yonge 1853)","Marcus Tullius Cicero, De Fato, Fat. 20",0.98,0.33,"Nec ii, qui dicunt inmutabilia esse, quae futura sint, nec posse verum futurum convertere in falsum, fati necessitatem confirmant, sed verborum vim interpretantur. At qui introducu","And those who affirm that things future are immutable, and that things true and certain cannot become false and uncertain, ought not to be regarded as the partisans of strict fatal"
1a9c400e-0f47-4b01-8cab-8a889975f8e0,passage_athenagoras_leg____379_________24________3_6___76_en,passage_athenagoras_leg____379_________24________3_6___76,"SC 379, ch.24, §3-6, §76 (Athenagoras of Athens) (English)","SC 379, ch.24, §3-6, §76 (Athenagoras of Athens)",0.97,0.52,"**Reference:** SC 379, chap.: 24, par.: 3-6, §76 **Author:** Athenagoras of Athens **Work:** Supplique au sujet des chrétiens (éd. Pouderon) **Edition:** SC 379  **Original Greek (","Athenagoras of Athens, Plea for the Christians, ch. 24, par. 3-6 (SC 379, ed. Pouderon). The constitution (systasis) of the angels was made by God for the sake of providence (prono"
99b86408-c04b-44f6-8d1d-79f66a384847,passage_boethius_cons_11_en,passage_boethius_cons_11,"Boethius, Cons. 11: If God Exists, Whence Evil? (English)","Boethius, Cons. 11: If God Exists, Whence Evil?",0.97,0.56,"Qua in re non ita sensus nostros maeror hebetavit, ut impios scelerata contra virtutem querar molitos, sed, quae speraverint, effecisse vehementer ammiror. Nam deteriora velle nost","Boethius, Consolation of Philosophy, passage 11: If God Exists, Whence Evil? Grief has not so dulled my senses that I complain of impious men having plotted crimes against virtue; "
bc46ad8d-a929-4a91-9d4b-1001addc514a,passage_boethius_cons_31_en,passage_boethius_cons_31,"Boethius, Cons. 31: Fame's Narrow Scope (English)","Boethius, Cons. 31: Fame's Narrow Scope",0.97,0.41,"An vernis floribus ipse distinguens aut tua in aestivos fructus intumescit ubertas? Quid inanibus gaudiis raperis, quid externa bona pro tuis amplexaris? Numquam tua. faciet esse f","Boethius, Consolation of Philosophy, passage 31: Fame's Narrow Scope. Philosophy asks whether Boethius swells with the beauty of spring flowers or the abundance of summer fruits. W"
669dd7ba-2099-445f-98c0-97674e967e80,sc132_origenes_contra_celsum_ii_par15_en,sc132_origenes_contra_celsum_ii_par15,CC II 15 (English),CC II 15,0.97,0.72,"15. Φησὶ δὲ ὁ Κέλσος ὅτι καὶ οἱ μαθηταὶ τοῦ Ἰησοῦ ἐπὶ πράγματι περιφανεῖ μηδὲν ἔχοντες ἐπισκήψασθαι τοῦτο ἐπενόησαν, τὸ λέγειν αὐτὸν πάντα προεγνωκέναι, οὐκ ἐπιστήσας ἢ οὐ βουληθεὶ","15. Celsus says that Jesus's disciples, having nothing to object against a manifest fact, devised this claim — that he foreknew everything — without having attended to or not wishi"
ae5e21dd-ea9e-481a-91d4-75c1a73fdca4,sc136_origenes_contra_celsum_iv_par44_en,sc136_origenes_contra_celsum_iv_par44,CC IV 44 (English),CC IV 44,0.97,0.49,44. Πόρρω δὲ τυγχάνων τοῦ βουλήματος τῶν γεγραμ-μένων φησὶ τὸν θεὸν καὶ φρέατα τοῖς δικαίοις δεδωκέναι. Οὐ γὰρ ἐτήρησεν ὅτι οἱ δίκαιοι λάκκους μὲν οὐ κατασκευά-ζουσι « φρέατα » δὲ ,"44. Being far from understanding the intention of what is written, Celsus says that God even gave wells to the righteous. For he failed to observe that the righteous do not constru"
0f05591a-3ea4-4828-9bbf-08da00637766,sc136_origenes_contra_celsum_iv_par5_en,sc136_origenes_contra_celsum_iv_par5,CC IV 5 (English),CC IV 5,0.97,0.46,5. Μετὰ ταῦθ' ὁ γενναιότατος Κέλσος οὐκ οἶδ' ὁπόθεν λαβὼν ἐπαπορεῖ πρὸς ἡμᾶς ὡς λέγοντας ὅτι αὐτὸς κάτεισι πρὸς ἀνθρώπους ὁ θεός · καὶ οἴεται ἀκολουθεῖν τούτῳ τὸ τὴν ἑαυτοῦ ἕδραν α,"5. After this, the most noble Celsus, I know not from where, raises the objection against us, as though we say that God himself descends to human beings, and he thinks it follows f"
fa1130bb-d8d2-4559-90f0-14d10b0ddbeb,sc147_origenes_contra_celsum_v_par33_a_en,sc147_origenes_contra_celsum_v_par33_a,CC V 33_a (English),CC V 33_a,0.97,0.31,"Καί φαμέν γε πρὸς τοὺς ἐρομένους ἡμᾶς, πόθεν ἥκομεν ἢ τίνα ἔχομεν ἀρχηγέτην, ὅτι ἤλθομεν κατὰ τὰς Ἰησοῦ ὑποθήκας συγκόψαι « τὰς » πολεμικὰς ἡμῶν λογικὰς « μαχαίρας » καὶ ὑβριστικὰς","We came, following the instructions of Jesus, to beat our swords into plowshares and our spears into pruning hooks—that is, to convert the instruments of violence and war into inst"
a411c4b8-027f-4f19-a5df-119f92b27c47,sc147_origenes_contra_celsum_v_par64_en,sc147_origenes_contra_celsum_v_par64,CC V 64 (English),CC V 64,0.97,0.14,"64. Παρακηκοέναι δέ μοι φαίνεται τῆς τε ἀποστολικῆς λέξεως φασκούσης · « Ἐν ὑστέροις καιροῖς ἀποστήσονταί τινες τῆς πίστεως, προσέχοντες πνεύμασι πλάνοις καὶ διδασκαλίαις δαιμονίων","He appears to have half-heard the apostolic text that says: 'In later times some shall depart from the faith, giving heed to seducing spirits and doctrines of demons, in the hypocr"
01139be5-8420-41ff-89db-5d4dd4dd3d4d,sc147_origenes_contra_celsum_vi_par19_en,sc147_origenes_contra_celsum_vi_par19,CC VI 19 (English),CC VI 19,0.97,0.04,"19. Ἑξῆς δὲ τούτοις φησὶν ὁ Κέλσος παρακούσαντάς τινας Χριστιανοὺς πλατωνικῶν λέξεων αὐχεῖν τὸν ὑπερουράνιον θεόν, ὑπεραναβαίνοντας τὸν Ἰουδαίων οὐρανόν. Ἐν τούτοις δὲ οὐ διασαφεῖ,","Next after this, Celsus says that certain Christians, having half-heard Platonic expressions, boast of a God beyond the heavens (hyperouranios theos), ascending above the heaven of"
811b5fed-ac31-448e-a6e5-e15a52c613cd,sc147_origenes_contra_celsum_vi_par22_a_en,sc147_origenes_contra_celsum_vi_par22_a,CC VI 22_a (English),CC VI 22_a,0.97,0.11,"Ἑξῆς ἐξετάζει τὴν αἰτίαν τῆς οὕτω κατειλεγμένης τάξεως τῶν ἀστέρων, δηλουμένης διὰ συμβόλων ἐν τοῖς ὀνόμασι τῆς ποικίλης ὕλης, καὶ μουσικοὺς λόγους προσάπτει ᾗ ἐκτίθεται Περσῶν θεο","He then goes on to examine the reason for the order of the stars as thus catalogued, which is indicated through symbols in the names of various materials, and he attaches musical r"
49054ac7-1f25-41fb-836b-99d7d1356c2f,sc147_origenes_contra_celsum_vi_par25_en,sc147_origenes_contra_celsum_vi_par25,CC VI 25 (English),CC VI 25,0.97,0.29,"25. Ἐν ᾧ ἦν διαγραφὴ κύκλων, ἀπολελυμένων μὲν ἀπ' ἀλλήλων δέκα συνδουμένων δὲ ὑφ' ἑνὸς κύκλου, ὃς ἐλέγετο εἶναι ἡ τῶν ὅλων ψυχὴ καὶ ὠνομάζετο Λευϊαθάν, ὅντινα αἱ Ἰουδαίων γραφαὶ ὅ ","In this diagram there was a drawing of circles—ten separate from one another but bound together by a single circle, which was said to be the soul of all things (psyche ton holon) a"
85f5d518-dc54-47e9-b33c-84dbc042da2d,sc147_origenes_contra_celsum_vi_par32_en,sc147_origenes_contra_celsum_vi_par32,CC VI 32 (English),CC VI 32,0.97,0.37,"32. Ἐπὶ ταῦτα δὲ ἡμᾶς ἡ Κέλσου νομιζομένη μὲν πολυμά-θεια, μᾶλλον δ' οὖσα περιεργία καὶ φλυαρία, προεκαλέσατο βουλομένους παραστῆσαι τῷ ἐντυχόντι τῇ ἐκείνου γραφῇ καὶ τοῖς ἡμῖν πρὸ","Celsus's supposed erudition (polymatheia)—which is really just idle curiosity and prattle (periergeia kai phlyaria)—has provoked us to respond, as we wish to demonstrate to the rea"
3c9c7780-9d7c-44f4-abf1-6367221442c3,sc147_origenes_contra_celsum_vi_par35_b_en,sc147_origenes_contra_celsum_vi_par35_b,CC VI 35_b (English),CC VI 35_b,0.97,0.19,"Ψυχὴ δὲ ζῶσα τάχα μὲν ἐν ἀπορρήτοις λέλεκται παρά τισι τῶν ἀπὸ Οὐαλεντίνου εἰς τὸν ὑπ' αὐτῶν ὀνομαζόμενον « ψυχικὸν δημιουργόν », τάχα δὲ καὶ πρὸς ἀντιδιαστολὴν ψυχῆς νεκρᾶς ἡ ζῶσα",The phrase 'living soul' (psyche zosa) has perhaps been used in secret teachings among some followers of Valentinus with reference to the one they call the 'psychic demiurge' (psyc
78f5477d-4618-47fc-8404-e964d4791638,sc147_origenes_contra_celsum_vi_par38_en,sc147_origenes_contra_celsum_vi_par38,CC VI 38 (English),CC VI 38,0.97,0.13,"38. Οὐκ ἀρκεσθεὶς δ' ὁ γεννάδας τοῖς ἀπὸ τοῦ διαγράμ-ματος ἐβουλήθη ὑπὲρ τοῦ αὐξῆσαι τὰς καθ' ἡμῶν κατηγορίας, τῶν μηδὲν ἐχόντων κοινὸν πρὸς ἐκεῖνο, διὰ μέσου ἄλλ' ἄττα εἰπεῖν, ἐπα","Not content with what he drew from the diagram, the noble fellow wished to augment his accusations against us—accusations that have nothing in common with the diagram—by interjecti"
59cb8241-1e20-45f0-a9e5-372c856c34b2,sc147_origenes_contra_celsum_vi_par5_en,sc147_origenes_contra_celsum_vi_par5,CC VI 5 (English),CC VI 5,0.97,0.04,"5. Τὸ δ' « ἐξαίφνης οἷον ἀπὸ πυρὸς πηδήσαντος » ἐξάπ-τεσθαι « φῶς ἐν τῇ ψυχῇ » πρότερος οἶδεν ὁ λόγος, εἰπὼν ἐν τῷ προφήτῃ · « Φωτίσατε ἑαυτοῖς φῶς γνώσεως. » Καὶ Ἰωάννης δὲ ὕστερο","The notion of light 'suddenly kindled in the soul as if from a leaping fire' is known earlier by our Scripture, which says through the prophet: 'Light for yourselves the light of k"
e11656b1-8c2d-4c19-be56-035b4c314427,sc167_clemens_epistula_ad_corinthios_chap30_en,sc167_clemens_epistula_ad_corinthios_chap30,I Clem. 30 (English),I Clem. 30,0.97,0.62,"30. 1. Ἁγία οὖν μερὶς ὑπάρχοντες ποιήσωμεν τὰ τοῦ ἁγιασμοῦ πάντα, φεύγοντες καταλαλιάς, μιαράς τε καὶ ἀνά-γνους συμπλοκάς, μέθας τε καὶ νεωτερισμοὺς καὶ βδελυκτὰς ἐπιθυμίας, μυσερά","30.1. Since we are a holy portion, let us do everything that pertains to holiness, fleeing slander, foul and impure embraces, drunkenness and the urge to novelty, abominable desire"
f7768008-5a88-4a90-9572-19c68b5830f6,sc167_clemens_epistula_ad_corinthios_chap_34_verset_5_8_en,sc167_clemens_epistula_ad_corinthios_chap_34_verset_5_8,I Clem. 34.5-8 (English),I Clem. 34.5-8,0.97,0.51,"5. Τὸ καύχημα ἡμῶν καὶ ἡ παρρησία ἔστω ἐν αὐτῷ · ὑπο-τασσώμεθα τῷ θελήματι αὐτοῦ · κατανοήσωμεν τὸ πᾶν πλῆθος τῶν ἀγγέλων αὐτοῦ, πῶς τῷ θελήματι αὐτοῦ λειτουργοῦσιν παρεστῶτες. 6. ","5. Let our boast and our boldness be in him; let us be subject to his will. Let us consider the whole host of his angels, how they stand by his will and minister to it. 6. For scri"
fc29fbd1-8ba8-418b-8f94-2d075ba6cebf,sc167_clemens_epistula_ad_corinthios_chap_57_verset_3_7_en,sc167_clemens_epistula_ad_corinthios_chap_57_verset_3_7,I Clem. 57.3-7 (English),I Clem. 57.3-7,0.97,0.55,"3. Οὕτως γὰρ λέγει ἡ πανάρετος σοφία · « Ἰδοὺ προήσομαι ὑμῖν ἐμῆς πνοῆς ῥῆσιν, διδάξω δὲ ὑμᾶς τὸν ἐμὸν λόγον. 4. Ἐπειδὴ ἐκάλουν καὶ οὐχ ὑπηκούσατε, καὶ ἐξέτεινον λόγους καὶ οὐ προσ","3. For thus says the all-virtuous Wisdom: 'Behold, I will bring forth to you the utterance of my breath; I will teach you my word. 4. Since I called and you did not obey, and I str"
e30a6ca9-9125-415b-bcfa-0825c03ca496,sc172_epistula_barnabae_chap_4_verset_9a_en,sc172_epistula_barnabae_chap_4_verset_9a,Barn. 4.9a (English),Barn. 4.9a,0.97,0.29,"9a. Πολλὰ δὲ θέλων γράφειν, οὐχ ὡς διδάσκαλος ἀλλ' ὡς πρέπει ἀγαπῶντι, ἀφ' ὧν ἔχομεν μὴ ἐλλείπειν, γράφειν ἐσπούδασα - περίψημα ὑμῶν.","9a. Concerning which I wish to write many things, not as a teacher but as befits one who loves you, that we may not fall short of anything."
9a798ead-641f-472e-bed2-ce9bb8433c65,sc20_theophilus_ad_autolycum_ii_liv_2_superiorite_des_auteurs_sacres_sur_les_profanes_chap_23_en,sc20_theophilus_ad_autolycum_ii_liv_2_superiorite_des_auteurs_sacres_sur_les_profanes_chap_23,Ad Aut. II 23 (English),Ad Aut. II 23,0.97,0.69,"23. Τὸν οὖν ἄνθρωπον ὁ θεὸς πεποίηκεν ἐν τῇ ἕκτῃ ἡμέρᾳ, τὴν δὲ πλάσιν αὐτοῦ πεφανέρωκεν μετὰ τὴν ἑβδόμην ἡμέραν, ὁπότε καὶ τὸν παράδεισον πεποίηκεν, εἰς τὸ ἐν κρείσσονι τόπῳ καὶ χω","23. God made the human being on the sixth day, but made manifest the formation of him after the seventh day, when he also made paradise, so that he might be in a better and more ex"
cb41fa3c-d023-448e-ab53-4f99f174fca2,sc20_theophilus_ad_autolycum_iii_liv_3_sur_la_question_prealable_chap_1_en,sc20_theophilus_ad_autolycum_iii_liv_3_sur_la_question_prealable_chap_1,Ad Aut. III 1 (English),Ad Aut. III 1,0.97,0.82,"1. Θεόφιλος Αὐτολύκῳ χαίρειν. Ἐπειδὴ οἱ συγγραφεῖς βούλονται πληθὺν βίβλων συγγράφειν πρὸς κενὴν δόξαν, οἱ μὲν περὶ θεῶν καὶ πολέμων ἢ χρόνων, τινὲς δὲ καὶ μύθων ἀνωφελῶν καὶ τῆς λ","1. Theophilus to Autolycus, greetings. Since writers wish to compose a multitude of books for empty glory—some about gods and wars or chronologies, others about useless myths and t"
b9f097f5-08e9-4d98-be3f-9518949076ff,sc464_pamphilus_apologia_pro_origene_par60_en,sc464_pamphilus_apologia_pro_origene_par60,"Pamph., Apol. 60 (English)","Pamph., Apol. 60",0.97,0.67,60. Origenes. Sempiternum uel aeternum proprie dicitur quod neque initium ut esset habuit neque cessare umquam potest esse quod est. Hoc autem designatur apud Iohannem cum dicit qu,60. Origen. 'Everlasting' or 'eternal' is properly said of that which neither had a beginning of its existence nor can ever cease being what it is. This is indicated in John when h
d264e8f3-cbe8-41aa-af0f-6c9f0a870b70,sc464_pamphilus_apologia_pro_origene_par70_en,sc464_pamphilus_apologia_pro_origene_par70,"Pamph., Apol. 70 (English)","Pamph., Apol. 70",0.97,0.67,"70. Origenes. Nulla ergo natura est quae non recipiat bonum uel malum, excepta Dei natura quae fons <bonorum> omnium est et Christi : Sapientia <enim> est, et sapientia utique stul","70. Origen. There is therefore no nature that cannot receive good or evil, except the nature of God which is the source of all goods, and of Christ: for he is Wisdom, and Wisdom ca"
65a62457-d510-4cd5-8d55-0a1cd2fbe417,sc464_pamphilus_apologia_pro_origene_par7_en,sc464_pamphilus_apologia_pro_origene_par7,"Pamph., Apol. 7 (English)","Pamph., Apol. 7",0.97,0.77,"7. Origenes. Si cui uero in disceptatione profundum aliquid occurrerit, de hoc dicendum quidem est, sed non cum omni adfirmatione. Hoc enim aut temerarii hominis est et eius qui se","7. Origen. If in the course of discussion something profound presents itself, it must indeed be addressed, but not with full affirmation. For this either belongs to a rash man and "
fe221b6d-1738-439f-83cf-48f5a4a51bf0,sc470_aristides_apologia_chap1_en,sc470_aristides_apologia_chap1,"Aristides, Apol. 1 (English)","Aristides, Apol. 1",0.97,0.76,"1. Ἐγώ, βασιλεῦ, προνοίᾳ Θεοῦ ἦλθον εἰς τὸν κόσμον · καὶ θεωρήσας τὸν οὐρανὸν καὶ γῆν καὶ θάλασσαν ἥλιόν τε καὶ σελήνην καὶ τὰ λοιπά, ἐθαύμασα τὴν διακόσμησιν τούτων. Ἰδὼν δὲ τὸν κ","1. I, O King, have come into the world by the providence of God; and having observed heaven and earth and sea, the sun and moon and the rest, I marveled at the ordered arrangement "
856410d4-2ffb-4933-a655-91b36b0ee4e4,passage_boethius_cons_40_en,passage_boethius_cons_40,"Boethius, Cons. 40: Death Mocks Glory (English)","Boethius, Cons. 40: Death Mocks Glory",0.96,0.62,"Sin vero bene sibi mens conscia terreno carcere resoluta caelum libera petit, nonne omne terrenum negotium spernat, quae se caelo fruens terrenis gaudet exemptam? Quicumque solam m","Boethius, Consolation of Philosophy, passage 40: Death Mocks Glory. If a mind conscious of its own goodness, released from its earthly prison, seeks heaven in freedom, would it not"
b88a8a9f-80f3-403c-85ed-9608ad3e0784,sc123_melito_peri_pascha_chap4_en,sc123_melito_peri_pascha_chap4,"Melito, PP 4 (English)","Melito, PP 4",0.96,0.38,"παλαιὸς [μὲν ὁ νόμος], [καινὸς δὲ ὁ] λόγος, πρόσκαιρο[ς ὁ τύπος], [ἀΐδιος ἡ χάρις], [φ]θα[ρτὸν τὸ πρόβατον], [ἄφθαρτος ὁ κύριος], [σφαγεὶς ὡς ἀμνός], [ἀναστὰς ὡς θεός]. [Καὶ γὰρ « ","Old is the Law, but new is the Word (Logos); temporal is the type (typos), but eternal is grace (charis); corruptible is the sheep, but incorruptible is the Lord; slain as a lamb, "
23e9815e-8b07-4f55-933a-b42064a2de0d,sc136_origenes_contra_celsum_iv_par45_a_en,sc136_origenes_contra_celsum_iv_par45_a,CC IV 45_a (English),CC IV 45_a,0.96,0.81,"Ἆρ' οὖν παρὰ μὲν Ἕλλησιν ὑγιῶς ταῦτα λέγεται, καὶ οὐκ εὐκαταφρόνητος αὐτοῖς αἵρεσις ἡ τῶν Στωϊκῶν συνα-γορεύει · ἐπὰν δὲ κόρια, περὶ ἐκπυρώσεως τοῦ κόσμου μεμαθηκότα οὐ τετρανωκότα","Are these things then correctly said among the Greeks, with the Stoic school—no contemptible philosophical sect—lending its support? And yet, when some young women, who have learne"
70242128-e731-4e50-a24b-8bd9ea15d016,sc147_origenes_contra_celsum_v_par62_en,sc147_origenes_contra_celsum_v_par62,CC V 62 (English),CC V 62,0.96,0.05,"62. Εἶτα σωρὸν καταχέων ἡμῶν ὀνομάτων φησὶν εἰδέναι τινὰς καὶ Σιμωνιανούς, οἳ τὴν Ἑλένην ἤτοι διδάσκαλον Ἕλενον σέβοντες Ἑλενιανοὶ λέγονται. Ἀλλὰ λανθάνει τὸν Κέλσον ὅτι οὐδαμῶς τὸ","Then, pouring out a heap of names upon us, he says he knows of certain Simonians who, worshipping Helen or a certain teacher Helenus, are called Helenians. But it escapes Celsus's "
644c563f-e781-43d8-8874-bfefedca1741,sc147_origenes_contra_celsum_vi_par13_en,sc147_origenes_contra_celsum_vi_par13,CC VI 13 (English),CC VI 13,0.96,0.07,"13. Οὐκοῦν κατὰ ταῦτα ἡ μέν τις θεία σοφία ἐστίν, ἡ δ' ἀνθρωπίνη. Καὶ ἡ μὲν ἀνθρωπίνη ἐστὶν ἡ καθ' ἡμᾶς λεγομένη « σοφία τοῦ κόσμου », ἥτις ἐστὶ « μωρία παρὰ τῷ θεῷ » · ἡ δὲ θεία κ","Accordingly, in these terms there is one wisdom that is divine and another that is human. The human wisdom is what we call 'the wisdom of this world' (sophia tou kosmou), which is "
86528ec7-a84a-445d-bc3f-93052933f7eb,sc147_origenes_contra_celsum_vi_par1_en,sc147_origenes_contra_celsum_vi_par1,CC VI 1 (English),CC VI 1,0.96,0.07,"1. {Ἕκτον τοῦτον ἐνιστάμενοι λόγον πρὸς τὰς Κέλσου κατὰ Χριστιανῶν κατηγορίας χρῄζομεν ἐν αὐτῷ, ἱερὲ Ἀμβρόσιε, ἀγωνίσασθαι οὐ πρὸς τὰ ἀπὸ φιλοσοφίας ὑπ' αὐτοῦ ἐκτιθέμενα, ὡς οἰηθεί","As we undertake this sixth book against Celsus's accusations of Christians, we need in it, sacred Ambrose, to contend not against arguments set forth by him from philosophy, as one"
3f223f12-db0b-4544-9448-799b246feb38,sc147_origenes_contra_celsum_vi_par34_en,sc147_origenes_contra_celsum_vi_par34,CC VI 34 (English),CC VI 34,0.96,0.06,"34. Μετὰ δὲ τὸ ἐκθέσθαι τὰ προειρημένα καὶ τὰ ἀνάλογον αὐτοῖς, ἅτινα ἡμεῖς προσεθήκαμεν, τοιαῦτά φησιν ὁ Κέλσος · Οἱ δ' ἔτι προστιθέασιν ἄλλα ἐπ' ἄλλοις, προφητῶν λόγους καὶ κύκλου","After setting forth the aforementioned matters and the things analogous to them that we have added, Celsus says: 'And still others add yet more things upon things—words of prophets"
c261a70e-d160-4f8d-81dd-95a7e1eeef02,sc147_origenes_contra_celsum_vi_par19_a_en,sc147_origenes_contra_celsum_vi_par19_a,CC VI 19_a (English),CC VI 19_a,0.96,0.1,"Ἐγὼ δὲ οὐκ ἀπογινώσκω τὰς ἀπὸ τοῦ Φαίδρου λέξεις ἀπό τινων Ἑβραίων μεμαθηκότα τὸν Πλάτωνα, ὡς δέ τινες ἀνέγραψαν, ἔτι καὶ τοῖς προφητικοῖς ἐντυχόντα λόγοις ἐκτεθεῖσθαι, ἐν οἷς ἔλεγ","For my part, I do not rule out that Plato learned the passages from the Phaedrus from certain Hebrews, and, as some have recorded, that he even encountered the prophetic writings, "
909b64c2-320f-459f-ac89-10c45025f45e,sc147_origenes_contra_celsum_vi_par5_a_en,sc147_origenes_contra_celsum_vi_par5_a,CC VI 5_a (English),CC VI 5_a,0.96,0.33,Ὅρα οὖν τὴν διαφορὰν τοῦ καλῶς λελεγμένου ὑπὸ τοῦ Πλάτωνος περὶ τοῦ πρώτου ἀγαθοῦ καὶ τῶν εἰρημένων ἐν τοῖς προφήταις περὶ τοῦ φωτὸς τῶν μακαρίων · καὶ ὅρα ὅτι ἡ μὲν ἐν Πλάτωνι περ,Observe then the difference between what Plato has beautifully said about the first Good and what is said in the prophets about the light of the blessed. Note that the truth about 
8069946a-130b-4f93-8080-4e769739a505,sc150_origenes_contra_celsum_viii_par56_a_en,sc150_origenes_contra_celsum_viii_par56_a,CC VIII 56_a (English),CC VIII 56_a,0.96,0.49,"Πρὸς δὲ τούτοις οὐδὲ ἀποδίδομεν τὰς νομιζομένας προσήκειν τιμὰς οἷς λέγει Κέλσος τὰ τῇδε ἐπιτετράφθαι. « Κύριον » γὰρ « τὸν θεὸν » ἡμῶν προσκυνοῦμεν « καὶ αὐτῷ μόνῳ » λατρεύομεν, ε","In addition to this, we do not render the honors that are customarily thought appropriate to those whom Celsus says have been entrusted with the affairs of this world. For we worsh"
6589bff2-fa31-4f3c-83ad-a675050d6742,sc167_clemens_epistula_ad_corinthios_chap33_en,sc167_clemens_epistula_ad_corinthios_chap33,I Clem. 33 (English),I Clem. 33,0.96,0.54,"33. 1. Τί οὖν ποιήσωμεν, ἀδελφοί ; ἀργήσωμεν ἀπὸ τῆς ἀγαθοποιΐας καὶ ἐγκαταλίπωμεν τὴν ἀγάπην ; Μηθαμῶς τοῦτο ἐάσαι ὁ δεσπότης ἐφ' ἡμῖν γε γενηθῆναι, ἀλλὰ σπεύσωμεν μετὰ ἐκτενείας ","33.1. What then shall we do, brothers? Shall we be idle in doing good and abandon love? May the Master never allow this to happen to us! But let us hasten with earnestness and eage"
cf955298-325b-4fcb-81ed-0ef2fe0f9cbd,sc167_clemens_epistula_ad_corinthios_chap15_en,sc167_clemens_epistula_ad_corinthios_chap15,I Clem. 15 (English),I Clem. 15,0.96,0.48,"15. 1. Τοίνυν κολληθῶμεν τοῖς μετ' εὐσεβείας εἰρη-νεύουσιν, καὶ μὴ τοῖς μεθ' ὑποκρίσεως βουλομένοις εἰρήνην. 2. Λέγει γάρ που · « Οὗτος ὁ λαὸς τοῖς χείλεσίν με τιμᾷ, ἡ δὲ καρδία αὐ","15.1. Therefore let us cleave to those who practice peace with piety, and not to those who desire peace with hypocrisy. 2. For scripture says somewhere: 'This people honors me with"
919e950d-ec9f-4bc5-a5d5-dc2881a40410,sc268_origenes_peri_archon_iv_chap1_en,sc268_origenes_peri_archon_iv_chap1,De Princ. IV 1 (English),De Princ. IV 1,0.96,0.65,"<ΠΕΡΙ ΑΡΧΩΝ ΤΟΜΟΣ ΤΕΤΑΡΤΟΣ>αʹ. Ὅτι θεῖαι αἱ γραφαί · … ὅπως δεῖ ἀναγινώσκειν καὶνοεῖν τὰς γραφάς (Photius).Περὶ τοῦ θεοπνεύστου τῆς θείας γραφῆς, καὶ πῶς ταύτηνἀναγνωστέον καὶ νοητ",<FOURTH BOOK OF ON FIRST PRINCIPLES> Chapter 1. That the scriptures are divine... and how one ought to read and understand the scriptures (Photius). Concerning the divine inspirati
4f0e3d53-4447-4d12-adf1-7711e5945f18,sc464_pamphilus_apologia_pro_origene_par70_a_en,sc464_pamphilus_apologia_pro_origene_par70_a,"Pamph., Apol. 70_a (English)","Pamph., Apol. 70_a",0.96,0.79,"Si qua autem alia natura sancta est, ex adsumptione hoc uel inspiratione Spiritus Sancti habet ut sanctificetur, non ex sua natura hoc possidens sed accidens <sibi>, propter quod e","If any other nature is holy, it possesses this holiness from the assumption or inspiration of the Holy Spirit — not possessing this from its own nature but as something accidental,"
82801944-9d61-4f07-9bd8-d467f6404b72,passage_boethius_cons_68_en,passage_boethius_cons_68,"Boethius, Cons. 68: Unity and Being (English)","Boethius, Cons. 68: Unity and Being",0.95,0.71,"- Ita, inquam. videtur. — Sed omne, quod bonum est, boni participatione bonum esse concedis an minime? — Ita est. — Oportet icitur idem esse unum atque bonum simili ratione conceda","Boethius, Consolation of Philosophy, passage 68: Unity and Being. Philosophy argues that everything good is good by participation in the good. Therefore the One and the Good must b"
8e8eb8fa-2d3f-443a-8654-c0aa10580786,passage_boethius_cons_76_en,passage_boethius_cons_76,"Boethius, Cons. 76: Orpheus (Verse) (English)","Boethius, Cons. 76: Orpheus (Verse)",0.95,0.33,"Quondam funera coniugis vates Threicius gemens, postquam flebilibus modis silvas currere mobiles, amnes stare coegerat iunxitque {iunxitque} intrepidum latus saevis cerva leonibus ","Boethius, Consolation of Philosophy, passage 76: Orpheus (Verse). The Thracian bard (Orpheus), lamenting the funeral of his wife, after he had compelled the woods to run, the river"
2628fd7a-49fa-4f95-9d14-fb6e485f0bbb,passage_sen_prov_4_4_en,passage_sen_prov_4_4,"Seneca, De Prov. 4.4: Virtue Eager for Danger (English)","Seneca, De Prov. 4.4: Virtue Eager for Danger",0.95,0.58,"Latin: Gaudent, inquam, magni viri aliquando rebus adversis, non aliter quam fortes milites bello. Triumphum ego murmillonem sub Tib. Caesare de raritate munerum audivi querentem :","Seneca, On Providence 4.4: Virtue Eager for Danger. Great men, I say, rejoice in adversity no differently than brave soldiers rejoice in war. Seneca reports hearing the gladiator T"
8f74cdb7-47c1-4559-bcb8-989f79b710db,sc147_origenes_contra_celsum_v_par39_en,sc147_origenes_contra_celsum_v_par39,CC V 39 (English),CC V 39,0.95,0.25,"39. Χρὴ οὖν ζητεῖν τὸ ἁρμοζόντως τῷ λογικῷ καὶ ἡμέρῳ ζῴῳ καὶ λελογισμένως πάντα πράττοντι βρωτὸν καὶ οὐ βρωτόν, καὶ μὴ κατὰ ἀποκλήρωσιν σέβειν ὄϊς ἢ αἶγας ἢ τὰς θηλείας βοῦς. Καὶ τ","39. We should worship virtue rationally (meta logou), not crocodiles and goats and serpents. The Egyptian worship of animals is the reductio ad absurdum of the principle that ances"
a86bbec1-a734-4baa-a6f4-912d2f9392f2,sc147_origenes_contra_celsum_v_par6_en,sc147_origenes_contra_celsum_v_par6,CC V 6 (English),CC V 6,0.95,0.16,"6. Μετὰ ταῦτα δὲ τοιαύτην ἐκτίθεται περὶ Ἰουδαίων λέξιν · Πρῶτον οὖν τῶν Ἰουδαίων θαυμάζειν ἄξιον, εἰ τὸν μὲν οὐρανὸν καὶ τοὺς ἐν τῷδε ἀγγέλους σέβουσι, τὰ σεμνότατα δὲ αὐτοῦ μέρη ","After this, Celsus sets forth the following statement about the Jews: 'First, concerning the Jews, it is worth wondering whether they worship heaven and the angels therein, but neg"
eec6391c-81e4-4df7-8ff5-7164e42a920c,sc147_origenes_contra_celsum_vi_par10_b_en,sc147_origenes_contra_celsum_vi_par10_b,CC VI 10_b (English),CC VI 10_b,0.95,0.26,"Οὐ πρὸς πάντα οὖν τὸν προσιόντα φαμὲν ὅτι πρῶτον πίστευσον ὃν εἰσηγοῦμαί σοι τοῦτον εἶναι υἱὸν θεοῦ, ἀλλ'ἑκάστῳ κατὰ τὸ πρέπον αὐτοῦ τῷ ἤθει καὶ τῇ καταστάσει προσάγομεν τὸν λόγον,","We do not, therefore, say to every person who approaches: 'First believe that the one I introduce is the Son of God.' Rather, we present the teaching (logos) to each person in a ma"
760bd389-5d31-4c37-a87f-83b3e62c5c36,sc147_origenes_contra_celsum_vi_par16_en,sc147_origenes_contra_celsum_vi_par16,CC VI 16 (English),CC VI 16,0.95,0.08,"16. Μετὰ ταῦτα τὴν κατὰ τῶν πλουσίων ἀπόφασιν τοῦ Ἰησοῦ, εἰπόντος · « Εὐκοπώτερον κάμηλον εἰσελθεῖν διὰ τρήματος ῥαφίδος ἢ πλούσιον εἰς τὴν βασιλείαν τοῦ θεοῦ », φησὶν ἄντικρυς ἀπὸ","After this, Celsus takes Jesus's pronouncement against the rich—'It is easier for a camel to go through the eye of a needle than for a rich man to enter the kingdom of God'—and say"
54f0046d-20bb-4a09-99b0-e0694d97c38f,sc147_origenes_contra_celsum_vi_par44_b_en,sc147_origenes_contra_celsum_vi_par44_b,CC VI 44_b (English),CC VI 44_b,0.95,0.17,Ταῦτα μὲν οὖν ὀλίγα ἀποτετολμημένως καὶ παρακεκιν-δυνευμένως τῇδε τῇ γραφῇ πιστεύσαντες ἐξεθέμεθα τάχα οὐδέν · εἰ δέ τις σχολάσας τῇ βασάνῳ τῶν ἱερῶν γραμμάτων πανταχόθεν σωματοποι,"We have set forth these few things, entrusting them to this writing perhaps in a somewhat daring and risky manner. But if anyone were to devote time to the careful examination of t"
a9c831a7-c0cf-476f-8fe4-65f4950e4a69,sc167_clemens_epistula_ad_corinthios_chap27_en,sc167_clemens_epistula_ad_corinthios_chap27,I Clem. 27 (English),I Clem. 27,0.95,0.45,27. 1. Ταύτῃ οὖν τῇ ἐλπίδι προσδεδέσθωσαν αἱ ψυχαὶ ἡμῶν τῷ πιστῷ ἐν ταῖς ἐπαγγελίαις καὶ τῷ δικαίῳ ἐν τοῖς κρίμασιν. 2. Ὁ παραγγείλας μὴ ψεύδεσθαι πολλῷ μᾶλλον αὐτὸς οὐ ψεύσεται · ,"27.1. To this hope, then, let our souls be bound—to him who is faithful in his promises and righteous in his judgments. 2. He who commanded us not to lie will himself not lie; for "
4c1907f3-98a4-4273-bdda-4ba8db798389,passage_boethius_cons_30_en,passage_boethius_cons_30,"Boethius, Cons. 30: Who Seeks True Glory? (English)","Boethius, Cons. 30: Who Seeks True Glory?",0.9400000000000001,0.5,"Atqui haec effundendo magis quam coacervando melius nitent, si quidem avaritia semper odiosos, claros largitas facit. Quodsi manere apud quemque non potest, quod transfertur in alt","Boethius, Consolation of Philosophy, passage 30: Who Seeks True Glory? Riches shine more by being spent than by being hoarded, since avarice always makes men hateful while generosi"
d82a72e7-6369-4956-99ec-36712baee3b5,passage_tatian_orat_11_en,passage_tatian_orat_11,"Tatian, Oratio 11.1-4: The Paradox of Free Will (English)","Tatian, Oratio ad Graecos 11 — Otto 1851 exact Greek chapter",0.94,0.59,"Πῶς οὖν γένεσιν τὴν καθ᾿ εἱμαρμένην ἀποδέξομαι, τοιούτους αὐτῆς τοὺς οἰκονόμους θεωρῶν; Βασιλεύειν οὐ θέλω, πλουτεῖν οὐ βούλομαι, τὴν στρατηγίαν παρῄτημαι, πορνείαν μεμίσηκα, ναυτί","Tatian's ""paradox of free will"": self-determination (τὸ αὐτεξούσιον) was the cause of our downfall, yet we who destroyed ourselves can also restore ourselves. A profound statement "
76ee1c2d-f19c-47b1-89f4-8f43a6ad4b0b,passage_tatian_orat_7_en,passage_tatian_orat_7,"Tatian, Oratio 7: Creation as Self-Determining (English)","Tatian, Oratio ad Graecos 7 — Otto 1851 exact Greek chapter",0.94,0.55,"Λόγος γὰρ ὁ ἐπουράνιος, πνεῦμα γεγονὼς ἀπὸ τοῦ πατρὸς καὶ λόγος ἐκ τῆς λογικῆς δυνάμεως, κατὰ τὴν τοῦ γεννήσαντος αὐτὸν πατρὸς μίμησιν εἰκόνα τῆς ἀθανασίας τὸν ἄνθρωπον ἐποίησεν, ἵ","Tatian's foundational statement on creation and self-determination. Both angels and humans were made (self-determining) by the Logos, capable of good or evil by their own free choi"
61fed698-85b9-4d6f-bc00-b36060eb14c4,sc132_origenes_contra_celsum_i_par19_en,sc132_origenes_contra_celsum_i_par19,CC I 19 (English),CC I 19,0.94,0.1,"19. Ἑξῆς τούτοις ὁ Κέλσος λεληθότως βουλόμενος διαβαλεῖν τὴν κατὰ Μωϋσέα κοσμοποιΐαν, [ἐμφαίνοντα μηδέπω μυρίων ἐτῶν ἀριθμὸν ἔχειν τὸν κόσμον ἀλλὰ πολλῷ τούτου λειπόμενον, προστίθε","19. Next, Celsus, wishing surreptitiously to discredit the Mosaic account of the creation of the world (kosmopoiia), [which indicates that the world does not yet have a span of ten"
f814b98d-1f7a-4c13-9e42-5111f86ee2b1,sc147_origenes_contra_celsum_v_par46_en,sc147_origenes_contra_celsum_v_par46,CC V 46 (English),CC V 46,0.94,0.17,"46. Ταῦτα δὴ καὶ τὰ τούτοις ἀνάλογον ἀπόρρητα ἐπιστά-μενοι Μωϋσῆς καὶ οἱ προφῆται ἀπαγορεύουσιν « ὄνομα θεῶν ἑτέρων » ὀνομάζειν ἐν στόματι, μελετήσαντι τῷ ἐπὶ πᾶσι μόνῳ εὔχεσθαι θε","46. Moses and the prophets absolutely forbade the naming of other gods (onomazein allous theous)—not because God is jealous in a petty human sense, but because to name a false god "
a4a886fa-8d68-4f79-8e5e-84197b3b423c,sc147_origenes_contra_celsum_vi_par13_a_en,sc147_origenes_contra_celsum_vi_par13_a,CC VI 13_a (English),CC VI 13_a,0.94,0.09,"Καὶ ἀρχαία μὲν ἀληθῶς ἐστιν ἥδε ἡ δόξα, οὐχ, ὡς οἴεται δὲ Κέλσος, τῆς περὶ αὐτῶν ἀρχαιότητος εἰς Ἡράκλειτον καὶ Πλάτωνα ἀναφερομένης. Ἀνωτέρω γὰρ τούτων οἱ προφῆται διέστειλαν τὸ π","And this doctrine is truly ancient, though not, as Celsus supposes, traceable in its antiquity merely to Heraclitus and Plato. For earlier than these, the prophets distinguished th"
573890d2-f31f-4978-8bb6-b14015965f87,sc147_origenes_contra_celsum_vi_par27_a_en,sc147_origenes_contra_celsum_vi_par27_a,CC VI 27_a (English),CC VI 27_a,0.94,0.05,"Εἶτ' ἐπιλαβόμενος τῆς λέξεως εὐλόγως κατηγορεῖ τῶν τοῦτο τολμώντων λέγειν · τούτου δ' ἕνεκα καὶ ἡμεῖς συναγα-νακτοῦμεν τοῖς μεμφομένοις τοὺς τοιούτους, εἰ δή τινες εἰσὶ λέγοντες θε","Then, seizing upon the expression, he rightly denounces those who dare to say such things. On this account we too share the indignation of those who censure such people, if indeed "
9beb6a34-2c3e-40e9-a5b8-7063ec367e31,sc167_clemens_epistula_ad_corinthios_chap13_en,sc167_clemens_epistula_ad_corinthios_chap13,I Clem. 13 (English),I Clem. 13,0.94,0.63,"13. 1. Ταπεινοφρονήσωμεν οὖν, ἀδελφοί, ἀποθέμενοι πᾶσαν ἀλαζονείαν καὶ τῦφος καὶ ἀφροσύνην καὶ ὀργάς, καὶ ποιή-σωμεν τὸ γεγραμμένον · λέγει γὰρ τὸ πνεῦμα τὸ ἅγιον · « Μὴ καυχάσθω ὁ","13.1. Therefore let us be humble-minded, brothers, putting away all arrogance, conceit, foolishness, and anger, and let us do what is written. For the Holy Spirit says: 'Let not th"
d2c16deb-e884-411b-9118-dd4db8a236d3,sc167_clemens_epistula_ad_corinthios_chap58_en,sc167_clemens_epistula_ad_corinthios_chap58,I Clem. 58 (English),I Clem. 58,0.94,0.79,"58. 1. Ὑπακούσωμεν οὖν τῷ παναγίῳ καὶ ἐνδόξῳ ὀνόματι αὐτοῦ φυγόντες τὰς προειρημένας διὰ τῆς σοφίας τοῖς ἀπει-θοῦσιν ἀπειλάς, ἵνα « κατασκηνώσωμεν πεποιθότες » ἐπὶ τὸ ὁσιώτατον τῆς","58.1. Let us therefore obey his all-holy and glorious name, and flee the threats aforementioned which wisdom spoke to the disobedient, so that we may 'dwell in confidence' upon the"
d0d9572b-b497-4f36-a651-45eab08f8f20,sc167_clemens_epistula_ad_corinthios_chap_23_verset_3_5_en,sc167_clemens_epistula_ad_corinthios_chap_23_verset_3_5,I Clem. 23.3-5 (English),I Clem. 23.3-5,0.94,0.8,"3. Πόρρω γενέσθω ἀφ' ἡμῶν ἡ γραφὴ αὕτη, ὅπου λέγει · « Ταλαίπωροί εἰσιν οἱ δίψυχοι, οἱ διστάζοντες τῇ ψυχῇ, οἱ λέγοντες · Ταῦτα ἠκούσαμεν καὶ ἐπὶ τῶν πατέρων ἡμῶν, καὶ ἰδού, γεγηρά","3. Far from us be the scripture that says: 'Wretched are the double-minded, those who doubt in their soul, who say: We have heard these things even in our fathers' time, and behold"
08a56f2d-d37b-4afb-9bce-54e6a93cc319,sc20_theophilus_ad_autolycum_iii_liv_3_sur_la_question_prealable_chap_10_en,sc20_theophilus_ad_autolycum_iii_liv_3_sur_la_question_prealable_chap_10,Ad Aut. III 10 (English),Ad Aut. III 10,0.94,0.77,10. Ἐπειδὴ οὖν προσήλυτοι ἐγενήθησαν ἐν γῇ Αἰγύπτῳ ὄντες τὸ γένος Ἑβραῖοι ἀπὸ γῆς τῆς Χαλδαϊκῆς (κατ'ἐκεῖνο καιροῦ λιμοῦ γενομένης ἀνάγκην ἔσχον μετελθεῖν εἰς Αἴγυπτον σιτίων ἐκεῖ ,"10. Since then the Hebrews were sojourners in the land of Egypt, being of Chaldean origin (at that time, when a famine arose, they were compelled to go to Egypt where grain was bei"
41d7906c-80d1-40f9-8f48-8d502036acb0,sc79_chrysostomus_de_providentia_chap10_en,sc79_chrysostomus_de_providentia_chap10,"Chrys., Prov. 10 (English)","Chrys., Prov. 10",0.94,0.24,1. Γέροντι γενομένῳ ποτὲ τῷ Ἀβραὰμ καὶ πρὸς παιδοποι-ίαν ἐκ τῆς ἡλικίας νεκρωθέντι λοιπόν - εἰς γὰρ τὸ γενέσθαι πατὴρ οὐδὲν ἄμεινον τῶν τετελευτηκότων διέκειτο ζῶν -γέροντι τοίνυν ,Chapter 10 of Chrysostom's On Providence offers a sustained meditation on Abraham as the supreme exemplar of trust in divine providence against all appearances. Abraham was elderly
7c8a153e-60b1-4b7e-95e6-daa655e12910,sc79_chrysostomus_de_providentia_chap12_en,sc79_chrysostomus_de_providentia_chap12,"Chrys., Prov. 12 (English)","Chrys., Prov. 12",0.94,0.54,"1. Εἰ δὲ ζητοίης τίνος ἕνεκεν ταῦτα συνεχωρήθη, καὶ μὴ τοῖς ἀρρήτοις τῶν οἰκονομῶν αὐτοῦ λόγοις παραχωροίης, ἀλλὰ ἐμελέτησας ἀεὶ πάντα περιεργάζεσθαι, ὁδῷ προβαίνων καὶ ἄλλα πολλὰ ","Chapter 12 of Chrysostom's On Providence addresses the question of why God permits the occasions of scandal — heresies, the devil, demons, wicked people, and ultimately the Antichr"
735bcdc2-2728-46f5-8cb5-6ab568963663,passage_boethius_cons_111_en,passage_boethius_cons_111,"Boethius, Cons. 111: Foreknowledge Seems to Destroy Freedom (English)","Boethius, Cons. 111: Foreknowledge Seems to Destroy Freedom",0.93,0.74,"Neque enim necesse esse contingere, quae providentur, sed necesse esse, quae futura sunt, provideri, quasi vero, quae cuius rei causa sit, praescientiane {praescientiane} futurorum","Boethius, Consolation of Philosophy, passage 111: Foreknowledge Seems to Destroy Freedom. The argument continues: it is not necessary that what is foreseen should happen because it"
1b746522-af7c-4e7e-a58c-3407051155b9,passage_boethius_cons_29_en,passage_boethius_cons_29,"Boethius, Cons. 29: Power and Vice (English)","Boethius, Cons. 29: Power and Vice",0.93,0.53,"Sic QUOQue Derexile bonum est, quod aequo animo feratur - amissum. Et quoniam tu; idem es, cui persuasum atque insitum permultis demonstrationibus scio mentes hominum nullo modo es","Boethius, Consolation of Philosophy, passage 29: Power and Vice. It is also a kind of good to lose what is borne with equanimity. Since Boethius is convinced that human souls are i"
0476f247-b838-4456-9179-1d800d7b2cd4,passage_origen_cc____136________47___67_en,passage_origen_cc____136________47___67,"SC 136, §47, §67 (Origen) (English)","SC 136, §47, §67 (Origen)",0.93,0.51,"**Reference:** SC 136, par.: 47, §67 **Author:** Origen **Work:** Contre Celse, Livre IV **Edition:** SC 136  **Original Greek (from database):** 47. Μετὰ ταῦτα ὁ Κέλσος ὁσίας ἕνεκ","Origen, Against Celsus IV.47 (SC 136, par. 47). Celsus mentions, for the sake of piety and with complete obscurity, the dreams of the chief butler and the chief baker and of Pharao"
27dfddea-27ed-42d2-a651-5d59997c210c,sc123_melito_peri_pascha_chap80_en,sc123_melito_peri_pascha_chap80,"Melito, PP 80 (English)","Melito, PP 80",0.93,0.58,"Καὶ σὺ μὲν ἦσθα εὐφραινόμενος, ἐκεῖνος δὲ λιμώττων. Σὺ ἔπινες οἶνον καὶ ἄρτον ἤσθιες, ἐκεῖνος δὲ ὄξος καὶ χολήν. Σὺ ἦσθα φαιδρὸς τῷ προσώπῳ, ἐκεῖνος δὲ ἐσκυθρώπαζεν. Σὺ ἦσθα ἀγαλλι","And you were making merry, while he was hungry; you were drinking wine and eating bread, while he was given vinegar and gall. You had bright faces, while his was darkened. You were"
1a37eeae-f2a2-40e1-a2a1-cbef72d6f339,sc132_origenes_contra_celsum_i_par1_en,sc132_origenes_contra_celsum_i_par1,CC I 1 (English),CC I 1,0.93,0.34,"1. [Πρῶτον τῷ Κέλσῳ κεφάλαιόν] ἐστι βουλομένῳ διαβαλεῖν χριστιανισμόν, [ὡς συνθήκας κρύβδην πρὸς ἀλλήλους ποιουμένων Χριστιανῶν παρὰ τὰ νενομισμένα, ὅτι τῶν συνθηκῶν αἱ μέν εἰσι φα","1. [Celsus' first main charge] in seeking to discredit Christianity is [that Christians make secret covenants (syntheke) with one another contrary to established laws, since some c"
78773ae3-fb55-4441-b898-ea08088150b2,sc147_origenes_contra_celsum_v_par33_en,sc147_origenes_contra_celsum_v_par33,CC V 33 (English),CC V 33,0.93,0.16,"33. Ταῦτα δέ, οὐ μόνον πρὸς τὰ ἐκκείμενα περὶ τῶν ἐποπτῶν ἡμῖν λέλεκται, ἀλλὰ καὶ μετρίως προλαμβάνουσι τὰ ὑπὸ τοῦ Κέλσου πρὸς ἡμᾶς λεγόμενα, ἐν οἷς φησιν · Ἴτω δὲ ὁ δεύτερος · ἐρή","33. We Christians have come 'to the mountain of the Lord in the last days,' as the Prophet Isaiah foretold—'In the last days the mountain of the house of the Lord shall be establis"
e45919d8-841e-481b-bdaa-34cbecb09322,sc147_origenes_contra_celsum_v_par44_en,sc147_origenes_contra_celsum_v_par44,CC V 44 (English),CC V 44,0.93,0.4,"44. Ἐπεὶ δὲ βούλεται Κέλσος κοινοποιεῖν τὰ σεμνὰ Ἰουδαίων ἐθνῶν τινων νόμοις, φέρε καὶ ταῦτα θεωρήσωμεν. Νομίζει τοίνυν τὸ περὶ οὐρανοῦ δόγμα μηδὲν διαφέρειν τοῦ περὶ τοῦ θεοῦ καί ","44. Celsus tries to equate Jewish monotheism with the Persian worship of the highest heaven or of the heavenly heights personified as a divine being. He claims that Zeus, the Persi"
5f457af8-252e-46d6-9daa-a923a53ed7ab,sc147_origenes_contra_celsum_vi_par18_en,sc147_origenes_contra_celsum_vi_par18,CC VI 18 (English),CC VI 18,0.93,0.11,"18. Ταῦτα δ' ἡγησάμην βραχέα ἀπὸ πλείστων ὅσων τῶν περὶ θεοῦ τοῖς ἱεροῖς ἀνδράσι νενοημένων παραθέσθαι, δεικνὺς ὅτι τῶν θαυμασθέντων ὑπὸ Κέλσου πλατωνικῶν λόγων ἔχει τι σεμνότερον ","I thought it right to set forth these few remarks from the very many that have been conceived about God by the holy men, showing that the Platonic sayings admired by Celsus contain"
82ff53fe-da13-4ac2-95db-1921b1f94a12,sc150_origenes_contra_celsum_viii_par54_b_en,sc150_origenes_contra_celsum_viii_par54_b,CC VIII 54_b (English),CC VIII 54_b,0.93,0.55,"Οὐ λοιδορούμεθα οὖν τοῖς τῇδε δαίμοσιν ἀλλ' ἐλέγχομεν τὰς ἐπ' ὀλέθρῳ τοῦ γένους τῶν ἀνθρώπων ἐνεργείας αὐτῶν, προφάσει χρησμῶν καὶ θεραπείας σωμάτων καὶ ἄλλων τινῶν χωρίσαι τοῦ θεο","We do not abuse the daemons here below, then, but we expose their operations, which work toward the destruction of the human race—using the pretext of oracles and healing of bodies"
2de6c24a-bbe5-459f-ab90-a29ceab2b540,sc150_origenes_contra_celsum_viii_par57_b_en,sc150_origenes_contra_celsum_viii_par57_b,CC VIII 57_b (English),CC VIII 57_b,0.93,0.74,"Ἀλλ' οὐδὲ δαίμονες ἔχουσιν, ὡς καὶ ἐν τοῖς ἀνωτέρω ἐλέγομεν, τὴν οἰκονομίαν τῶν πρὸς τὰς ἡμετέρας χρείας δεδημιουργημένων · διὸ οὐδ' ἄδικόν τι πράττομεν μετέχοντες τῶν δημιουργημάτ","But neither do the daemons have, as we also said in the preceding sections, the administration of the things created for our needs. Therefore, we do no injustice in sharing in the "
6f170e18-bbb9-4082-b536-7c542fb9957b,sc167_clemens_epistula_ad_corinthios_chap25_en,sc167_clemens_epistula_ad_corinthios_chap25,I Clem. 25 (English),I Clem. 25,0.93,0.56,"25. 1. Ἴδωμεν τὸ παράδοξον σημεῖον τὸ γινόμενον ἐν τοῖς ἀνατολικοῖς τόποις, τουτέστιν τοῖς περὶ τὴν Ἀραβίαν. 2. Ὄρνεον γάρ ἐστιν, ὃ προσονομάζεται φοίνιξ · τοῦτο μονο-γενὲς ὑπάρχον","25.1. Let us consider the remarkable sign that takes place in the eastern lands, that is, in the regions around Arabia. 2. For there is a bird which is called the phoenix. This cre"
88bed79c-3676-47d0-8247-5688714fa423,sc167_clemens_epistula_ad_corinthios_chap3_en,sc167_clemens_epistula_ad_corinthios_chap3,I Clem. 3 (English),I Clem. 3,0.93,0.75,"3. 1. Πᾶσα δόξα καὶ πλατυσμὸς ἐδόθη ὑμῖν, καὶ ἐπετε-λέσθη τὸ γεγραμμένον · « Ἔφαγεν καὶ ἔπιεν, καὶ ἐπλατύνθη καὶ ἐπαχύνθη, καὶ ἀπελάκτισεν ὁ ἠγαπημένος. » 2. Ἐκ τούτου ζῆλος καὶ φθ","3.1. All glory and expansion were given to you, and what is written was fulfilled: 'He ate and drank and was enlarged and waxed fat, and the beloved kicked.' 2. From this came jeal"
d50feda9-2f01-4f27-be20-40cfc38cdfde,sc167_clemens_epistula_ad_corinthios_chap41_en,sc167_clemens_epistula_ad_corinthios_chap41,I Clem. 41 (English),I Clem. 41,0.93,0.6,"41. 1. Ἕκαστος ἡμῶν, ἀδελφοί, ἐν τῷ ἰδίῳ τάγματι εὐαρεστείτω τῷ θεῷ ἐν ἀγαθῇ συνειδήσει ὑπάρχων, μὴ παρεκ-βαίνων τὸν ὡρισμένον τῆς λειτουργίας αὐτοῦ κανόνα, ἐν σεμνότητι. 2. Οὐ παν","41.1. Each one of us, brothers, should please God in his own rank with a good conscience, not transgressing the established rule of his ministry, with gravity. 2. Not everywhere, b"
bdc9c722-9e1d-45f4-81ea-1111e146d138,sc53bis_hermas_pastor_chap78_en,sc53bis_hermas_pastor_chap78,"Hermas, Past. 78 (English)","Hermas, Past. 78",0.93,0.18,"[Παραβολὴ θʹ.]  1. Μετὰ τὸ γράψαι με τὰς ἐντολὰς καὶ παραβολὰς τοῦ ποι-μένος, τοῦ ἀγγέλου τῆς μετανοίας, ἦλθε πρός με καὶ λέγει μοι · Θέλω σοι δεῖξαι, ὅσα σοι ἔδειξε τὸ πνεῦμα τὸ ἅ","This chapter opens the ninth parable (Similitude IX), the longest and most elaborate of all the parables of the Shepherd of Hermas. After Hermas has written down the commandments a"
e20e1646-6e3d-47f1-bd27-0d6a31ec613c,passage_boethius_cons_102_en,passage_boethius_cons_102,"Boethius, Cons. 102: Hidden Causes (English)","Boethius, Cons. 102: Hidden Causes",0.92,0.6,"vis, cui mala. quoque bona. sint, cum eis competenter utendo a. Iiemus boni elicit effectum. Ordo enim quidam cuncta. eomplectitur. ut, quod adsignata ordinis ratione decesserit, h","Boethius, Consolation of Philosophy, passage 102: Hidden Causes. A divine power for which even evils are good, since by using them competently it draws out a good effect. For a cer"
f68918fd-6ffe-4ace-8ca5-18b620a04461,passage_boethius_cons_45_en,passage_boethius_cons_45,"Boethius, Cons. 45: Epicurus and Pleasure (English)","Boethius, Cons. 45: Epicurus and Pleasure",0.92,0.51,"Sed summum bonum beatitudinem esse definivimus; quare beatum esse iudicat statum, quem prae ceteris quisque desiderat. Habes igitur ante oculos propositam fere formam felicitatis h","Boethius, Consolation of Philosophy, passage 45: Epicurus and Pleasure. We have defined the supreme good as happiness (beatitudo). Epicurus, considering pleasure (voluptas) alone, "
2e5d2002-ff4c-4e9f-a674-3e969324810a,passage_epict_104_en,passage_epict_104,"Epictetus, Discourses I.1: Nothing Can Hinder or Harm Prohairesis (English)","Epictetus, Discourses I.1: Nothing Can Hinder or Harm Prohairesis",0.92,0.47,Greek: • προαίρεσιν γὰρ οὐδὲν δύναται κωλῦσαι ἢ βλάψαι ἀπροαίρετον - NOTHING non-prohairetic can hinder or harm prohairesis • εἰ μὴ αὐτὴ ἑαυτήν - except it itself • αὑτοὺς αἰτιᾶσθα,Key phrases: except it itself; blame ourselves and remember; nothing else causes disturbance or instability except dogma.  THE central statement of Epictetan philosophy: Nothing no
fa225dad-768c-4e7f-afc8-8de9ad6e9d77,passage_epict_139_en,passage_epict_139,"Epictetus, Discourses IV.1: What Then Is Yours? - Use of Impressions (English)","Epictetus, Discourses IV.1: What Then Is Yours? - Use of Impressions",0.92,0.76,Greek: • τί οὖν ἐστὶ σόν - what then is yours? • χρῆσις φαντασιῶν - USE of impressions • ὅταν κατὰ φύσιν αὐταῖς χρήσῃ - when you use them according to nature  The answer: χρῆσις φα,"Key phrases: what then is yours?; when you use them according to nature.  The answer: (use of impressions) is yours. When used (according to nature), this constitutes virtue.  CENT"
17c5f02d-a730-4cbf-9aca-facbc3ba3e05,passage_epict_53_en,passage_epict_53,"Epictetus, Discourses I.22: Half-Baptized Stoics (English)","Epictetus, Discourses I.22: Half-Baptized Stoics",0.92,0.68,[AUTHENTIC PRACTICE VS. MERE WORDS]  Greek: • δέ σοι ὄφελος οὐδὲν εἰ μὴ μέχρι τοῦ δοκεῖν ὅτι ἔχεις - it is no use to you except for seeming • τί οὖν Στωικὸν λέγεις; τί ἐξαπατᾷς τοὺ,AUTHENTIC PRACTICE VS. MERE WORDS it is no use to you except for seeming why call yourself Stoic? Why deceive the many? why play the Jew when being Greek? so also we are half-bapti
08a1b6c5-31a7-4e18-9141-2d5ab2bf1161,sc147_origenes_contra_celsum_v_par48_en,sc147_origenes_contra_celsum_v_par48,CC V 48 (English),CC V 48,0.92,0.61,"48. Κἂν σεμνύνωνται τοίνυν Ἰουδαῖοι τῇ περιτομῇ, χωρίσουσιν αὐτὴν οὐ μόνον τῆς Κόλχων καὶ Αἰγυπτίων περιτομῆς ἀλλὰ καὶ τῆς Ἰσμαηλιτῶν Ἀράβων, καίτοι γε ἀπὸ τοῦ προπάτορος αὐτῶν Ἀβρ","48. If the Jews, then, take pride in their circumcision, they will distinguish it not only from that of the Colchians and Egyptians but also from that of the Ishmaelite Arabs, even"
ceb0e363-880e-4407-9b98-59502e6d71da,sc147_origenes_contra_celsum_v_par63_en,sc147_origenes_contra_celsum_v_par63,CC V 63 (English),CC V 63,0.92,0.18,"63. Εἶθ' ἵνα δοκῇ καὶ ἄλλους εἰδέναι παρ' οὓς ὠνόμασε, φησὶν ἑαυτῷ συνήθως ὅτι ἄλλοι ἄλλον διδάσκαλόν τε καὶ δαίμονα, κακῶς πλαζόμενοι καὶ καλινδούμενοι <εὕραντο προ-στάτην> κατὰ σ","Then, in order to seem to know still other groups beyond those he has named, Celsus says in his habitual manner that different ones found different teachers and demons, wandering w"
2a7b4641-d23b-4b61-a020-b5b55fcb9456,sc147_origenes_contra_celsum_vi_par46_b_en,sc147_origenes_contra_celsum_vi_par46_b,CC VI 46_b (English),CC VI 46_b,0.92,0.33,"Τοσαῦτα δὴ ἀπὸ πλειόνων ἔδοξεν εὔλογον εἶναί μοι παραθέσθαι εἰς τὸ κἂν ἐπ' ὀλίγον συνιέναι τὸν ἀκροατὴν περὶ τοῦ βουλήματος τῶν θείων λόγων, διδασκόντων τὰ περὶ τοῦ διαβόλου καὶ το","These few things from many more it seemed reasonable to me to set forth, so that the hearer might understand at least a little about the intention of the divine words that teach co"
4dbbdd47-83cd-4eef-9551-b0bf9684c8a8,sc147_origenes_contra_celsum_vi_par48_en,sc147_origenes_contra_celsum_vi_par48,CC VI 48 (English),CC VI 48,0.92,0.36,"48. Εἶτα ἐὰν μὲν τὴν αὐτὴν ἀρετὴν λέγοντες ἀνθρώπου καὶ θεοῦ οἱ ἀπὸ τῆς Στοᾶς φιλόσοφοι μὴ εὐδαιμονέστερον λέγωσιν εἶναι τὸν ἐπὶ πᾶσι θεὸν τοῦ ἐν ἀνθρώποις κατ' αὐτοὺς σοφοῦ, ἀλλ' ","Then, if the Stoic philosophers say that the virtue (arete) of human beings and of God is the same, and that the God over all things is no happier than the wise man among humans, b"
f9c1dc2d-5187-46df-a354-087d5661417a,sc150_origenes_contra_celsum_viii_par54_a_en,sc150_origenes_contra_celsum_viii_par54_a,CC VIII 54_a (English),CC VIII 54_a,0.92,0.69,"Εἰ δ' ἐδύνατο ἀκοῦσαι τῆς βαθύτητος τῶν εὐαγγελίων ὁ Κέλσος καὶ οἱ παραπλησίως ἐκείνῳ καθ' ἡμῶν διακείμενοι, οὐκ ἂν ἡμῖν συνεβούλευσεν οἷς ὠνόμασεν ἐπιμεληταῖς τοῦ δεσμωτηρίου πείθ","If Celsus and those who are similarly disposed against us could hear the depth of the Gospels, he would not have counseled us to obey those he called 'guardians of the prison.' For"
5221abed-c57f-4191-8c9a-ce7225cca5fb,sc167_clemens_epistula_ad_corinthios_chap40_en,sc167_clemens_epistula_ad_corinthios_chap40,I Clem. 40 (English),I Clem. 40,0.92,0.72,"40. 1. Προδήλων οὖν ἡμῖν ὄντων τούτων καὶ ἐγκεκυφότες εἰς τὰ βάθη τῆς θείας γνώσεως πάντα τάξει ποιεῖν ὀφείλομεν, ὅσα ὁ δεσπότης ἐπιτελεῖν ἐκέλευσεν κατὰ καιροὺς τεταγμέ-νους · 2. ","40.1. Since all these things are manifest to us, and we have peered into the depths of divine knowledge, we ought to do all things in order, as many as the Master commanded to be p"
f488d347-4f1d-400d-accc-fa902836e933,sc167_clemens_epistula_ad_corinthios_chap_1_verset_2_3_en,sc167_clemens_epistula_ad_corinthios_chap_1_verset_2_3,I Clem. 1.2-3 (English),I Clem. 1.2-3,0.92,0.86,2. Τίς γὰρ παρεπιδημήσας πρὸς ὑμᾶς τὴν πανάρετον καὶ βεβαίαν ὑμῶν πίστιν οὐκ ἐδοκίμασεν ; τήν τε σώφρονα καὶ ἐπιεικῆ ἐν Χριστῷ εὐσέβειαν οὐκ ἐθαύμασεν ; καὶ τὸ μεγαλο-πρεπὲς τῆς φι,2. For who that has visited you has not tested and found admirable your most virtuous and steadfast faith? Who has not marveled at your sober and reasonable piety in Christ? Who ha
78cf9d5f-9438-404c-b78b-5db6e1646c0d,sc53bis_hermas_pastor_chap76_en,sc53bis_hermas_pastor_chap76,"Hermas, Past. 76 (English)","Hermas, Past. 76",0.92,0.26,"1. Οἱ δὲ τὰς ῥάβδους ἐπιδεδωκότες χλωράς, αὐτὰ δὲ τὰ ἄκρα ξηρὰ καὶ σχισμὰς ἔχοντα, οὗτοι πάντοτε ἀγαθοὶ καὶ πιστοὶ καὶ ἔνδοξοι παρὰ τῷ θεῷ ἐγένοντο, ἐλάχιστον δὲ ἐξήμαρ-τον διὰ μικ","The ninth parable describes those from the twelfth mountain — entirely white and gleaming — who submitted entirely green, luxuriant branches full of new shoots. These are innocent,"
25289230-0390-4d28-a021-63d54af73c91,passage_epict_140_en,passage_epict_140,"Epictetus, Discourses IV.1: The Door Is Open - Suicide and Freedom (English)","Epictetus, Discourses IV.1: The Door Is Open - Suicide and Freedom",0.91,0.38,"Greek: • ἡ θύρα ἀνέῳκται - the door is open • ἔξεστιν ἐξελθεῖν - you may leave • μὴ κλαῖε, μὴ μέμφου - do not cry, do not blame  The famous 'open door' (θύρα ἀνέῳκται) doctrine: su","Key phrases: the door is open; do not cry, do not blame.  The famous 'open door' (θύρα ἀνέῳκται) doctrine: suicide is always available as final exercise of freedom. If life becomes"
ad6749ba-7a1c-4f91-bd13-bdb1c4a0002f,sc132_origenes_contra_celsum_ii_par77_a_en,sc132_origenes_contra_celsum_ii_par77_a,CC II 77_a (English),CC II 77_a,0.91,0.78,"Ταῦτα μὲν οὖν οὕτως πρὸς τὸν Κέλσου Ἰουδαῖον λελέχθω. Ἐπεὶ δὲ μετὰ ταῦτά φησι · [ Ποῦ οὖν ἐστιν ; ἵνα ἴδωμεν καὶ πιστεύσωμεν, ἐροῦμεν πρὸς αὐτόν · ποῦ οὖν ἐστι νῦν ὁ ἐν τοῖς προφήτ","Let these things then be said in this way to the Jew of Celsus. But since after these things he says: 'Where then is he, that we may see and believe?' — we shall say in reply: wher"
8b8c5145-2398-4181-a3b9-91bc8945843b,sc147_origenes_contra_celsum_vi_par39_a_en,sc147_origenes_contra_celsum_vi_par39_a,CC VI 39_a (English),CC VI 39_a,0.91,0.2,"Εἶτα πάλιν φύρων τὰ ἀπὸ τῆς μαγικῆς γοητείας καὶ προσάπτων τάχα μὲν οὐδενὶ τῷ μὴ εἶναι τοὺς μαγγανεύοντας προφάσει τῆς κατὰ τὸν χαρακτῆρα τοῦτον θεοσεβείας, τάχα δέ τισι καὶ πρὸς τ","Then again, conflating practices from magical sorcery and attributing them perhaps to no one in particular—since there may be no sorcerers using the pretext of this form of worship"
5bf6e21f-7c31-4dfe-ae0d-fecb4101cba3,sc172_epistula_barnabae_chap_13_verset_7a_7b_en,sc172_epistula_barnabae_chap_13_verset_7a_7b,Barn. 13.7a-7b (English),Barn. 13.7a-7b,0.91,0.16,"7a. Εἰ οὖν ἔτι καὶ διὰ τοῦ Ἀβραὰμ ἐμνήσθη, ἀπέχομεν τὸ τέλειον τῆς γνώσεως ἡμῶν. 7b. Τί οὖν λέγει τῷ Ἀβραάμ, ὅτε μόνος πιστεύσας ἐτέθη εἰς δικαιοσύνην ; « Ἰδού, τέθεικά σε, Ἀβραάμ,","Therefore both things have been brought to completion: 'Behold, I have made you a father of nations'—those who trust in the Lord in uncircumcision—Abraham, who also trusted and saw"
2edcdad8-e09a-47cb-8048-20d96063b3e5,sc172_epistula_barnabae_chap_20_verset_1c_2k_en,sc172_epistula_barnabae_chap_20_verset_1c_2k,Barn. 20.1c-2k (English),Barn. 20.1c-2k,0.91,0.66,"1c. εἰδωλολατρεία, θρασύτης, ὕψος δυνάμεως, ὑπόκρισις, διπλοκαρδία, μοιχεία, φόνος, ἁρπαγή, ὑπερηφανία, παρά-βασις, δόλος, κακία, αὐθάδεια, φαρμακεία, μαγεία, πλεονεξία, ἀφοβία θεο","On this way are persecutors of the good, haters of truth, lovers of lies, people who do not know the reward of righteousness, who do not cleave to the good nor to righteous judgmen"
701bc134-ed53-4d23-a784-91df527b34ce,sc79_chrysostomus_de_providentia_chap11_en,sc79_chrysostomus_de_providentia_chap11,"Chrys., Prov. 11 (English)","Chrys., Prov. 11",0.91,0.44,"1. Οὐδὲ γὰρ οἱ δίκαιοι τότε ἐκεῖνοι τοῦτο ἐζήτουν τό · Πῶς καὶ τίνι τρόπῳ ταῦτα ἔσται · ἀλλ' ὁρῶντες εἰς ἀπόγνωσιν κατὰ ἀνθρώπινον λογισμὸν πάντα φερόμενα, οὐδὲ οὕτως ἐθορυβοῦντο, ",Chapter 11 of Chrysostom's On Providence concludes the discussion of the righteous in biblical history and draws practical conclusions for Chrysostom's audience. The ancient righte
8a2291c6-ab9d-4dc2-985b-2f223800005b,passage_boethius_cons_34_en,passage_boethius_cons_34,"Boethius, Cons. 34: True vs. False Friends (English)","Boethius, Cons. 34: True vs. False Friends",0.9,0.61,"^ qua vos verae dignitatis ac potestatis inscii caelo ex aequatis? Quae si in improbissimum quemque ceciderunt, quae flammis Aetnae eructantibus, quod diluvium tantas strages deder","Boethius, Consolation of Philosophy, passage 34: True vs. False Friends. Philosophy asks about the pretense of dignity and power. If such honors fall upon the most wicked, what fla"
22839a0e-3f8f-4ff9-9f64-37252a2a97b5,sc123_melito_peri_pascha_chap43_en,sc123_melito_peri_pascha_chap43,"Melito, PP 43 (English)","Melito, PP 43",0.9,0.43,"οὕτως δὴ καὶ ὁ νόμος ἐπληρώθη [τοῦ εὐ]αγγελίου φωτισθέντος, καὶ ὁ λα[ὸς ἐκε]νώθη τῆς ἐκκλησίας ἀνασταθείσης, καὶ ὁ τύπος ἐλύθη τοῦ κυρίου φανερωθέντ[ος], καὶ σήμερον γέγονεν τά ποτ","But when the church arose and the Gospel took precedence, the type (typos) was emptied, yielding its power to the reality, and the Law was fulfilled, yielding its power to the Gosp"
7deac8ed-3fcb-4a76-82e2-316384b8c1d8,sc132_origenes_contra_celsum_ii_par45_en,sc132_origenes_contra_celsum_ii_par45,CC II 45 (English),CC II 45,0.9,0.19,"45. Πρόσχες δὲ καὶ τῷ ἐπιπολαίῳ τοῦ περὶ τῶν τότε μαθητῶν Ἰησοῦ λόγου, ἐν ᾧ φησιν · Εἶτα οἱ μὲν τότε [ ζῶντι αὐτῷ συνόντες ] καὶ τῆς φωνῆς ἐπακούοντες αὐτοῦ [ καὶ διδασκάλῳ χρώμενο","45. Consider also the superficiality of the argument about the disciples of Jesus at that time, in which he says: 'Then those who [were with him while he lived] and heard his voice"
5ed925e2-fbbb-404d-a12f-4d7a5eb1afdc,sc147_origenes_contra_celsum_v_par42_a_en,sc147_origenes_contra_celsum_v_par42_a,CC V 42_a (English),CC V 42_a,0.9,0.08,"Ὁποῖον δ' ἦν παρ' αὐτοῖς τὸ ἐξ ἔτι ἁπαλῶν ὀνύχων διδάσκεσθαι ὑπεραναβαίνειν μὲν πᾶσαν τὴν αἰσθητὴν φύσιν καὶ μηδαμοῦ αὐτῆς νομίζειν ἱδρῦσθαι τὸν θεόν, ἄνω δὲ καὶ ὑπὲρ τὰ σώματα ζητ",How noble it was for the Jews to be taught to transcend the world of sensory perception and to honor the God who is above all sensory things! Most nations worshipped sensory object
fb7f6e70-5506-4016-af09-032fcc0d5932,sc147_origenes_contra_celsum_vi_par15_en,sc147_origenes_contra_celsum_vi_par15,CC VI 15 (English),CC VI 15,0.9,0.04,"15. Εἶτα μετὰ ταῦτα ὁ Κέλσος ὡς περιηχηθεὶς τὰ περὶ ταπεινοφροσύνης καὶ μὴ ἐπιμελῶς αὐτὴν νοήσας βούλεται μὲν τὴν παρ' ἡμῖν κακολογεῖν, οἴεται δ' αὐτὴν παράκουσμα εἶναι τῶν Πλάτωνο","Then after this, Celsus, having heard vaguely about humility (tapeinophrosyne) and not having carefully understood it, wishes to criticize this virtue among us, thinking it to be a"
9c528e1a-c8fe-493c-922d-20909364236d,sc147_origenes_contra_celsum_vi_par17_en,sc147_origenes_contra_celsum_vi_par17,CC VI 17 (English),CC VI 17,0.9,0.08,"17. Ἐπεὶ δ' ἑξῆς ἐξευτελίσαι βουλόμενος τὰ περὶ βασιλείας θεοῦ γεγραμμένα παρ' ἡμῖν τούτων μὲν οὐδὲν παρέθετο ὡς οὐδὲ τῆς παρ' αὐτῷ ἄξιον ἀναγραφῆς, τάχα ἐπεὶ μηδὲ ᾔδει αὐτά, Πλάτω","Since next he wishes to belittle what is written among us concerning the kingdom of God (basileia theou), he cites none of our texts—as though none were worthy of his notice—perhap"
8462075c-4cf7-4fa5-b17b-af309eaf5aff,sc147_origenes_contra_celsum_vi_par3_en,sc147_origenes_contra_celsum_vi_par3,CC VI 3 (English),CC VI 3,0.9,0.04,"3. Παλαιοὶ τοίνυν ἄνδρες καὶ σοφοὶ δηλούσθωσαν τοῖς ἐπίστασθαι δυναμένοις, καὶ δὴ καὶ Πλάτων ὁ τοῦ Ἀρίστωνος τὰ περὶ τοῦ πρώτου ἀγαθοῦ διασημαινέτω ἔν τινι τῶν ἐπιστολῶν καὶ φασκέτ","Let, therefore, the ancient and wise men be recognized by those who are able to understand, and let Plato the son of Ariston also indicate his views about the first Good (proton ag"
31bd861e-0d0b-4cc9-84c7-518774a981a4,sc150_origenes_contra_celsum_viii_par58_a_en,sc150_origenes_contra_celsum_viii_par58_a,CC VIII 58_a (English),CC VIII 58_a,0.9,0.56,"Καὶ διὰ τούτων δὴ κατάγειν ἡμῶν πειρώμενος τὴν ψυχὴν ὁ Κέλσος ἐπὶ τοὺς δαίμονας, ὡς λαχόντας ἡμῶν τὰ σώματα, καὶ ἕνα ἕκαστον ἐπιστατεῖν ἀποφαινόμενος μέρους τοῦ σώματος ἡμῶν θέλει ","And through these things, Celsus, attempting to draw our soul down toward the daemons as those who have received our bodies by lot, and declaring that each daemon presides over a p"
ef557293-1fb9-47c0-8263-7f87f2ed24f5,sc172_epistula_barnabae_chap_15_verset_3_5b_en,sc172_epistula_barnabae_chap_15_verset_3_5b,Barn. 15.3-5b (English),Barn. 15.3-5b,0.9,0.72,"3. Τὸ « σάββατον » λέγει ἐν ἀρχῇ τῆς κτίσεως · « Καὶ ἐποίησεν ὁ θεὸς ἐν ἓξ ἡμέραις τὰ ἔργα τῶν χειρῶν αὐτοῦ, καὶ συνετέλεσεν ἐν τῇ ἡμέρᾳ τῇ ἑβδόμῃ καὶ κατέπαυσεν ἐν αὐτῇ καὶ ἡγίασε","Attend, children, to what it means that he 'finished in six days.' This means that in six thousand years the Lord will complete all things. For with him a day means a thousand year"
28bca146-1a57-4bba-8b21-ec3e3fc2155f,sc172_epistula_barnabae_chap_1_verset_4_5_en,sc172_epistula_barnabae_chap_1_verset_4_5,Barn. 1.4-5 (English),Barn. 1.4-5,0.9,0.79,"4. Πεπεισμένος οὖν τοῦτο καὶ συνειδὼς ἐμαυτῷ, ὅτι ἐν ὑμῖν λαλήσας πολλὰ ἐπίσταμαι, ὅτι ἐμοὶ συνώδευσεν ἐν ὁδῷ δικαιοσύνης κύριος, καὶ πάντως εἰς τοῦτο κἀγὼ ἀναγκάζομαι, ἀγαπᾶν ὑμᾶς","4. Being convinced of this and conscious within myself that, having spoken much among you, I know that the Lord has accompanied me on the way of righteousness, and I am altogether "
ca3994e1-ce04-447c-8b29-c170c0a8c18c,sc464_pamphilus_apologia_pro_origene_par64_en,sc464_pamphilus_apologia_pro_origene_par64,"Pamph., Apol. 64 (English)","Pamph., Apol. 64",0.9,0.73,"64. Origenes. Videamus ergo qui sit Saluator noster. Splen-dor dicitur gloriae, id est aeternae lucis splendor ; et certum est quod splendor ex lumine inseparabiliter generatur et ","64. Origen. Let us see, then, who our Savior is. He is called the radiance of glory, that is, the radiance of the eternal light; and it is certain that radiance is inseparably gene"
3a8dac8e-4495-4a6f-8f2e-e40772a39d32,sc79_chrysostomus_de_providentia_chap14_en,sc79_chrysostomus_de_providentia_chap14,"Chrys., Prov. 14 (English)","Chrys., Prov. 14",0.9,0.16,"1. Τί δέ, ἐπὶ τῶν ἀποστόλων, εἰπέ μοι ; οὐ μυρία τοιαῦτα ἐγίνετο ; Ἄκουσον γοῦν τί φησιν ὁ Παῦλος · « Οἶδας τοῦτο ὅτι ἀπεστράφησάν με πάντες οἱ ἐν τῇ Ἀσίᾳ, ὧν ἐστι Φύγελλος καὶ Ἑρμ",Chapter 14 of Chrysostom's On Providence turns to the apostolic age as further evidence that the pattern of providential scandal followed by triumph has been constant throughout th
ad07ff65-ce8f-4c71-92db-f49a7fe81a17,sc79_chrysostomus_de_providentia_chap2_en,sc79_chrysostomus_de_providentia_chap2,"Chrys., Prov. 2 (English)","Chrys., Prov. 2",0.9,0.79,"1. Τίς οὖν ἡ αἰτία τῆς ἀρρωστίας τῆς τοσαύτης ἐστίν ; Ἡ πολυπράγμων καὶ περίεργος γνώμη, καὶ τὸ βούλεσθαι πάντων τῶν γινομένων εἰδέναι τὰς αἰτίας ἁπάσας, καὶ φιλονεικεῖν τὴν ἀκατάλ","1. What then is the cause of so great an illness? It is the meddlesome and over-curious disposition (gnome), the desire to know all the causes of everything that happens, and the i"
cde4be07-f40a-4df1-9fee-cbcd51680f01,passage_ma_med_6_8_en,passage_ma_med_6_8,"Marcus Aurelius, Meditations 6.8: The Self-Moving Hegemonikon (English)","Marcus Aurelius, Meditations 6.8: The Self-Moving Hegemonikon",0.89,0.83,"A crucial passage on the autonomy of the ruling faculty. Marcus declares that the hegemonikon is self-moving (ἑαυτὸ ἐγεῖρον καὶ τρέπον)—it rouses itself, turns itself, and makes it","A crucial passage on the autonomy of the ruling faculty. Marcus declares that the hegemonikon is self-moving (ἑαυτὸ ἐγεῖρον καὶ τρέπον)—it rouses itself, turns itself, and makes it"
a01c3957-f211-4961-bba8-f9467a9784f1,sc123_melito_peri_pascha_chap57_en,sc123_melito_peri_pascha_chap57,"Melito, PP 57 (English)","Melito, PP 57",0.89,0.23,"Πρότερον δὲ ὁ κύριος προῳκονόμησεν τὰ ἑαυτοῦ πάθη ἐν πατριάρχαις καὶ ἐν προφήταις καὶ ἐν παντὶ τῷ λαῷ, διά τε νόμου καὶ προφητῶν ἐπισφραγισάμενος. Τὸ γὰρ μέλ-λον καινῶς [καὶ με]γάλ",For these things and more than these the mystery (mysterion) of the Passover (pascha) was accomplished in the body of the Lord. The Lord arranged beforehand his own sufferings (pat
38872f72-6b1f-4be6-ae90-3b7565dbd938,sc132_origenes_contra_celsum_ii_par66_en,sc132_origenes_contra_celsum_ii_par66,CC II 66 (English),CC II 66,0.89,0.61,"66. Καὶ μὴ θαύμαζε, εἰ μὴ πάντες βλέπουσιν οἱ πεπιστευ-κότες ὄχλοι τῷ Ἰησοῦ τὴν ἀνάστασιν αὐτοῦ · ὅτε [ὡς μὴ χωροῦσι πλείονα Κορινθίοις ὁ Παῦλος γράφων φησίν · « Ἐγὼ δὲ ἔκρινα μηδὲ","66. Do not be surprised that not all of the multitudes who have believed in Jesus have seen his resurrection; since Paul, writing to the Corinthians as persons unable to receive mo"
5aec0449-e7aa-4712-abf0-766b411deb4b,sc147_origenes_contra_celsum_v_par37_en,sc147_origenes_contra_celsum_v_par37,CC V 37 (English),CC V 37,0.89,0.3,"37. Δύο τοίνυν νόμων προκειμένων γενικῶς, καὶ τοῦ μὲν ὄντος τῆς φύσεως νόμου, ὃν θεὸς ἂν νομοθετήσαι, ἑτέρου δὲ τοῦ ἐν ταῖς πόλεσι γραπτοῦ, καλὸν ὅπου μὲν μὴ ἐναντιοῦται ὁ γραπτὸς ","37. There are two kinds of law: the natural law (phusei nomos) of God, which is universal and applies to all rational beings, and the written civil law (nomos engraphos), which var"
5bef0bb0-d461-497f-b75d-639560ffacb6,sc147_origenes_contra_celsum_vi_par45_en,sc147_origenes_contra_celsum_vi_par45,CC VI 45 (English),CC VI 45,0.89,0.07,"45. Ἐπεὶ δὲ καὶ τὰ περὶ τοῦ καλουμένου Ἀντιχρίστου παραρριπτεῖ ὁ Κέλσος, οὔτε τὰ ἐν τῷ Δανιὴλ οὔτε τὰ παρὰ τῷ Παύλῳ ἀναγνοὺς περὶ αὐτοῦ εἰρημένα οὔτε τὰ ἐν τοῖς εὐαγγελίοις ὑπὸ τοῦ","Since Celsus also touches in passing on the doctrine of the so-called Antichrist (Antichristos), not having read what is said about him in Daniel, nor what Paul teaches about him, "
cf672d26-5cae-440e-81d6-17da352925b1,sc53bis_hermas_pastor_chap75_en,sc53bis_hermas_pastor_chap75,"Hermas, Past. 75 (English)","Hermas, Past. 75",0.89,0.36,"1. Οἱ δὲ ἐπιδεδωκότες τὰς ῥάβδους τὰ μὲν δύο μέρη ξηρά, τὸ δὲ τρίτον χλωρόν, οὗτοί εἰσι πιστοὶ μὲν γεγονότες, πλου-τήσαντες δὲ καὶ γενόμενοι ἐνδοξότεροι παρὰ τοῖς ἔθνεσιν · ὑπερηφα",The ninth parable describes those from the eleventh mountain who submitted branches green and with fruit. Two-thirds of their branch was dry and only one-third remained green. Thes
51a07ebf-585b-4031-8329-80ba74e07988,sc79_chrysostomus_de_providentia_chap7_en,sc79_chrysostomus_de_providentia_chap7,"Chrys., Prov. 7 (English)","Chrys., Prov. 7",0.89,0.74,"1. Καὶ τοῖς μὲν οὖν εὐγνώμοσιν, ὅπερ ἔφην, ἀρκεῖ καὶ ταῦτα · ἀλλ' ἐπειδή τινές εἰσι πήλινοι καὶ δυσανάγωγοι καὶ δυσπειθεῖς καὶ αὐτόσαρκες, φέρε δὴ καὶ διὰ τῶν ἔργων αὐτῶν ἀποδείξωμ","1. For those who are well-disposed, as I said, even these suffice. But since some people are earthy and intractable and disobedient and dull of perception, come, let us also demons"
ec90a303-573b-49d9-8024-f51b68f7e19e,passage_epict_119_en,passage_epict_119,"Epictetus, Discourses III.24: The True City - Cosmos as Home (English)","Epictetus, Discourses III.24: The True City - Cosmos as Home",0.88,0.32,Greek: • πόλις ἡ μεγάλη - the great city • ὁ κόσμος - the cosmos • οἶκος ὁ ἀληθινός - the true home  The great city (ἡ μεγάλη πόλις) is the cosmos. Our true home (ὁ ἀληθινὸς οἶκος),Key phrases: the true home.  The great city (ἡ μεγάλη πόλις) is the cosmos. Our true home (ὁ ἀληθινὸς οἶκος) is wherever reason operates correctly. Particular cities are merely sto
322dfaa7-b4e4-447f-817b-25cfc04465ff,passage_sen_prov_4_7_en,passage_sen_prov_4_7,"Seneca, De Prov. 4.7: God Hardens Those He Loves (English)","Seneca, De Prov. 4.7: God Hardens Those He Loves",0.88,0.63,"Latin: Magis urgent saeva inexpertos, grave est tenerae cervici iugum. Ad suspicionem vulneris tiro pallescit, audacter veteranus cruorem suum spectat, qui scit se saepe vicisse po","Seneca, On Providence 4.7: God Hardens Those He Loves. The blows of adversity press more heavily upon the inexperienced; a yoke is hard on a tender neck. The raw recruit turns pale"
31430fc9-e3cb-461d-9b76-f1459ce1a0ee,sc147_origenes_contra_celsum_v_par7_en,sc147_origenes_contra_celsum_v_par7,CC V 7 (English),CC V 7,0.88,0.05,"7. Ἀλλὰ καὶ ἑαυτῷ λαβών, ὡς ἄρα θεὸν νομίζουσι τὸν οὐρανὸν Ἰουδαῖοι, τούτῳ ὡς ἄτοπον ἐπιφέρει, ἐγκαλῶν τοῖς προσκυνοῦσι μὲν τὸν οὐρανὸν οὐχὶ δὲ καὶ τὸν ἥλιον καὶ τὴν σελήνην καὶ το","But having assumed on his own that the Jews regard heaven as God, he adds this as something absurd, accusing those who worship heaven but not also the sun, the moon, and the stars,"
04f0739e-14e8-4c93-b580-56db1041100e,sc167_clemens_epistula_ad_corinthios_chap_7_verset_1_4_en,sc167_clemens_epistula_ad_corinthios_chap_7_verset_1_4,I Clem. 7.1-4 (English),I Clem. 7.1-4,0.88,0.79,"7. 1. Ταῦτα, ἀγαπητοί, οὐ μόνον ὑμᾶς νουθετοῦντες ἐπι-στέλλομεν, ἀλλὰ καὶ ἑαυτοὺς ὑπομιμνήσκοντες · ἐν γὰρ τῷ αὐτῷ ἐσμὲν σκάμματι, καὶ ὁ αὐτὸς ἡμῖν ἀγὼν ἐπίκειται. 2. Διὸ ἀπολίπωμε","7.1. These things, beloved, we write not only as an admonition to you, but also as a reminder to ourselves; for we are in the same arena, and the same struggle is laid before us. 2"
92572d4d-3935-4904-b507-d3366de53304,sc470_aristides_apologia_ii_fragments_papyrologiques_a_1_papyrus_oxyrhynchos_xv_n_1778_et_heidel_d7ceed50_en,sc470_aristides_apologia_ii_fragments_papyrologiques_a_1_papyrus_oxyrhynchos_xv_n_1778_et_heidel_d7ceed50,"Aristides, Apology, Papyrus Fragment (P.Oxy. XV 1778) (English)","Aristides, Apology, Papyrus Fragment (P.Oxy. XV 1778)",0.88,0.91,[ση]μ[ε]ιου εις σημειον καθ ημεραν φερομε νον δυνοντα τε και ανατελλοντα του θερμαινειν τα βλα στα και τα φυτα εις την χρησιν των αν θρωπων επει και με ρισμους εχ[οντα μ]ε τα των λ,"…from si[g]n to sign, carried each day, setting and rising in order to warm the herbs and plants for the use of human beings, and moreover shar[ing] its courses with the re[maining"
e2265c40-c281-41fd-a786-6245333e30ba,passage_epict_52_en,passage_epict_52,"Epictetus, Discourses I.14: The Sinews of a Philosopher (English)","Epictetus, Discourses I.14: The Sinews of a Philosopher",0.87,0.63,"Greek: • Ζεὺς ὁ ἐν Ὀλυμπίᾳ ὀφρῦν ἀνέσπακεν - Zeus at Olympia has raised his brow • οὐ γὰρ ἐμὸν παλινάγρετον - for what is mine is not to be recalled (Homer, Iliad 1.526) • τοιοῦτον","Key phrases: Zeus at Olympia has raised his brow; for what is mine is not to be recalled (Homer, Iliad 1.526); I shall show myself such to you; I shall show you the sinews of a phi"
6731a241-2052-4435-b845-6bd6a68cdb7f,sc147_origenes_contra_celsum_v_par48_a_en,sc147_origenes_contra_celsum_v_par48_a,CC V 48_a (English),CC V 48_a,0.87,0.72,"Ἀλλὰ ταῦτα μὲν περιεργότερά πως εἶναι δοκοῦντα καὶ οὐ κατὰ τὴν τῶν πολλῶν ἀκοὴν παρακεκινδυνευμένως ἐπὶ τοσοῦτον λελέχθω, οἷς ἔτι ἓν ὡς Χριστιανῷ πρέπον προσθεὶς ἐπὶ τὰ ἑξῆς μεταβή","But let what has been said on this point—which may appear somewhat elaborate and not suited to a broad audience—stand as a somewhat venturesome contribution, to which I shall add o"
33a88a53-1d53-4f42-a65c-a7a0a1593d6a,sc147_origenes_contra_celsum_v_par8_en,sc147_origenes_contra_celsum_v_par8,CC V 8 (English),CC V 8,0.87,0.08,"8. Ἐπεὶ δὲ φάσκομεν αὐτὸν συγκεχύσθαι ἔκ τινων παρα-κουσμάτων, φέρε καὶ ταῦτα ἡμεῖς κατὰ τὸ δυνατὸν ἡμῖν τρανώσωμεν καὶ παραστήσωμεν ὅτι, Κέλσου νομίζοντος ἰουδαϊκὸν εἶναι τὸ προσκ","Since we claim that he is confused by certain misunderstandings, come let us also clarify these matters as best we can, and demonstrate that, while Celsus supposes it to be a Jewis"
7cd7a17b-d638-4dd4-9e52-af0dfcfe67c3,sc150_origenes_contra_celsum_viii_par60_en,sc150_origenes_contra_celsum_viii_par60,CC VIII 60 (English),CC VIII 60,0.87,0.84,"60. Ὑπιδόμενος γοῦν ὁ Κέλσος τὸν εἰς μαγείαν ὄλισθον τῶν τὰ τοιαῦτα μεμαθηκότων καὶ συναισθηθείς πως βλάβης περὶ τοὺς ἀκούοντας ἐσομένης φησίν · Ἐκεῖνο μέντοι φυλακτέον, ὅπως μή τι","60. Celsus, already suspicious of the slip into magic on the part of those who have learned such things, and being somehow aware of the harm that would come to those who hear them,"
512741ee-b6c9-4102-a223-c79a33f66036,sc150_origenes_contra_celsum_viii_par58_en,sc150_origenes_contra_celsum_viii_par58,CC VIII 58 (English),CC VIII 58,0.87,0.7,"58. Μετὰ ταῦτά φησιν ὁ Κέλσος τοιαῦτα · Ὅτι μὴν ἐν τοῖσδε μέχρι τῶν ἐλαχίστων ἔστιν ὅτῳ δέδοται ἐξουσία, μάθοι τις ἂν ἐξ ὧν Αἰγύπτιοι λέγουσιν, ὅτι ἄρα τοῦ ἀνθρώπου τὸ σῶμα ἓξ καὶ ","58. After this, Celsus says the following: One might learn that authority has been given down to the least of matters to certain beings, from what the Egyptians say: namely, that t"
f4db64d1-5a9f-42ef-8293-d6d049403086,sc167_clemens_epistula_ad_corinthios_chap22_en,sc167_clemens_epistula_ad_corinthios_chap22,I Clem. 22 (English),I Clem. 22,0.87,0.66,"22. 1. Ταῦτα δὲ πάντα βεβαιοῖ ἡ ἐν Χριστῷ πίστις · καὶ γὰρ αὐτὸς διὰ τοῦ πνεύματος τοῦ ἁγίου οὕτως προσκαλεῖται ἡμᾶς · « Δεῦτε, τέκνα, ἀκούσατέ μου, φόβον κυρίου διδάξω ὑμᾶς. 2. Τί","22.1. All these things are confirmed by the faith that is in Christ; for he himself through the Holy Spirit calls to us thus: 'Come, children, listen to me; I will teach you the fe"
1b5676e3-8f31-4f48-8ab6-6ed2bc9ccb1d,passage_boethius_cons_110_en,passage_boethius_cons_110,"Boethius, Cons. 110: Foreknowledge Problem Posed (English)","Boethius, Cons. 110: Foreknowledge Problem Posed",0.86,0.76,"Haud sic magni conditor orbis; huic ex alto cuncta tuenti nulla terrae mole resistunt, non nox atris nubibus obstat Quae sint, quae fuerint veniantque {veniantque}, uno mentis cern","Boethius, Consolation of Philosophy, passage 110: Foreknowledge Problem Posed. Boethius raises the central difficulty: divine foreknowledge and freedom of the will (libertas arbitr"
2b403e6c-9c91-492e-b813-8da4bb794790,passage_epict_39_en,passage_epict_39,"Epictetus, Discourses I.29 (cont.): What is Not Up to Prohairesis (English)","Epictetus, Discourses I.29 (cont.): What is Not Up to Prohairesis",0.86,0.7,Greek: • λάβηταί μου τοῦ ἱματίου - seizes my cloak • εἰς τὸ δεσμωτήριον ἐμβάλωσιν - they throw [me] into prison • ἄλλο οὖν οὐδὲν ἔμαθον - Have I learned nothing else then? • γινόμε,"Key phrases: they throw [me] into prison; seeing what happens, that if it is not up to prohairesis; henceforth in prison.  A student complains: ""What if someone seizes my cloak and"
8de4418c-f6a7-4dee-a715-85c59e0056c7,passage_epict_62_en,passage_epict_62,"Epictetus, Discourses II.15: The Fool Who Cannot Be Moved (English)","Epictetus, Discourses II.15: The Fool Who Cannot Be Moved",0.86,0.68,Greek: • τινὰς οὐκ ἔστι μεταθεῖναι - some cannot be changed • τί ἐστι τὸ ἐν τῇ συνηθείᾳ λεγόμενον - what is the common saying? • μωρὸν οὔτε πεῖσαι οὔτε ῥῆξαι ἔστιν - a fool can nei,Key phrases: some cannot be changed; what is the common saying?; a fool can neither be persuaded nor broken; the more firmly they judge things that are not so; the more hellebore t
567dcab1-f6af-4c66-b626-cf8d95ee13b9,passage_origen_cc____136________3___5_en,passage_origen_cc____136________3___5,"SC 136, §3, §5 (Origen) (English)","SC 136, §3, §5 (Origen)",0.86,0.68,"**Reference:** SC 136, par.: 3, §5 **Author:** Origen **Work:** Contre Celse, Livre IV **Edition:** SC 136  **Original Greek (from database):** Οὐκ οἶδα δὲ καὶ ποταπὴν ἐπανόρθωσιν ","Origen, Against Celsus IV.3 (SC 136, par. 3). Origen addresses Celsus's question about divine correction (epanorthosis): 'Is it not possible for God to correct by divine power, unl"
47763ce8-5418-416d-96af-4f4fe50705f8,passage_meth_dla_70_en,passage_meth_dla_70,"Methodius, De Libero Arbitrio 70: The First Human Created Self-Determining (English)","Methodius, De Libero Arbitrio 70: The First Human Created Self-Determining",0.86,0.84,"The core statement of Methodius's free will doctrine. ΟΡΘΟΔ. (Orthodox) responds to the question whether evil arises from human nature, divine creation, or external influence.  GRE","The core statement of Methodius's free will doctrine. . (Orthodox) responds to the question whether evil arises from human nature, divine creation, or external influence.  That hum"
a56b4b97-4727-4939-979f-269fbcb170c1,sc147_origenes_contra_celsum_vi_par24_a_en,sc147_origenes_contra_celsum_vi_par24_a,CC VI 24_a (English),CC VI 24_a,0.86,0.12,"Δοκεῖ δέ μοι καὶ ἐκ τούτων ἐκ παρακουσμάτων ἀσημο-τάτης αἱρέσεως Ὀφιανῶν οἶμαι ἐκτεθεῖσθαι τὰ τοῦ διαγράμ-ματος ἀπὸ μέρους. Τούτῳ δ' ἡμεῖς κατὰ τὸ φιλομαθὲς ἡμῶν περιτετεύχαμεν, ἐν","It seems to me that from partial hearings of a most obscure heresy—the Ophians (Ophianoi), I think—Celsus has set forth the contents of the diagram. This we ourselves have encounte"
4cc95eb5-1e3f-4d76-9f37-b2c4a6782d3e,sc150_origenes_contra_celsum_viii_par56_en,sc150_origenes_contra_celsum_viii_par56,CC VIII 56 (English),CC VIII 56,0.86,0.64,"56. Κἂν τῷ ἑαυτοῦ οὖν λόγῳ πασσυδὶ ἡμᾶς ἀποπέμπῃ τοῦ βίου ὁ Κέλσος, ἵν' ὡς νομίζει, ἐρημωθῇ πάμπαν ἐπὶ γῆς τὸ τοιοῦτον ἡμῶν γένος, ἀλλ' ἡμεῖς ἐν τοῖς τοῦ κτίσαντος ἡμᾶς κατὰ τοὺς τ","56. So even if Celsus, by his own reasoning, dismisses us all together from life, in order that—as he imagines—such a race of ours might be completely extinguished from the earth, "
0a049834-f1c2-4dca-8ef2-a66382ecbb95,sc147_origenes_contra_celsum_v_par64_a_en,sc147_origenes_contra_celsum_v_par64_a,CC V 64_a (English),CC V 64_a,0.85,0.09,"Ἀλλ' οὗτος ὁ πάντ' εἰδέναι ἐπαγγελλόμενος καὶ τοιαῦτά φησι · Πάντων δέ, φησίν, ἀκούσει τῶν ἐπὶ τοσοῦτον διεστη-κότων καὶ σφᾶς αὐτοὺς ταῖς ἔρισιν αἴσχιστα διελεγχόντων λεγόντων τό ·","But this man who professes to know all things also says: 'You will hear all those who are so far divided and who most shamefully refute themselves in their quarrels saying: ""The wo"
be18a2bb-0c33-485a-8c63-c162d7db66b9,sc167_clemens_epistula_ad_corinthios_chap_48_verset_2_6_en,sc167_clemens_epistula_ad_corinthios_chap_48_verset_2_6,I Clem. 48.2-6 (English),I Clem. 48.2-6,0.85,0.91,"2. Πύλη γὰρ δικαιοσύνης ἀνεῳγυῖα εἰς ζωὴν αὕτη, καθὼς γέγραπται · « Ἀνοίξατέ μοι πύλας δικαιοσύνης · εἰσελθὼν ἐν αὐταῖς ἐξομολογήσομαι τῷ κυρίῳ. 3. Αὕτη ἡ πύλη τοῦ κυρίου · δίκαιοι","2. For this is the gate of righteousness standing open to life, as it is written: 'Open to me the gates of righteousness; I will enter through them and give thanks to the Lord. 3. "
9f945cb7-4dfb-4d1f-90c3-4e53405c8a6d,passage_epict_56_en,passage_epict_56,"Epictetus, Discourses II.11: Put It on the Scales (English)","Epictetus, Discourses II.11: Put It on the Scales",0.84,0.63,Greek: • καὶ πῶς οἷόν τε ἀτέκμαρτα εἶναι καὶ ἀνεύρετα τὰ ἀναγκαιότατα - how is it possible the most necessary things are without sign? • ἀπαραβάτως χρώμεθα δίχα αὐτοῦ μηδὲ τὸν δάκτ,Key phrases: how is it possible the most necessary things are without sign?; use it inviolably without extending even a finger without it; this once found delivers from madness tho
99b1f889-4fce-4b0b-b1a8-b18cb87dc5f1,passage_epict_60_en,passage_epict_60,"Epictetus, Discourses II.12: What Can You Bear? (English)","Epictetus, Discourses II.12: What Can You Bear?",0.84,0.82,Greek: • εἶτα καὶ τὴν σαυτοῦ φύσιν - then also your own nature • τί δύνασαι βαστάσαι - what can you bear? • ἰδού σου τοὺς ὤμους - look at your shoulders • ἄλλος γὰρ πρὸς ἄλλο τι πέ,Key phrases: then also your own nature; what can you bear?; for different people are suited to different things; if you want to exchange these for apatheia; not like children; now 
7d192774-ee34-4ae5-b304-792e8fb8ab6f,passage_epict_99_en,passage_epict_99,"Epictetus, Discourses III.10: Athletic Training for the Soul (English)","Epictetus, Discourses III.10: Athletic Training for the Soul",0.84,0.42,Greek: • ἀθλητής - athlete • γυμνάζεσθαι - to train • ἀγωνίζεσθαι - to compete • τὸ νικᾶν - to conquer  Philosophy is athletic training (γυμνασία) for the soul. Like athletes prepa,"Key phrases: to train; to compete; to conquer.  Philosophy is athletic training (γυμνασία) for the soul. Like athletes prepare for competition (ἀγών), philosophers train for life's"
7e1aa82e-c884-4e0b-9586-0d61da9b9c16,passage_justin_1apol_43_en,passage_justin_1apol_43,"Justin, 1 Apology 43: The Antifatalist Argument (English)","Justin, 1 Apology 43: The Antifatalist Argument",0.84,0.92,"Justin Martyr's famous antifatalist argument, central to early Christian apologetics on free will. This is the locus classicus for understanding how the Apologists rejected Stoic f","Justin Martyr's famous antifatalist argument, central to early Christian apologetics on free will. This is the locus classicus for understanding how the Apologists rejected Stoic f"
a5fd17dc-96d6-499f-9c97-aec1d6a64f50,sc147_origenes_contra_celsum_v_par65_a_en,sc147_origenes_contra_celsum_v_par65_a,CC V 65_a (English),CC V 65_a,0.84,0.09,"Μετὰ ταῦτά φησι · Φέρ' οὖν, εἰ καὶ μηδεμίαν ἀρχὴν τοῦ δόγματος ἔχουσιν, αὐτὸν ἐξετάσωμεν τὸν λόγον · πρότερον δὲ ὅσα παρακηκοότες ὑπ' ἀγνοίας διαφθείρουσιν, οὐκ ἐμμελῶς ἐν ἀρχαῖς ε","After this Celsus says: 'Come then, if they have no origin for their doctrine, let us examine the teaching itself. But first, how much they have corrupted through misunderstanding "
346b82ef-fe6d-499e-a700-9c3ac468e325,sc147_origenes_contra_celsum_vi_par42_b_en,sc147_origenes_contra_celsum_vi_par42_b,CC VI 42_b (English),CC VI 42_b,0.84,0.07,"Εἶτ' ἐκθέμενος τὰ τοιαῦτα καὶ μὴ παραμυθησάμενος, τίνα τρόπον ἐκεῖνα μὲν λόγου ἔχεται κρείττονος ταῦτα δέ ἐστιν ἐκείνων παρακούσματα, διαλοιδορεῖται ἡμῖν λέγων μὴ εἶναι ἐκεῖνα ὅμοι","Then, having set forth these things without explaining how those ideas are in any way superior to ours or how our teaching is a mere distortion of them, he abuses us saying that ou"
c4609ead-74e2-4858-bf40-ab6d8ef145fa,passage_boethius_cons_107_en,passage_boethius_cons_107,"Boethius, Cons. 107: Reason and Freedom (English)","Boethius, Cons. 107: Reason and Freedom",0.83,0.69,"Tum illa: Morem, inquit, geram tibi, simulque {simulque} sic orsa est: Si quidem, inquit, aliquis eventum temerario motu nullaque {nullaque} causarum conexione productum casum esse","Boethius, Consolation of Philosophy, passage 107: Reason and Freedom. Philosophy speaks: 'If anyone were to define chance (casus) as an event produced by random motion and no conne"
2a5d2cdc-e1f7-4926-bb36-04c6c05dd0a0,passage_epict_57_en,passage_epict_57,"Epictetus, Discourses II.11: Definition and Articulation (English)","Epictetus, Discourses II.11: Definition and Articulation",0.83,0.73,Greek: • οὕτως ἐκπεπληρωκὼς τὴν ἔννοιαν καὶ διηρθρωκὼς - having thus fulfilled and articulated the concept • ὅρισαί μοι τὸν φθόνον - define envy for me • οὐ γὰρ ἀντακολουθεῖ τῷ κεφ,Key phrases: having thus fulfilled and articulated the concept; define envy for me; the definitory does not follow from the summary; technical expressions.  1. vs. Distinguishing s
db3e82b6-f5d6-43b5-9b92-0fe37fd132b0,passage_epict_77_en,passage_epict_77,"Epictetus, Discourses II.22: The Fool Who Admits He Is Disturbed (English)","Epictetus, Discourses II.22: The Fool Who Admits He Is Disturbed",0.83,0.58,"Greek: • ἐγὼ γὰρ ἄφρων ὢν ὅμως φιλῶ μου - for I, being foolish, nevertheless love myself • Θαυμάζω μὲν νὴ τοὺς θεούς - I wonder, by the gods • τὸ πρῶτον ὡμολόγηκας ἄφρονα εἶναι σεα","Key phrases: for I, being foolish, nevertheless love myself; I wonder, by the gods; first you admitted being foolish yourself; often you are driven out by impressions; and disturbe"
1de7e011-363c-4c37-a6d2-954021ed9461,sc147_origenes_contra_celsum_v_par43_en,sc147_origenes_contra_celsum_v_par43,CC V 43 (English),CC V 43,0.83,0.1,"43. Τὸ δὲ μὴ ἐξεῖναι δουλεύειν τὸν ἀπὸ τῶν αὐτῶν ὁρμώ-μενον δογμάτων πλεῖον ἐτῶν ἓξ πῶς ἐστι λελογισμένον καὶ οὔτε τὸν δεσπότην οὔτε τὸν δοῦλον ἀδικοῦν, τί χρὴ λέγειν ; Οὐ κατὰ τὰ ",43. Origen notes an example of the humanity of Jewish law that Celsus conspicuously ignores: the law that a fellow Israelite may not be enslaved for more than six years. This law i
8c0cf30a-a972-44e8-b85f-d969636331a9,passage_cic_fat_29_en,passage_cic_fat_29,"Marcus Tullius Cicero, De Fato, Fat. 29 (English — Yonge 1853)","Marcus Tullius Cicero, De Fato, Fat. 29",0.83,0.6,"Sic enim interrogant: Si fatum tibi est ex hoc morbo convalescere, sive tu medicum adhibueris sive non adhibueris, convalesces; item, si fatum tibi est ex hoc morbo non convalescer","Again, ""If it is the will of fate that you should not escape from your malady, whether you take medicine or not, you will not escape."" Fate, therefore, is the regulator of both alt"
842ac8da-6c7c-41a0-8d5f-7da831b03e8b,passage_arist_en_3_2_en,passage_arist_en_3_2,"Aristotle, EN III.2: Deliberate Choice (προαίρεσις) (English)","Aristotle, EN III.2: Deliberate Choice (προαίρεσις)",0.8200000000000001,0.57,"ARISTOTLE'S ANALYSIS OF PROHAIRESIS (DELIBERATE CHOICE)  Having defined voluntary action, Aristotle now analyzes προαίρεσις - the distinctively human capacity for rational choice t","ARISTOTLE'S ANALYSIS OF PROHAIRESIS (DELIBERATE CHOICE)  Having defined voluntary action, Aristotle now analyzes - the distinctively human capacity for rational choice that is most"
9eece3c2-1d7a-4f22-bcaa-d01fd6e61dfc,passage_boethius_cons_41_en,passage_boethius_cons_41,"Boethius, Cons. 41: Adversity Benefits (English)","Boethius, Cons. 41: Adversity Benefits",0.8200000000000001,0.67,"Etenim plus hominibus reor adversam - quam prosperam prodesse fortunam, illa enim semper specie felicitatis, cum videtur blanda, mentitur, haec semper vera est, cum se instabilem m","Boethius, Consolation of Philosophy, passage 41: Adversity Benefits. Adverse fortune benefits people more than prosperous fortune. Prosperous fortune always lies with the appearanc"
ef2abf63-34ac-4579-826c-d75891b4cda4,passage_epict_176_en,passage_epict_176,"Epictetus, Fragments: Elemental Transformation - Accepting Cosmic Flux (English)","Epictetus, Fragments: Elemental Transformation - Accepting Cosmic Flux",0.8200000000000001,0.54,"Greek: τὰ τέτταρα στοιχεῖα ἄνω καὶ κάτω τρέπεται (ta tettara stoicheia anō kai katō trepetatai) ""The four elements turn up and down""  1. Physical cosmology: elements transform (ear","(ta tettara stoicheia anō kai katō trepetatai) ""The four elements turn up and down""  1. Physical cosmology: elements transform (earth → water → air → aether) 2. Living with flux: ("
e6c1bb27-bbae-4488-9b63-fe443de63366,passage_epict_71_en,passage_epict_71,"Epictetus, Discourses I.2: Does Caesar Give Virtue? (English)","Epictetus, Discourses I.2: Does Caesar Give Virtue?",0.8200000000000001,0.65,Greek: • ὢχριῶντι ἅμα καὶ τρέμοντι - growing pale and trembling • Περὶ τίνων σοί ἐστιν ὁ λόγος - what is your concern? • Καῖσαρ ἀρετὴν καὶ κακίαν τοῖς εἰσερχομένοις δίδωσι - Caesar,Key phrases: growing pale and trembling; what is your concern?; Caesar gives virtue and vice to those entering?; why do you mock me?; isn't the risk death or prison or bodily pain?
e0cc6ea3-cad5-456d-9af4-c1a171b91eb1,sc136_origenes_contra_celsum_iv_par3_en,sc136_origenes_contra_celsum_iv_par3,CC IV 3 (English),CC IV 3,0.8200000000000001,0.68,"3. Καὶ εἰπὼν αὐτὸν ὑφ' ἡμῶν μὲν λέγεσθαι καταβεβηκέναι ὑπὸ Ἰουδαίων δὲ καταβήσεσθαι δικαιωτήν, κατηγορεῖν αὐτόθεν οἴεται τοῦ λεγομένου ὡς αἰσχίστου καὶ οὐδὲ μακροῦ ἐλέγχου δεομένου","3. And having said that Christ is said by us to have descended and by the Jews to be about to descend as a judge, he supposes this accusation to be self-evident as being most shame"
f12558d5-76a6-4aed-b106-f8f26b2b0ba8,sc147_origenes_contra_celsum_v_par45_en,sc147_origenes_contra_celsum_v_par45,CC V 45 (English),CC V 45,0.82,0.17,"45. {Ἀλλ' ἐπεὶ Κέλσος οἴεται μηδὲν διαφέρειν Δία Ὕψιστον καλεῖν ἢ Ζῆνα ἢ Ἀδωναῖον ἢ Σαβαὼθ ἤ, ὡς Αἰγύπτιοι, Ἀμοῦν ἤ, ὡς Σκύθαι, Παπαῖον, φέρε καὶ περὶ τούτων ὀλίγα διαλεχθῶμεν, ὑπο","45. On the nature of divine names (onomata): names are not merely arbitrary conventional labels (kata synthēkēn, in Aristotle's phrase) attached to things by human agreement. There"
80ec4eb5-7a46-4f37-b40d-e7179ed9e001,sc147_origenes_contra_celsum_vi_par49_a_en,sc147_origenes_contra_celsum_vi_par49_a,CC VI 49_a (English),CC VI 49_a,0.82,0.05,"Εἰ δέ τις βούλεται τὰ κινήσαντα ἡμᾶς καὶ μετὰ τῆς φανείσης ἀποδείξεως κατασκευασθέντα περὶ τῆς κατὰ Μωϋσέα κοσμοποιΐας θεωρῆσαι, λαβέτω τὰ πραγματευθέντα ἡμῖν εἰς τὴν Γένεσιν ἀπὸ τ","If anyone wishes to examine the considerations that moved us and the demonstrations that were constructed regarding the Mosaic account of creation (kosmopoiia), let them take up ou"
134de45c-6681-44d3-bd10-a207e85b1645,passage_alexander_de_fato_14_en,passage_alexander_de_fato_14,De Fato 14 (ἐφ' ἡμῖν = αὐτεξούσιον) (English),De Fato 14 (ἐφ' ἡμῖν = αὐτεξούσιον),0.81,0.91,"**Reference:** De Fato 14 **Author:** Alexander of Aphrodisias **Work:** De Fato **Edition:** Bruns (CAG Suppl. II.2)  **Original Greek:** ἔνεστι δ' ὁρᾶν, εἰ ταῦτα λέγοντες σώζουσι","One can see whether, in saying these things, they preserve the common preconceptions of all men concerning what is up to us. For those who ask them how it is possible, when everyth"
2590bdb9-a5be-4039-a4e0-3afc9f46bd07,passage_boethius_cons_25_en,passage_boethius_cons_25,"Boethius, Cons. 25: Fortune's Game (English)","Boethius, Cons. 25: Fortune's Game",0.81,0.71,"Nunc te primum liventi oculo praestrinxit. Si numerum modumque {modumque} laetorum tristiumve {tristiumve} consideres, adhuc te felicem negare non possis. Quodsi idcirco te fortuna","Boethius, Consolation of Philosophy, passage 25: Fortune's Game. Fortune now for the first time has looked upon you with an envious eye. If you consider the number and manner of yo"
f7482f9c-f840-4b0a-a6d7-ff597a7c52c6,passage_boethius_cons_4_en,passage_boethius_cons_4,"Boethius, Cons. 4: Philosophy's Diagnosis (English)","Boethius, Cons. 4: Philosophy's Diagnosis",0.81,0.72,"Quin etiam causas, unde sonora flamina sollicitent aequora ponti, quis volvat stabilem spiritus orbem; vel cur Hesperias sidus in undas casurum rutilo surgat ab ortu, quid veris pl","Boethius, Consolation of Philosophy, passage 4: Philosophy's Diagnosis. Boethius describes his former pursuit of natural philosophy -- the causes of winds stirring the sea, the spi"
28faf709-d8d0-4f9b-bddd-d40846de2025,passage_epict_42_en,passage_epict_42,"Epictetus, Discourses II.1 (cont.): Courage and Caution Reconciled (English)","Epictetus, Discourses II.1 (cont.): Courage and Caution Reconciled",0.81,0.62,Greek: • τῷ θαρραλέῳ τὸ εὐλαβές ἐναντία οὐδαμῶς - courage and caution are in no way opposites • ἡ οὐσία τοῦ ἀγαθοῦ ἔστιν ἐν χρήσει φαντασιῶν - the essence of good is in the use of ,Key phrases: courage and caution are in no way opposites; and of evil likewise.  Apparent paradox: how can one be both courageous (tharraleion) and cautious (eulabes)? Epictetus re
890e4ba8-1553-404f-a970-175b1f439c22,passage_epict_54_en,passage_epict_54,"Epictetus, Discourses II.10: Brother Become Enemy, Human Become Beast (English)","Epictetus, Discourses II.10: Brother Become Enemy, Human Become Beast",0.81,0.67,Greek: • ἀεὶ γὰρ ἕκαστον τῶν τοιούτων ὀνομάτων εἰς ἐπιλογισμὸν ἐρχόμενον ὑπογράφει τὰ οἰκεῖα ἔργα - each such name when subjected to reflection outlines its proper functions • τίς ,Key phrases: each such name when subjected to reflection outlines its proper functions; who are you and what is your name?; if you forgot your brother and became enemy; instead of 
c3d62bb2-903b-4327-9244-300cabb814c8,passage_epict_59_en,passage_epict_59,"Epictetus, Discourses II.22: The Necklace of Eriphyle (English)","Epictetus, Discourses II.22: The Necklace of Eriphyle",0.81,0.62,Greek: • Ἐριφύλη μετὰ τοῦ Ἀμφιαράου καὶ τέκνων μήτηρ καί - Eriphyle with Amphiaraus and mother of children • ὅρμος ἦλθεν εἰς τὸ μέσον - a necklace came into the midst • τὸ δόγμα τὸ,Key phrases: Eriphyle with Amphiaraus and mother of children; a necklace came into the midst; the doctrine concerning such things; that which cuts through friendship; let him cut o
9abb5478-794d-430d-ba8a-0f526438f659,passage_origen_cc____132________66___80_en,passage_origen_cc____132________66___80,"SC 132, §66, §80 (Origen) (English)","SC 132, §66, §80 (Origen)",0.81,0.83,"**Reference:** SC 132, par.: 66, §80 **Author:** Origen **Work:** Contre Celse, Livre I **Edition:** SC 132  **Original Greek (from database):** 66. Ἐπὶ δὲ τούτοις ἑξῆς ὁ Ἰουδαῖος ","Origen, Against Celsus I.66 (SC 132, par. 66). Celsus, through his Jewish interlocutor, argues against the story of the angel commanding Joseph and the holy family to flee to Egypt"
91d8f7ec-e961-4ab5-b668-e933904d4ec4,sc147_origenes_contra_celsum_v_par38_en,sc147_origenes_contra_celsum_v_par38,CC V 38 (English),CC V 38,0.81,0.17,"38. Βούλομαι δὲ παραστῆσαι, τίνα τρόπον οὐκ εὐλόγως ὁ Κέλσος φησὶν ἕκαστον τὰ οἰκεῖα καὶ πάτρια σέβειν. Φησὶ γὰρ οὗτος τοὺς οἰκοῦντας τὴν Μερόην Αἰθίοπας δύο μόνους εἰδέναι θεούς, ","38. If an Ethiopian visits Arabia, should he worship the Ethiopian gods or the Arabian gods? And if an Arabian visits Ethiopia, should he adopt the Ethiopian customs? Celsus's prin"
618f1b08-efdd-4058-8ed4-a891b083183e,passage_boethius_cons_27_en,passage_boethius_cons_27,"Boethius, Cons. 27: Wealth Cannot Satisfy (English)","Boethius, Cons. 27: Wealth Cannot Satisfy",0.8,0.78,"— Et haereant, inquam, precor; illis namque manentibus, utcumque se res habeant, enatabimus. Sed quantum ornamentis nostris decesserit, vides. — Et illa: Promovimus, inquit, aliqua","Boethius, Consolation of Philosophy, passage 27: Wealth Cannot Satisfy. Philosophy argues that no one's happiness is so perfectly composed that they do not quarrel with the quality"
f24dc4e6-e8af-4646-a06d-54aebbb0c95c,passage_epict_181_en,passage_epict_181,"Epictetus, Fragments: Soul Over Body at Feasts - Body Excretes (English)","Epictetus, Fragments: Soul Over Body at Feasts - Body Excretes",0.8,0.56,"Greek: τὰ μὲν ἀποσκυβαλίζεται (ta men aposkybalizetai) ""Some things are excreted""  1. What feeds body is expelled; what feeds soul is preserved 2. Two guests at every feast: body a","(ta men aposkybalizetai) ""Some things are excreted""  1. What feeds body is expelled; what feeds soul is preserved 2. Two guests at every feast: body and soul 3. Choose soul-food ov"
853784e6-8886-4419-b5ac-e34c26652e82,passage_epict_1_en,passage_epict_1,"Epictetus, Discourses I.1: The Fundamental Dichotomy and Zeus's Speech (English)","Epictetus, Discourses I.1: The Fundamental Dichotomy and Zeus's Speech",0.8,0.65,Greek: • ἐφ' ἡμῖν καὶ οὐκ ἐφ' [ἡμῖν] - up to us and not up to us • τὸ κράτιστον ἁπάντων καὶ κυριεῦον - the strongest of all and ruling • οἱ θεοὶ μόνον ἐφ' [ἡμῖν] ἐποίησαν - the god,Key phrases: up to us and not up to us; the strongest of all and ruling; the gods made only [this] up to us; the right use of impressions; but [it is] cleverly kneaded clay; we gav
35f5855c-b766-4d13-a763-a0e67ae6de4c,passage_epict_58_en,passage_epict_58,"Epictetus, Discourses II.12: He Does Not Know Where on Earth He Is (English)","Epictetus, Discourses II.12: He Does Not Know Where on Earth He Is",0.8,0.66,Greek: • λοιπὸν οὗ μὲν ἡ ἐπιστήμη αὐτῷ - where his knowledge lies • οὐκ ἐπιστρέφεται - he pays no attention • οὐκ οἶδεν οὐδὲ μεμελέτηκεν - he does not know nor has practiced • τῶν ,Key phrases: where his knowledge lies; he pays no attention; he does not know nor has practiced; what the many is and what power it has in life; he must inevitably tremble; I call 
cfb7f6f3-0fef-4470-b300-88aeb5812714,sc150_origenes_contra_celsum_viii_par57_a_en,sc150_origenes_contra_celsum_viii_par57_a,CC VIII 57_a (English),CC VIII 57_a,0.8,0.7,"Καὶ πάλιν Κέλσος μὲν οὐ θέλει ἡμᾶς ἀχαρίστους εἶναι πρὸς τοὺς τῇδε δαίμονας, οἰόμενος ἡμᾶς ὀφείλειν αὐτοῖς χαριστήρια · καὶ ἡμεῖς δὲ τρανοῦντες τὸν περὶ εὐχαριστίας λόγον φαμὲν πρὸ","Again, Celsus does not want us to be ungrateful toward the daemons here below, thinking that we owe them gratitude. But we also, in clarifying our teaching on thanksgiving, say tha"
300fcf85-ec86-40eb-8d4c-0f291981d40e,sc167_clemens_epistula_ad_corinthios_chap11_en,sc167_clemens_epistula_ad_corinthios_chap11,I Clem. 11 (English),I Clem. 11,0.8,0.82,"11. 1. Διὰ φιλοξενίαν καὶ εὐσέβειαν Λὼτ ἐσώθη ἐκ Σοδό-μων, τῆς περιχώρου πάσης κριθείσης διὰ πυρὸς καὶ θείου, πρόδηλον ποιήσας ὁ δεσπότης ὅτι τοὺς ἐλπίζοντας ἐπ' αὐτὸν οὐκ ἐγκαταλε","11.1. Because of his hospitality and piety Lot was saved from Sodom, the whole surrounding region having been judged by fire and brimstone—the Master making it evident that he does"
f9fad2e9-a3a0-4138-9735-65ed8da8f529,sc167_clemens_epistula_ad_corinthios_chap29_en,sc167_clemens_epistula_ad_corinthios_chap29,I Clem. 29 (English),I Clem. 29,0.8,0.89,"29. 1. Προσέλθωμεν οὖν αὐτῷ ἐν ὁσιότητι ψυχῆς, ἁγνὰς καὶ ἀμιάντους χεῖρας αἴροντες πρὸς αὐτόν, ἀγαπῶντες τὸν ἐπιεικῆ καὶ εὔσπλαγχνον πατέρα ἡμῶν, ὃς ἐκλογῆς μέρος ἡμᾶς ἐποίησεν ἑαυ","29.1. Let us therefore approach him with holiness of soul, lifting to him pure and undefiled hands, loving our gentle and compassionate Father who made us his own portion of electi"
bf9b1b10-0e03-4b8c-a42d-e002f3e09d67,sc172_epistula_barnabae_chap_8_verset_5_6b_en,sc172_epistula_barnabae_chap_8_verset_5_6b,Barn. 8.5-6b (English),Barn. 8.5-6b,0.8,0.1,"5. Ὅτι δὲ τὸ ἔριον ἐπὶ τὸ ξύλον, ὅτι ἡ βασιλεία Ἰησοῦ ἐπὶ ξύλου, καὶ ὅτι οἱ ἐλπίζοντες ἐπ' αὐτὸν ζήσονται εἰς τὸν αἰῶνα. 6a. Διατί δὲ ἅμα τὸ ἔριον καὶ τὸ ὕσσωπον ; ὅτι ἐν τῇ βασιλε","5. But why the wool and the hyssop together? Because in his kingdom (basileia) there shall be evil and foul days, in which we shall be saved, because the one who is sick in the fle"
95c60fa4-3a59-40d6-8f38-ebf28a03367d,sc53bis_hermas_pastor_chap77_en,sc53bis_hermas_pastor_chap77,"Hermas, Past. 77 (English)","Hermas, Past. 77",0.8,0.5,"1. Καὶ μετὰ τὸ συντελέσαι αὐτὸν τὰς ἐπιλύσεις πασῶν τῶν ῥάβδων λέγει μοι · Ὕπαγε καὶ πᾶσιν λέγε, ἵνα μετανοήσωσιν, καὶ ζήσωσι τῷ θεῷ · ὅτι ὁ κύριος ἐσπλαγχνίσθη καὶ ἔπεμψέ με δοῦνα",This chapter concludes the eighth parable and forms a transitional statement between the parables and the final vision. After completing his explanation of all the branches and the
50807caf-089d-4722-b3e7-7496f13dd48d,passage_arist_en_3_6_en,passage_arist_en_3_6,"Aristotle, EN III.6: Courage Concerning Fear and Confidence (English)","Aristotle, EN III.6: Courage Concerning Fear and Confidence",0.79,0.83,"ARISTOTLE ON COURAGE AS MEAN CONCERNING FEARS  This chapter begins the detailed analysis of particular virtues, starting with courage (ἀνδρεία) as the mean concerning fears and con","ARISTOTLE ON COURAGE AS MEAN CONCERNING FEARS  This chapter begins the detailed analysis of particular virtues, starting with courage (ἀνδρεία) as the mean concerning fears and con"
c7d1ab70-257c-465a-803d-81513b7c3909,passage_epict_174_en,passage_epict_174,"Epictetus, Enchiridion 51: The Olympics Are Now - Live as Teleios and Prokoptōn (English)","Epictetus, Enchiridion 51: The Olympics Are Now - Live as Teleios and Prokoptōn",0.79,0.62,"[URGENCY OF PROKOPĒ - CRUCIAL]  Greek: νῦν ὁ ἀγὼν καὶ ἤδη πάρεστι τὰ Ὀλύμπια (nyn ho agōn kai ēdē paresti ta Olympia) ""Now is the contest and the Olympics are already here""  1. τέλ","[URGENCY OF PROKOPĒ - CRUCIAL]  (nyn ho agōn kai ēdē paresti ta Olympia) ""Now is the contest and the Olympics are already here""  1. (teleios kai prokoptōn): complete and progressin"
de7eddd6-85a0-457d-a01c-21c5c286631a,passage_epict_79_en,passage_epict_79,"Epictetus, Discourses II.22: Excising False Dogmata (English)","Epictetus, Discourses II.22: Excising False Dogmata",0.79,0.73,Greek: • σκευαρίου ῥίψει ὡς κατεαγὸς πινάκιον - throw away like a broken plate • τοσούτῳ χρόνῳ συμβεβιώκαμεν - we have lived together so long • Ἐριφύλη μετὰ τοῦ Ἀμφιαράου - Eriphyl,Key phrases: we have lived together so long; a necklace came into the midst; the doctrine about such things; that which cuts through friendship; toward every similar person simply;
4ebc8285-98bf-447f-89cd-11f150c0e72e,passage_justin_1apol_44_en,passage_justin_1apol_44,"Justin, 1 Apology 44: Scriptural Proof of Free Choice (English)","Justin, 1 Apology 44: Scriptural Proof of Free Choice",0.79,0.78,"Justin's continuation of the antifatalist argument, providing scriptural proof for free will from Moses and Isaiah. Notable for citing Plato's ""αἰτία ἑλομένου, θεὸς δ᾿ ἀναίτιος"" (R","Justin's continuation of the antifatalist argument, providing scriptural proof for free will from Moses and Isaiah. Notable for citing Plato's "" , "" (Republic 617e) and claiming Pl"
a75ec947-dbef-4c2b-817a-ae63f7b2111c,sc132_origenes_contra_celsum_i_par31_en,sc132_origenes_contra_celsum_i_par31,CC I 31 (English),CC I 31,0.79,0.13,"31. Πρὸς τούτοις δὲ θαυμάσαι ἄν τις, πόθεν ἐπῆλθε τοῖς μαθηταῖς αὐτοῦ, ὡς λέγουσιν οἱ κακολογοῦντες τὸν Ἰησοῦν, μὴ ἑωρακόσιν αὐτὸν ἀναστάντα ἀπὸ τῶν νεκρῶν μηδὲ πεισθεῖσιν ὅτι θειό","31. Now that this teaching has spread throughout the whole world and has prevailed over all opposing forces, it is clear that it was God's will that this doctrine be disseminated a"
9c51f5b3-9fd1-426d-a4b9-c7529509c017,sc136_origenes_contra_celsum_iv_par49_en,sc136_origenes_contra_celsum_iv_par49,CC IV 49 (English),CC IV 49,0.79,0.63,"49. Εἰ δ' ἀδεκάστως ἀνεγνώκει τὴν γραφὴν ὁ Κέλσος, οὐκ ἂν εἶπεν οὐχ οἷα ἀλληγορίαν ἐπιδέχεσθαι εἶναι τὰ γράμματα ἡμῶν. Ἀπὸ γὰρ τῶν προφητειῶν, ἐν αἷς τὰ ἀπὸ τῆς ἱστορίας γέγραπται,","49. If Celsus had read our scriptures without prejudice, he would not have said that our writings are incapable of allegory. For from the prophecies, in which the historical materi"
1312106f-ce28-4e2a-ac76-a78bac314dc1,sc147_origenes_contra_celsum_v_par45_a_en,sc147_origenes_contra_celsum_v_par45_a,CC V 45_a (English),CC V 45_a,0.79,0.41,"Εἰ δὲ ταῦτα περὶ ἀνθρωπίνων ὀνομάτων λεγόμενά ἐστιν ἀληθῆ, τί χρὴ νομίζειν ἐπὶ τῶν δι' ἡνδήποτε αἰτίαν ἀναφε-ρομένων ἐπὶ τὸ θεῖον ὀνομάτων ; Μεταλαμβάνεται γάρ τι φέρ' εἰπεῖν εἰς ἑ","The Hebrew divine names, when kept in their original language and not translated into Greek or any other language, retain an intrinsic power (dynamis) that the translated equivalen"
48d9608d-50a4-49bd-a3d3-58a9449ad935,sc150_origenes_contra_celsum_viii_par55_a_en,sc150_origenes_contra_celsum_viii_par55_a,CC VIII 55_a (English),CC VIII 55_a,0.79,0.8,"Φαμὲν δὲ καὶ πρὸς ταῦτα ὅτι εὔλογος ἐξαγωγὴ οὐδεμία ἡμῖν εἶναι δοκεῖ εἰ μὴ ἡ δι' εὐσέβειαν καὶ ἀρετὴν μόνη, ἐπὰν ὑπὸ τῶν δικάζειν νομιζομένων ἢ ἐξουσίαν τοῦ ζῆν ἡμῶν ἔχειν δοκούντω",And we say in reply to these things that no departure from life seems reasonable to us except that which is motivated by piety and virtue alone—when by those who are supposed to ju
1ceea322-f698-438e-b3d4-6782467cb448,passage_cic_fat_46_en,passage_cic_fat_46,"Marcus Tullius Cicero, De Fato, Fat. 46 (English — Yonge 1853)","Marcus Tullius Cicero, De Fato, Fat. 46",0.79,0.41,"Hoc modo hanc causam disceptari oportet, non ab atomis errantibus et de via declinantibus petere praesidium. Declinat, inquit, atomus. Primum cur? aliam enim quandam vim motus habe","It is according to these principles that we should examine the question concerning fate, and not rush with Epicurus to a fortuitous concourse of atoms to help us out of our difficu"
38e97137-ffbd-4b81-9356-d6a76071377b,passage_boethius_cons_46_en,passage_boethius_cons_46,"Boethius, Cons. 46: Human Desires (English)","Boethius, Cons. 46: Human Desires",0.78,0.59,"Atqui haec sunt, quae adipisci homines volunt eaque {eaque} de causa divitias, dignitates, regna, gloriam voluptatesque {voluptatesque} desiderant, quod per haec sibi sufficientiam","Boethius, Consolation of Philosophy, passage 46: Human Desires. These are what human beings wish to obtain, and for this reason they desire riches, dignities, kingdoms, glory, and "
39e25504-775e-4f1c-89be-701a96b76aae,passage_boethius_cons_80_en,passage_boethius_cons_80,"Boethius, Cons. 80: Beatitude is the Good (English)","Boethius, Cons. 80: Beatitude is the Good",0.78,0.14,"— Meministine {Meministine} igitur, inquit, superioribus rationibus esse collectum intentionem omnem voluntatis humanae, quae diversis studiis agitur, ad beatitudinem festinare? — ","Boethius, Consolation of Philosophy, passage 80: Beatitude is the Good. Philosophy asks Boethius to recall the earlier demonstrations: that the aim of all human will, though driven"
eb30ae21-1e3d-4ec2-abc2-37883e14950f,passage_epict_70_en,passage_epict_70,"Epictetus, Discourses II.17: Applying Good to Wealth (English)","Epictetus, Discourses II.17: Applying Good to Wealth",0.78,0.71,Greek: • τῇ δὲ τῆς πλούτου οὐσίᾳ - to the substance of wealth • οὐχ ὁ μέν τις ἐφαρμόζει τὴν τοῦ ἀγαθοῦ πρόληψιν - doesn't one person apply the preconception of good? • καθόλου γὰρ ,Key phrases: to the substance of wealth; doesn't one person apply the preconception of good?; for in general if everyone using the words.  1. THE WEALTH APPLICATION People apply th
40c0dd16-47a7-4bd9-ab23-6602c6afeebc,passage_epict_73_en,passage_epict_73,"Epictetus, Discourses II.20: Nature's Inescapable Pull (English)","Epictetus, Discourses II.20: Nature's Inescapable Pull",0.78,0.73,Greek: • ὅτι ἀγαθὸν ἡ ἐγκράτεια - that self-control is good • φύσει κοινωνικοὶ γεγόναμεν - we are social by nature • τί οὖν ἦν τὸ ἐγεῖρον αὐτὸν ἐκ τῶν ὕπνων - what was it that rous,Key phrases: that self-control is good; we are social by nature; what was it that roused him from sleep?; and compelled to write what he wrote?; what else but the strongest thing a
f86a78f2-76ad-48a8-a743-bec289fdc549,sc147_origenes_contra_celsum_v_par4_en,sc147_origenes_contra_celsum_v_par4,CC V 4 (English),CC V 4,0.78,0.11,"4. Ἐπεὶ δὲ μετὰ ταῦτα, ὡς ἀποκριναμένων ἂν Ἰουδαίων ἢ Χριστιανῶν περὶ τῶν πρὸς ἀνθρώπους καταβαινόντων ὅτι εἶεν ἄγγελοι, φησίν · Εἰ δέ τινας ἀγγέλους φατέ, καὶ προσε-περωτᾷ λέγων ·","4. We worship the supreme God alone with prayer (proseukhē) and supplication (hiketeia), through the Word (Logos) who is next to him. For we do not pray to the angels (angeloi) as "
2ac4ecb7-7089-4f5d-8371-9e7a58472518,sc172_epistula_barnabae_chap_21_verset_4_5_en,sc172_epistula_barnabae_chap_21_verset_4_5,Barn. 21.4-5 (English),Barn. 21.4-5,0.78,0.1,"4. Ἔτι καὶ ἔτι ἐρωτῶ ὑμᾶς · ἑαυτῶν γίνεσθε νομοθέται ἀγαθοί, ἑαυτῶν μένετε σύμβουλοι πιστοί, ἄρατε ἐξ ὑμῶν πᾶσαν ὑπόκρισιν. 5. Ὁ δὲ θεός, ὁ τοῦ παντὸς κόσμου κυριεύων, δώῃ ὑμῖν σοφ","And may God, who rules over the whole world, give to you wisdom, understanding, insight, knowledge of his ordinances, and patience. And be taught by God, seeking what the Lord requ"
f2e23357-ba17-46e9-806a-2995e1d0097c,sc470_aristides_apologia_chap2_en,sc470_aristides_apologia_chap2,"Aristides, Apol. 2 (English)","Aristides, Apol. 2",0.78,0.87,"1. Τούτων οὕτως εἰρημένων περὶ Θεοῦ, καθὼς ἐμὲ ἐχώρησε περὶ αὐτοῦ λέγειν, ἔλθωμεν καὶ ἐπὶ τὸ ἀνθρώπινον γένος, ὅπως ἴδωμεν τίνες αὐτῶν μετέχουσι | τῆς ἀληθείας καὶ τίνες τῆς πλάνης","1. These things having been said concerning God, as far as I was capable of speaking about him, let us now proceed to the human race, so that we may see which of them share in trut"
8e4b8b17-6ecd-4b5c-a4b7-c8e34747d3d4,sc53bis_hermas_pastor_chap14_en,sc53bis_hermas_pastor_chap14,"Hermas, Past. 14 (English)","Hermas, Past. 14",0.78,0.14,"1. Τοὺς δὲ κατακοπτομένους καὶ μακρὰν ῥιπτομένους ἀπὸ τοῦ πύργου θέλεις γνῶναι ; Οὗτοί εἰσιν οἱ υἱοὶ τῆς ἀνομίας · ἐπίστευσαν δὲ ἐν ὑποκρίσει, καὶ πᾶσα πονηρία οὐκ ἀπέστη ἀπ' αὐτῶν","Hermas sees the elderly woman again, and she shows him a vision of the tower being built upon water, using large, square, bright white stones that fit together seamlessly without a"
7810a0a6-4a57-4982-9984-7115a46ac417,sc79_chrysostomus_de_providentia_chap15_en,sc79_chrysostomus_de_providentia_chap15,"Chrys., Prov. 15 (English)","Chrys., Prov. 15",0.78,0.58,"1. Ὁ γὰρ σταυρὸς τοῦ Χριστοῦ, ὁ τὴν οἰκουμένην ὀρθώσας, ὁ τὴν πλάνην λύσας, ὁ τὴν γῆν ποιήσας οὐρανόν, ὁ τοῦ θανάτου τὰ νεῦρα ἐκκόψας, ὁ τὸν ᾅδην ἄχρηστον ἐργασάμενος, ὁ τοῦ διαβόλ",Chapter 15 of Chrysostom's On Providence presses the argument about scandal to its logical conclusion through the supreme case of the Cross. The Cross of Christ — which set the wor
ffbe6ba7-d603-4448-a9b8-9ae58f2fc1ab,passage_alexander_de_fato_15_en,passage_alexander_de_fato_15,De Fato 15 (Man as ἀρχὴ καὶ αἰτία) (English),De Fato 15 (Man as ἀρχὴ καὶ αἰτία),0.77,0.54,"Legacy editorial composite for De fato 15, formerly mixing a short Greek excerpt, an English rendering and a modern agent-causation gloss. It is not an exact textual twin. The Brun",Legacy machine-English derivative for De fato 15. It is not a reviewed translation and is retained only for discovery; use the Bruns/OGL Greek node passage_alex_fat_15 after source
d41e8c66-1226-4d37-b861-c2f3afc20031,passage_epict_130_en,passage_epict_130,"Epictetus, Discourses III.13: Self-Sufficiency of Reason (English)","Epictetus, Discourses III.13: Self-Sufficiency of Reason",0.77,0.56,Greek: • ἑαυτῷ συνεῖναι - to be with oneself • ἑαυτῷ διαλέγεσθαι - to converse with oneself • ἀρκεῖσθαι ἑαυτῷ - to be sufficient to oneself  The goal is αὐτάρκεια: being sufficient,Key phrases: to be with oneself; to converse with oneself; to be sufficient to oneself.  The goal is : being sufficient to oneself (ἀρκεῖσθαι ἑαυτῷ). This means being with oneself 
caf8c089-57ed-4e5b-b972-5aa7e9572bd1,passage_epict_137_en,passage_epict_137,"Epictetus, Discourses IV.1: Voluntary Slavery - Kissing Tyrants' Hands (English)","Epictetus, Discourses IV.1: Voluntary Slavery - Kissing Tyrants' Hands",0.77,0.62,Greek: • τῶν γερόντων ἐρῶν - loving old women • τὰς χεῖρας τῶν ἀλλοτρίων δούλων καταφιλῶν - kissing the hands of other people's slaves • ἐλευθέρων δοῦλος ᾖς - you are a slave of fr,"Key phrases: loving old women; kissing the hands of other people's slaves; you are a slave of free men.  Voluntary servitude: kissing hands of powerful men's slaves, courting the e"
b67b9ed9-7aff-435e-b6a9-02acfb2c4ad7,passage_epict_105_en,passage_epict_105,"Epictetus, Discourses III.20: Hermes' Wand - Transforming All to Gold (English)","Epictetus, Discourses III.20: Hermes' Wand - Transforming All to Gold",0.76,0.55,"Greek: • τοῦ ἡρμοῦ ῥαβδίον - Hermes' wand • καὶ χρυσοῦν ἔσται - and it will be golden • ὃ θέλεις φέρε κἀγὼ αὐτὸ ἀγαθὸν ποιήσω - bring what you will, and I will make it good • τὸν θ","Key phrases: and it will be golden; bring what you will, and I will make it good; what will you make of death?; that it may adorn you.  Philosophy is Hermes' wand (ῥαβδίον) that tr"
2968560f-51ad-4696-95c3-b6af2b9289be,passage_epict_12_en,passage_epict_12,"Epictetus, Discourses: Syllogisms and Character (English)","Epictetus, Discourses: Syllogisms and Character",0.76,0.73,Greek: • εἴπερ γὰρ ἀτελὴς συλλογισμός ἐστι - for if it is an incomplete syllogism • ὁ περὶ τὸν τέλειον συλλογισμὸν γεγυμνασμένος - one trained in complete syllogisms • οὗτος ἂν ἱκα,Key phrases: for if it is an incomplete syllogism; this one would be capable also regarding the incomplete; from care for character.  The example of debt illustrates logical traini
4a674346-6895-48ee-b02d-282576fb25f8,sc123_melito_peri_pascha_chap42_en,sc123_melito_peri_pascha_chap42,"Melito, PP 42 (English)","Melito, PP 42",0.76,0.22,"[Ὁπότε δὲ ἡ ἐκκλ]ησία ἀνέστη καὶ [τὸ εὐαγγέλιον προέσ]τη, [ὁ τύπος ἐκενώθη] [παραδοὺς τῇ ἀληθείᾳ τὴν δύναμιν], [καὶ ὁ νόμος ἐπληρώθη] [παραδοὺς τῷ εὐαγγελίῳ τὴν δύναμιν]. [Ὃν τρόπο","And the type (typos) was once valuable before the reality (aletheia), and the parable was once admirable before the interpretation. That is, the people of Israel was once valuable "
a5506eca-d407-4167-8da3-b1e481555ac5,sc136_origenes_contra_celsum_iv_par38_d_en,sc136_origenes_contra_celsum_iv_par38_d,CC IV 38_d (English),CC IV 38_d,0.76,0.8,"Πρὸς δὲ τὸν ταῦτα σεμνῶς ἀλληγοροῦντα, εἴτ' ἐπιτυγ-χάνοντα ἐν τῇ ἀλληγορίᾳ εἴτε καὶ μή, ἐροῦμεν · ἆρα μόνοις Ἕλλησιν ἐν ὑπονοίᾳ ἔξεστι φιλοσοφεῖν, ἀλλὰ καὶ Αἰγυπτίοις, καὶ ὅσοι τῶν","To one who allegorizes these things solemnly — whether succeeding in the allegory or not — we shall say: is it permitted for the Greeks alone to philosophize in allegory, and also "
a3849913-e9e4-4310-9aeb-6003a2fb9534,passage_meth_dla_5_en,passage_meth_dla_5,"Methodius, De Libero Arbitrio 5: Dialogue Opening - Valentinus by the Sea (English)","Methodius, De Libero Arbitrio 5: Dialogue Opening - Valentinus by the Sea",0.76,0.84,ΟΥΑΛ. (Valentinus) opens the dialogue with a scene of philosophical contemplation by the seashore. This setting evokes Plato's Phaedrus and establishes the dialogue's literary-phil,. (Valentinus) opens the dialogue with a scene of philosophical contemplation by the seashore. This setting evokes Plato's Phaedrus and establishes the dialogue's literary-philosop
2b8ad3a2-377a-47bd-868e-0b76878312eb,passage_epict_126_en,passage_epict_126,"Epictetus, Discourses III.26: Philosophy Disgraced - Stability Not Achieved (English)","Epictetus, Discourses III.26: Philosophy Disgraced - Stability Not Achieved",0.75,0.72,Greek: • τὰ θεωρήματα αὐτῆς κατῃσχύνας - you disgraced her theorems • ἄχρηστα ἐπιδείξας καὶ ἀνωφελῆ - showing them useless and unprofitable • εὐσταθείας ὠρέχθης - you desired stabi,Key phrases: you disgraced her theorems; you desired stability; [the place] of non-falling/stability.  You came to philosophy seeking stability (εὐστάθεια) and non-falling (ἀμεταπτ
ebbeed89-8dc2-4603-8ef2-a46bd3846fa6,passage_epict_128_en,passage_epict_128,"Epictetus, Discourses III.26: The Good Man Never Lacks (English)","Epictetus, Discourses III.26: The Good Man Never Lacks",0.75,0.55,"Greek: • στρατιώτῃ ἀγαθῷ οὐ λείπει ὁ μισθοδοτῶν - a good soldier is not failed by an employer • ἐργάτῃ οὐδὲ σκυτεῖ - nor a worker, nor a cobbler  Every good practitioner finds empl","a good soldier is not failed by an employer nor a worker, nor a cobbler  Every good practitioner finds employment: the good soldier finds a paymaster, the good worker finds work, t"
10422f47-65b9-47c3-b433-94c25f843156,passage_epict_169_en,passage_epict_169,"Epictetus, Enchiridion 30: No One Harms Unless You Will - Scheseis (Roles) (English)","Epictetus, Enchiridion 30: No One Harms Unless You Will - Scheseis (Roles)",0.75,0.68,"Greek: σὲ γὰρ ἄλλος οὐ βλάψει, ἂν μὴ σὺ θέλῃς (se gar allos ou blapsei, an mē sy thelēis) ""For no one else will harm you unless you will it""  1. FOUNDATIONAL FORMULA: harm requires","(se gar allos ou blapsei, an mē sy thelēis) ""For no one else will harm you unless you will it""  1. FOUNDATIONAL FORMULA: harm requires victim's consent through false judgment 2. (s"
052accb6-7795-49a7-8115-ee0013f0ce37,passage_epict_171_en,passage_epict_171,"Epictetus, Enchiridion 33: Socrates and Zeno as Models - Handling the Powerful (English)","Epictetus, Enchiridion 33: Socrates and Zeno as Models - Handling the Powerful",0.75,0.6,"Greek: τί ἂν ἐποίησεν ἐν τούτῳ Σωκράτης ἢ Ζήνων; (ti an epoiēsen en toutōi Sōkratēs ē Zēnōn?) ""What would Socrates or Zeno have done in this?""  1. Practical heuristic: ask what the","(ti an epoiēsen en toutōi Sōkratēs ē Zēnōn?) ""What would Socrates or Zeno have done in this?""  1. Practical heuristic: ask what the wise would do 2. Visiting the powerful: expect c"
cfe387bf-af1a-413a-bb99-43ca1f2baf15,passage_epict_16_en,passage_epict_16,"Epictetus, Discourses I.11: On Natural Affection (Philostorgia) (English)","Epictetus, Discourses I.11: On Natural Affection (Philostorgia)",0.75,0.65,Greek: • Περὶ φιλοστοργίας - On natural affection • Ἀφικομένου δέ τινος πρὸς αὐτὸν τῶν ἐν τέλει - When one of those in authority came to him • τέκνα εἴη αὐτῷ καὶ γυνή - whether he ,Key phrases: When one of those in authority came to him; whether he had children and wife; How then do you fare with the matter?; for surely not for this do people marry and have c
ae4b919e-2830-4378-b522-0063e235660d,sc147_origenes_contra_celsum_v_par61_en,sc147_origenes_contra_celsum_v_par61,CC V 61 (English),CC V 61,0.75,0.03,"61. Ἑξῆς δὲ τούτοις φησί · Μή με οἰηθῇ τις ἀγνοεῖν, ὡς οἱ μὲν αὐτῶν συνθήσονται τὸν αὐτὸν εἶναι σφίσιν ὅνπερ Ἰουδαίοις θεόν, οἱ δ' ἄλλον, ᾧ τοῦτον ἐναντίον, παρ' ἐκείνου τε ἐλθεῖν ","Next after this Celsus says: 'Let no one think I am ignorant that some of them will agree that their God is the same as the God of the Jews, while others say it is a different one,"
00dc9e7b-c4cf-4f68-9d29-152c5fa3baf9,sc167_clemens_epistula_ad_corinthios_chap42_en,sc167_clemens_epistula_ad_corinthios_chap42,I Clem. 42 (English),I Clem. 42,0.75,0.64,"42. 1. Οἱ ἀπόστολοι ἡμῖν εὐηγγελίσθησαν ἀπὸ τοῦ κυρίου Ἰησοῦ Χριστοῦ, Ἰησοῦς ὁ Χριστὸς ἀπὸ τοῦ θεοῦ ἐξεπέμφθη. 2. Ὁ Χριστὸς οὖν ἀπὸ τοῦ θεοῦ, καὶ οἱ ἀπόστολοι ἀπὸ τοῦ Χριστοῦ · ἐγέ","42.1. The apostles received the Gospel for us from the Lord Jesus Christ; Jesus Christ was sent from God. 2. Christ, then, is from God, and the apostles are from Christ; both thing"
85cbf036-782d-44b5-bc46-7fce49a1f42e,passage_epict_153_en,passage_epict_153,"Epictetus, Discourses IV.8: Socrates - Content With Being, Not Seeming (English)","Epictetus, Discourses IV.8: Socrates - Content With Being, Not Seeming",0.74,0.7,"Greek: ἑνὶ ἀρκούμενος τῷ εἶναι φιλόσοφος (heni arkoumenos tōi einai philosophos) ""Content with one thing: being a philosopher""  1. εἶναι vs δοκεῖν (being vs seeming): Socrates didn","(heni arkoumenos tōi einai philosophos) ""Content with one thing: being a philosopher""  1. vs (being vs seeming): Socrates didn't need external recognition 2. Self-contained criteri"
18acdc2f-0cf7-4879-8a25-3be594f0588e,passage_epict_51_en,passage_epict_51,"Epictetus, Discourses I.14: You Are a Fragment of God (English)","Epictetus, Discourses I.14: You Are a Fragment of God",0.74,0.75,Greek: • σὺ ἀπόσπασμα εἶ τοῦ θεοῦ - you are a fragment of god • ἔχεις τι ἐν σεαυτῷ μέρος ἐκείνου - you have in yourself a part of him • τί οὖν ἀγνοεῖς σου τὴν συγγένειαν - why then,Key phrases: you are a fragment of god; you have in yourself a part of him; why then are you ignorant of your kinship?; do you not know that you nourish a god?; you exercise a god;
1d869e53-2067-4e74-bb88-d59126df49b2,passage_epict_55_s55_en,passage_epict_55_s55,"Epictetus, Discourses and Enchiridion, Epict. 55 (English)","Epictetus, Discourses and Enchiridion, Diss. 2.11.1-5",0.74,0.8,ραν ἁπτομένοις αὐτῆς συναίσθησις τῆς αὑτοῦ ἀσθε  νείας και ἀδυναμίας περι τα ἀναγκαῖα  μεν γαρ τριγώνου ἠ διέσεως ἡμιτονίου οὐδεμίαν φύσει  ἔννοιαν ἥκομεν ἔχοντες  ἔκ τινος τεχνικῆ,"For we have no natural notion of a triangle or a semitone. We learn each of them from some technical acquisition, and for this reason, those who do not know them do not think they "
0885ebc6-29ee-4a6d-9992-e371046ed672,passage_epict_72_en,passage_epict_72,"Epictetus, Discourses I.1: Only Correct Use of Impressions Is Up to Us (English)","Epictetus, Discourses I.1: Only Correct Use of Impressions Is Up to Us",0.74,0.79,Greek: • οὐκ ἔστι διδακτὸν τὸ πρᾶγμα - the matter is not teachable • πλοῦτός ἐστιν ἐφ' ἡμῖν - wealth is not up to us • ὑγίεια οὔτε δόξα οὔτε ἄλλο τι ἁπλῶς - neither health nor repu,Key phrases: the matter is not teachable; wealth is not up to us; neither health nor reputation nor anything else simply; except correct use of impressions; this alone is unimpeded
9dc782f7-61ca-46f8-bc43-0dfb3fb54be2,passage_origen_de_orat_6_en,passage_origen_de_orat_6,"Origen, De Oratione 6: Prescience Is Not Causality (English)","Origen, De Oratione 6: Prescience Is Not Causality",0.74,0.87,Origen's classic statement that divine foreknowledge is not the cause of what comes to be: God pre-arranges everything in accordance with what he has foreseen of each act that is u,"God's foreknowledge is not the cause of all the things that will be, including those effected from what is up to us according to our impulse; even if, per hypothesis, God did not k"
e28e2750-a940-4cab-bc2a-82e65272da43,sc172_epistula_barnabae_chap_9_verset_7_8c_en,sc172_epistula_barnabae_chap_9_verset_7_8c,Barn. 9.7-8c (English),Barn. 9.7-8c,0.74,0.13,"7. Μάθετε οὖν, τέκνα ἀγάπης, περὶ πάντων πλουσίως, ὅτι Ἀβραάμ, πρῶτος περιτομὴν δούς, ἐν πνεύματι προβλέψας εἰς τὸν Ἰησοῦν περιέτεμεν, λαβὼν τριῶν γραμμάτων δόγματα. 8a. Λέγει γάρ ",7. For it says: 'And Abraham circumcised from his household eighteen men and three hundred.' What then was the knowledge (gnosis) given to him? Notice that he first mentions the ei
eea2a06a-a9d6-4132-8c8d-3e850e54a809,passage_epict_144_en,passage_epict_144,"Epictetus, Discourses IV.5: Stones Thrown - Examine Your Storehouse (English)","Epictetus, Discourses IV.5: Stones Thrown - Examine Your Storehouse",0.73,0.73,Greek: • βέβληκεν ὁ γείτων λίθους - the neighbor threw stones • μή τι οὖν σὺ ἡμάρτηκας - have YOU erred? • σὺ οὖν σκευάριον εἶ - are YOU a utensil? • ἐπίσκεψαί σου τὸ ταμιεῖον - ex,"Key phrases: the neighbor threw stones; are YOU a utensil?; see what faculties [you have].  Neighbor throws stones, breaks your pots. Have YOU erred? No. Are you a pot (σκευάριον)?"
e78f1a21-f63a-476b-831d-29bf94ff44a3,passage_epict_178_en,passage_epict_178,"Epictetus, Fragments: Philosopher as Caretaker (Epimelētēs) and Guardian (English)","Epictetus, Fragments: Philosopher as Caretaker (Epimelētēs) and Guardian",0.73,0.62,"Greek: ὡς ἐπιμελητὴς καὶ κηδεμών (hōs epimelētēs kai kēdemōn) ""As caretaker and guardian""  1. Philosopher as ἐπιμελητής (caretaker): therapeutic role 2. Like physician: surgery cau","(hōs epimelētēs kai kēdemōn) ""As caretaker and guardian""  1. Philosopher as (caretaker): therapeutic role 2. Like physician: surgery causes pain but heals 3. Body-care paradox: we "
4a61b571-a3f4-46d9-97e7-d5aae602a6a5,passage_epict_75_en,passage_epict_75,"Epictetus, Discourses II.20: Seeds of Nobility and Moral Harm (English)","Epictetus, Discourses II.20: Seeds of Nobility and Moral Harm",0.73,0.74,Greek: • εὐγενὴς ἀκούσας τῶν λόγων τούτων πάθῃ τι - a noble youth hearing these arguments may suffer something • ἀπολέσῃ τὰ τῆς εὐγενείας σπέρματα - lose the seeds of nobility • μή,Key phrases: a noble youth hearing these arguments may suffer something; lose the seeds of nobility; lest we give pretexts to an adulterer; for shamelessness; lest someone embezzli
dac8f9c3-e02a-4f20-89ba-45d1d7206d6e,sc147_origenes_contra_celsum_vi_par10_a_en,sc147_origenes_contra_celsum_vi_par10_a,CC VI 10_a (English),CC VI 10_a,0.73,0.06,"Τὸ ὅσον δ' ἐπ' αὐτῷ ἀναγκάζει ἡμᾶς ταυτολογεῖν ταυτολογῶν ὁ Κέλσος, λέγων μετὰ τὰς εἰρημένας ὥσπερ ἀλαζόνων ἀλαζονείας ὅτι ὁ Πλάτων οὐκ ἀλαζονεύεται καὶ ψεύδεται φάσκων αὐτὸς καινό","As far as it concerns him, Celsus compels us to repeat ourselves by repeating himself, saying after the aforementioned boastings, as it were, that Plato does not boast or lie, clai"
37f55b10-6f92-48e1-a353-94a5f9cba29b,sc147_origenes_contra_celsum_vi_par49_en,sc147_origenes_contra_celsum_vi_par49,CC VI 49 (English),CC VI 49,0.73,0.4,"49. Ἴδωμεν δὲ καὶ τὰ ἑξῆς, ἐν οἷς μιᾷ λέξει ἀποφηνάμενος καὶ μηδὲ κατὰ τὸ πιθανόν τι λέγων κατηγορεῖ τῆς κατὰ Μωϋσέα κοσμοποιΐας εἰπών · Ἔτι γε μὴν καὶ ἡ κοσμο-γένεια μάλα εὐηθική.","Let us also examine what follows, in which, with a single pronouncement and without saying anything even remotely plausible, Celsus accuses the Mosaic account of creation (kosmopoi"
8eaf2dd9-af8f-4454-b926-d029c9d60794,sc172_epistula_barnabae_chap_7_verset_3a_5b_en,sc172_epistula_barnabae_chap_7_verset_3a_5b,Barn. 7.3a-5b (English),Barn. 7.3a-5b,0.73,0.1,"3a. Ἀλλὰ καὶ σταυρωθεὶς ἐποτίζετο ὄξει καὶ χολῇ. 3b. Ἀκούσατε, πῶς περὶ τούτου πεφανέρωκαν οἱ ἱερεῖς τοῦ ναοῦ, γεγραμμένης ἐντολῆς · « Ὃς ἂν μὴ νηστεύσῃ τὴν νησ-τείαν, θανάτῳ ἐξολε","3a. In order that the type (typos) established in Isaac, who was offered upon the altar, might also be fulfilled. 3b. What, then, does he say in the prophet? 'And let them eat of t"
07249ace-4196-48ee-9153-4a71e3ee30ee,passage_boethius_cons_69_en,passage_boethius_cons_69,"Boethius, Cons. 69: All Seek Preservation (English)","Boethius, Cons. 69: All Seek Preservation",0.72,0.06,"Omne na i animal tueri salutem laborat, mortem vero perniciemque {perniciemque} devitat. Sed quid de herbis arboribusque {arboribusque}, quid de inanima omnino consentiam rebus, pr","Boethius, Consolation of Philosophy, passage 69: All Seek Preservation. Every living creature labors to preserve its safety and avoid death and destruction. Even plants and trees g"
8d1e48bb-0628-4abc-8da4-6dcc06c7aca7,passage_epict_103_en,passage_epict_103,"Epictetus, Discourses III.16: Changing Habits - Correct Use of Impressions (English)","Epictetus, Discourses III.16: Changing Habits - Correct Use of Impressions",0.72,0.7,Greek: • τὰ παλαιὰ ἔθη περισπᾷ - old habits distract • εἰσαγάγετε ἄλλα ἔθη - introduce new habits • πήξατε ὑμῶν τὰς ὑπολήψεις - fix your assumptions • ἐναθλεῖτε αὐταῖς - exercise i,"Key phrases: old habits distract; exercise in them; how do I use the impressions that befall me?.  Doctors send chronic patients to new climates. Similarly, philosophers advise lea"
99740c62-f240-4bf7-b576-9a561dbb3df5,passage_epict_147_en,passage_epict_147,"Epictetus, Discourses IV.6: What Do YOU Say About Yourself? (English)","Epictetus, Discourses IV.6: What Do YOU Say About Yourself?",0.72,0.7,Greek: • τί οἱ ἄλλοι περὶ ἐμοῦ - what do others [say] about me? • οὐ θέλεις βλέπειν τί σὺ λέγεις περὶ σαυτοῦ - don't you want to see what YOU say about yourself? • τίς φαίνῃ σαυτῷ ,"Key phrases: what do others [say] about me?; don't you want to see what YOU say about yourself?; in supposing, in desiring, in avoiding.  You ask what others say about you. But wha"
4a62e168-f1e1-4301-8566-d988dff3a4f5,passage_epict_49_s49_en,passage_epict_49_s49,"Epictetus, Discourses and Enchiridion, Epict. 49 (English)","Epictetus, Discourses and Enchiridion, Diss. 2.6.16-2.7.5",0.72,0.81,σης εὐλύτως ὑπακοῦσαι αὐτῇ  ἀλλα κλάοντες και στέ  νοντες πάσχομεν ἁ πάσχομεν και περιστάσεις αὐτα κα  ποίας περιστάσεις  λέγεις τα περιεστηκότα  πάντα περιστάσεις εἰσίν  ὡς δύσκολ,"but weeping and groaning we suffer what we suffer, and we call them circumstances. What circumstances? You mean the things that surround us. Everything is circumstances. How diffic"
a4a2b739-130a-4e7a-942a-01c4da81dbc9,passage_epict_74_en,passage_epict_74,"Epictetus, Discourses II.20: Justice, Modesty, and Sparta (English)","Epictetus, Discourses II.20: Justice, Modesty, and Sparta",0.72,0.76,Greek: • κατάψευσμά ἐστιν ἀλαζόνων ἀνθρώπων καὶ σοφιστῶν - it is a falsehood of boastful men and sophists • νομοθετῶν εἰς φόβον - lawmakers for fear • πῶς ἡ δικαιοσύνη οὐδέν ἐστιν ,"Key phrases: it is a falsehood of boastful men and sophists; lawmakers for fear; how is justice nothing?; how is modesty foolishness?; how is father nothing, how is son nothing?; L"
0317bd8c-140f-4ef6-8873-31fbf3c26b3b,sc147_origenes_contra_celsum_vi_par4_en,sc147_origenes_contra_celsum_vi_par4,CC VI 4 (English),CC VI 4,0.72,0.03,"4. Ἀλλ' οἱ τοιαῦτα περὶ τοῦ πρώτου ἀγαθοῦ γράψαντες καταβαίνουσιν « εἰς Πειραιέα », προσευξόμενοι ὡς θεῷ τῇ Ἀρτέμιδι καὶ ὀψόμενοι τὴν ὑπὸ ἰδιωτῶν ἐπιτελουμένην πανήγυριν · καὶ τηλι","But those who have written such things about the first Good (proton agathon) go down 'to the Piraeus' to pray to Artemis as to a goddess, and to see the festival celebrated by comm"
3232c964-3300-4fef-bf01-9e58de24d0e9,passage_boethius_cons_38_en,passage_boethius_cons_38,"Boethius, Cons. 38: Fame's Geographic Limits (English)","Boethius, Cons. 38: Fame's Geographic Limits",0.71,0.66,"Tullii, sicut ipse quo dam loco significat, nondum Caucasum montem Romanae rei publicae fama transcenderat et erat tunc adulta Parthis etiam ceterisque {ceterisque} id locorum gent","Boethius, Consolation of Philosophy, passage 38: Fame's Geographic Limits. In Cicero's time, as he himself indicates, the fame of the Roman Republic had not yet crossed the Caucasu"
d2f6a641-be9b-402e-8750-8278ac01123b,passage_epict_63_en,passage_epict_63,"Epictetus, Discourses II.16: God Gave You Endurance (English)","Epictetus, Discourses II.16: God Gave You Endurance",0.71,0.67,Greek: • ὄχλος δὲ τί ἐστιν οὐκ οἶδεν - what a crowd is he does not know • ὄχλου βοὴ οὐδὲ κατάγελως - nor the crowd's shout nor mockery • τὸ ἀγωνιᾶν τί ἐστιν οἶδεν - he does not kno,Key phrases: what a crowd is he does not know; nor the crowd's shout nor mockery; he does not know what anxiety is; whether it is our affair or another's; is it possible to stop it
66fd1656-b920-432a-b582-55e832e35b67,passage_origen_pa_3_1_3_en,passage_origen_pa_3_1_3,"Origen, De Principiis III.1.3: Self-Determining Judgment (English)","Origen, De Principiis III.1.3: Self-Determining Judgment",0.71,0.94,"Origen's technical definition of free will. Greek verified (Philocalie 21.3, SC 226 Junod): Τὰ μὲν ἔξωθεν ἡμῖν συμβαίνοντα οὐκ ἔστιν ἐφ' ἡμῖν· τὸ δὲ ὁρίσαι καὶ δοκιμάσαι πῶς τούτοι","Origen, On First Principles III.1.3. Origen's technical definition of free will. What happens to us from outside is not in our power (ouk estin eph' hemin); but to determine and ju"
ad1a3555-ca07-425c-9555-2bf75437c9d9,sc147_origenes_contra_celsum_v_par40_en,sc147_origenes_contra_celsum_v_par40,CC V 40 (English),CC V 40,0.71,0.37,"40. Ἐπεὶ δὲ τοιαῦτα εἰπὼν ὁ Κέλσος περὶ τῶν διαφόρων νόμων ἐπιφέρει ὅτι ὀρθῶς μοι δοκεῖ Πίνδαρος ποιῆσαι, νόμον πάντων βασιλέα φήσας εἶναι, φέρε καὶ περὶ τούτου διαλεχθῶμεν. Τίνα φ","40. Celsus cites Pindar's saying that 'custom is king of all' (nomos pantōn basileus). This saying, also cited by Herodotus, was used by Pindar to illustrate the power of conventio"
32bc9a9f-2e6d-4c19-9f31-4a28dd696890,sc147_origenes_contra_celsum_vi_par39_en,sc147_origenes_contra_celsum_vi_par39,CC VI 39 (English),CC VI 39,0.71,0.03,"39. Εἶτα πρὸς τοὺς χρωμένους, ὥς φησι, μαγείᾳ τινὶ καὶ γοητείᾳ καὶ καλοῦντας ὀνόματα βαρβαρικὰ δαιμόνων τινῶν τοιαῦτα, ὅτι ὅμοιον οὗτοι πράττουσι τοῖς ἐπὶ τοῖς αὐτοῖς ὑποκειμένοις ","Then, addressing those who, as he says, employ a certain form of magic and sorcery, invoking barbaric names of certain demons—he says that they do something similar to those who, c"
061016c9-ff79-4118-8608-20d07157f02b,passage_epict_163_en,passage_epict_163,"Epictetus, Discourses IV.13: Warning Against Subordinating Prohairesis (English)","Epictetus, Discourses IV.13: Warning Against Subordinating Prohairesis",0.7,0.89,"Greek: περὶ τὰ ἀπροαίρετα ἐσπουδακότα καὶ τούτοις ὑποτεταχότα τὴν αὑτοῦ προαίρεσιν (peri ta aproaireta espoudakota kai toutois hypotetagota tēn autou prohairesin) ""Zealous about no","(peri ta aproaireta espoudakota kai toutois hypotetagota tēn autou prohairesin) ""Zealous about non-prohairetic things and having subordinated their own prohairesis to these""  1. Wa"
00e1ba06-dee3-4883-a1ec-3a9c380d7615,passage_epict_55_en,passage_epict_55,"Epictetus, Discourses II.11: Natural Concepts of Good and Evil (English)","Epictetus, Discourses II.11: Natural Concepts of Good and Evil",0.7,0.73,Greek: • συναίσθησις τῆς αὑτοῦ ἀσθενείας καὶ ἀδυναμίας περὶ τὰ ἀναγκαῖα - awareness of one's weakness regarding necessities • περὶ μὲν γὰρ τριγώνου ἢ διέσεως ἡμιτονίου οὐδεμίαν φύσ,Key phrases: awareness of one's weakness regarding necessities; concerning triangle or semitone we came having no natural notion; we learn from some technical instruction; of beaut
93c5b411-4a8e-4589-9559-433a3b205f76,passage_epict_64_en,passage_epict_64,"Epictetus, Discourses IV.1: The Divine Law of Letting Go (English)","Epictetus, Discourses IV.1: The Divine Law of Letting Go",0.7,0.69,Greek: • συναναστροφῆς τί ἐστι τὸ βαροῦν ἄλλο ἢ δόγμα - what burdens us in social relations other than doctrine? • τὰ παιδία... πλακούντιον λαβόντα ἐπιλέλησται - children receiving,"Key phrases: what burdens us in social relations other than doctrine?; children receiving a cake forget; not desire what is not given; when something is taken, give it back readily"
8917d550-1b05-4a30-95cc-e2792097a0b4,passage_ma_med_11_16_en,passage_ma_med_11_16,"Marcus Aurelius, Meditations 11.16: Things Do Not Come To Us - We Judge Them (English)","Marcus Aurelius, Meditations 11.16: Things Do Not Come To Us - We Judge Them",0.7,0.87,"A key epistemological passage. Marcus observes that externals do not create impressions in us nor come to us (οὐδὲ ἔρχεται ἐφ᾽ ἡμᾶς)—they remain still, while we are the ones genera","A key epistemological passage. Marcus observes that externals do not create impressions in us nor come to us (οὐδὲ ἔρχεται ἐφ᾽ ἡμᾶς)—they remain still, while we are the ones genera"
329cf8f6-c3bc-4778-b7df-1f72139feb2a,sc147_origenes_contra_celsum_v_par42_en,sc147_origenes_contra_celsum_v_par42,CC V 42 (English),CC V 42,0.7,0.08,42. Δῆλον δ' ὅτι ἐν τούτοις ἐγκαλεῖ Ἰουδαίοις ὡς ψευδῶς ὑπολαμβάνουσιν ἑαυτοὺς εἶναι ἐκλεκτὴν μερίδα παρὰ πάντα τὰ ἔθνη τοῦ ἐπὶ πᾶσι θεοῦ. Καὶ ἀλαζονείας γοῦν αὐτῶν κατηγορεῖ ὡς αὐ,42. Celsus charges that it is arrogance (alazoneia) for the Jews to have claimed that God is specially devoted to them and has revealed himself to them in a way he has not to other
1fe66b5d-67a8-432c-ba4a-aa02ca8ea5a9,sc470_aristides_apologia_ii_fragments_papyrologiques_a_1_papyrus_oxyrhynchos_xv_n_1778_et_heidel_cd4f895a_en,sc470_aristides_apologia_ii_fragments_papyrologiques_a_1_papyrus_oxyrhynchos_xv_n_1778_et_heidel_cd4f895a,"Aristides, Apology, Papyrus Fragment (P.Oxy. XV 1778) (English)","Aristides, Apology, Papyrus Fragment (P.Oxy. XV 1778)",0.7,0.9,ζοντες την τω[ν] αν[ε] μων πνοην θν ειναι [πλανω]νται φανερα [γ]αρ εστιν ημιν οτι [δο]υλευει ετερω ποτε [μεν γαρ] α[υ]ξε[ι ποτε] δε ληγει ουκουν αναγ-[κα]ζεται υπο τινος -[------] ,"…those who suppose the br[eath] of the wi[nds] to be a god are decei[ved], for it is manifest [t]o us that [it] serves another; at one time [it increases, at] another it abates; it"
